panel,x,category,y,run,pi_Y,kappa
a,0,Possibly missing,0.19965605924701255,B-uniform,0.5420954794661755,0.5333663675457
a,1,Possibly missing,0.2684968236971172,B-uniform,0.5420954794661755,0.5333663675457
a,2,Possibly missing,0.3315717724265986,B-uniform,0.5420954794661755,0.5333663675457
a,3,Possibly missing,0.37127113885465196,B-uniform,0.5420954794661755,0.5333663675457
a,4,Possibly missing,0.3895498110386493,B-uniform,0.5420954794661755,0.5333663675457
a,5,Possibly missing,0.396313148540141,B-uniform,0.5420954794661755,0.5333663675457
a,6,Possibly missing,0.39847439226557324,B-uniform,0.5420954794661755,0.5333663675457
a,7,Possibly missing,0.3990957248289291,B-uniform,0.5420954794661755,0.5333663675457
a,8,Possibly missing,0.39925990376893233,B-uniform,0.5420954794661755,0.5333663675457
a,9,Possibly missing,0.39930026611369157,B-uniform,0.5420954794661755,0.5333663675457
a,10,Possibly missing,0.3993095735545601,B-uniform,0.5420954794661755,0.5333663675457
a,0,Phantom,0.19965605924701255,B-uniform,0.5420954794661755,0.5333663675457
a,1,Phantom,0.13081529479690798,B-uniform,0.5420954794661755,0.5333663675457
a,2,Phantom,0.06774034606742653,B-uniform,0.5420954794661755,0.5333663675457
a,3,Phantom,0.028040979639373166,B-uniform,0.5420954794661755,0.5333663675457
a,4,Phantom,0.009762307455375867,B-uniform,0.5420954794661755,0.5333663675457
a,5,Phantom,0.002998969953884131,B-uniform,0.5420954794661755,0.5333663675457
a,6,Phantom,8.377262284518682e-4,B-uniform,0.5420954794661755,0.5333663675457
a,7,Phantom,2.1639366509604464e-4,B-uniform,0.5420954794661755,0.5333663675457
a,8,Phantom,5.2214725092764265e-5,B-uniform,0.5420954794661755,0.5333663675457
a,9,Phantom,1.1852380333558038e-5,B-uniform,0.5420954794661755,0.5333663675457
a,10,Phantom,2.5449394650481046e-6,B-uniform,0.5420954794661755,0.5333663675457
a,0,Recurrent,0.07139168048607519,B-uniform,0.5420954794661755,0.5333663675457
a,1,Recurrent,0.09600730136216724,B-uniform,0.5420954794661755,0.5333663675457
a,2,Recurrent,0.11856122035342415,B-uniform,0.5420954794661755,0.5333663675457
a,3,Recurrent,0.13275665471299325,B-uniform,0.5420954794661755,0.5333663675457
a,4,Recurrent,0.1392926202588983,B-uniform,0.5420954794661755,0.5333663675457
a,5,Recurrent,0.14171100932130393,B-uniform,0.5420954794661755,0.5333663675457
a,6,Recurrent,0.14248381242119734,B-uniform,0.5420954794661755,0.5333663675457
a,7,Recurrent,0.14270598437032816,B-uniform,0.5420954794661755,0.5333663675457
a,8,Recurrent,0.1427646903794093,B-uniform,0.5420954794661755,0.5333663675457
a,9,Recurrent,0.14277912287713357,B-uniform,0.5420954794661755,0.5333663675457
a,10,Recurrent,0.14278245096969003,B-uniform,0.5420954794661755,0.5333663675457
a,0,Locally unique,0.07139168048607519,B-uniform,0.5420954794661755,0.5333663675457
a,1,Locally unique,0.04677605960998316,B-uniform,0.5420954794661755,0.5333663675457
a,2,Locally unique,0.02422214061872624,B-uniform,0.5420954794661755,0.5333663675457
a,3,Locally unique,0.010026706259157135,B-uniform,0.5420954794661755,0.5333663675457
a,4,Locally unique,0.0034907407132521175,B-uniform,0.5420954794661755,0.5333663675457
a,5,Locally unique,0.001072351650846475,B-uniform,0.5420954794661755,0.5333663675457
a,6,Locally unique,2.995485509530585e-4,B-uniform,0.5420954794661755,0.5333663675457
a,7,Locally unique,7.73766018222096e-5,B-uniform,0.5420954794661755,0.5333663675457
a,8,Locally unique,1.8670592741084852e-5,B-uniform,0.5420954794661755,0.5333663675457
a,9,Locally unique,4.2380950168206714e-6,B-uniform,0.5420954794661755,0.5333663675457
a,10,Locally unique,9.100024603828094e-7,B-uniform,0.5420954794661755,0.5333663675457
a,0,feasibility,0.631695767978692,B-uniform,0.5420954794661755,0.5333663675457
a,1,feasibility,0.7586858777613726,B-uniform,0.5420954794661755,0.5333663675457
a,2,feasibility,0.8750398248402047,B-uniform,0.5420954794661755,0.5333663675457
a,3,feasibility,0.9482729875058424,B-uniform,0.5420954794661755,0.5333663675457
a,4,feasibility,0.9819915350244403,B-uniform,0.5420954794661755,0.5333663675457
a,5,feasibility,0.9944678196600397,B-uniform,0.5420954794661755,0.5333663675457
a,6,feasibility,0.9984546518829546,B-uniform,0.5420954794661755,0.5333663675457
a,7,feasibility,0.9996008200154903,B-uniform,0.5420954794661755,0.5333663675457
a,8,feasibility,0.9999036798367251,B-uniform,0.5420954794661755,0.5333663675457
a,9,feasibility,0.9999781359911999,B-uniform,0.5420954794661755,0.5333663675457
a,10,feasibility,0.9999953053667454,B-uniform,0.5420954794661755,0.5333663675457
b,0.02,Possibly missing,0.01903347151383664,B-uniform,0.5420954794661755,0.5333663675457
b,0.022330827067669173,Possibly missing,0.02119654271528459,B-uniform,0.5420954794661755,0.5333663675457
b,0.024661654135338346,Possibly missing,0.023348280163375434,B-uniform,0.5420954794661755,0.5333663675457
b,0.02699248120300752,Possibly missing,0.025488731325087506,B-uniform,0.5420954794661755,0.5333663675457
b,0.029323308270676692,Possibly missing,0.027617943245656206,B-uniform,0.5420954794661755,0.5333663675457
b,0.031654135338345865,Possibly missing,0.029735962551852776,B-uniform,0.5420954794661755,0.5333663675457
b,0.033984962406015035,Possibly missing,0.03184283545522315,B-uniform,0.5420954794661755,0.5333663675457
b,0.03631578947368421,Possibly missing,0.03393860775528746,B-uniform,0.5420954794661755,0.5333663675457
b,0.03864661654135339,Possibly missing,0.03602332484270041,B-uniform,0.5420954794661755,0.5333663675457
b,0.04097744360902256,Possibly missing,0.0380970317023733,B-uniform,0.5420954794661755,0.5333663675457
b,0.043308270676691726,Possibly missing,0.040159772916557764,B-uniform,0.5420954794661755,0.5333663675457
b,0.0456390977443609,Possibly missing,0.04221159266789209,B-uniform,0.5420954794661755,0.5333663675457
b,0.04796992481203008,Possibly missing,0.04425253474241005,B-uniform,0.5420954794661755,0.5333663675457
b,0.05030075187969925,Possibly missing,0.04628264253251308,B-uniform,0.5420954794661755,0.5333663675457
b,0.05263157894736842,Possibly missing,0.04830195903990599,B-uniform,0.5420954794661755,0.5333663675457
b,0.0549624060150376,Possibly missing,0.05031052687849678,B-uniform,0.5420954794661755,0.5333663675457
b,0.05729323308270677,Possibly missing,0.05230838827726068,B-uniform,0.5420954794661755,0.5333663675457
b,0.05962406015037594,Possibly missing,0.054295585083069184,B-uniform,0.5420954794661755,0.5333663675457
b,0.06195488721804511,Possibly missing,0.056272158763484195,B-uniform,0.5420954794661755,0.5333663675457
b,0.0642857142857143,Possibly missing,0.0582381504095177,B-uniform,0.5420954794661755,0.5333663675457
b,0.06661654135338346,Possibly missing,0.06019360073835738,B-uniform,0.5420954794661755,0.5333663675457
b,0.06894736842105263,Possibly missing,0.062138550096058766,B-uniform,0.5420954794661755,0.5333663675457
b,0.0712781954887218,Possibly missing,0.06407303846020376,B-uniform,0.5420954794661755,0.5333663675457
b,0.07360902255639099,Possibly missing,0.06599710544252645,B-uniform,0.5420954794661755,0.5333663675457
b,0.07593984962406015,Possibly missing,0.06791079029150607,B-uniform,0.5420954794661755,0.5333663675457
b,0.07827067669172932,Possibly missing,0.06981413189492808,B-uniform,0.5420954794661755,0.5333663675457
b,0.0806015037593985,Possibly missing,0.07170716878241294,B-uniform,0.5420954794661755,0.5333663675457
b,0.08293233082706768,Possibly missing,0.07358993912791359,B-uniform,0.5420954794661755,0.5333663675457
b,0.08526315789473685,Possibly missing,0.0754624807521815,B-uniform,0.5420954794661755,0.5333663675457
b,0.08759398496240602,Possibly missing,0.07732483112520196,B-uniform,0.5420954794661755,0.5333663675457
b,0.0899248120300752,Possibly missing,0.0791770273685987,B-uniform,0.5420954794661755,0.5333663675457
b,0.09225563909774437,Possibly missing,0.08101910625800822,B-uniform,0.5420954794661755,0.5333663675457
b,0.09458646616541354,Possibly missing,0.08285110422542415,B-uniform,0.5420954794661755,0.5333663675457
b,0.09691729323308271,Possibly missing,0.08467305736151208,B-uniform,0.5420954794661755,0.5333663675457
b,0.09924812030075188,Possibly missing,0.08648500141789488,B-uniform,0.5420954794661755,0.5333663675457
b,0.10157894736842106,Possibly missing,0.08828697180940899,B-uniform,0.5420954794661755,0.5333663675457
b,0.10390977443609023,Possibly missing,0.09007900361633205,B-uniform,0.5420954794661755,0.5333663675457
b,0.1062406015037594,Possibly missing,0.09186113158658192,B-uniform,0.5420954794661755,0.5333663675457
b,0.10857142857142858,Possibly missing,0.09363339013788763,B-uniform,0.5420954794661755,0.5333663675457
b,0.11090225563909775,Possibly missing,0.09539581335993226,B-uniform,0.5420954794661755,0.5333663675457
b,0.11323308270676692,Possibly missing,0.09714843501646848,B-uniform,0.5420954794661755,0.5333663675457
b,0.11556390977443609,Possibly missing,0.0988912885474062,B-uniform,0.5420954794661755,0.5333663675457
b,0.11789473684210526,Possibly missing,0.10062440707087372,B-uniform,0.5420954794661755,0.5333663675457
b,0.12022556390977444,Possibly missing,0.10234782338525161,B-uniform,0.5420954794661755,0.5333663675457
b,0.12255639097744361,Possibly missing,0.1040615699711802,B-uniform,0.5420954794661755,0.5333663675457
b,0.12488721804511278,Possibly missing,0.10576567899354058,B-uniform,0.5420954794661755,0.5333663675457
b,0.12721804511278195,Possibly missing,0.10746018230340984,B-uniform,0.5420954794661755,0.5333663675457
b,0.12954887218045114,Possibly missing,0.10914511143999006,B-uniform,0.5420954794661755,0.5333663675457
b,0.1318796992481203,Possibly missing,0.11082049763251188,B-uniform,0.5420954794661755,0.5333663675457
b,0.13421052631578947,Possibly missing,0.11248637180211292,B-uniform,0.5420954794661755,0.5333663675457
b,0.13654135338345863,Possibly missing,0.11414276456369071,B-uniform,0.5420954794661755,0.5333663675457
b,0.1388721804511278,Possibly missing,0.11578970622773099,B-uniform,0.5420954794661755,0.5333663675457
b,0.141203007518797,Possibly missing,0.11742722680211114,B-uniform,0.5420954794661755,0.5333663675457
b,0.14353383458646615,Possibly missing,0.1190553559938794,B-uniform,0.5420954794661755,0.5333663675457
b,0.14586466165413534,Possibly missing,0.12067412321100955,B-uniform,0.5420954794661755,0.5333663675457
b,0.1481954887218045,Possibly missing,0.12228355756413194,B-uniform,0.5420954794661755,0.5333663675457
b,0.15052631578947367,Possibly missing,0.1238836878682403,B-uniform,0.5420954794661755,0.5333663675457
b,0.15285714285714286,Possibly missing,0.12547454264437538,B-uniform,0.5420954794661755,0.5333663675457
b,0.155187969924812,Possibly missing,0.12705615012128468,B-uniform,0.5420954794661755,0.5333663675457
b,0.1575187969924812,Possibly missing,0.1286285382370597,B-uniform,0.5420954794661755,0.5333663675457
b,0.15984962406015038,Possibly missing,0.13019173464074923,B-uniform,0.5420954794661755,0.5333663675457
b,0.16218045112781954,Possibly missing,0.1317457666939509,B-uniform,0.5420954794661755,0.5333663675457
b,0.16451127819548872,Possibly missing,0.13329066147237928,B-uniform,0.5420954794661755,0.5333663675457
b,0.16684210526315787,Possibly missing,0.13482644576741182,B-uniform,0.5420954794661755,0.5333663675457
b,0.16917293233082706,Possibly missing,0.1363531460876127,B-uniform,0.5420954794661755,0.5333663675457
b,0.17150375939849624,Possibly missing,0.1378707886602345,B-uniform,0.5420954794661755,0.5333663675457
b,0.1738345864661654,Possibly missing,0.1393793994326978,B-uniform,0.5420954794661755,0.5333663675457
b,0.17616541353383458,Possibly missing,0.1408790040740494,B-uniform,0.5420954794661755,0.5333663675457
b,0.17849624060150374,Possibly missing,0.14236962797639868,B-uniform,0.5420954794661755,0.5333663675457
b,0.18082706766917292,Possibly missing,0.1438512962563328,B-uniform,0.5420954794661755,0.5333663675457
b,0.1831578947368421,Possibly missing,0.14532403375631045,B-uniform,0.5420954794661755,0.5333663675457
b,0.18548872180451126,Possibly missing,0.14678786504603492,B-uniform,0.5420954794661755,0.5333663675457
b,0.18781954887218044,Possibly missing,0.14824281442380585,B-uniform,0.5420954794661755,0.5333663675457
b,0.19015037593984963,Possibly missing,0.1496889059178505,B-uniform,0.5420954794661755,0.5333663675457
b,0.19248120300751878,Possibly missing,0.1511261632876343,B-uniform,0.5420954794661755,0.5333663675457
b,0.19481203007518796,Possibly missing,0.15255461002515114,B-uniform,0.5420954794661755,0.5333663675457
b,0.19714285714285715,Possibly missing,0.153974269356193,B-uniform,0.5420954794661755,0.5333663675457
b,0.1994736842105263,Possibly missing,0.1553851642415999,B-uniform,0.5420954794661755,0.5333663675457
b,0.2018045112781955,Possibly missing,0.15678731737848955,B-uniform,0.5420954794661755,0.5333663675457
b,0.20413533834586464,Possibly missing,0.15818075120146702,B-uniform,0.5420954794661755,0.5333663675457
b,0.20646616541353383,Possibly missing,0.159565487883815,B-uniform,0.5420954794661755,0.5333663675457
b,0.208796992481203,Possibly missing,0.16094154933866414,B-uniform,0.5420954794661755,0.5333663675457
b,0.21112781954887216,Possibly missing,0.16230895722014427,B-uniform,0.5420954794661755,0.5333663675457
b,0.21345864661654135,Possibly missing,0.16366773292451567,B-uniform,0.5420954794661755,0.5333663675457
b,0.2157894736842105,Possibly missing,0.1650178975912818,B-uniform,0.5420954794661755,0.5333663675457
b,0.2181203007518797,Possibly missing,0.16635947210428254,B-uniform,0.5420954794661755,0.5333663675457
b,0.22045112781954887,Possibly missing,0.16769247709276844,B-uniform,0.5420954794661755,0.5333663675457
b,0.22278195488721803,Possibly missing,0.16901693293245607,B-uniform,0.5420954794661755,0.5333663675457
b,0.2251127819548872,Possibly missing,0.170332859746565,B-uniform,0.5420954794661755,0.5333663675457
b,0.2274436090225564,Possibly missing,0.17164027740683563,B-uniform,0.5420954794661755,0.5333663675457
b,0.22977443609022555,Possibly missing,0.17293920553452855,B-uniform,0.5420954794661755,0.5333663675457
b,0.23210526315789473,Possibly missing,0.17422966350140595,B-uniform,0.5420954794661755,0.5333663675457
b,0.23443609022556391,Possibly missing,0.175511670430694,B-uniform,0.5420954794661755,0.5333663675457
b,0.23676691729323307,Possibly missing,0.1767852451980275,B-uniform,0.5420954794661755,0.5333663675457
b,0.23909774436090225,Possibly missing,0.17805040643237624,B-uniform,0.5420954794661755,0.5333663675457
b,0.2414285714285714,Possibly missing,0.17930717251695336,B-uniform,0.5420954794661755,0.5333663675457
b,0.2437593984962406,Possibly missing,0.18055556159010544,B-uniform,0.5420954794661755,0.5333663675457
b,0.24609022556390978,Possibly missing,0.1817955915461854,B-uniform,0.5420954794661755,0.5333663675457
b,0.24842105263157893,Possibly missing,0.18302728003640698,B-uniform,0.5420954794661755,0.5333663675457
b,0.2507518796992481,Possibly missing,0.1842506444696819,B-uniform,0.5420954794661755,0.5333663675457
b,0.2530827067669173,Possibly missing,0.1854657020134392,B-uniform,0.5420954794661755,0.5333663675457
b,0.2554135338345865,Possibly missing,0.18667246959442751,B-uniform,0.5420954794661755,0.5333663675457
b,0.25774436090225566,Possibly missing,0.1878709638994991,B-uniform,0.5420954794661755,0.5333663675457
b,0.2600751879699248,Possibly missing,0.18906120137637736,B-uniform,0.5420954794661755,0.5333663675457
b,0.262406015037594,Possibly missing,0.1902431982344066,B-uniform,0.5420954794661755,0.5333663675457
b,0.26473684210526316,Possibly missing,0.19141697044528452,B-uniform,0.5420954794661755,0.5333663675457
b,0.26706766917293234,Possibly missing,0.19258253374377785,B-uniform,0.5420954794661755,0.5333663675457
b,0.2693984962406015,Possibly missing,0.1937399036284208,B-uniform,0.5420954794661755,0.5333663675457
b,0.2717293233082707,Possibly missing,0.19488909536219623,B-uniform,0.5420954794661755,0.5333663675457
b,0.2740601503759399,Possibly missing,0.19603012397320033,B-uniform,0.5420954794661755,0.5333663675457
b,0.276390977443609,Possibly missing,0.19716300425528993,B-uniform,0.5420954794661755,0.5333663675457
b,0.2787218045112782,Possibly missing,0.19828775076871352,B-uniform,0.5420954794661755,0.5333663675457
b,0.2810526315789474,Possibly missing,0.19940437784072482,B-uniform,0.5420954794661755,0.5333663675457
b,0.28338345864661657,Possibly missing,0.2005128995661801,B-uniform,0.5420954794661755,0.5333663675457
b,0.28571428571428575,Possibly missing,0.20161332980811877,B-uniform,0.5420954794661755,0.5333663675457
b,0.2880451127819549,Possibly missing,0.20270568219832727,B-uniform,0.5420954794661755,0.5333663675457
b,0.29037593984962407,Possibly missing,0.20378997013788627,B-uniform,0.5420954794661755,0.5333663675457
b,0.29270676691729325,Possibly missing,0.2048662067977015,B-uniform,0.5420954794661755,0.5333663675457
b,0.29503759398496243,Possibly missing,0.20593440511901795,B-uniform,0.5420954794661755,0.5333663675457
b,0.2973684210526316,Possibly missing,0.20699457781391786,B-uniform,0.5420954794661755,0.5333663675457
b,0.2996992481203008,Possibly missing,0.20804673736580181,B-uniform,0.5420954794661755,0.5333663675457
b,0.3020300751879699,Possibly missing,0.20909089602985406,B-uniform,0.5420954794661755,0.5333663675457
b,0.3043609022556391,Possibly missing,0.21012706583349114,B-uniform,0.5420954794661755,0.5333663675457
b,0.3066917293233083,Possibly missing,0.2111552585767939,B-uniform,0.5420954794661755,0.5333663675457
b,0.3090225563909775,Possibly missing,0.21217548583292395,B-uniform,0.5420954794661755,0.5333663675457
b,0.31135338345864666,Possibly missing,0.21318775894852332,B-uniform,0.5420954794661755,0.5333663675457
b,0.3136842105263158,Possibly missing,0.2141920890440979,B-uniform,0.5420954794661755,0.5333663675457
b,0.31601503759398497,Possibly missing,0.21518848701438484,B-uniform,0.5420954794661755,0.5333663675457
b,0.31834586466165415,Possibly missing,0.2161769635287037,B-uniform,0.5420954794661755,0.5333663675457
b,0.32067669172932334,Possibly missing,0.21715752903129157,B-uniform,0.5420954794661755,0.5333663675457
b,0.3230075187969925,Possibly missing,0.2181301937416215,B-uniform,0.5420954794661755,0.5333663675457
b,0.32533834586466165,Possibly missing,0.21909496765470546,B-uniform,0.5420954794661755,0.5333663675457
b,0.32766917293233083,Possibly missing,0.2200518605413808,B-uniform,0.5420954794661755,0.5333663675457
b,0.33,Possibly missing,0.22100088194858045,B-uniform,0.5420954794661755,0.5333663675457
b,0.3323308270676692,Possibly missing,0.2219420411995873,B-uniform,0.5420954794661755,0.5333663675457
b,0.3346616541353384,Possibly missing,0.22287534739427245,B-uniform,0.5420954794661755,0.5333663675457
b,0.3369924812030075,Possibly missing,0.22380080940931701,B-uniform,0.5420954794661755,0.5333663675457
b,0.3393233082706767,Possibly missing,0.22471843589841814,B-uniform,0.5420954794661755,0.5333663675457
b,0.3416541353383459,Possibly missing,0.22562823529247886,B-uniform,0.5420954794661755,0.5333663675457
b,0.34398496240601506,Possibly missing,0.22653021579978158,B-uniform,0.5420954794661755,0.5333663675457
b,0.34631578947368424,Possibly missing,0.22742438540614576,B-uniform,0.5420954794661755,0.5333663675457
b,0.3486466165413534,Possibly missing,0.22831075187506933,B-uniform,0.5420954794661755,0.5333663675457
b,0.35097744360902255,Possibly missing,0.22918932274785375,B-uniform,0.5420954794661755,0.5333663675457
b,0.35330827067669174,Possibly missing,0.2300601053437135,B-uniform,0.5420954794661755,0.5333663675457
b,0.3556390977443609,Possibly missing,0.23092310675986852,B-uniform,0.5420954794661755,0.5333663675457
b,0.3579699248120301,Possibly missing,0.23177833387162133,B-uniform,0.5420954794661755,0.5333663675457
b,0.3603007518796993,Possibly missing,0.23262579333241729,B-uniform,0.5420954794661755,0.5333663675457
b,0.3626315789473684,Possibly missing,0.2334654915738891,B-uniform,0.5420954794661755,0.5333663675457
b,0.3649624060150376,Possibly missing,0.23429743480588447,B-uniform,0.5420954794661755,0.5333663675457
b,0.3672932330827068,Possibly missing,0.23512162901647832,B-uniform,0.5420954794661755,0.5333663675457
b,0.36962406015037597,Possibly missing,0.23593807997196797,B-uniform,0.5420954794661755,0.5333663675457
b,0.37195488721804515,Possibly missing,0.23674679321685202,B-uniform,0.5420954794661755,0.5333663675457
b,0.37428571428571433,Possibly missing,0.23754777407379338,B-uniform,0.5420954794661755,0.5333663675457
b,0.37661654135338346,Possibly missing,0.23834102764356535,B-uniform,0.5420954794661755,0.5333663675457
b,0.37894736842105264,Possibly missing,0.2391265588049816,B-uniform,0.5420954794661755,0.5333663675457
b,0.3812781954887218,Possibly missing,0.2399043722148092,B-uniform,0.5420954794661755,0.5333663675457
b,0.383609022556391,Possibly missing,0.2406744723076659,B-uniform,0.5420954794661755,0.5333663675457
b,0.3859398496240602,Possibly missing,0.24143686329589975,B-uniform,0.5420954794661755,0.5333663675457
b,0.3882706766917293,Possibly missing,0.24219154916945318,B-uniform,0.5420954794661755,0.5333663675457
b,0.3906015037593985,Possibly missing,0.24293853369570975,B-uniform,0.5420954794661755,0.5333663675457
b,0.3929323308270677,Possibly missing,0.24367782041932418,B-uniform,0.5420954794661755,0.5333663675457
b,0.39526315789473687,Possibly missing,0.2444094126620359,B-uniform,0.5420954794661755,0.5333663675457
b,0.39759398496240606,Possibly missing,0.24513331352246534,B-uniform,0.5420954794661755,0.5333663675457
b,0.3999248120300752,Possibly missing,0.24584952587589398,B-uniform,0.5420954794661755,0.5333663675457
b,0.40225563909774437,Possibly missing,0.2465580523740267,B-uniform,0.5420954794661755,0.5333663675457
b,0.40458646616541355,Possibly missing,0.2472588954447373,B-uniform,0.5420954794661755,0.5333663675457
b,0.40691729323308273,Possibly missing,0.24795205729179745,B-uniform,0.5420954794661755,0.5333663675457
b,0.4092481203007519,Possibly missing,0.24863753989458773,B-uniform,0.5420954794661755,0.5333663675457
b,0.41157894736842104,Possibly missing,0.24931534500779176,B-uniform,0.5420954794661755,0.5333663675457
b,0.4139097744360902,Possibly missing,0.24998547416107308,B-uniform,0.5420954794661755,0.5333663675457
b,0.4162406015037594,Possibly missing,0.25064792865873453,B-uniform,0.5420954794661755,0.5333663675457
b,0.4185714285714286,Possibly missing,0.2513027095793603,B-uniform,0.5420954794661755,0.5333663675457
b,0.4209022556390978,Possibly missing,0.25194981777544,B-uniform,0.5420954794661755,0.5333663675457
b,0.42323308270676696,Possibly missing,0.25258925387297576,B-uniform,0.5420954794661755,0.5333663675457
b,0.4255639097744361,Possibly missing,0.2532210182710708,B-uniform,0.5420954794661755,0.5333663675457
b,0.42789473684210527,Possibly missing,0.25384511114150116,B-uniform,0.5420954794661755,0.5333663675457
b,0.43022556390977446,Possibly missing,0.2544615324282682,B-uniform,0.5420954794661755,0.5333663675457
b,0.43255639097744364,Possibly missing,0.25507028184713443,B-uniform,0.5420954794661755,0.5333663675457
b,0.4348872180451128,Possibly missing,0.2556713588851405,B-uniform,0.5420954794661755,0.5333663675457
b,0.43721804511278195,Possibly missing,0.25626476280010385,B-uniform,0.5420954794661755,0.5333663675457
b,0.43954887218045113,Possibly missing,0.2568504926200998,B-uniform,0.5420954794661755,0.5333663675457
b,0.4418796992481203,Possibly missing,0.257428547142923,B-uniform,0.5420954794661755,0.5333663675457
b,0.4442105263157895,Possibly missing,0.2579989249355316,B-uniform,0.5420954794661755,0.5333663675457
b,0.4465413533834587,Possibly missing,0.2585616243334719,B-uniform,0.5420954794661755,0.5333663675457
b,0.44887218045112787,Possibly missing,0.2591166434402847,B-uniform,0.5420954794661755,0.5333663675457
b,0.451203007518797,Possibly missing,0.25966398012689235,B-uniform,0.5420954794661755,0.5333663675457
b,0.4535338345864662,Possibly missing,0.2602036320309675,B-uniform,0.5420954794661755,0.5333663675457
b,0.45586466165413536,Possibly missing,0.2607355965562815,B-uniform,0.5420954794661755,0.5333663675457
b,0.45819548872180454,Possibly missing,0.26125987087203484,B-uniform,0.5420954794661755,0.5333663675457
b,0.46052631578947373,Possibly missing,0.2617764519121675,B-uniform,0.5420954794661755,0.5333663675457
b,0.46285714285714286,Possibly missing,0.26228533637464935,B-uniform,0.5420954794661755,0.5333663675457
b,0.46518796992481204,Possibly missing,0.26278652072075226,B-uniform,0.5420954794661755,0.5333663675457
b,0.4675187969924812,Possibly missing,0.26328000117430067,B-uniform,0.5420954794661755,0.5333663675457
b,0.4698496240601504,Possibly missing,0.2637657737209036,B-uniform,0.5420954794661755,0.5333663675457
b,0.4721804511278196,Possibly missing,0.26424383410716556,B-uniform,0.5420954794661755,0.5333663675457
b,0.4745112781954887,Possibly missing,0.264714177839878,B-uniform,0.5420954794661755,0.5333663675457
b,0.4768421052631579,Possibly missing,0.2651768001851896,B-uniform,0.5420954794661755,0.5333663675457
b,0.4791729323308271,Possibly missing,0.2656316961677565,B-uniform,0.5420954794661755,0.5333663675457
b,0.48150375939849627,Possibly missing,0.26607886056987134,B-uniform,0.5420954794661755,0.5333663675457
b,0.48383458646616545,Possibly missing,0.26651828793057225,B-uniform,0.5420954794661755,0.5333663675457
b,0.4861654135338346,Possibly missing,0.26694997254472935,B-uniform,0.5420954794661755,0.5333663675457
b,0.48849624060150376,Possibly missing,0.2673739084621115,B-uniform,0.5420954794661755,0.5333663675457
b,0.49082706766917295,Possibly missing,0.2677900894864305,B-uniform,0.5420954794661755,0.5333663675457
b,0.49315789473684213,Possibly missing,0.2681985091743642,B-uniform,0.5420954794661755,0.5333663675457
b,0.4954887218045113,Possibly missing,0.2685991608345578,B-uniform,0.5420954794661755,0.5333663675457
b,0.4978195488721805,Possibly missing,0.26899203752660267,B-uniform,0.5420954794661755,0.5333663675457
b,0.5001503759398496,Possibly missing,0.26937713205999403,B-uniform,0.5420954794661755,0.5333663675457
b,0.5024812030075188,Possibly missing,0.26975443699306506,B-uniform,0.5420954794661755,0.5333663675457
b,0.5048120300751879,Possibly missing,0.27012394463189926,B-uniform,0.5420954794661755,0.5333663675457
b,0.5071428571428571,Possibly missing,0.2704856470292195,B-uniform,0.5420954794661755,0.5333663675457
b,0.5094736842105263,Possibly missing,0.2708395359832545,B-uniform,0.5420954794661755,0.5333663675457
b,0.5118045112781955,Possibly missing,0.27118560303658185,B-uniform,0.5420954794661755,0.5333663675457
b,0.5141353383458647,Possibly missing,0.2715238394749477,B-uniform,0.5420954794661755,0.5333663675457
b,0.5164661654135339,Possibly missing,0.27185423632606276,B-uniform,0.5420954794661755,0.5333663675457
b,0.518796992481203,Possibly missing,0.2721767843583745,B-uniform,0.5420954794661755,0.5333663675457
b,0.5211278195488722,Possibly missing,0.272491474079815,B-uniform,0.5420954794661755,0.5333663675457
b,0.5234586466165414,Possibly missing,0.2727982957365249,B-uniform,0.5420954794661755,0.5333663675457
b,0.5257894736842106,Possibly missing,0.2730972393115524,B-uniform,0.5420954794661755,0.5333663675457
b,0.5281203007518798,Possibly missing,0.27338829452352764,B-uniform,0.5420954794661755,0.5333663675457
b,0.5304511278195488,Possibly missing,0.2736714508253117,B-uniform,0.5420954794661755,0.5333663675457
b,0.532781954887218,Possibly missing,0.27394669740262084,B-uniform,0.5420954794661755,0.5333663675457
b,0.5351127819548872,Possibly missing,0.2742140231726246,B-uniform,0.5420954794661755,0.5333663675457
b,0.5374436090225564,Possibly missing,0.2744734167825184,B-uniform,0.5420954794661755,0.5333663675457
b,0.5397744360902256,Possibly missing,0.2747248666080697,B-uniform,0.5420954794661755,0.5333663675457
b,0.5421052631578948,Possibly missing,0.2749683607521384,B-uniform,0.5420954794661755,0.5333663675457
b,0.5444360902255639,Possibly missing,0.27520388704316945,B-uniform,0.5420954794661755,0.5333663675457
b,0.5467669172932331,Possibly missing,0.27543143303365974,B-uniform,0.5420954794661755,0.5333663675457
b,0.5490977443609023,Possibly missing,0.275650985998597,B-uniform,0.5420954794661755,0.5333663675457
b,0.5514285714285715,Possibly missing,0.2758625329338715,B-uniform,0.5420954794661755,0.5333663675457
b,0.5537593984962407,Possibly missing,0.2760660605546595,B-uniform,0.5420954794661755,0.5333663675457
b,0.5560902255639097,Possibly missing,0.2762615552937789,B-uniform,0.5420954794661755,0.5333663675457
b,0.5584210526315789,Possibly missing,0.27644900330001665,B-uniform,0.5420954794661755,0.5333663675457
b,0.5607518796992481,Possibly missing,0.27662839043642645,B-uniform,0.5420954794661755,0.5333663675457
b,0.5630827067669173,Possibly missing,0.2767997022785988,B-uniform,0.5420954794661755,0.5333663675457
b,0.5654135338345865,Possibly missing,0.2769629241128998,B-uniform,0.5420954794661755,0.5333663675457
b,0.5677443609022557,Possibly missing,0.27711804093468223,B-uniform,0.5420954794661755,0.5333663675457
b,0.5700751879699248,Possibly missing,0.2772650374464646,B-uniform,0.5420954794661755,0.5333663675457
b,0.572406015037594,Possibly missing,0.2774038980560811,B-uniform,0.5420954794661755,0.5333663675457
b,0.5747368421052632,Possibly missing,0.27753460687480014,B-uniform,0.5420954794661755,0.5333663675457
b,0.5770676691729324,Possibly missing,0.2776571477154118,B-uniform,0.5420954794661755,0.5333663675457
b,0.5793984962406016,Possibly missing,0.2777715040902834,B-uniform,0.5420954794661755,0.5333663675457
b,0.5817293233082707,Possibly missing,0.2778776592093843,B-uniform,0.5420954794661755,0.5333663675457
b,0.5840601503759398,Possibly missing,0.277975595978277,B-uniform,0.5420954794661755,0.5333663675457
b,0.586390977443609,Possibly missing,0.27806529699607613,B-uniform,0.5420954794661755,0.5333663675457
b,0.5887218045112782,Possibly missing,0.27814674455337507,B-uniform,0.5420954794661755,0.5333663675457
b,0.5910526315789474,Possibly missing,0.2782199206301375,B-uniform,0.5420954794661755,0.5333663675457
b,0.5933834586466166,Possibly missing,0.2782848068935566,B-uniform,0.5420954794661755,0.5333663675457
b,0.5957142857142858,Possibly missing,0.27834138469587894,B-uniform,0.5420954794661755,0.5333663675457
b,0.5980451127819549,Possibly missing,0.2783896350721944,B-uniform,0.5420954794661755,0.5333663675457
b,0.6003759398496241,Possibly missing,0.27842953873819,B-uniform,0.5420954794661755,0.5333663675457
b,0.6027067669172933,Possibly missing,0.278461076087869,B-uniform,0.5420954794661755,0.5333663675457
b,0.6050375939849624,Possibly missing,0.2784842271912336,B-uniform,0.5420954794661755,0.5333663675457
b,0.6073684210526316,Possibly missing,0.2784989717919307,B-uniform,0.5420954794661755,0.5333663675457
b,0.6096992481203007,Possibly missing,0.2785052893048615,B-uniform,0.5420954794661755,0.5333663675457
b,0.6120300751879699,Possibly missing,0.278503158813753,B-uniform,0.5420954794661755,0.5333663675457
b,0.6143609022556391,Possibly missing,0.2784925590686917,B-uniform,0.5420954794661755,0.5333663675457
b,0.6166917293233083,Possibly missing,0.2784734684836191,B-uniform,0.5420954794661755,0.5333663675457
b,0.6190225563909775,Possibly missing,0.27844586513378805,B-uniform,0.5420954794661755,0.5333663675457
b,0.6213533834586467,Possibly missing,0.2784097267531799,B-uniform,0.5420954794661755,0.5333663675457
b,0.6236842105263158,Possibly missing,0.27836503073188107,B-uniform,0.5420954794661755,0.5333663675457
b,0.626015037593985,Possibly missing,0.2783117541134202,B-uniform,0.5420954794661755,0.5333663675457
b,0.6283458646616542,Possibly missing,0.27824987359206294,B-uniform,0.5420954794661755,0.5333663675457
b,0.6306766917293233,Possibly missing,0.27817936551006683,B-uniform,0.5420954794661755,0.5333663675457
b,0.6330075187969925,Possibly missing,0.2781002058548922,B-uniform,0.5420954794661755,0.5333663675457
b,0.6353383458646616,Possibly missing,0.2780123702563717,B-uniform,0.5420954794661755,0.5333663675457
b,0.6376691729323308,Possibly missing,0.2779158339838365,B-uniform,0.5420954794661755,0.5333663675457
b,0.64,Possibly missing,0.27781057194319764,B-uniform,0.5420954794661755,0.5333663675457
b,0.6423308270676692,Possibly missing,0.27769655867398413,B-uniform,0.5420954794661755,0.5333663675457
b,0.6446616541353384,Possibly missing,0.2775737683463352,B-uniform,0.5420954794661755,0.5333663675457
b,0.6469924812030076,Possibly missing,0.277442174757947,B-uniform,0.5420954794661755,0.5333663675457
b,0.6493233082706767,Possibly missing,0.27730175133097357,B-uniform,0.5420954794661755,0.5333663675457
b,0.6516541353383459,Possibly missing,0.27715247110887964,B-uniform,0.5420954794661755,0.5333663675457
b,0.653984962406015,Possibly missing,0.2769943067532474,B-uniform,0.5420954794661755,0.5333663675457
b,0.6563157894736842,Possibly missing,0.2768272305405335,B-uniform,0.5420954794661755,0.5333663675457
b,0.6586466165413534,Possibly missing,0.276651214358778,B-uniform,0.5420954794661755,0.5333663675457
b,0.6609774436090226,Possibly missing,0.27646622970426343,B-uniform,0.5420954794661755,0.5333663675457
b,0.6633082706766917,Possibly missing,0.2762722476781236,B-uniform,0.5420954794661755,0.5333663675457
b,0.6656390977443609,Possibly missing,0.27606923898290076,B-uniform,0.5420954794661755,0.5333663675457
b,0.6679699248120301,Possibly missing,0.27585717391905207,B-uniform,0.5420954794661755,0.5333663675457
b,0.6703007518796993,Possibly missing,0.2756360223814024,B-uniform,0.5420954794661755,0.5333663675457
b,0.6726315789473685,Possibly missing,0.2754057538555446,B-uniform,0.5420954794661755,0.5333663675457
b,0.6749624060150377,Possibly missing,0.275166337414185,B-uniform,0.5420954794661755,0.5333663675457
b,0.6772932330827068,Possibly missing,0.2749177417134352,B-uniform,0.5420954794661755,0.5333663675457
b,0.6796240601503759,Possibly missing,0.27465993498904684,B-uniform,0.5420954794661755,0.5333663675457
b,0.6819548872180451,Possibly missing,0.2743928850525907,B-uniform,0.5420954794661755,0.5333663675457
b,0.6842857142857143,Possibly missing,0.2741165592875786,B-uniform,0.5420954794661755,0.5333663675457
b,0.6866165413533835,Possibly missing,0.2738309246455267,B-uniform,0.5420954794661755,0.5333663675457
b,0.6889473684210526,Possibly missing,0.2735359476419599,B-uniform,0.5420954794661755,0.5333663675457
b,0.6912781954887218,Possibly missing,0.27323159435235655,B-uniform,0.5420954794661755,0.5333663675457
b,0.693609022556391,Possibly missing,0.27291783040803275,B-uniform,0.5420954794661755,0.5333663675457
b,0.6959398496240602,Possibly missing,0.2725946209919638,B-uniform,0.5420954794661755,0.5333663675457
b,0.6982706766917294,Possibly missing,0.27226193083454414,B-uniform,0.5420954794661755,0.5333663675457
b,0.7006015037593986,Possibly missing,0.27191972420928356,B-uniform,0.5420954794661755,0.5333663675457
b,0.7029323308270677,Possibly missing,0.27156796492843843,B-uniform,0.5420954794661755,0.5333663675457
b,0.7052631578947368,Possibly missing,0.27120661633857784,B-uniform,0.5420954794661755,0.5333663675457
b,0.707593984962406,Possibly missing,0.2708356413160832,B-uniform,0.5420954794661755,0.5333663675457
b,0.7099248120300752,Possibly missing,0.27045500226258024,B-uniform,0.5420954794661755,0.5333663675457
b,0.7122556390977444,Possibly missing,0.27006466110030253,B-uniform,0.5420954794661755,0.5333663675457
b,0.7145864661654135,Possibly missing,0.2696645792673856,B-uniform,0.5420954794661755,0.5333663675457
b,0.7169172932330827,Possibly missing,0.26925471771308984,B-uniform,0.5420954794661755,0.5333663675457
b,0.7192481203007519,Possibly missing,0.26883503689295246,B-uniform,0.5420954794661755,0.5333663675457
b,0.7215789473684211,Possibly missing,0.268405496763866,B-uniform,0.5420954794661755,0.5333663675457
b,0.7239097744360903,Possibly missing,0.2679660567790825,B-uniform,0.5420954794661755,0.5333663675457
b,0.7262406015037595,Possibly missing,0.2675166758831437,B-uniform,0.5420954794661755,0.5333663675457
b,0.7285714285714286,Possibly missing,0.26705731250673403,B-uniform,0.5420954794661755,0.5333663675457
b,0.7309022556390977,Possibly missing,0.2665879245614557,B-uniform,0.5420954794661755,0.5333663675457
b,0.7332330827067669,Possibly missing,0.26610846943452604,B-uniform,0.5420954794661755,0.5333663675457
b,0.7355639097744361,Possibly missing,0.2656189039833941,B-uniform,0.5420954794661755,0.5333663675457
b,0.7378947368421053,Possibly missing,0.2651191845302762,B-uniform,0.5420954794661755,0.5333663675457
b,0.7402255639097745,Possibly missing,0.264609266856609,B-uniform,0.5420954794661755,0.5333663675457
b,0.7425563909774436,Possibly missing,0.26408910619741804,B-uniform,0.5420954794661755,0.5333663675457
b,0.7448872180451128,Possibly missing,0.2635586572356022,B-uniform,0.5420954794661755,0.5333663675457
b,0.747218045112782,Possibly missing,0.2630178740961301,B-uniform,0.5420954794661755,0.5333663675457
b,0.7495488721804512,Possibly missing,0.26246671034014996,B-uniform,0.5420954794661755,0.5333663675457
b,0.7518796992481204,Possibly missing,0.2619051189590084,B-uniform,0.5420954794661755,0.5333663675457
b,0.7542105263157894,Possibly missing,0.26133305236818016,B-uniform,0.5420954794661755,0.5333663675457
b,0.7565413533834586,Possibly missing,0.2607504624011034,B-uniform,0.5420954794661755,0.5333663675457
b,0.7588721804511278,Possibly missing,0.26015730030292294,B-uniform,0.5420954794661755,0.5333663675457
b,0.761203007518797,Possibly missing,0.25955351672413696,B-uniform,0.5420954794661755,0.5333663675457
b,0.7635338345864662,Possibly missing,0.2589390617141469,B-uniform,0.5420954794661755,0.5333663675457
b,0.7658646616541354,Possibly missing,0.25831388471470895,B-uniform,0.5420954794661755,0.5333663675457
b,0.7681954887218045,Possibly missing,0.25767793455328525,B-uniform,0.5420954794661755,0.5333663675457
b,0.7705263157894737,Possibly missing,0.257031159436293,B-uniform,0.5420954794661755,0.5333663675457
b,0.7728571428571429,Possibly missing,0.25637350694224964,B-uniform,0.5420954794661755,0.5333663675457
b,0.7751879699248121,Possibly missing,0.25570492401481404,B-uniform,0.5420954794661755,0.5333663675457
b,0.7775187969924813,Possibly missing,0.25502535695571865,B-uniform,0.5420954794661755,0.5333663675457
b,0.7798496240601503,Possibly missing,0.2543347514175944,B-uniform,0.5420954794661755,0.5333663675457
b,0.7821804511278195,Possibly missing,0.25363305239668366,B-uniform,0.5420954794661755,0.5333663675457
b,0.7845112781954887,Possibly missing,0.2529202042254415,B-uniform,0.5420954794661755,0.5333663675457
b,0.7868421052631579,Possibly missing,0.25219615056502187,B-uniform,0.5420954794661755,0.5333663675457
b,0.7891729323308271,Possibly missing,0.2514608343976474,B-uniform,0.5420954794661755,0.5333663675457
b,0.7915037593984963,Possibly missing,0.2507141980188605,B-uniform,0.5420954794661755,0.5333663675457
b,0.7938345864661654,Possibly missing,0.2499561830296548,B-uniform,0.5420954794661755,0.5333663675457
b,0.7961654135338346,Possibly missing,0.24918673032848299,B-uniform,0.5420954794661755,0.5333663675457
b,0.7984962406015038,Possibly missing,0.2484057801031405,B-uniform,0.5420954794661755,0.5333663675457
b,0.800827067669173,Possibly missing,0.2476132718225224,B-uniform,0.5420954794661755,0.5333663675457
b,0.8031578947368421,Possibly missing,0.2468091442282513,B-uniform,0.5420954794661755,0.5333663675457
b,0.8054887218045113,Possibly missing,0.2459933353261732,B-uniform,0.5420954794661755,0.5333663675457
b,0.8078195488721804,Possibly missing,0.24516578237772121,B-uniform,0.5420954794661755,0.5333663675457
b,0.8101503759398496,Possibly missing,0.24432642189114218,B-uniform,0.5420954794661755,0.5333663675457
b,0.8124812030075188,Possibly missing,0.24347518961258524,B-uniform,0.5420954794661755,0.5333663675457
b,0.814812030075188,Possibly missing,0.24261202051705047,B-uniform,0.5420954794661755,0.5333663675457
b,0.8171428571428572,Possibly missing,0.24173684879919313,B-uniform,0.5420954794661755,0.5333663675457
b,0.8194736842105264,Possibly missing,0.24084960786398327,B-uniform,0.5420954794661755,0.5333663675457
b,0.8218045112781955,Possibly missing,0.2399502303172161,B-uniform,0.5420954794661755,0.5333663675457
b,0.8241353383458647,Possibly missing,0.2390386479558725,B-uniform,0.5420954794661755,0.5333663675457
b,0.8264661654135339,Possibly missing,0.23811479175832478,B-uniform,0.5420954794661755,0.5333663675457
b,0.828796992481203,Possibly missing,0.23717859187438675,B-uniform,0.5420954794661755,0.5333663675457
b,0.8311278195488722,Possibly missing,0.2362299776152044,B-uniform,0.5420954794661755,0.5333663675457
b,0.8334586466165413,Possibly missing,0.23526887744298466,B-uniform,0.5420954794661755,0.5333663675457
b,0.8357894736842105,Possibly missing,0.23429521896055888,B-uniform,0.5420954794661755,0.5333663675457
b,0.8381203007518797,Possibly missing,0.23330892890077867,B-uniform,0.5420954794661755,0.5333663675457
b,0.8404511278195489,Possibly missing,0.2323099331157404,B-uniform,0.5420954794661755,0.5333663675457
b,0.8427819548872181,Possibly missing,0.23129815656583616,B-uniform,0.5420954794661755,0.5333663675457
b,0.8451127819548873,Possibly missing,0.23027352330862638,B-uniform,0.5420954794661755,0.5333663675457
b,0.8474436090225564,Possibly missing,0.22923595648753334,B-uniform,0.5420954794661755,0.5333663675457
b,0.8497744360902256,Possibly missing,0.22818537832034913,B-uniform,0.5420954794661755,0.5333663675457
b,0.8521052631578948,Possibly missing,0.227121710087558,B-uniform,0.5420954794661755,0.5333663675457
b,0.8544360902255639,Possibly missing,0.2260448721204666,B-uniform,0.5420954794661755,0.5333663675457
b,0.8567669172932331,Possibly missing,0.2249547837891411,B-uniform,0.5420954794661755,0.5333663675457
b,0.8590977443609022,Possibly missing,0.22385136349014556,B-uniform,0.5420954794661755,0.5333663675457
b,0.8614285714285714,Possibly missing,0.22273452863407928,B-uniform,0.5420954794661755,0.5333663675457
b,0.8637593984962406,Possibly missing,0.22160419563290865,B-uniform,0.5420954794661755,0.5333663675457
b,0.8660902255639098,Possibly missing,0.22046027988709,B-uniform,0.5420954794661755,0.5333663675457
b,0.868421052631579,Possibly missing,0.21930269577247893,B-uniform,0.5420954794661755,0.5333663675457
b,0.8707518796992482,Possibly missing,0.2181313566270232,B-uniform,0.5420954794661755,0.5333663675457
b,0.8730827067669173,Possibly missing,0.21694617473723385,B-uniform,0.5420954794661755,0.5333663675457
b,0.8754135338345865,Possibly missing,0.21574706132443083,B-uniform,0.5420954794661755,0.5333663675457
b,0.8777443609022557,Possibly missing,0.21453392653075962,B-uniform,0.5420954794661755,0.5333663675457
b,0.8800751879699248,Possibly missing,0.2133066794049732,B-uniform,0.5420954794661755,0.5333663675457
b,0.882406015037594,Possibly missing,0.21206522788797527,B-uniform,0.5420954794661755,0.5333663675457
b,0.8847368421052632,Possibly missing,0.21080947879812093,B-uniform,0.5420954794661755,0.5333663675457
b,0.8870676691729323,Possibly missing,0.20953933781626935,B-uniform,0.5420954794661755,0.5333663675457
b,0.8893984962406015,Possibly missing,0.20825470947058344,B-uniform,0.5420954794661755,0.5333663675457
b,0.8917293233082707,Possibly missing,0.2069554971210725,B-uniform,0.5420954794661755,0.5333663675457
b,0.8940601503759399,Possibly missing,0.20564160294387207,B-uniform,0.5420954794661755,0.5333663675457
b,0.8963909774436091,Possibly missing,0.20431292791525663,B-uniform,0.5420954794661755,0.5333663675457
b,0.8987218045112783,Possibly missing,0.20296937179537852,B-uniform,0.5420954794661755,0.5333663675457
b,0.9010526315789474,Possibly missing,0.20161083311172992,B-uniform,0.5420954794661755,0.5333663675457
b,0.9033834586466165,Possibly missing,0.20023720914232032,B-uniform,0.5420954794661755,0.5333663675457
b,0.9057142857142857,Possibly missing,0.1988483958985648,B-uniform,0.5420954794661755,0.5333663675457
b,0.9080451127819549,Possibly missing,0.19744428810787792,B-uniform,0.5420954794661755,0.5333663675457
b,0.9103759398496241,Possibly missing,0.19602477919596623,B-uniform,0.5420954794661755,0.5333663675457
b,0.9127067669172932,Possibly missing,0.1945897612688143,B-uniform,0.5420954794661755,0.5333663675457
b,0.9150375939849624,Possibly missing,0.19313912509435788,B-uniform,0.5420954794661755,0.5333663675457
b,0.9173684210526316,Possibly missing,0.19167276008383746,B-uniform,0.5420954794661755,0.5333663675457
b,0.9196992481203008,Possibly missing,0.19019055427282705,B-uniform,0.5420954794661755,0.5333663675457
b,0.92203007518797,Possibly missing,0.18869239430193022,B-uniform,0.5420954794661755,0.5333663675457
b,0.9243609022556392,Possibly missing,0.18717816539713752,B-uniform,0.5420954794661755,0.5333663675457
b,0.9266917293233083,Possibly missing,0.18564775134983827,B-uniform,0.5420954794661755,0.5333663675457
b,0.9290225563909774,Possibly missing,0.18410103449647972,B-uniform,0.5420954794661755,0.5333663675457
b,0.9313533834586466,Possibly missing,0.18253789569786597,B-uniform,0.5420954794661755,0.5333663675457
b,0.9336842105263158,Possibly missing,0.18095821431809028,B-uniform,0.5420954794661755,0.5333663675457
b,0.936015037593985,Possibly missing,0.17936186820309236,B-uniform,0.5420954794661755,0.5333663675457
b,0.9383458646616541,Possibly missing,0.17774873365883265,B-uniform,0.5420954794661755,0.5333663675457
b,0.9406766917293233,Possibly missing,0.1761186854290773,B-uniform,0.5420954794661755,0.5333663675457
b,0.9430075187969925,Possibly missing,0.17447159667278395,B-uniform,0.5420954794661755,0.5333663675457
b,0.9453383458646617,Possibly missing,0.1728073389410811,B-uniform,0.5420954794661755,0.5333663675457
b,0.9476691729323309,Possibly missing,0.1711257821538325,B-uniform,0.5420954794661755,0.5333663675457
b,0.95,Possibly missing,0.16942679457577753,B-uniform,0.5420954794661755,0.5333663675457
b,0.02,Phantom,0.5195320892292631,B-uniform,0.5420954794661755,0.5333663675457
b,0.022330827067669173,Phantom,0.5169522555660133,B-uniform,0.5420954794661755,0.5333663675457
b,0.024661654135338346,Phantom,0.5143826161100504,B-uniform,0.5420954794661755,0.5333663675457
b,0.02699248120300752,Phantom,0.5118231187142369,B-uniform,0.5420954794661755,0.5333663675457
b,0.029323308270676692,Phantom,0.509273711627515,B-uniform,0.5420954794661755,0.5333663675457
b,0.031654135338345865,Phantom,0.5067343434914505,B-uniform,0.5420954794661755,0.5333663675457
b,0.033984962406015035,Phantom,0.5042049633368172,B-uniform,0.5420954794661755,0.5333663675457
b,0.03631578947368421,Phantom,0.5016855205802174,B-uniform,0.5420954794661755,0.5333663675457
b,0.03864661654135339,Phantom,0.4991759650207423,B-uniform,0.5420954794661755,0.5333663675457
b,0.04097744360902256,Phantom,0.49667624683666656,B-uniform,0.5420954794661755,0.5333663675457
b,0.043308270676691726,Phantom,0.4941863165821816,B-uniform,0.5420954794661755,0.5333663675457
b,0.0456390977443609,Phantom,0.49170612518416446,B-uniform,0.5420954794661755,0.5333663675457
b,0.04796992481203008,Phantom,0.489235623938982,B-uniform,0.5420954794661755,0.5333663675457
b,0.05030075187969925,Phantom,0.48677476450933055,B-uniform,0.5420954794661755,0.5333663675457
b,0.05263157894736842,Phantom,0.48432349892111043,B-uniform,0.5420954794661755,0.5333663675457
b,0.0549624060150376,Phantom,0.48188177956033507,B-uniform,0.5420954794661755,0.5333663675457
b,0.05729323308270677,Phantom,0.47944955917007376,B-uniform,0.5420954794661755,0.5333663675457
b,0.05962406015037594,Phantom,0.4770267908474283,B-uniform,0.5420954794661755,0.5333663675457
b,0.06195488721804511,Phantom,0.4746134280405422,B-uniform,0.5420954794661755,0.5333663675457
b,0.0642857142857143,Phantom,0.47220942454564413,B-uniform,0.5420954794661755,0.5333663675457
b,0.06661654135338346,Phantom,0.4698147345041215,B-uniform,0.5420954794661755,0.5333663675457
b,0.06894736842105263,Phantom,0.46742931239962826,B-uniform,0.5420954794661755,0.5333663675457
b,0.0712781954887218,Phantom,0.4650531130552231,B-uniform,0.5420954794661755,0.5333663675457
b,0.07360902255639099,Phantom,0.4626860916305389,B-uniform,0.5420954794661755,0.5333663675457
b,0.07593984962406015,Phantom,0.46032820361898386,B-uniform,0.5420954794661755,0.5333663675457
b,0.07827067669172932,Phantom,0.4579794048449718,B-uniform,0.5420954794661755,0.5333663675457
b,0.0806015037593985,Phantom,0.45563965146118407,B-uniform,0.5420954794661755,0.5333663675457
b,0.08293233082706768,Phantom,0.4533088999458603,B-uniform,0.5420954794661755,0.5333663675457
b,0.08526315789473685,Phantom,0.4509871071001188,B-uniform,0.5420954794661755,0.5333663675457
b,0.08759398496240602,Phantom,0.44867423004530627,B-uniform,0.5420954794661755,0.5333663675457
b,0.0899248120300752,Phantom,0.4463702262203759,B-uniform,0.5420954794661755,0.5333663675457
b,0.09225563909774437,Phantom,0.44407505337929454,B-uniform,0.5420954794661755,0.5333663675457
b,0.09458646616541354,Phantom,0.44178866958847696,B-uniform,0.5420954794661755,0.5333663675457
b,0.09691729323308271,Phantom,0.4395110332242488,B-uniform,0.5420954794661755,0.5333663675457
b,0.09924812030075188,Phantom,0.4372421029703365,B-uniform,0.5420954794661755,0.5333663675457
b,0.10157894736842106,Phantom,0.4349818378153845,B-uniform,0.5420954794661755,0.5333663675457
b,0.10390977443609023,Phantom,0.43273019705049914,B-uniform,0.5420954794661755,0.5333663675457
b,0.1062406015037594,Phantom,0.43048714026681945,B-uniform,0.5420954794661755,0.5333663675457
b,0.10857142857142858,Phantom,0.42825262735311315,B-uniform,0.5420954794661755,0.5333663675457
b,0.11090225563909775,Phantom,0.4260266184934002,B-uniform,0.5420954794661755,0.5333663675457
b,0.11323308270676692,Phantom,0.4238090741646001,B-uniform,0.5420954794661755,0.5333663675457
b,0.11556390977443609,Phantom,0.4215999551342061,B-uniform,0.5420954794661755,0.5333663675457
b,0.11789473684210526,Phantom,0.4193992224579833,B-uniform,0.5420954794661755,0.5333663675457
b,0.12022556390977444,Phantom,0.41720683747769216,B-uniform,0.5420954794661755,0.5333663675457
b,0.12255639097744361,Phantom,0.4150227618188364,B-uniform,0.5420954794661755,0.5333663675457
b,0.12488721804511278,Phantom,0.41284695738843485,B-uniform,0.5420954794661755,0.5333663675457
b,0.12721804511278195,Phantom,0.4106793863728173,B-uniform,0.5420954794661755,0.5333663675457
b,0.12954887218045114,Phantom,0.4085200112354441,B-uniform,0.5420954794661755,0.5333663675457
b,0.1318796992481203,Phantom,0.40636879471474935,B-uniform,0.5420954794661755,0.5333663675457
b,0.13421052631578947,Phantom,0.40422569982200673,B-uniform,0.5420954794661755,0.5333663675457
b,0.13654135338345863,Phantom,0.4020906898392185,B-uniform,0.5420954794661755,0.5333663675457
b,0.1388721804511278,Phantom,0.3999637283170274,B-uniform,0.5420954794661755,0.5333663675457
b,0.141203007518797,Phantom,0.3978447790726505,B-uniform,0.5420954794661755,0.5333663675457
b,0.14353383458646615,Phantom,0.39573380618783516,B-uniform,0.5420954794661755,0.5333663675457
b,0.14586466165413534,Phantom,0.3936307740068374,B-uniform,0.5420954794661755,0.5333663675457
b,0.1481954887218045,Phantom,0.3915356471344213,B-uniform,0.5420954794661755,0.5333663675457
b,0.15052631578947367,Phantom,0.3894483904338801,B-uniform,0.5420954794661755,0.5333663675457
b,0.15285714285714286,Phantom,0.3873689690250789,B-uniform,0.5420954794661755,0.5333663675457
b,0.155187969924812,Phantom,0.3852973482825175,B-uniform,0.5420954794661755,0.5333663675457
b,0.1575187969924812,Phantom,0.3832334938334145,B-uniform,0.5420954794661755,0.5333663675457
b,0.15984962406015038,Phantom,0.38117737155581205,B-uniform,0.5420954794661755,0.5333663675457
b,0.16218045112781954,Phantom,0.3791289475767002,B-uniform,0.5420954794661755,0.5333663675457
b,0.16451127819548872,Phantom,0.37708818827016233,B-uniform,0.5420954794661755,0.5333663675457
b,0.16684210526315787,Phantom,0.37505506025553936,B-uniform,0.5420954794661755,0.5333663675457
b,0.16917293233082706,Phantom,0.3730295303956145,B-uniform,0.5420954794661755,0.5333663675457
b,0.17150375939849624,Phantom,0.3710115657948171,B-uniform,0.5420954794661755,0.5333663675457
b,0.1738345864661654,Phantom,0.3690011337974457,B-uniform,0.5420954794661755,0.5333663675457
b,0.17616541353383458,Phantom,0.36699820198590993,B-uniform,0.5420954794661755,0.5333663675457
b,0.17849624060150374,Phantom,0.3650027381789919,B-uniform,0.5420954794661755,0.5333663675457
b,0.18082706766917292,Phantom,0.3630147104301256,B-uniform,0.5420954794661755,0.5333663675457
b,0.1831578947368421,Phantom,0.36103408702569495,B-uniform,0.5420954794661755,0.5333663675457
b,0.18548872180451126,Phantom,0.3590608364833504,B-uniform,0.5420954794661755,0.5333663675457
b,0.18781954887218044,Phantom,0.3570949275503431,B-uniform,0.5420954794661755,0.5333663675457
b,0.19015037593984963,Phantom,0.3551363292018774,B-uniform,0.5420954794661755,0.5333663675457
b,0.19248120300751878,Phantom,0.3531850106394809,B-uniform,0.5420954794661755,0.5333663675457
b,0.19481203007518796,Phantom,0.351240941289392,B-uniform,0.5420954794661755,0.5333663675457
b,0.19714285714285715,Phantom,0.3493040908009646,B-uniform,0.5420954794661755,0.5333663675457
b,0.1994736842105263,Phantom,0.3473744290450908,B-uniform,0.5420954794661755,0.5333663675457
b,0.2018045112781955,Phantom,0.34545192611263925,B-uniform,0.5420954794661755,0.5333663675457
b,0.20413533834586464,Phantom,0.34353655231291186,B-uniform,0.5420954794661755,0.5333663675457
b,0.20646616541353383,Phantom,0.34162827817211605,B-uniform,0.5420954794661755,0.5333663675457
b,0.208796992481203,Phantom,0.3397270744318536,B-uniform,0.5420954794661755,0.5333663675457
b,0.21112781954887216,Phantom,0.337832912047627,B-uniform,0.5420954794661755,0.5333663675457
b,0.21345864661654135,Phantom,0.3359457621873601,B-uniform,0.5420954794661755,0.5333663675457
b,0.2157894736842105,Phantom,0.3340655962299367,B-uniform,0.5420954794661755,0.5333663675457
b,0.2181203007518797,Phantom,0.33219238576375343,B-uniform,0.5420954794661755,0.5333663675457
b,0.22045112781954887,Phantom,0.33032610258528944,B-uniform,0.5420954794661755,0.5333663675457
b,0.22278195488721803,Phantom,0.3284667186976912,B-uniform,0.5420954794661755,0.5333663675457
b,0.2251127819548872,Phantom,0.32661420630937255,B-uniform,0.5420954794661755,0.5333663675457
b,0.2274436090225564,Phantom,0.32476853783263054,B-uniform,0.5420954794661755,0.5333663675457
b,0.22977443609022555,Phantom,0.32292968588227583,B-uniform,0.5420954794661755,0.5333663675457
b,0.23210526315789473,Phantom,0.3210976232742784,B-uniform,0.5420954794661755,0.5333663675457
b,0.23443609022556391,Phantom,0.31927232302442815,B-uniform,0.5420954794661755,0.5333663675457
b,0.23676691729323307,Phantom,0.31745375834701006,B-uniform,0.5420954794661755,0.5333663675457
b,0.23909774436090225,Phantom,0.31564190265349373,B-uniform,0.5420954794661755,0.5333663675457
b,0.2414285714285714,Phantom,0.3138367295512379,B-uniform,0.5420954794661755,0.5333663675457
b,0.2437593984962406,Phantom,0.31203821284220873,B-uniform,0.5420954794661755,0.5333663675457
b,0.24609022556390978,Phantom,0.31024632652171236,B-uniform,0.5420954794661755,0.5333663675457
b,0.24842105263157893,Phantom,0.3084610447771419,B-uniform,0.5420954794661755,0.5333663675457
b,0.2507518796992481,Phantom,0.3066823419867377,B-uniform,0.5420954794661755,0.5333663675457
b,0.2530827067669173,Phantom,0.304910192718362,B-uniform,0.5420954794661755,0.5333663675457
b,0.2554135338345865,Phantom,0.3031445717282869,B-uniform,0.5420954794661755,0.5333663675457
b,0.25774436090225566,Phantom,0.30138545395999594,B-uniform,0.5420954794661755,0.5333663675457
b,0.2600751879699248,Phantom,0.2996328145429991,B-uniform,0.5420954794661755,0.5333663675457
b,0.262406015037594,Phantom,0.2978866287916614,B-uniform,0.5420954794661755,0.5333663675457
b,0.26473684210526316,Phantom,0.29614687220404384,B-uniform,0.5420954794661755,0.5333663675457
b,0.26706766917293234,Phantom,0.2944135204607585,B-uniform,0.5420954794661755,0.5333663675457
b,0.2693984962406015,Phantom,0.29268654942383615,B-uniform,0.5420954794661755,0.5333663675457
b,0.2717293233082707,Phantom,0.29096593513560626,B-uniform,0.5420954794661755,0.5333663675457
b,0.2740601503759399,Phantom,0.28925165381759044,B-uniform,0.5420954794661755,0.5333663675457
b,0.276390977443609,Phantom,0.28754368186940815,B-uniform,0.5420954794661755,0.5333663675457
b,0.2787218045112782,Phantom,0.2858419958676952,B-uniform,0.5420954794661755,0.5333663675457
b,0.2810526315789474,Phantom,0.284146572565034,B-uniform,0.5420954794661755,0.5333663675457
b,0.28338345864661657,Phantom,0.2824573888888975,B-uniform,0.5420954794661755,0.5333663675457
b,0.28571428571428575,Phantom,0.2807744219406036,B-uniform,0.5420954794661755,0.5333663675457
b,0.2880451127819549,Phantom,0.2790976489942832,B-uniform,0.5420954794661755,0.5333663675457
b,0.29037593984962407,Phantom,0.2774270474958592,B-uniform,0.5420954794661755,0.5333663675457
b,0.29270676691729325,Phantom,0.27576259506203854,B-uniform,0.5420954794661755,0.5333663675457
b,0.29503759398496243,Phantom,0.2741042694793147,B-uniform,0.5420954794661755,0.5333663675457
b,0.2973684210526316,Phantom,0.272452048702983,B-uniform,0.5420954794661755,0.5333663675457
b,0.2996992481203008,Phantom,0.27080591085616745,B-uniform,0.5420954794661755,0.5333663675457
b,0.3020300751879699,Phantom,0.26916583422885854,B-uniform,0.5420954794661755,0.5333663675457
b,0.3043609022556391,Phantom,0.2675317972769629,B-uniform,0.5420954794661755,0.5333663675457
b,0.3066917293233083,Phantom,0.26590377862136505,B-uniform,0.5420954794661755,0.5333663675457
b,0.3090225563909775,Phantom,0.26428175704699874,B-uniform,0.5420954794661755,0.5333663675457
b,0.31135338345864666,Phantom,0.2626657115019313,B-uniform,0.5420954794661755,0.5333663675457
b,0.3136842105263158,Phantom,0.261055621096458,B-uniform,0.5420954794661755,0.5333663675457
b,0.31601503759398497,Phantom,0.25945146510220785,B-uniform,0.5420954794661755,0.5333663675457
b,0.31834586466165415,Phantom,0.2578532229512604,B-uniform,0.5420954794661755,0.5333663675457
b,0.32067669172932334,Phantom,0.25626087423527333,B-uniform,0.5420954794661755,0.5333663675457
b,0.3230075187969925,Phantom,0.25467439870462105,B-uniform,0.5420954794661755,0.5333663675457
b,0.32533834586466165,Phantom,0.2530937762675437,B-uniform,0.5420954794661755,0.5333663675457
b,0.32766917293233083,Phantom,0.2515189869893071,B-uniform,0.5420954794661755,0.5333663675457
b,0.33,Phantom,0.24995001109137327,B-uniform,0.5420954794661755,0.5333663675457
b,0.3323308270676692,Phantom,0.24838682895058128,B-uniform,0.5420954794661755,0.5333663675457
b,0.3346616541353384,Phantom,0.24682942109833894,B-uniform,0.5420954794661755,0.5333663675457
b,0.3369924812030075,Phantom,0.24527776821982464,B-uniform,0.5420954794661755,0.5333663675457
b,0.3393233082706767,Phantom,0.24373185115319887,B-uniform,0.5420954794661755,0.5333663675457
b,0.3416541353383459,Phantom,0.24219165088882766,B-uniform,0.5420954794661755,0.5333663675457
b,0.34398496240601506,Phantom,0.24065714856851436,B-uniform,0.5420954794661755,0.5333663675457
b,0.34631578947368424,Phantom,0.23912832548474292,B-uniform,0.5420954794661755,0.5333663675457
b,0.3486466165413534,Phantom,0.2376051630799301,B-uniform,0.5420954794661755,0.5333663675457
b,0.35097744360902255,Phantom,0.23608764294568885,B-uniform,0.5420954794661755,0.5333663675457
b,0.35330827067669174,Phantom,0.23457574682210056,B-uniform,0.5420954794661755,0.5333663675457
b,0.3556390977443609,Phantom,0.23306945659699807,B-uniform,0.5420954794661755,0.5333663675457
b,0.3579699248120301,Phantom,0.23156875430525775,B-uniform,0.5420954794661755,0.5333663675457
b,0.3603007518796993,Phantom,0.2300736221281021,B-uniform,0.5420954794661755,0.5333663675457
b,0.3626315789473684,Phantom,0.22858404239241129,B-uniform,0.5420954794661755,0.5333663675457
b,0.3649624060150376,Phantom,0.2270999975700449,B-uniform,0.5420954794661755,0.5333663675457
b,0.3672932330827068,Phantom,0.2256214702771733,B-uniform,0.5420954794661755,0.5333663675457
b,0.36962406015037597,Phantom,0.22414844327361802,B-uniform,0.5420954794661755,0.5333663675457
b,0.37195488721804515,Phantom,0.22268089946220235,B-uniform,0.5420954794661755,0.5333663675457
b,0.37428571428571433,Phantom,0.22121882188811096,B-uniform,0.5420954794661755,0.5333663675457
b,0.37661654135338346,Phantom,0.21976219373825898,B-uniform,0.5420954794661755,0.5333663675457
b,0.37894736842105264,Phantom,0.21831099834067041,B-uniform,0.5420954794661755,0.5333663675457
b,0.3812781954887218,Phantom,0.2168652191638662,B-uniform,0.5420954794661755,0.5333663675457
b,0.383609022556391,Phantom,0.21542483981626104,B-uniform,0.5420954794661755,0.5333663675457
b,0.3859398496240602,Phantom,0.21398984404556998,B-uniform,0.5420954794661755,0.5333663675457
b,0.3882706766917293,Phantom,0.21256021573822373,B-uniform,0.5420954794661755,0.5333663675457
b,0.3906015037593985,Phantom,0.21113593891879334,B-uniform,0.5420954794661755,0.5333663675457
b,0.3929323308270677,Phantom,0.2097169977494241,B-uniform,0.5420954794661755,0.5333663675457
b,0.39526315789473687,Phantom,0.20830337652927836,B-uniform,0.5420954794661755,0.5333663675457
b,0.39759398496240606,Phantom,0.20689505969398728,B-uniform,0.5420954794661755,0.5333663675457
b,0.3999248120300752,Phantom,0.2054920318151119,B-uniform,0.5420954794661755,0.5333663675457
b,0.40225563909774437,Phantom,0.2040942775996128,B-uniform,0.5420954794661755,0.5333663675457
b,0.40458646616541355,Phantom,0.2027017818893291,B-uniform,0.5420954794661755,0.5333663675457
b,0.40691729323308273,Phantom,0.2013145296604661,B-uniform,0.5420954794661755,0.5333663675457
b,0.4092481203007519,Phantom,0.19993250602309157,B-uniform,0.5420954794661755,0.5333663675457
b,0.41157894736842104,Phantom,0.1985556962206415,B-uniform,0.5420954794661755,0.5333663675457
b,0.4139097744360902,Phantom,0.1971840856294341,B-uniform,0.5420954794661755,0.5333663675457
b,0.4162406015037594,Phantom,0.1958176597581928,B-uniform,0.5420954794661755,0.5333663675457
b,0.4185714285714286,Phantom,0.194456404247578,B-uniform,0.5420954794661755,0.5333663675457
b,0.4209022556390978,Phantom,0.1931003048697276,B-uniform,0.5420954794661755,0.5333663675457
b,0.42323308270676696,Phantom,0.191749347527806,B-uniform,0.5420954794661755,0.5333663675457
b,0.4255639097744361,Phantom,0.19040351825556212,B-uniform,0.5420954794661755,0.5333663675457
b,0.42789473684210527,Phantom,0.1890628032168958,B-uniform,0.5420954794661755,0.5333663675457
b,0.43022556390977446,Phantom,0.18772718870543298,B-uniform,0.5420954794661755,0.5333663675457
b,0.43255639097744364,Phantom,0.18639666114410947,B-uniform,0.5420954794661755,0.5333663675457
b,0.4348872180451128,Phantom,0.1850712070847633,B-uniform,0.5420954794661755,0.5333663675457
b,0.43721804511278195,Phantom,0.18375081320773562,B-uniform,0.5420954794661755,0.5333663675457
b,0.43954887218045113,Phantom,0.18243546632148022,B-uniform,0.5420954794661755,0.5333663675457
b,0.4418796992481203,Phantom,0.18112515336218157,B-uniform,0.5420954794661755,0.5333663675457
b,0.4442105263157895,Phantom,0.17981986139338163,B-uniform,0.5420954794661755,0.5333663675457
b,0.4465413533834587,Phantom,0.1785195776056144,B-uniform,0.5420954794661755,0.5333663675457
b,0.44887218045112787,Phantom,0.17722428931605014,B-uniform,0.5420954794661755,0.5333663675457
b,0.451203007518797,Phantom,0.17593398396814722,B-uniform,0.5420954794661755,0.5333663675457
b,0.4535338345864662,Phantom,0.17464864913131256,B-uniform,0.5420954794661755,0.5333663675457
b,0.45586466165413536,Phantom,0.17336827250057105,B-uniform,0.5420954794661755,0.5333663675457
b,0.45819548872180454,Phantom,0.17209284189624285,B-uniform,0.5420954794661755,0.5333663675457
b,0.46052631578947373,Phantom,0.1708223452636296,B-uniform,0.5420954794661755,0.5333663675457
b,0.46285714285714286,Phantom,0.16955677067270858,B-uniform,0.5420954794661755,0.5333663675457
b,0.46518796992481204,Phantom,0.168296106317836,B-uniform,0.5420954794661755,0.5333663675457
b,0.4675187969924812,Phantom,0.16704034051745825,B-uniform,0.5420954794661755,0.5333663675457
b,0.4698496240601504,Phantom,0.16578946171383166,B-uniform,0.5420954794661755,0.5333663675457
b,0.4721804511278196,Phantom,0.164543458472751,B-uniform,0.5420954794661755,0.5333663675457
b,0.4745112781954887,Phantom,0.16330231948328597,B-uniform,0.5420954794661755,0.5333663675457
b,0.4768421052631579,Phantom,0.16206603355752658,B-uniform,0.5420954794661755,0.5333663675457
b,0.4791729323308271,Phantom,0.16083458963033678,B-uniform,0.5420954794661755,0.5333663675457
b,0.48150375939849627,Phantom,0.1596079767591164,B-uniform,0.5420954794661755,0.5333663675457
b,0.48383458646616545,Phantom,0.1583861841235722,B-uniform,0.5420954794661755,0.5333663675457
b,0.4861654135338346,Phantom,0.15716920102549636,B-uniform,0.5420954794661755,0.5333663675457
b,0.48849624060150376,Phantom,0.15595701688855432,B-uniform,0.5420954794661755,0.5333663675457
b,0.49082706766917295,Phantom,0.15474962125808098,B-uniform,0.5420954794661755,0.5333663675457
b,0.49315789473684213,Phantom,0.15354700380088476,B-uniform,0.5420954794661755,0.5333663675457
b,0.4954887218045113,Phantom,0.15234915430506127,B-uniform,0.5420954794661755,0.5333663675457
b,0.4978195488721805,Phantom,0.1511560626798141,B-uniform,0.5420954794661755,0.5333663675457
b,0.5001503759398496,Phantom,0.14996771895528588,B-uniform,0.5420954794661755,0.5333663675457
b,0.5024812030075188,Phantom,0.14878411328239602,B-uniform,0.5420954794661755,0.5333663675457
b,0.5048120300751879,Phantom,0.14760523593268857,B-uniform,0.5420954794661755,0.5333663675457
b,0.5071428571428571,Phantom,0.14643107729818788,B-uniform,0.5420954794661755,0.5333663675457
b,0.5094736842105263,Phantom,0.145261627891263,B-uniform,0.5420954794661755,0.5333663675457
b,0.5118045112781955,Phantom,0.1440968783445008,B-uniform,0.5420954794661755,0.5333663675457
b,0.5141353383458647,Phantom,0.14293681941058758,B-uniform,0.5420954794661755,0.5333663675457
b,0.5164661654135339,Phantom,0.14178144196219966,B-uniform,0.5420954794661755,0.5333663675457
b,0.518796992481203,Phantom,0.14063073699190234,B-uniform,0.5420954794661755,0.5333663675457
b,0.5211278195488722,Phantom,0.13948469561205776,B-uniform,0.5420954794661755,0.5333663675457
b,0.5234586466165414,Phantom,0.13834330905474143,B-uniform,0.5420954794661755,0.5333663675457
b,0.5257894736842106,Phantom,0.13720656867166775,B-uniform,0.5420954794661755,0.5333663675457
b,0.5281203007518798,Phantom,0.13607446593412387,B-uniform,0.5420954794661755,0.5333663675457
b,0.5304511278195488,Phantom,0.1349469924329131,B-uniform,0.5420954794661755,0.5333663675457
b,0.532781954887218,Phantom,0.13382413987830638,B-uniform,0.5420954794661755,0.5333663675457
b,0.5351127819548872,Phantom,0.13270590010000344,B-uniform,0.5420954794661755,0.5333663675457
b,0.5374436090225564,Phantom,0.13159226504710222,B-uniform,0.5420954794661755,0.5333663675457
b,0.5397744360902256,Phantom,0.1304832267880779,B-uniform,0.5420954794661755,0.5333663675457
b,0.5421052631578948,Phantom,0.12937877751077043,B-uniform,0.5420954794661755,0.5333663675457
b,0.5444360902255639,Phantom,0.12827890952238138,B-uniform,0.5420954794661755,0.5333663675457
b,0.5467669172932331,Phantom,0.12718361524947985,B-uniform,0.5420954794661755,0.5333663675457
b,0.5490977443609023,Phantom,0.1260928872380176,B-uniform,0.5420954794661755,0.5333663675457
b,0.5514285714285715,Phantom,0.12500671815335312,B-uniform,0.5420954794661755,0.5333663675457
b,0.5537593984962407,Phantom,0.12392510078028535,B-uniform,0.5420954794661755,0.5333663675457
b,0.5560902255639097,Phantom,0.12284802802309623,B-uniform,0.5420954794661755,0.5333663675457
b,0.5584210526315789,Phantom,0.12177549290560286,B-uniform,0.5420954794661755,0.5333663675457
b,0.5607518796992481,Phantom,0.12070748857121896,B-uniform,0.5420954794661755,0.5333663675457
b,0.5630827067669173,Phantom,0.11964400828302595,B-uniform,0.5420954794661755,0.5333663675457
b,0.5654135338345865,Phantom,0.11858504542385315,B-uniform,0.5420954794661755,0.5333663675457
b,0.5677443609022557,Phantom,0.11753059349636787,B-uniform,0.5420954794661755,0.5333663675457
b,0.5700751879699248,Phantom,0.11648064612317487,B-uniform,0.5420954794661755,0.5333663675457
b,0.572406015037594,Phantom,0.1154351970469257,B-uniform,0.5420954794661755,0.5333663675457
b,0.5747368421052632,Phantom,0.11439424013043754,B-uniform,0.5420954794661755,0.5333663675457
b,0.5770676691729324,Phantom,0.11335776935682207,B-uniform,0.5420954794661755,0.5333663675457
b,0.5793984962406016,Phantom,0.1123257788296239,B-uniform,0.5420954794661755,0.5333663675457
b,0.5817293233082707,Phantom,0.11129826277296924,B-uniform,0.5420954794661755,0.5333663675457
b,0.5840601503759398,Phantom,0.11027521553172427,B-uniform,0.5420954794661755,0.5333663675457
b,0.586390977443609,Phantom,0.10925663157166376,B-uniform,0.5420954794661755,0.5333663675457
b,0.5887218045112782,Phantom,0.10824250547964982,B-uniform,0.5420954794661755,0.5333663675457
b,0.5910526315789474,Phantom,0.1072328319638207,B-uniform,0.5420954794661755,0.5333663675457
b,0.5933834586466166,Phantom,0.10622760585378996,B-uniform,0.5420954794661755,0.5333663675457
b,0.5957142857142858,Phantom,0.10522682210085597,B-uniform,0.5420954794661755,0.5333663675457
b,0.5980451127819549,Phantom,0.104230475778222,B-uniform,0.5420954794661755,0.5333663675457
b,0.6003759398496241,Phantom,0.10323856208122657,B-uniform,0.5420954794661755,0.5333663675457
b,0.6027067669172933,Phantom,0.10225107632758464,B-uniform,0.5420954794661755,0.5333663675457
b,0.6050375939849624,Phantom,0.10126801395763928,B-uniform,0.5420954794661755,0.5333663675457
b,0.6073684210526316,Phantom,0.10028937053462413,B-uniform,0.5420954794661755,0.5333663675457
b,0.6096992481203007,Phantom,0.09931514174493716,B-uniform,0.5420954794661755,0.5333663675457
b,0.6120300751879699,Phantom,0.09834532339842467,B-uniform,0.5420954794661755,0.5333663675457
b,0.6143609022556391,Phantom,0.09737991142867693,B-uniform,0.5420954794661755,0.5333663675457
b,0.6166917293233083,Phantom,0.09641890189333462,B-uniform,0.5420954794661755,0.5333663675457
b,0.6190225563909775,Phantom,0.09546229097440675,B-uniform,0.5420954794661755,0.5333663675457
b,0.6213533834586467,Phantom,0.09451007497859981,B-uniform,0.5420954794661755,0.5333663675457
b,0.6236842105263158,Phantom,0.09356225033765836,B-uniform,0.5420954794661755,0.5333663675457
b,0.626015037593985,Phantom,0.09261881360871722,B-uniform,0.5420954794661755,0.5333663675457
b,0.6283458646616542,Phantom,0.09167976147466533,B-uniform,0.5420954794661755,0.5333663675457
b,0.6306766917293233,Phantom,0.09074509074452147,B-uniform,0.5420954794661755,0.5333663675457
b,0.6330075187969925,Phantom,0.089814798353821515,B-uniform,0.5420954794661755,0.5333663675457
b,0.6353383458646616,Phantom,0.0888888813650183,B-uniform,0.5420954794661755,0.5333663675457
b,0.6376691729323308,Phantom,0.08796733696789312,B-uniform,0.5420954794661755,0.5333663675457
b,0.64,Phantom,0.08705016247997961,B-uniform,0.5420954794661755,0.5333663675457
b,0.6423308270676692,Phantom,0.08613735534700007,B-uniform,0.5420954794661755,0.5333663675457
b,0.6446616541353384,Phantom,0.08522891314331422,B-uniform,0.5420954794661755,0.5333663675457
b,0.6469924812030076,Phantom,0.0843248335723807,B-uniform,0.5420954794661755,0.5333663675457
b,0.6493233082706767,Phantom,0.083425114467231,B-uniform,0.5420954794661755,0.5333663675457
b,0.6516541353383459,Phantom,0.08252975379095684,B-uniform,0.5420954794661755,0.5333663675457
b,0.653984962406015,Phantom,0.08163874963721006,B-uniform,0.5420954794661755,0.5333663675457
b,0.6563157894736842,Phantom,0.08075210023071577,B-uniform,0.5420954794661755,0.5333663675457
b,0.6586466165413534,Phantom,0.07986980392779935,B-uniform,0.5420954794661755,0.5333663675457
b,0.6609774436090226,Phantom,0.07899185921692609,B-uniform,0.5420954794661755,0.5333663675457
b,0.6633082706766917,Phantom,0.07811826471925506,B-uniform,0.5420954794661755,0.5333663675457
b,0.6656390977443609,Phantom,0.07724901918920651,B-uniform,0.5420954794661755,0.5333663675457
b,0.6679699248120301,Phantom,0.07638412151504319,B-uniform,0.5420954794661755,0.5333663675457
b,0.6703007518796993,Phantom,0.07552357071946585,B-uniform,0.5420954794661755,0.5333663675457
b,0.6726315789473685,Phantom,0.07466736596022291,B-uniform,0.5420954794661755,0.5333663675457
b,0.6749624060150377,Phantom,0.07381550653073457,B-uniform,0.5420954794661755,0.5333663675457
b,0.6772932330827068,Phantom,0.07296799186073144,B-uniform,0.5420954794661755,0.5333663675457
b,0.6796240601503759,Phantom,0.07212482151690815,B-uniform,0.5420954794661755,0.5333663675457
b,0.6819548872180451,Phantom,0.07128599520359143,B-uniform,0.5420954794661755,0.5333663675457
b,0.6842857142857143,Phantom,0.070451512763424,B-uniform,0.5420954794661755,0.5333663675457
b,0.6866165413533835,Phantom,0.0696213741780631,B-uniform,0.5420954794661755,0.5333663675457
b,0.6889473684210526,Phantom,0.06879557956889483,B-uniform,0.5420954794661755,0.5333663675457
b,0.6912781954887218,Phantom,0.06797412919776417,B-uniform,0.5420954794661755,0.5333663675457
b,0.693609022556391,Phantom,0.06715702346772078,B-uniform,0.5420954794661755,0.5333663675457
b,0.6959398496240602,Phantom,0.06634426292378093,B-uniform,0.5420954794661755,0.5333663675457
b,0.6982706766917294,Phantom,0.06553584825370574,B-uniform,0.5420954794661755,0.5333663675457
b,0.7006015037593986,Phantom,0.0647317802887958,B-uniform,0.5420954794661755,0.5333663675457
b,0.7029323308270677,Phantom,0.06393206000470268,B-uniform,0.5420954794661755,0.5333663675457
b,0.7052631578947368,Phantom,0.06313668852225718,B-uniform,0.5420954794661755,0.5333663675457
b,0.707593984962406,Phantom,0.062345667108314656,B-uniform,0.5420954794661755,0.5333663675457
b,0.7099248120300752,Phantom,0.06155899717661815,B-uniform,0.5420954794661755,0.5333663675457
b,0.7122556390977444,Phantom,0.06077668028867857,B-uniform,0.5420954794661755,0.5333663675457
b,0.7145864661654135,Phantom,0.05999871815467303,B-uniform,0.5420954794661755,0.5333663675457
b,0.7169172932330827,Phantom,0.0592251126343612,B-uniform,0.5420954794661755,0.5333663675457
b,0.7192481203007519,Phantom,0.058455865738019905,B-uniform,0.5420954794661755,0.5333663675457
b,0.7215789473684211,Phantom,0.05769097962739638,B-uniform,0.5420954794661755,0.5333663675457
b,0.7239097744360903,Phantom,0.05693045661668031,B-uniform,0.5420954794661755,0.5333663675457
b,0.7262406015037595,Phantom,0.056174299173494945,B-uniform,0.5420954794661755,0.5333663675457
b,0.7285714285714286,Phantom,0.05542250991990758,B-uniform,0.5420954794661755,0.5333663675457
b,0.7309022556390977,Phantom,0.05467509163345967,B-uniform,0.5420954794661755,0.5333663675457
b,0.7332330827067669,Phantom,0.053932047248216736,B-uniform,0.5420954794661755,0.5333663675457
b,0.7355639097744361,Phantom,0.05319337985583864,B-uniform,0.5420954794661755,0.5333663675457
b,0.7378947368421053,Phantom,0.052459092706670235,B-uniform,0.5420954794661755,0.5333663675457
b,0.7402255639097745,Phantom,0.05172918921085262,B-uniform,0.5420954794661755,0.5333663675457
b,0.7425563909774436,Phantom,0.051003672939455756,B-uniform,0.5420954794661755,0.5333663675457
b,0.7448872180451128,Phantom,0.05028254762563218,B-uniform,0.5420954794661755,0.5333663675457
b,0.747218045112782,Phantom,0.04956581716579252,B-uniform,0.5420954794661755,0.5333663675457
b,0.7495488721804512,Phantom,0.048853485620803036,B-uniform,0.5420954794661755,0.5333663675457
b,0.7518796992481204,Phantom,0.04814555721720536,B-uniform,0.5420954794661755,0.5333663675457
b,0.7542105263157894,Phantom,0.047442036348459095,B-uniform,0.5420954794661755,0.5333663675457
b,0.7565413533834586,Phantom,0.04674292757620696,B-uniform,0.5420954794661755,0.5333663675457
b,0.7588721804511278,Phantom,0.046048235631563954,B-uniform,0.5420954794661755,0.5333663675457
b,0.761203007518797,Phantom,0.045357965416429585,B-uniform,0.5420954794661755,0.5333663675457
b,0.7635338345864662,Phantom,0.04467212200482444,B-uniform,0.5420954794661755,0.5333663675457
b,0.7658646616541354,Phantom,0.04399071064425109,B-uniform,0.5420954794661755,0.5333663675457
b,0.7681954887218045,Phantom,0.04331373675707982,B-uniform,0.5420954794661755,0.5333663675457
b,0.7705263157894737,Phantom,0.042641205941959526,B-uniform,0.5420954794661755,0.5333663675457
b,0.7728571428571429,Phantom,0.041973123975254024,B-uniform,0.5420954794661755,0.5333663675457
b,0.7751879699248121,Phantom,0.041309496812504586,B-uniform,0.5420954794661755,0.5333663675457
b,0.7775187969924813,Phantom,0.04065033058991856,B-uniform,0.5420954794661755,0.5333663675457
b,0.7798496240601503,Phantom,0.03999563162588492,B-uniform,0.5420954794661755,0.5333663675457
b,0.7821804511278195,Phantom,0.039345406422516896,B-uniform,0.5420954794661755,0.5333663675457
b,0.7845112781954887,Phantom,0.03869966166722245,B-uniform,0.5420954794661755,0.5333663675457
b,0.7868421052631579,Phantom,0.0380584042343025,B-uniform,0.5420954794661755,0.5333663675457
b,0.7891729323308271,Phantom,0.0374216411865779,B-uniform,0.5420954794661755,0.5333663675457
b,0.7915037593984963,Phantom,0.0367893797770453,B-uniform,0.5420954794661755,0.5333663675457
b,0.7938345864661654,Phantom,0.03616162745056246,B-uniform,0.5420954794661755,0.5333663675457
b,0.7961654135338346,Phantom,0.035538391845563407,B-uniform,0.5420954794661755,0.5333663675457
b,0.7984962406015038,Phantom,0.03491968079580416,B-uniform,0.5420954794661755,0.5333663675457
b,0.800827067669173,Phantom,0.034305502332139186,B-uniform,0.5420954794661755,0.5333663675457
b,0.8031578947368421,Phantom,0.03369586468432937,B-uniform,0.5420954794661755,0.5333663675457
b,0.8054887218045113,Phantom,0.033090776282881755,B-uniform,0.5420954794661755,0.5333663675457
b,0.8078195488721804,Phantom,0.0324902457609221,B-uniform,0.5420954794661755,0.5333663675457
b,0.8101503759398496,Phantom,0.031894281956099925,B-uniform,0.5420954794661755,0.5333663675457
b,0.8124812030075188,Phantom,0.03130289391252753,B-uniform,0.5420954794661755,0.5333663675457
b,0.814812030075188,Phantom,0.030716090882752862,B-uniform,0.5420954794661755,0.5333663675457
b,0.8171428571428572,Phantom,0.030133882329767235,B-uniform,0.5420954794661755,0.5333663675457
b,0.8194736842105264,Phantom,0.02955627792904818,B-uniform,0.5420954794661755,0.5333663675457
b,0.8218045112781955,Phantom,0.028983287570638238,B-uniform,0.5420954794661755,0.5333663675457
b,0.8241353383458647,Phantom,0.028414921361260285,B-uniform,0.5420954794661755,0.5333663675457
b,0.8264661654135339,Phantom,0.027851189626469815,B-uniform,0.5420954794661755,0.5333663675457
b,0.828796992481203,Phantom,0.027292102912845152,B-uniform,0.5420954794661755,0.5333663675457
b,0.8311278195488722,Phantom,0.02673767199021581,B-uniform,0.5420954794661755,0.5333663675457
b,0.8334586466165413,Phantom,0.026187907853930246,B-uniform,0.5420954794661755,0.5333663675457
b,0.8357894736842105,Phantom,0.02564282172716306,B-uniform,0.5420954794661755,0.5333663675457
b,0.8381203007518797,Phantom,0.025102425063262768,B-uniform,0.5420954794661755,0.5333663675457
b,0.8404511278195489,Phantom,0.02456672954814068,B-uniform,0.5420954794661755,0.5333663675457
b,0.8427819548872181,Phantom,0.02403574710270169,B-uniform,0.5420954794661755,0.5333663675457
b,0.8451127819548873,Phantom,0.023509489885317602,B-uniform,0.5420954794661755,0.5333663675457
b,0.8474436090225564,Phantom,0.022987970294343896,B-uniform,0.5420954794661755,0.5333663675457
b,0.8497744360902256,Phantom,0.02247120097068056,B-uniform,0.5420954794661755,0.5333663675457
b,0.8521052631578948,Phantom,0.021959194800377904,B-uniform,0.5420954794661755,0.5333663675457
b,0.8544360902255639,Phantom,0.021451964917288076,B-uniform,0.5420954794661755,0.5333663675457
b,0.8567669172932331,Phantom,0.02094952470576309,B-uniform,0.5420954794661755,0.5333663675457
b,0.8590977443609022,Phantom,0.02045188780340035,B-uniform,0.5420954794661755,0.5333663675457
b,0.8614285714285714,Phantom,0.019959068103836353,B-uniform,0.5420954794661755,0.5333663675457
b,0.8637593984962406,Phantom,0.019471079759589508,B-uniform,0.5420954794661755,0.5333663675457
b,0.8660902255639098,Phantom,0.01898793718495305,B-uniform,0.5420954794661755,0.5333663675457
b,0.868421052631579,Phantom,0.018509655058938847,B-uniform,0.5420954794661755,0.5333663675457
b,0.8707518796992482,Phantom,0.018036248328273132,B-uniform,0.5420954794661755,0.5333663675457
b,0.8730827067669173,Phantom,0.017567732210445025,B-uniform,0.5420954794661755,0.5333663675457
b,0.8754135338345865,Phantom,0.01710412219680892,B-uniform,0.5420954794661755,0.5333663675457
b,0.8777443609022557,Phantom,0.016645434055741697,B-uniform,0.5420954794661755,0.5333663675457
b,0.8800751879699248,Phantom,0.016191683835855758,B-uniform,0.5420954794661755,0.5333663675457
b,0.882406015037594,Phantom,0.015742887869268904,B-uniform,0.5420954794661755,0.5333663675457
b,0.8847368421052632,Phantom,0.01529906277493232,B-uniform,0.5420954794661755,0.5333663675457
b,0.8870676691729323,Phantom,0.014860225462017485,B-uniform,0.5420954794661755,0.5333663675457
b,0.8893984962406015,Phantom,0.014426393133363262,B-uniform,0.5420954794661755,0.5333663675457
b,0.8917293233082707,Phantom,0.013997583288984384,B-uniform,0.5420954794661755,0.5333663675457
b,0.8940601503759399,Phantom,0.01357381372964233,B-uniform,0.5420954794661755,0.5333663675457
b,0.8963909774436091,Phantom,0.013155102560479949,B-uniform,0.5420954794661755,0.5333663675457
b,0.8987218045112783,Phantom,0.012741468194720948,B-uniform,0.5420954794661755,0.5333663675457
b,0.9010526315789474,Phantom,0.012332929357435542,B-uniform,0.5420954794661755,0.5333663675457
b,0.9033834586466165,Phantom,0.011929505089373545,B-uniform,0.5420954794661755,0.5333663675457
b,0.9057142857142857,Phantom,0.01153121475086612,B-uniform,0.5420954794661755,0.5333663675457
b,0.9080451127819549,Phantom,0.011138078025797783,B-uniform,0.5420954794661755,0.5333663675457
b,0.9103759398496241,Phantom,0.010750114925649626,B-uniform,0.5420954794661755,0.5333663675457
b,0.9127067669172932,Phantom,0.010367345793615559,B-uniform,0.5420954794661755,0.5333663675457
b,0.9150375939849624,Phantom,0.0099897913087927,B-uniform,0.5420954794661755,0.5333663675457
b,0.9173684210526316,Phantom,0.009617472490447608,B-uniform,0.5420954794661755,0.5333663675457
b,0.9196992481203008,Phantom,0.00925041070235967,B-uniform,0.5420954794661755,0.5333663675457
b,0.92203007518797,Phantom,0.008888627657243311,B-uniform,0.5420954794661755,0.5333663675457
b,0.9243609022556392,Phantom,0.008532145421250524,B-uniform,0.5420954794661755,0.5333663675457
b,0.9266917293233083,Phantom,0.008180986418555343,B-uniform,0.5420954794661755,0.5333663675457
b,0.9290225563909774,Phantom,0.007835173436021942,B-uniform,0.5420954794661755,0.5333663675457
b,0.9313533834586466,Phantom,0.0074947296279579065,B-uniform,0.5420954794661755,0.5333663675457
b,0.9336842105263158,Phantom,0.007159678520954671,B-uniform,0.5420954794661755,0.5333663675457
b,0.936015037593985,Phantom,0.006830044018816565,B-uniform,0.5420954794661755,0.5333663675457
b,0.9383458646616541,Phantom,0.0065058504075804656,B-uniform,0.5420954794661755,0.5333663675457
b,0.9406766917293233,Phantom,0.006187122360627896,B-uniform,0.5420954794661755,0.5333663675457
b,0.9430075187969925,Phantom,0.005873884943891376,B-uniform,0.5420954794661755,0.5333663675457
b,0.9453383458646617,Phantom,0.005566163621157053,B-uniform,0.5420954794661755,0.5333663675457
b,0.9476691729323309,Phantom,0.005263984259465517,B-uniform,0.5420954794661755,0.5333663675457
b,0.95,Phantom,0.004967373134612917,B-uniform,0.5420954794661755,0.5333663675457
b,0.02,Recurrent,1.247510282111609e-4,B-uniform,0.5420954794661755,0.5333663675457
b,0.022330827067669173,Recurrent,1.5545142270324242e-4,B-uniform,0.5420954794661755,0.5333663675457
b,0.024661654135338346,Recurrent,1.89510239948839e-4,B-uniform,0.5420954794661755,0.5333663675457
b,0.02699248120300752,Recurrent,2.2692342484325755e-4,B-uniform,0.5420954794661755,0.5333663675457
b,0.029323308270676692,Recurrent,2.6768702952534106e-4,B-uniform,0.5420954794661755,0.5333663675457
b,0.031654135338345865,Recurrent,3.1179721294155685e-4,B-uniform,0.5420954794661755,0.5333663675457
b,0.033984962406015035,Recurrent,3.592502404191963e-4,B-uniform,0.5420954794661755,0.5333663675457
b,0.03631578947368421,Recurrent,4.100424832486145e-4,B-uniform,0.5420954794661755,0.5333663675457
b,0.03864661654135339,Recurrent,4.6417041827443817e-4,B-uniform,0.5420954794661755,0.5333663675457
b,0.04097744360902256,Recurrent,5.216306274956716e-4,B-uniform,0.5420954794661755,0.5333663675457
b,0.043308270676691726,Recurrent,5.824197976746351e-4,B-uniform,0.5420954794661755,0.5333663675457
b,0.0456390977443609,Recurrent,6.465347199546658e-4,B-uniform,0.5420954794661755,0.5333663675457
b,0.04796992481203008,Recurrent,7.139722894865162e-4,B-uniform,0.5420954794661755,0.5333663675457
b,0.05030075187969925,Recurrent,7.847295050633894e-4,B-uniform,0.5420954794661755,0.5333663675457
b,0.05263157894736842,Recurrent,8.588034687645462e-4,B-uniform,0.5420954794661755,0.5333663675457
b,0.0549624060150376,Recurrent,9.361913856074217e-4,B-uniform,0.5420954794661755,0.5333663675457
b,0.05729323308270677,Recurrent,0.0010168905632081944,B-uniform,0.5420954794661755,0.5333663675457
b,0.05962406015037594,Recurrent,0.0011008984114507497,B-uniform,0.5420954794661755,0.5333663675457
b,0.06195488721804511,Recurrent,0.0011882124421639787,B-uniform,0.5420954794661755,0.5333663675457
b,0.0642857142857143,Recurrent,0.0012788302688073563,B-uniform,0.5420954794661755,0.5333663675457
b,0.06661654135338346,Recurrent,0.001372749606164743,B-uniform,0.5420954794661755,0.5333663675457
b,0.06894736842105263,Recurrent,0.0014699682700463697,B-uniform,0.5420954794661755,0.5333663675457
b,0.0712781954887218,Recurrent,0.0015704841769989327,B-uniform,0.5420954794661755,0.5333663675457
b,0.07360902255639099,Recurrent,0.001674295344023764,B-uniform,0.5420954794661755,0.5333663675457
b,0.07593984962406015,Recurrent,0.0017813998883030235,B-uniform,0.5420954794661755,0.5333663675457
b,0.07827067669172932,Recurrent,0.0018917960269338651,B-uniform,0.5420954794661755,0.5333663675457
b,0.0806015037593985,Recurrent,0.002005482076670526,B-uniform,0.5420954794661755,0.5333663675457
b,0.08293233082706768,Recurrent,0.0021224564536743043,B-uniform,0.5420954794661755,0.5333663675457
b,0.08526315789473685,Recurrent,0.0022427176732713614,B-uniform,0.5420954794661755,0.5333663675457
b,0.08759398496240602,Recurrent,0.002366264349718333,B-uniform,0.5420954794661755,0.5333663675457
b,0.0899248120300752,Recurrent,0.002493095195975683,B-uniform,0.5420954794661755,0.5333663675457
b,0.09225563909774437,Recurrent,0.0026232090234887652,B-uniform,0.5420954794661755,0.5333663675457
b,0.09458646616541354,Recurrent,0.002756604741976564,B-uniform,0.5420954794661755,0.5333663675457
b,0.09691729323308271,Recurrent,0.002893281359228069,B-uniform,0.5420954794661755,0.5333663675457
b,0.09924812030075188,Recurrent,0.003033237980906232,B-uniform,0.5420954794661755,0.5333663675457
b,0.10157894736842106,Recurrent,0.003176473810359503,B-uniform,0.5420954794661755,0.5333663675457
b,0.10390977443609023,Recurrent,0.0033229881484408696,B-uniform,0.5420954794661755,0.5333663675457
b,0.1062406015037594,Recurrent,0.003472780393334407,B-uniform,0.5420954794661755,0.5333663675457
b,0.10857142857142858,Recurrent,0.0036258500403892695,B-uniform,0.5420954794661755,0.5333663675457
b,0.11090225563909775,Recurrent,0.0037821966819611133,B-uniform,0.5420954794661755,0.5333663675457
b,0.11323308270676692,Recurrent,0.003941820007260922,B-uniform,0.5420954794661755,0.5333663675457
b,0.11556390977443609,Recurrent,0.004104719802211186,B-uniform,0.5420954794661755,0.5333663675457
b,0.11789473684210526,Recurrent,0.004270895949309426,B-uniform,0.5420954794661755,0.5333663675457
b,0.12022556390977444,Recurrent,0.004440348427499021,B-uniform,0.5420954794661755,0.5333663675457
b,0.12255639097744361,Recurrent,0.004613077312047326,B-uniform,0.5420954794661755,0.5333663675457
b,0.12488721804511278,Recurrent,0.0047890827744310445,B-uniform,0.5420954794661755,0.5333663675457
b,0.12721804511278195,Recurrent,0.004968365082228836,B-uniform,0.5420954794661755,0.5333663675457
b,0.12954887218045114,Recurrent,0.0051509245990211325,B-uniform,0.5420954794661755,0.5333663675457
b,0.1318796992481203,Recurrent,0.005336761784297136,B-uniform,0.5420954794661755,0.5333663675457
b,0.13421052631578947,Recurrent,0.005525877193369009,B-uniform,0.5420954794661755,0.5333663675457
b,0.13654135338345863,Recurrent,0.005718271477293175,B-uniform,0.5420954794661755,0.5333663675457
b,0.1388721804511278,Recurrent,0.0059139453827987765,B-uniform,0.5420954794661755,0.5333663675457
b,0.141203007518797,Recurrent,0.00611289975222323,B-uniform,0.5420954794661755,0.5333663675457
b,0.14353383458646615,Recurrent,0.006315135523454874,B-uniform,0.5420954794661755,0.5333663675457
b,0.14586466165413534,Recurrent,0.0065206537298827015,B-uniform,0.5420954794661755,0.5333663675457
b,0.1481954887218045,Recurrent,0.006729455500353143,B-uniform,0.5420954794661755,0.5333663675457
b,0.15052631578947367,Recurrent,0.006941542059133899,B-uniform,0.5420954794661755,0.5333663675457
b,0.15285714285714286,Recurrent,0.007156914725884818,B-uniform,0.5420954794661755,0.5333663675457
b,0.155187969924812,Recurrent,0.007375574915635774,B-uniform,0.5420954794661755,0.5333663675457
b,0.1575187969924812,Recurrent,0.007597524138771588,B-uniform,0.5420954794661755,0.5333663675457
b,0.15984962406015038,Recurrent,0.007822764001023911,B-uniform,0.5420954794661755,0.5333663675457
b,0.16218045112781954,Recurrent,0.00805129620347013,B-uniform,0.5420954794661755,0.5333663675457
b,0.16451127819548872,Recurrent,0.00828312254253925,B-uniform,0.5420954794661755,0.5333663675457
b,0.16684210526315787,Recurrent,0.008518244910024718,B-uniform,0.5420954794661755,0.5333663675457
b,0.16917293233082706,Recurrent,0.008756665293104291,B-uniform,0.5420954794661755,0.5333663675457
b,0.17150375939849624,Recurrent,0.008998385774366782,B-uniform,0.5420954794661755,0.5333663675457
b,0.1738345864661654,Recurrent,0.00924340853184582,B-uniform,0.5420954794661755,0.5333663675457
b,0.17616541353383458,Recurrent,0.009491735839060563,B-uniform,0.5420954794661755,0.5333663675457
b,0.17849624060150374,Recurrent,0.009743370065063327,B-uniform,0.5420954794661755,0.5333663675457
b,0.18082706766917292,Recurrent,0.009998313674494233,B-uniform,0.5420954794661755,0.5333663675457
b,0.1831578947368421,Recurrent,0.010256569227642722,B-uniform,0.5420954794661755,0.5333663675457
b,0.18548872180451126,Recurrent,0.010518139380516094,B-uniform,0.5420954794661755,0.5333663675457
b,0.18781954887218044,Recurrent,0.010783026884914965,B-uniform,0.5420954794661755,0.5333663675457
b,0.19015037593984963,Recurrent,0.011051234588515684,B-uniform,0.5420954794661755,0.5333663675457
b,0.19248120300751878,Recurrent,0.011322765434959707,B-uniform,0.5420954794661755,0.5333663675457
b,0.19481203007518796,Recurrent,0.011597622463949953,B-uniform,0.5420954794661755,0.5333663675457
b,0.19714285714285715,Recurrent,0.011875808811354093,B-uniform,0.5420954794661755,0.5333663675457
b,0.1994736842105263,Recurrent,0.012157327709314825,B-uniform,0.5420954794661755,0.5333663675457
b,0.2018045112781955,Recurrent,0.01244218248636718,B-uniform,0.5420954794661755,0.5333663675457
b,0.20413533834586464,Recurrent,0.012730376567562712,B-uniform,0.5420954794661755,0.5333663675457
b,0.20646616541353383,Recurrent,0.013021913474600794,B-uniform,0.5420954794661755,0.5333663675457
b,0.208796992481203,Recurrent,0.013316796825966842,B-uniform,0.5420954794661755,0.5333663675457
b,0.21112781954887216,Recurrent,0.013615030337077607,B-uniform,0.5420954794661755,0.5333663675457
b,0.21345864661654135,Recurrent,0.013916617820433477,B-uniform,0.5420954794661755,0.5333663675457
b,0.2157894736842105,Recurrent,0.014221563185777799,B-uniform,0.5420954794661755,0.5333663675457
b,0.2181203007518797,Recurrent,0.014529870440263316,B-uniform,0.5420954794661755,0.5333663675457
b,0.22045112781954887,Recurrent,0.014841543688625612,B-uniform,0.5420954794661755,0.5333663675457
b,0.22278195488721803,Recurrent,0.01515658713336367,B-uniform,0.5420954794661755,0.5333663675457
b,0.2251127819548872,Recurrent,0.015475005074927554,B-uniform,0.5420954794661755,0.5333663675457
b,0.2274436090225564,Recurrent,0.015796801911913166,B-uniform,0.5420954794661755,0.5333663675457
b,0.22977443609022555,Recurrent,0.016121982141264167,B-uniform,0.5420954794661755,0.5333663675457
b,0.23210526315789473,Recurrent,0.016450550358481083,B-uniform,0.5420954794661755,0.5333663675457
b,0.23443609022556391,Recurrent,0.016782511257837522,B-uniform,0.5420954794661755,0.5333663675457
b,0.23676691729323307,Recurrent,0.01711786963260363,B-uniform,0.5420954794661755,0.5333663675457
b,0.23909774436090225,Recurrent,0.017456630375276824,B-uniform,0.5420954794661755,0.5333663675457
b,0.2414285714285714,Recurrent,0.017798798477819622,B-uniform,0.5420954794661755,0.5333663675457
b,0.2437593984962406,Recurrent,0.018144379031904915,B-uniform,0.5420954794661755,0.5333663675457
b,0.24609022556390978,Recurrent,0.01849337722916842,B-uniform,0.5420954794661755,0.5333663675457
b,0.24842105263157893,Recurrent,0.018845798361468456,B-uniform,0.5420954794661755,0.5333663675457
b,0.2507518796992481,Recurrent,0.019201647821153186,B-uniform,0.5420954794661755,0.5333663675457
b,0.2530827067669173,Recurrent,0.019560931101335048,B-uniform,0.5420954794661755,0.5333663675457
b,0.2554135338345865,Recurrent,0.019923653796172773,B-uniform,0.5420954794661755,0.5333663675457
b,0.25774436090225566,Recurrent,0.0202898216011607,B-uniform,0.5420954794661755,0.5333663675457
b,0.2600751879699248,Recurrent,0.02065944031342565,B-uniform,0.5420954794661755,0.5333663675457
b,0.262406015037594,Recurrent,0.021032515832031296,B-uniform,0.5420954794661755,0.5333663675457
b,0.26473684210526316,Recurrent,0.02140905415828997,B-uniform,0.5420954794661755,0.5333663675457
b,0.26706766917293234,Recurrent,0.021789061396082148,B-uniform,0.5420954794661755,0.5333663675457
b,0.2693984962406015,Recurrent,0.022172543752183506,B-uniform,0.5420954794661755,0.5333663675457
b,0.2717293233082707,Recurrent,0.022559507536599566,B-uniform,0.5420954794661755,0.5333663675457
b,0.2740601503759399,Recurrent,0.022949959162908123,B-uniform,0.5420954794661755,0.5333663675457
b,0.276390977443609,Recurrent,0.023343905148609238,B-uniform,0.5420954794661755,0.5333663675457
b,0.2787218045112782,Recurrent,0.023741352115483196,B-uniform,0.5420954794661755,0.5333663675457
b,0.2810526315789474,Recurrent,0.024142306789956002,B-uniform,0.5420954794661755,0.5333663675457
b,0.28338345864661657,Recurrent,0.02454677600347294,B-uniform,0.5420954794661755,0.5333663675457
b,0.28571428571428575,Recurrent,0.024954766692879927,B-uniform,0.5420954794661755,0.5333663675457
b,0.2880451127819549,Recurrent,0.02536628590081272,B-uniform,0.5420954794661755,0.5333663675457
b,0.29037593984962407,Recurrent,0.025781340776094275,B-uniform,0.5420954794661755,0.5333663675457
b,0.29270676691729325,Recurrent,0.026199938574139922,B-uniform,0.5420954794661755,0.5333663675457
b,0.29503759398496243,Recurrent,0.026622086657370737,B-uniform,0.5420954794661755,0.5333663675457
b,0.2973684210526316,Recurrent,0.027047792495634975,B-uniform,0.5420954794661755,0.5333663675457
b,0.2996992481203008,Recurrent,0.027477063666637703,B-uniform,0.5420954794661755,0.5333663675457
b,0.3020300751879699,Recurrent,0.02790990785637859,B-uniform,0.5420954794661755,0.5333663675457
b,0.3043609022556391,Recurrent,0.028346332859598037,B-uniform,0.5420954794661755,0.5333663675457
b,0.3066917293233083,Recurrent,0.02878634658023155,B-uniform,0.5420954794661755,0.5333663675457
b,0.3090225563909775,Recurrent,0.029229957031872533,B-uniform,0.5420954794661755,0.5333663675457
b,0.31135338345864666,Recurrent,0.029677172338243518,B-uniform,0.5420954794661755,0.5333663675457
b,0.3136842105263158,Recurrent,0.03012800073367586,B-uniform,0.5420954794661755,0.5333663675457
b,0.31601503759398497,Recurrent,0.03058245056359797,B-uniform,0.5420954794661755,0.5333663675457
b,0.31834586466165415,Recurrent,0.03104053028503216,B-uniform,0.5420954794661755,0.5333663675457
b,0.32067669172932334,Recurrent,0.03150224846710021,B-uniform,0.5420954794661755,0.5333663675457
b,0.3230075187969925,Recurrent,0.03196761379153754,B-uniform,0.5420954794661755,0.5333663675457
b,0.32533834586466165,Recurrent,0.03243663505321627,B-uniform,0.5420954794661755,0.5333663675457
b,0.32766917293233083,Recurrent,0.03290932116067717,B-uniform,0.5420954794661755,0.5333663675457
b,0.33,Recurrent,0.033385681136670356,B-uniform,0.5420954794661755,0.5333663675457
b,0.3323308270676692,Recurrent,0.03386572411870514,B-uniform,0.5420954794661755,0.5333663675457
b,0.3346616541353384,Recurrent,0.03434945935960891,B-uniform,0.5420954794661755,0.5333663675457
b,0.3369924812030075,Recurrent,0.034836896228095056,B-uniform,0.5420954794661755,0.5333663675457
b,0.3393233082706767,Recurrent,0.03532804420934021,B-uniform,0.5420954794661755,0.5333663675457
b,0.3416541353383459,Recurrent,0.03582291290557059,B-uniform,0.5420954794661755,0.5333663675457
b,0.34398496240601506,Recurrent,0.03632151203665788,B-uniform,0.5420954794661755,0.5333663675457
b,0.34631578947368424,Recurrent,0.03682385144072438,B-uniform,0.5420954794661755,0.5333663675457
b,0.3486466165413534,Recurrent,0.037329941074757754,B-uniform,0.5420954794661755,0.5333663675457
b,0.35097744360902255,Recurrent,0.03783979101523523,B-uniform,0.5420954794661755,0.5333663675457
b,0.35330827067669174,Recurrent,0.03835341145875763,B-uniform,0.5420954794661755,0.5333663675457
b,0.3556390977443609,Recurrent,0.038870812722692966,B-uniform,0.5420954794661755,0.5333663675457
b,0.3579699248120301,Recurrent,0.039392005245829885,B-uniform,0.5420954794661755,0.5333663675457
b,0.3603007518796993,Recurrent,0.03991699958904118,B-uniform,0.5420954794661755,0.5333663675457
b,0.3626315789473684,Recurrent,0.040445806435956945,B-uniform,0.5420954794661755,0.5333663675457
b,0.3649624060150376,Recurrent,0.04097843659364829,B-uniform,0.5420954794661755,0.5333663675457
b,0.3672932330827068,Recurrent,0.041514900993320704,B-uniform,0.5420954794661755,0.5333663675457
b,0.36962406015037597,Recurrent,0.04205521069101803,B-uniform,0.5420954794661755,0.5333663675457
b,0.37195488721804515,Recurrent,0.04259937686833664,B-uniform,0.5420954794661755,0.5333663675457
b,0.37428571428571433,Recurrent,0.043147410833150074,B-uniform,0.5420954794661755,0.5333663675457
b,0.37661654135338346,Recurrent,0.04369932402034422,B-uniform,0.5420954794661755,0.5333663675457
b,0.37894736842105264,Recurrent,0.04425512799256312,B-uniform,0.5420954794661755,0.5333663675457
b,0.3812781954887218,Recurrent,0.044814834440965484,B-uniform,0.5420954794661755,0.5333663675457
b,0.383609022556391,Recurrent,0.04537845518599205,B-uniform,0.5420954794661755,0.5333663675457
b,0.3859398496240602,Recurrent,0.04594600217814394,B-uniform,0.5420954794661755,0.5333663675457
b,0.3882706766917293,Recurrent,0.04651748749877186,B-uniform,0.5420954794661755,0.5333663675457
b,0.3906015037593985,Recurrent,0.04709292336087674,B-uniform,0.5420954794661755,0.5333663675457
b,0.3929323308270677,Recurrent,0.0476723221099213,B-uniform,0.5420954794661755,0.5333663675457
b,0.39526315789473687,Recurrent,0.048255696224653186,B-uniform,0.5420954794661755,0.5333663675457
b,0.39759398496240606,Recurrent,0.048843058317939524,B-uniform,0.5420954794661755,0.5333663675457
b,0.3999248120300752,Recurrent,0.04943442113761299,B-uniform,0.5420954794661755,0.5333663675457
b,0.40225563909774437,Recurrent,0.05002979756732972,B-uniform,0.5420954794661755,0.5333663675457
b,0.40458646616541355,Recurrent,0.05062920062743885,B-uniform,0.5420954794661755,0.5333663675457
b,0.40691729323308273,Recurrent,0.05123264347586408,B-uniform,0.5420954794661755,0.5333663675457
b,0.4092481203007519,Recurrent,0.05184013940899737,B-uniform,0.5420954794661755,0.5333663675457
b,0.41157894736842104,Recurrent,0.052451701862604616,B-uniform,0.5420954794661755,0.5333663675457
b,0.4139097744360902,Recurrent,0.05306734441274385,B-uniform,0.5420954794661755,0.5333663675457
b,0.4162406015037594,Recurrent,0.05368708077669562,B-uniform,0.5420954794661755,0.5333663675457
b,0.4185714285714286,Recurrent,0.0543109248139062,B-uniform,0.5420954794661755,0.5333663675457
b,0.4209022556390978,Recurrent,0.05493889052694319,B-uniform,0.5420954794661755,0.5333663675457
b,0.42323308270676696,Recurrent,0.05557099206246421,B-uniform,0.5420954794661755,0.5333663675457
b,0.4255639097744361,Recurrent,0.05620724371219831,B-uniform,0.5420954794661755,0.5333663675457
b,0.42789473684210527,Recurrent,0.056847659913940723,B-uniform,0.5420954794661755,0.5333663675457
b,0.43022556390977446,Recurrent,0.057492255252560596,B-uniform,0.5420954794661755,0.5333663675457
b,0.43255639097744364,Recurrent,0.05814104446102218,B-uniform,0.5420954794661755,0.5333663675457
b,0.4348872180451128,Recurrent,0.058794042421419695,B-uniform,0.5420954794661755,0.5333663675457
b,0.43721804511278195,Recurrent,0.0594512641660256,B-uniform,0.5420954794661755,0.5333663675457
b,0.43954887218045113,Recurrent,0.06011272487835287,B-uniform,0.5420954794661755,0.5333663675457
b,0.4418796992481203,Recurrent,0.06077843989423116,B-uniform,0.5420954794661755,0.5333663675457
b,0.4442105263157895,Recurrent,0.06144842470289707,B-uniform,0.5420954794661755,0.5333663675457
b,0.4465413533834587,Recurrent,0.06212269494809877,B-uniform,0.5420954794661755,0.5333663675457
b,0.44887218045112787,Recurrent,0.06280126642921492,B-uniform,0.5420954794661755,0.5333663675457
b,0.451203007518797,Recurrent,0.06348415510238829,B-uniform,0.5420954794661755,0.5333663675457
b,0.4535338345864662,Recurrent,0.06417137708167424,B-uniform,0.5420954794661755,0.5333663675457
b,0.45586466165413536,Recurrent,0.06486294864020377,B-uniform,0.5420954794661755,0.5333663675457
b,0.45819548872180454,Recurrent,0.06555888621136206,B-uniform,0.5420954794661755,0.5333663675457
b,0.46052631578947373,Recurrent,0.06625920638998213,B-uniform,0.5420954794661755,0.5333663675457
b,0.46285714285714286,Recurrent,0.06696392593355377,B-uniform,0.5420954794661755,0.5333663675457
b,0.46518796992481204,Recurrent,0.06767306176344844,B-uniform,0.5420954794661755,0.5333663675457
b,0.4675187969924812,Recurrent,0.06838663096615961,B-uniform,0.5420954794661755,0.5333663675457
b,0.4698496240601504,Recurrent,0.06910465079455944,B-uniform,0.5420954794661755,0.5333663675457
b,0.4721804511278196,Recurrent,0.06982713866917119,B-uniform,0.5420954794661755,0.5333663675457
b,0.4745112781954887,Recurrent,0.0705541121794585,B-uniform,0.5420954794661755,0.5333663675457
b,0.4768421052631579,Recurrent,0.07128558908513084,B-uniform,0.5420954794661755,0.5333663675457
b,0.4791729323308271,Recurrent,0.07202158731746586,B-uniform,0.5420954794661755,0.5333663675457
b,0.48150375939849627,Recurrent,0.0727621249806486,B-uniform,0.5420954794661755,0.5333663675457
b,0.48383458646616545,Recurrent,0.07350722035312808,B-uniform,0.5420954794661755,0.5333663675457
b,0.4861654135338346,Recurrent,0.07425689188899086,B-uniform,0.5420954794661755,0.5333663675457
b,0.48849624060150376,Recurrent,0.07501115821935268,B-uniform,0.5420954794661755,0.5333663675457
b,0.49082706766917295,Recurrent,0.07577003815376722,B-uniform,0.5420954794661755,0.5333663675457
b,0.49315789473684213,Recurrent,0.07653355068165352,B-uniform,0.5420954794661755,0.5333663675457
b,0.4954887218045113,Recurrent,0.07730171497374107,B-uniform,0.5420954794661755,0.5333663675457
b,0.4978195488721805,Recurrent,0.07807455038353374,B-uniform,0.5420954794661755,0.5333663675457
b,0.5001503759398496,Recurrent,0.07885207644879205,B-uniform,0.5420954794661755,0.5333663675457
b,0.5024812030075188,Recurrent,0.07963431289303466,B-uniform,0.5420954794661755,0.5333663675457
b,0.5048120300751879,Recurrent,0.08042127962705847,B-uniform,0.5420954794661755,0.5333663675457
b,0.5071428571428571,Recurrent,0.08121299675047867,B-uniform,0.5420954794661755,0.5333663675457
b,0.5094736842105263,Recurrent,0.08200948455328798,B-uniform,0.5420954794661755,0.5333663675457
b,0.5118045112781955,Recurrent,0.08281076351743594,B-uniform,0.5420954794661755,0.5333663675457
b,0.5141353383458647,Recurrent,0.08361685431842807,B-uniform,0.5420954794661755,0.5333663675457
b,0.5164661654135339,Recurrent,0.08442777782694573,B-uniform,0.5420954794661755,0.5333663675457
b,0.518796992481203,Recurrent,0.08524355511048616,B-uniform,0.5420954794661755,0.5333663675457
b,0.5211278195488722,Recurrent,0.08606420743502365,B-uniform,0.5420954794661755,0.5333663675457
b,0.5234586466165414,Recurrent,0.08688975626669188,B-uniform,0.5420954794661755,0.5333663675457
b,0.5257894736842106,Recurrent,0.08772022327348737,B-uniform,0.5420954794661755,0.5333663675457
b,0.5281203007518798,Recurrent,0.08855563032699487,B-uniform,0.5420954794661755,0.5333663675457
b,0.5304511278195488,Recurrent,0.08939599950413465,B-uniform,0.5420954794661755,0.5333663675457
b,0.532781954887218,Recurrent,0.09024135308893187,B-uniform,0.5420954794661755,0.5333663675457
b,0.5351127819548872,Recurrent,0.09109171357430858,B-uniform,0.5420954794661755,0.5333663675457
b,0.5374436090225564,Recurrent,0.09194710366389855,B-uniform,0.5420954794661755,0.5333663675457
b,0.5397744360902256,Recurrent,0.09280754627388514,B-uniform,0.5420954794661755,0.5333663675457
b,0.5421052631578948,Recurrent,0.09367306453486265,B-uniform,0.5420954794661755,0.5333663675457
b,0.5444360902255639,Recurrent,0.09454368179372123,B-uniform,0.5420954794661755,0.5333663675457
b,0.5467669172932331,Recurrent,0.09541942161555608,B-uniform,0.5420954794661755,0.5333663675457
b,0.5490977443609023,Recurrent,0.09630030778560063,B-uniform,0.5420954794661755,0.5333663675457
b,0.5514285714285715,Recurrent,0.09718636431118476,B-uniform,0.5420954794661755,0.5333663675457
b,0.5537593984962407,Recurrent,0.0980776154237177,B-uniform,0.5420954794661755,0.5333663675457
b,0.5560902255639097,Recurrent,0.09897408558069641,B-uniform,0.5420954794661755,0.5333663675457
b,0.5584210526315789,Recurrent,0.09987579946773965,B-uniform,0.5420954794661755,0.5333663675457
b,0.5607518796992481,Recurrent,0.10078278200064797,B-uniform,0.5420954794661755,0.5333663675457
b,0.5630827067669173,Recurrent,0.1016950583274899,B-uniform,0.5420954794661755,0.5333663675457
b,0.5654135338345865,Recurrent,0.10261265383071518,B-uniform,0.5420954794661755,0.5333663675457
b,0.5677443609022557,Recurrent,0.1035355941292948,B-uniform,0.5420954794661755,0.5333663675457
b,0.5700751879699248,Recurrent,0.10446390508088868,B-uniform,0.5420954794661755,0.5333663675457
b,0.572406015037594,Recurrent,0.10539761278404085,B-uniform,0.5420954794661755,0.5333663675457
b,0.5747368421052632,Recurrent,0.10633674358040304,B-uniform,0.5420954794661755,0.5333663675457
b,0.5770676691729324,Recurrent,0.10728132405698684,B-uniform,0.5420954794661755,0.5333663675457
b,0.5793984962406016,Recurrent,0.10823138104844478,B-uniform,0.5420954794661755,0.5333663675457
b,0.5817293233082707,Recurrent,0.10918694163938052,B-uniform,0.5420954794661755,0.5333663675457
b,0.5840601503759398,Recurrent,0.1101480331666894,B-uniform,0.5420954794661755,0.5333663675457
b,0.586390977443609,Recurrent,0.1111146832219284,B-uniform,0.5420954794661755,0.5333663675457
b,0.5887218045112782,Recurrent,0.11208691965371732,B-uniform,0.5420954794661755,0.5333663675457
b,0.5910526315789474,Recurrent,0.11306477057017059,B-uniform,0.5420954794661755,0.5333663675457
b,0.5933834586466166,Recurrent,0.1140482643413607,B-uniform,0.5420954794661755,0.5333663675457
b,0.5957142857142858,Recurrent,0.11503742960181358,B-uniform,0.5420954794661755,0.5333663675457
b,0.5980451127819549,Recurrent,0.116032295253036,B-uniform,0.5420954794661755,0.5333663675457
b,0.6003759398496241,Recurrent,0.11703289046607607,B-uniform,0.5420954794661755,0.5333663675457
b,0.6027067669172933,Recurrent,0.11803924468411683,B-uniform,0.5420954794661755,0.5333663675457
b,0.6050375939849624,Recurrent,0.11905138762510366,B-uniform,0.5420954794661755,0.5333663675457
b,0.6073684210526316,Recurrent,0.12006934928440577,B-uniform,0.5420954794661755,0.5333663675457
b,0.6096992481203007,Recurrent,0.12109315993751242,B-uniform,0.5420954794661755,0.5333663675457
b,0.6120300751879699,Recurrent,0.12212285014276433,B-uniform,0.5420954794661755,0.5333663675457
b,0.6143609022556391,Recurrent,0.12315845074412068,B-uniform,0.5420954794661755,0.5333663675457
b,0.6166917293233083,Recurrent,0.12419999287396247,B-uniform,0.5420954794661755,0.5333663675457
b,0.6190225563909775,Recurrent,0.12524750795593229,B-uniform,0.5420954794661755,0.5333663675457
b,0.6213533834586467,Recurrent,0.12630102770781174,B-uniform,0.5420954794661755,0.5333663675457
b,0.6236842105263158,Recurrent,0.12736058414443618,B-uniform,0.5420954794661755,0.5333663675457
b,0.626015037593985,Recurrent,0.12842620958064815,B-uniform,0.5420954794661755,0.5333663675457
b,0.6283458646616542,Recurrent,0.12949793663428938,B-uniform,0.5420954794661755,0.5333663675457
b,0.6306766917293233,Recurrent,0.1305757982292324,B-uniform,0.5420954794661755,0.5333663675457
b,0.6330075187969925,Recurrent,0.13165982759845232,B-uniform,0.5420954794661755,0.5333663675457
b,0.6353383458646616,Recurrent,0.13275005828713868,B-uniform,0.5420954794661755,0.5333663675457
b,0.6376691729323308,Recurrent,0.13384652415584908,B-uniform,0.5420954794661755,0.5333663675457
b,0.64,Recurrent,0.13494925938370422,B-uniform,0.5420954794661755,0.5333663675457
b,0.6423308270676692,Recurrent,0.13605829847162557,B-uniform,0.5420954794661755,0.5333663675457
b,0.6446616541353384,Recurrent,0.13717367624561605,B-uniform,0.5420954794661755,0.5333663675457
b,0.6469924812030076,Recurrent,0.13829542786008417,B-uniform,0.5420954794661755,0.5333663675457
b,0.6493233082706767,Recurrent,0.1394235888012127,B-uniform,0.5420954794661755,0.5333663675457
b,0.6516541353383459,Recurrent,0.14055819489037247,B-uniform,0.5420954794661755,0.5333663675457
b,0.653984962406015,Recurrent,0.14169928228758139,B-uniform,0.5420954794661755,0.5333663675457
b,0.6563157894736842,Recurrent,0.1428468874950103,B-uniform,0.5420954794661755,0.5333663675457
b,0.6586466165413534,Recurrent,0.14400104736053546,B-uniform,0.5420954794661755,0.5333663675457
b,0.6609774436090226,Recurrent,0.14516179908133894,B-uniform,0.5420954794661755,0.5333663675457
b,0.6633082706766917,Recurrent,0.14632918020755759,B-uniform,0.5420954794661755,0.5333663675457
b,0.6656390977443609,Recurrent,0.14750322864598098,B-uniform,0.5420954794661755,0.5333663675457
b,0.6679699248120301,Recurrent,0.14868398266379948,B-uniform,0.5420954794661755,0.5333663675457
b,0.6703007518796993,Recurrent,0.14987148089240285,B-uniform,0.5420954794661755,0.5333663675457
b,0.6726315789473685,Recurrent,0.1510657623312306,B-uniform,0.5420954794661755,0.5333663675457
b,0.6749624060150377,Recurrent,0.15226686635167413,B-uniform,0.5420954794661755,0.5333663675457
b,0.6772932330827068,Recurrent,0.1534748327010325,B-uniform,0.5420954794661755,0.5333663675457
b,0.6796240601503759,Recurrent,0.15468970150652153,B-uniform,0.5420954794661755,0.5333663675457
b,0.6819548872180451,Recurrent,0.15591151327933817,B-uniform,0.5420954794661755,0.5333663675457
b,0.6842857142857143,Recurrent,0.15714030891877984,B-uniform,0.5420954794661755,0.5333663675457
b,0.6866165413533835,Recurrent,0.15837612971642043,B-uniform,0.5420954794661755,0.5333663675457
b,0.6889473684210526,Recurrent,0.1596190173603438,B-uniform,0.5420954794661755,0.5333663675457
b,0.6912781954887218,Recurrent,0.1608690139394351,B-uniform,0.5420954794661755,0.5333663675457
b,0.693609022556391,Recurrent,0.16212616194773127,B-uniform,0.5420954794661755,0.5333663675457
b,0.6959398496240602,Recurrent,0.1633905042888318,B-uniform,0.5420954794661755,0.5333663675457
b,0.6982706766917294,Recurrent,0.16466208428037005,B-uniform,0.5420954794661755,0.5333663675457
b,0.7006015037593986,Recurrent,0.16594094565854636,B-uniform,0.5420954794661755,0.5333663675457
b,0.7029323308270677,Recurrent,0.16722713258272487,B-uniform,0.5420954794661755,0.5333663675457
b,0.7052631578947368,Recurrent,0.16852068964009315,B-uniform,0.5420954794661755,0.5333663675457
b,0.707593984962406,Recurrent,0.1698216618503875,B-uniform,0.5420954794661755,0.5333663675457
b,0.7099248120300752,Recurrent,0.1711300946706836,B-uniform,0.5420954794661755,0.5333663675457
b,0.7122556390977444,Recurrent,0.17244603400025446,B-uniform,0.5420954794661755,0.5333663675457
b,0.7145864661654135,Recurrent,0.17376952618549624,B-uniform,0.5420954794661755,0.5333663675457
b,0.7169172932330827,Recurrent,0.1751006180249232,B-uniform,0.5420954794661755,0.5333663675457
b,0.7192481203007519,Recurrent,0.17643935677423297,B-uniform,0.5420954794661755,0.5333663675457
b,0.7215789473684211,Recurrent,0.17778579015144283,B-uniform,0.5420954794661755,0.5333663675457
b,0.7239097744360903,Recurrent,0.1791399663420989,B-uniform,0.5420954794661755,0.5333663675457
b,0.7262406015037595,Recurrent,0.18050193400455886,B-uniform,0.5420954794661755,0.5333663675457
b,0.7285714285714286,Recurrent,0.18187174227534922,B-uniform,0.5420954794661755,0.5333663675457
b,0.7309022556390977,Recurrent,0.18324944077459884,B-uniform,0.5420954794661755,0.5333663675457
b,0.7332330827067669,Recurrent,0.18463507961155043,B-uniform,0.5420954794661755,0.5333663675457
b,0.7355639097744361,Recurrent,0.186028709390149,B-uniform,0.5420954794661755,0.5333663675457
b,0.7378947368421053,Recurrent,0.1874303812147119,B-uniform,0.5420954794661755,0.5333663675457
b,0.7402255639097745,Recurrent,0.18884014669567886,B-uniform,0.5420954794661755,0.5333663675457
b,0.7425563909774436,Recurrent,0.19025805795544518,B-uniform,0.5420954794661755,0.5333663675457
b,0.7448872180451128,Recurrent,0.19168416763427826,B-uniform,0.5420954794661755,0.5333663675457
b,0.747218045112782,Recurrent,0.19311852889631967,B-uniform,0.5420954794661755,0.5333663675457
b,0.7495488721804512,Recurrent,0.1945611954356738,B-uniform,0.5420954794661755,0.5333663675457
b,0.7518796992481204,Recurrent,0.1960122214825846,B-uniform,0.5420954794661755,0.5333663675457
b,0.7542105263157894,Recurrent,0.19747166180970172,B-uniform,0.5420954794661755,0.5333663675457
b,0.7565413533834586,Recurrent,0.198939571738438,B-uniform,0.5420954794661755,0.5333663675457
b,0.7588721804511278,Recurrent,0.2004160071454192,B-uniform,0.5420954794661755,0.5333663675457
b,0.761203007518797,Recurrent,0.2019010244690279,B-uniform,0.5420954794661755,0.5333663675457
b,0.7635338345864662,Recurrent,0.2033946807160434,B-uniform,0.5420954794661755,0.5333663675457
b,0.7658646616541354,Recurrent,0.20489703346837826,B-uniform,0.5420954794661755,0.5333663675457
b,0.7681954887218045,Recurrent,0.20640814088991477,B-uniform,0.5420954794661755,0.5333663675457
b,0.7705263157894737,Recurrent,0.20792806173344106,B-uniform,0.5420954794661755,0.5333663675457
b,0.7728571428571429,Recurrent,0.20945685534769024,B-uniform,0.5420954794661755,0.5333663675457
b,0.7751879699248121,Recurrent,0.210994581684483,B-uniform,0.5420954794661755,0.5333663675457
b,0.7775187969924813,Recurrent,0.21254130130597704,B-uniform,0.5420954794661755,0.5333663675457
b,0.7798496240601503,Recurrent,0.21409707539202288,B-uniform,0.5420954794661755,0.5333663675457
b,0.7821804511278195,Recurrent,0.21566196574763027,B-uniform,0.5420954794661755,0.5333663675457
b,0.7845112781954887,Recurrent,0.2172360348105454,B-uniform,0.5420954794661755,0.5333663675457
b,0.7868421052631579,Recurrent,0.21881934565894146,B-uniform,0.5420954794661755,0.5333663675457
b,0.7891729323308271,Recurrent,0.22041196201922492,B-uniform,0.5420954794661755,0.5333663675457
b,0.7915037593984963,Recurrent,0.2220139482739586,B-uniform,0.5420954794661755,0.5333663675457
b,0.7938345864661654,Recurrent,0.22362536946990408,B-uniform,0.5420954794661755,0.5333663675457
b,0.7961654135338346,Recurrent,0.22524629132618582,B-uniform,0.5420954794661755,0.5333663675457
b,0.7984962406015038,Recurrent,0.2268767802425785,B-uniform,0.5420954794661755,0.5333663675457
b,0.800827067669173,Recurrent,0.22851690330792027,B-uniform,0.5420954794661755,0.5333663675457
b,0.8031578947368421,Recurrent,0.2301667283086533,B-uniform,0.5420954794661755,0.5333663675457
b,0.8054887218045113,Recurrent,0.23182632373749568,B-uniform,0.5420954794661755,0.5333663675457
b,0.8078195488721804,Recurrent,0.2334957588022441,B-uniform,0.5420954794661755,0.5333663675457
b,0.8101503759398496,Recurrent,0.23517510343471268,B-uniform,0.5420954794661755,0.5333663675457
b,0.8124812030075188,Recurrent,0.23686442829980817,B-uniform,0.5420954794661755,0.5333663675457
b,0.814812030075188,Recurrent,0.23856380480474523,B-uniform,0.5420954794661755,0.5333663675457
b,0.8171428571428572,Recurrent,0.2402733051084034,B-uniform,0.5420954794661755,0.5333663675457
b,0.8194736842105264,Recurrent,0.24199300213082883,B-uniform,0.5420954794661755,0.5333663675457
b,0.8218045112781955,Recurrent,0.24372296956288353,B-uniform,0.5420954794661755,0.5333663675457
b,0.8241353383458647,Recurrent,0.24546328187604385,B-uniform,0.5420954794661755,0.5333663675457
b,0.8264661654135339,Recurrent,0.24721401433235235,B-uniform,0.5420954794661755,0.5333663675457
b,0.828796992481203,Recurrent,0.2489752429945241,B-uniform,0.5420954794661755,0.5333663675457
b,0.8311278195488722,Recurrent,0.25074704473621195,B-uniform,0.5420954794661755,0.5333663675457
b,0.8334586466165413,Recurrent,0.25252949725243223,B-uniform,0.5420954794661755,0.5333663675457
b,0.8357894736842105,Recurrent,0.2543226790701545,B-uniform,0.5420954794661755,0.5333663675457
b,0.8381203007518797,Recurrent,0.2561266695590586,B-uniform,0.5420954794661755,0.5333663675457
b,0.8404511278195489,Recurrent,0.2579415489424614,B-uniform,0.5420954794661755,0.5333663675457
b,0.8427819548872181,Recurrent,0.25976739830841644,B-uniform,0.5420954794661755,0.5333663675457
b,0.8451127819548873,Recurrent,0.2616042996209903,B-uniform,0.5420954794661755,0.5333663675457
b,0.8474436090225564,Recurrent,0.2634523357317186,B-uniform,0.5420954794661755,0.5333663675457
b,0.8497744360902256,Recurrent,0.2653115903912443,B-uniform,0.5420954794661755,0.5333663675457
b,0.8521052631578948,Recurrent,0.2671821482611428,B-uniform,0.5420954794661755,0.5333663675457
b,0.8544360902255639,Recurrent,0.2690640949259365,B-uniform,0.5420954794661755,0.5333663675457
b,0.8567669172932331,Recurrent,0.2709575169053031,B-uniform,0.5420954794661755,0.5333663675457
b,0.8590977443609022,Recurrent,0.27286250166648013,B-uniform,0.5420954794661755,0.5333663675457
b,0.8614285714285714,Recurrent,0.27477913763687045,B-uniform,0.5420954794661755,0.5333663675457
b,0.8637593984962406,Recurrent,0.2767075142168524,B-uniform,0.5420954794661755,0.5333663675457
b,0.8660902255639098,Recurrent,0.27864772179279745,B-uniform,0.5420954794661755,0.5333663675457
b,0.868421052631579,Recurrent,0.2805998517503008,B-uniform,0.5420954794661755,0.5333663675457
b,0.8707518796992482,Recurrent,0.28256399648762764,B-uniform,0.5420954794661755,0.5333663675457
b,0.8730827067669173,Recurrent,0.28454024942937994,B-uniform,0.5420954794661755,0.5333663675457
b,0.8754135338345865,Recurrent,0.2865287050403877,B-uniform,0.5420954794661755,0.5333663675457
b,0.8777443609022557,Recurrent,0.28852945883982917,B-uniform,0.5420954794661755,0.5333663675457
b,0.8800751879699248,Recurrent,0.2905426074155835,B-uniform,0.5420954794661755,0.5333663675457
b,0.882406015037594,Recurrent,0.29256824843882273,B-uniform,0.5420954794661755,0.5333663675457
b,0.8847368421052632,Recurrent,0.29460648067884404,B-uniform,0.5420954794661755,0.5333663675457
b,0.8870676691729323,Recurrent,0.2966574040181502,B-uniform,0.5420954794661755,0.5333663675457
b,0.8893984962406015,Recurrent,0.2987211194677816,B-uniform,0.5420954794661755,0.5333663675457
b,0.8917293233082707,Recurrent,0.30079772918290476,B-uniform,0.5420954794661755,0.5333663675457
b,0.8940601503759399,Recurrent,0.3028873364786622,B-uniform,0.5420954794661755,0.5333663675457
b,0.8963909774436091,Recurrent,0.30499004584628964,B-uniform,0.5420954794661755,0.5333663675457
b,0.8987218045112783,Recurrent,0.3071059629695048,B-uniform,0.5420954794661755,0.5333663675457
b,0.9010526315789474,Recurrent,0.3092351947411739,B-uniform,0.5420954794661755,0.5333663675457
b,0.9033834586466165,Recurrent,0.31137784928026013,B-uniform,0.5420954794661755,0.5333663675457
b,0.9057142857142857,Recurrent,0.3135340359490623,B-uniform,0.5420954794661755,0.5333663675457
b,0.9080451127819549,Recurrent,0.3157038653707452,B-uniform,0.5420954794661755,0.5333663675457
b,0.9103759398496241,Recurrent,0.3178874494471718,B-uniform,0.5420954794661755,0.5333663675457
b,0.9127067669172932,Recurrent,0.32008490137704093,B-uniform,0.5420954794661755,0.5333663675457
b,0.9150375939849624,Recurrent,0.32229633567433685,B-uniform,0.5420954794661755,0.5333663675457
b,0.9173684210526316,Recurrent,0.32452186818709744,B-uniform,0.5420954794661755,0.5333663675457
b,0.9196992481203008,Recurrent,0.32676161611650667,B-uniform,0.5420954794661755,0.5333663675457
b,0.92203007518797,Recurrent,0.32901569803631925,B-uniform,0.5420954794661755,0.5333663675457
b,0.9243609022556392,Recurrent,0.33128423391262257,B-uniform,0.5420954794661755,0.5333663675457
b,0.9266917293233083,Recurrent,0.3335673451239439,B-uniform,0.5420954794661755,0.5333663675457
b,0.9290225563909774,Recurrent,0.33586515448170906,B-uniform,0.5420954794661755,0.5333663675457
b,0.9313533834586466,Recurrent,0.3381777862510615,B-uniform,0.5420954794661755,0.5333663675457
b,0.9336842105263158,Recurrent,0.3405053661720457,B-uniform,0.5420954794661755,0.5333663675457
b,0.936015037593985,Recurrent,0.34284802148116694,B-uniform,0.5420954794661755,0.5333663675457
b,0.9383458646616541,Recurrent,0.34520588093333066,B-uniform,0.5420954794661755,0.5333663675457
b,0.9406766917293233,Recurrent,0.3475790748241732,B-uniform,0.5420954794661755,0.5333663675457
b,0.9430075187969925,Recurrent,0.34996773501278916,B-uniform,0.5420954794661755,0.5333663675457
b,0.9453383458646617,Recurrent,0.35237199494486465,B-uniform,0.5420954794661755,0.5333663675457
b,0.9476691729323309,Recurrent,0.3547919896762257,B-uniform,0.5420954794661755,0.5333663675457
b,0.95,Recurrent,0.35722785589680917,B-uniform,0.5420954794661755,0.5333663675457
b,0.02,Locally unique,0.0034051676948646534,B-uniform,0.5420954794661755,0.5333663675457
b,0.022330827067669173,Locally unique,0.003791229762174354,B-uniform,0.5420954794661755,0.5333663675457
b,0.024661654135338346,Locally unique,0.004175072952800926,B-uniform,0.5420954794661755,0.5333663675457
b,0.02699248120300752,Locally unique,0.004556706002007853,B-uniform,0.5420954794661755,0.5333663675457
b,0.029323308270676692,Locally unique,0.004936137563478995,B-uniform,0.5420954794661755,0.5333663675457
b,0.031654135338345865,Locally unique,0.005313376209930669,B-uniform,0.5420954794661755,0.5333663675457
b,0.033984962406015035,Locally unique,0.005688430433716042,B-uniform,0.5420954794661755,0.5333663675457
b,0.03631578947368421,Locally unique,0.006061308647421971,B-uniform,0.5420954794661755,0.5333663675457
b,0.03864661654135339,Locally unique,0.006432019184458354,B-uniform,0.5420954794661755,0.5333663675457
b,0.04097744360902256,Locally unique,0.006800570299640055,B-uniform,0.5420954794661755,0.5333663675457
b,0.043308270676691726,Locally unique,0.007166970169761553,B-uniform,0.5420954794661755,0.5333663675457
b,0.0456390977443609,Locally unique,0.007531226894164303,B-uniform,0.5420954794661755,0.5333663675457
b,0.04796992481203008,Locally unique,0.00789334849529697,B-uniform,0.5420954794661755,0.5333663675457
b,0.05030075187969925,Locally unique,0.008253342919268564,B-uniform,0.5420954794661755,0.5333663675457
b,0.05263157894736842,Locally unique,0.0086112180363946,B-uniform,0.5420954794661755,0.5333663675457
b,0.0549624060150376,Locally unique,0.00896698164173628,B-uniform,0.5420954794661755,0.5333663675457
b,0.05729323308270677,Locally unique,0.00932064145563288,B-uniform,0.5420954794661755,0.5333663675457
b,0.05962406015037594,Locally unique,0.009672205124227331,B-uniform,0.5420954794661755,0.5333663675457
b,0.06195488721804511,Locally unique,0.010021680219985096,B-uniform,0.5420954794661755,0.5333663675457
b,0.0642857142857143,Locally unique,0.010369074242206417,B-uniform,0.5420954794661755,0.5333663675457
b,0.06661654135338346,Locally unique,0.010714394617531991,B-uniform,0.5420954794661755,0.5333663675457
b,0.06894736842105263,Locally unique,0.011057648700442178,B-uniform,0.5420954794661755,0.5333663675457
b,0.0712781954887218,Locally unique,0.011398843773749771,B-uniform,0.5420954794661755,0.5333663675457
b,0.07360902255639099,Locally unique,0.011737987049086386,B-uniform,0.5420954794661755,0.5333663675457
b,0.07593984962406015,Locally unique,0.012075085667382586,B-uniform,0.5420954794661755,0.5333663675457
b,0.07827067669172932,Locally unique,0.012410146699341785,B-uniform,0.5420954794661755,0.5333663675457
b,0.0806015037593985,Locally unique,0.012743177145907973,B-uniform,0.5420954794661755,0.5333663675457
b,0.08293233082706768,Locally unique,0.013074183938727342,B-uniform,0.5420954794661755,0.5333663675457
b,0.08526315789473685,Locally unique,0.013403173940603875,B-uniform,0.5420954794661755,0.5333663675457
b,0.08759398496240602,Locally unique,0.01373015394594898,B-uniform,0.5420954794661755,0.5333663675457
b,0.0899248120300752,Locally unique,0.014055130681225188,B-uniform,0.5420954794661755,0.5333663675457
b,0.09225563909774437,Locally unique,0.014378110805383978,B-uniform,0.5420954794661755,0.5333663675457
b,0.09458646616541354,Locally unique,0.014699100910297839,B-uniform,0.5420954794661755,0.5333663675457
b,0.09691729323308271,Locally unique,0.015018107521186578,B-uniform,0.5420954794661755,0.5333663675457
b,0.09924812030075188,Locally unique,0.015335137097037935,B-uniform,0.5420954794661755,0.5333663675457
b,0.10157894736842106,Locally unique,0.015650196031022565,B-uniform,0.5420954794661755,0.5333663675457
b,0.10390977443609023,Locally unique,0.015963290650903444,B-uniform,0.5420954794661755,0.5333663675457
b,0.1062406015037594,Locally unique,0.016274427219439794,B-uniform,0.5420954794661755,0.5333663675457
b,0.10857142857142858,Locally unique,0.01658361193478546,B-uniform,0.5420954794661755,0.5333663675457
b,0.11090225563909775,Locally unique,0.016890850930881933,B-uniform,0.5420954794661755,0.5333663675457
b,0.11323308270676692,Locally unique,0.017196150277846003,B-uniform,0.5420954794661755,0.5333663675457
b,0.11556390977443609,Locally unique,0.017499515982352054,B-uniform,0.5420954794661755,0.5333663675457
b,0.11789473684210526,Locally unique,0.017800953988009127,B-uniform,0.5420954794661755,0.5333663675457
b,0.12022556390977444,Locally unique,0.018100470175732748,B-uniform,0.5420954794661755,0.5333663675457
b,0.12255639097744361,Locally unique,0.018398070364111594,B-uniform,0.5420954794661755,0.5333663675457
b,0.12488721804511278,Locally unique,0.018693760309769023,B-uniform,0.5420954794661755,0.5333663675457
b,0.12721804511278195,Locally unique,0.01898754570771955,B-uniform,0.5420954794661755,0.5333663675457
b,0.12954887218045114,Locally unique,0.019279432191720246,B-uniform,0.5420954794661755,0.5333663675457
b,0.1318796992481203,Locally unique,0.019569425334617193,B-uniform,0.5420954794661755,0.5333663675457
b,0.13421052631578947,Locally unique,0.019857530648686957,B-uniform,0.5420954794661755,0.5333663675457
b,0.13654135338345863,Locally unique,0.020143753585973197,B-uniform,0.5420954794661755,0.5333663675457
b,0.1388721804511278,Locally unique,0.02042809953861837,B-uniform,0.5420954794661755,0.5333663675457
b,0.141203007518797,Locally unique,0.02071057383919065,B-uniform,0.5420954794661755,0.5333663675457
b,0.14353383458646615,Locally unique,0.020991181761006054,B-uniform,0.5420954794661755,0.5333663675457
b,0.14586466165413534,Locally unique,0.02126992851844584,B-uniform,0.5420954794661755,0.5333663675457
b,0.1481954887218045,Locally unique,0.021546819267269184,B-uniform,0.5420954794661755,0.5333663675457
b,0.15052631578947367,Locally unique,0.021821859104921223,B-uniform,0.5420954794661755,0.5333663675457
b,0.15285714285714286,Locally unique,0.022095053070836465,B-uniform,0.5420954794661755,0.5333663675457
b,0.155187969924812,Locally unique,0.022366406146737596,B-uniform,0.5420954794661755,0.5333663675457
b,0.1575187969924812,Locally unique,0.022635923256929768,B-uniform,0.5420954794661755,0.5333663675457
b,0.15984962406015038,Locally unique,0.022903609268590367,B-uniform,0.5420954794661755,0.5333663675457
b,0.16218045112781954,Locally unique,0.023169468992054278,B-uniform,0.5420954794661755,0.5333663675457
b,0.16451127819548872,Locally unique,0.023433507181094722,B-uniform,0.5420954794661755,0.5333663675457
b,0.16684210526315787,Locally unique,0.0236957285331997,B-uniform,0.5420954794661755,0.5333663675457
b,0.16917293233082706,Locally unique,0.023956137689844042,B-uniform,0.5420954794661755,0.5333663675457
b,0.17150375939849624,Locally unique,0.02421473923675711,B-uniform,0.5420954794661755,0.5333663675457
b,0.1738345864661654,Locally unique,0.024471537704186183,B-uniform,0.5420954794661755,0.5333663675457
b,0.17616541353383458,Locally unique,0.02472653756715559,B-uniform,0.5420954794661755,0.5333663675457
b,0.17849624060150374,Locally unique,0.024979743245721567,B-uniform,0.5420954794661755,0.5333663675457
b,0.18082706766917292,Locally unique,0.02523115910522291,B-uniform,0.5420954794661755,0.5333663675457
b,0.1831578947368421,Locally unique,0.025480789456527403,B-uniform,0.5420954794661755,0.5333663675457
b,0.18548872180451126,Locally unique,0.025728638556274126,B-uniform,0.5420954794661755,0.5333663675457
b,0.18781954887218044,Locally unique,0.02597471060711163,B-uniform,0.5420954794661755,0.5333663675457
b,0.19015037593984963,Locally unique,0.026219009757931948,B-uniform,0.5420954794661755,0.5333663675457
b,0.19248120300751878,Locally unique,0.026461540104100602,B-uniform,0.5420954794661755,0.5333663675457
b,0.19481203007518796,Locally unique,0.026702305687682507,B-uniform,0.5420954794661755,0.5333663675457
b,0.19714285714285715,Locally unique,0.02694131049766386,B-uniform,0.5420954794661755,0.5333663675457
b,0.1994736842105263,Locally unique,0.027178558470170044,B-uniform,0.5420954794661755,0.5333663675457
b,0.2018045112781955,Locally unique,0.02741405348867955,B-uniform,0.5420954794661755,0.5333663675457
b,0.20413533834586464,Locally unique,0.0276477993842339,B-uniform,0.5420954794661755,0.5333663675457
b,0.20646616541353383,Locally unique,0.02787979993564373,B-uniform,0.5420954794661755,0.5333663675457
b,0.208796992481203,Locally unique,0.028110058869690882,B-uniform,0.5420954794661755,0.5333663675457
b,0.21112781954887216,Locally unique,0.028338579861326672,B-uniform,0.5420954794661755,0.5333663675457
b,0.21345864661654135,Locally unique,0.02856536653386627,B-uniform,0.5420954794661755,0.5333663675457
b,0.2157894736842105,Locally unique,0.028790422459179232,B-uniform,0.5420954794661755,0.5333663675457
b,0.2181203007518797,Locally unique,0.029013751157876248,B-uniform,0.5420954794661755,0.5333663675457
b,0.22045112781954887,Locally unique,0.029235356099492057,B-uniform,0.5420954794661755,0.5333663675457
b,0.22278195488721803,Locally unique,0.029455240702664587,B-uniform,0.5420954794661755,0.5333663675457
b,0.2251127819548872,Locally unique,0.02967340833531037,B-uniform,0.5420954794661755,0.5333663675457
b,0.2274436090225564,Locally unique,0.029889862314796192,B-uniform,0.5420954794661755,0.5333663675457
b,0.22977443609022555,Locally unique,0.030104605908106992,B-uniform,0.5420954794661755,0.5333663675457
b,0.23210526315789473,Locally unique,0.030317642332010127,B-uniform,0.5420954794661755,0.5333663675457
b,0.23443609022556391,Locally unique,0.030528974753215882,B-uniform,0.5420954794661755,0.5333663675457
b,0.23676691729323307,Locally unique,0.03073860628853435,B-uniform,0.5420954794661755,0.5333663675457
b,0.23909774436090225,Locally unique,0.030946540005028687,B-uniform,0.5420954794661755,0.5333663675457
b,0.2414285714285714,Locally unique,0.031152778920164607,B-uniform,0.5420954794661755,0.5333663675457
b,0.2437593984962406,Locally unique,0.03135732600195641,B-uniform,0.5420954794661755,0.5333663675457
b,0.24609022556390978,Locally unique,0.03156018416910932,B-uniform,0.5420954794661755,0.5333663675457
b,0.24842105263157893,Locally unique,0.031761356291158206,B-uniform,0.5420954794661755,0.5333663675457
b,0.2507518796992481,Locally unique,0.03196084518860281,B-uniform,0.5420954794661755,0.5333663675457
b,0.2530827067669173,Locally unique,0.0321586536330393,B-uniform,0.5420954794661755,0.5333663675457
b,0.2554135338345865,Locally unique,0.03235478434728839,B-uniform,0.5420954794661755,0.5333663675457
b,0.25774436090225566,Locally unique,0.032549240005519835,B-uniform,0.5420954794661755,0.5333663675457
b,0.2600751879699248,Locally unique,0.032742023233373364,B-uniform,0.5420954794661755,0.5333663675457
b,0.262406015037594,Locally unique,0.03293313660807628,B-uniform,0.5420954794661755,0.5333663675457
b,0.26473684210526316,Locally unique,0.03312258265855728,B-uniform,0.5420954794661755,0.5333663675457
b,0.26706766917293234,Locally unique,0.033310363865557024,B-uniform,0.5420954794661755,0.5333663675457
b,0.2693984962406015,Locally unique,0.0334964826617351,B-uniform,0.5420954794661755,0.5333663675457
b,0.2717293233082707,Locally unique,0.03368094143177349,B-uniform,0.5420954794661755,0.5333663675457
b,0.2740601503759399,Locally unique,0.03386374251247668,B-uniform,0.5420954794661755,0.5333663675457
b,0.276390977443609,Locally unique,0.03404488819286816,B-uniform,0.5420954794661755,0.5333663675457
b,0.2787218045112782,Locally unique,0.03422438071428365,B-uniform,0.5420954794661755,0.5333663675457
b,0.2810526315789474,Locally unique,0.03440222227046072,B-uniform,0.5420954794661755,0.5333663675457
b,0.28338345864661657,Locally unique,0.03457841500762504,B-uniform,0.5420954794661755,0.5333663675457
b,0.28571428571428575,Locally unique,0.034752961024573266,B-uniform,0.5420954794661755,0.5333663675457
b,0.2880451127819549,Locally unique,0.034925862372752386,B-uniform,0.5420954794661755,0.5333663675457
b,0.29037593984962407,Locally unique,0.03509712105633574,B-uniform,0.5420954794661755,0.5333663675457
b,0.29270676691729325,Locally unique,0.035266739032295547,B-uniform,0.5420954794661755,0.5333663675457
b,0.29503759398496243,Locally unique,0.03543471821047215,B-uniform,0.5420954794661755,0.5333663675457
b,0.2973684210526316,Locally unique,0.035601060453639706,B-uniform,0.5420954794661755,0.5333663675457
b,0.2996992481203008,Locally unique,0.035765767577568615,B-uniform,0.5420954794661755,0.5333663675457
b,0.3020300751879699,Locally unique,0.035928841351084415,B-uniform,0.5420954794661755,0.5333663675457
b,0.3043609022556391,Locally unique,0.03609028349612347,B-uniform,0.5420954794661755,0.5333663675457
b,0.3066917293233083,Locally unique,0.03625009568778507,B-uniform,0.5420954794661755,0.5333663675457
b,0.3090225563909775,Locally unique,0.03640827955438028,B-uniform,0.5420954794661755,0.5333663675457
b,0.31135338345864666,Locally unique,0.03656483667747736,B-uniform,0.5420954794661755,0.5333663675457
b,0.3136842105263158,Locally unique,0.03671976859194379,B-uniform,0.5420954794661755,0.5333663675457
b,0.31601503759398497,Locally unique,0.03687307678598494,B-uniform,0.5420954794661755,0.5333663675457
b,0.31834586466165415,Locally unique,0.0370247627011793,B-uniform,0.5420954794661755,0.5333663675457
b,0.32067669172932334,Locally unique,0.03717482773251044,B-uniform,0.5420954794661755,0.5333663675457
b,0.3230075187969925,Locally unique,0.03732327322839545,B-uniform,0.5420954794661755,0.5333663675457
b,0.32533834586466165,Locally unique,0.03747010049071007,B-uniform,0.5420954794661755,0.5333663675457
b,0.32766917293233083,Locally unique,0.03761531077481046,B-uniform,0.5420954794661755,0.5333663675457
b,0.33,Locally unique,0.037758905289551524,B-uniform,0.5420954794661755,0.5333663675457
b,0.3323308270676692,Locally unique,0.037900885197301816,B-uniform,0.5420954794661755,0.5333663675457
b,0.3346616541353384,Locally unique,0.03804125161395518,B-uniform,0.5420954794661755,0.5333663675457
b,0.3369924812030075,Locally unique,0.03818000560893887,B-uniform,0.5420954794661755,0.5333663675457
b,0.3393233082706767,Locally unique,0.038317148205218296,B-uniform,0.5420954794661755,0.5333663675457
b,0.3416541353383459,Locally unique,0.038452680379298415,B-uniform,0.5420954794661755,0.5333663675457
b,0.34398496240601506,Locally unique,0.03858660306122167,B-uniform,0.5420954794661755,0.5333663675457
b,0.34631578947368424,Locally unique,0.03871891713456248,B-uniform,0.5420954794661755,0.5333663675457
b,0.3486466165413534,Locally unique,0.03884962343641838,B-uniform,0.5420954794661755,0.5333663675457
b,0.35097744360902255,Locally unique,0.038978722757397714,B-uniform,0.5420954794661755,0.5333663675457
b,0.35330827067669174,Locally unique,0.03910621584160386,B-uniform,0.5420954794661755,0.5333663675457
b,0.3556390977443609,Locally unique,0.03923210338661601,B-uniform,0.5420954794661755,0.5333663675457
b,0.3579699248120301,Locally unique,0.03935638604346654,B-uniform,0.5420954794661755,0.5333663675457
b,0.3603007518796993,Locally unique,0.03947906441661497,B-uniform,0.5420954794661755,0.5333663675457
b,0.3626315789473684,Locally unique,0.039600139063918266,B-uniform,0.5420954794661755,0.5333663675457
b,0.3649624060150376,Locally unique,0.03971961049659789,B-uniform,0.5420954794661755,0.5333663675457
b,0.3672932330827068,Locally unique,0.03983747917920322,B-uniform,0.5420954794661755,0.5333663675457
b,0.36962406015037597,Locally unique,0.03995374552957155,B-uniform,0.5420954794661755,0.5333663675457
b,0.37195488721804515,Locally unique,0.04006840991878452,B-uniform,0.5420954794661755,0.5333663675457
b,0.37428571428571433,Locally unique,0.0401814726711211,B-uniform,0.5420954794661755,0.5333663675457
b,0.37661654135338346,Locally unique,0.04029293406400696,B-uniform,0.5420954794661755,0.5333663675457
b,0.37894736842105264,Locally unique,0.04040279432796042,B-uniform,0.5420954794661755,0.5333663675457
b,0.3812781954887218,Locally unique,0.04051105364653467,B-uniform,0.5420954794661755,0.5333663675457
b,0.383609022556391,Locally unique,0.04061771215625658,B-uniform,0.5420954794661755,0.5333663675457
b,0.3859398496240602,Locally unique,0.04072276994656189,B-uniform,0.5420954794661755,0.5333663675457
b,0.3882706766917293,Locally unique,0.04082622705972675,B-uniform,0.5420954794661755,0.5333663675457
b,0.3906015037593985,Locally unique,0.04092808349079567,B-uniform,0.5420954794661755,0.5333663675457
b,0.3929323308270677,Locally unique,0.04102833918750591,B-uniform,0.5420954794661755,0.5333663675457
b,0.39526315789473687,Locally unique,0.04112699405020811,B-uniform,0.5420954794661755,0.5333663675457
b,0.39759398496240606,Locally unique,0.04122404793178339,B-uniform,0.5420954794661755,0.5333663675457
b,0.3999248120300752,Locally unique,0.04131950063755667,B-uniform,0.5420954794661755,0.5333663675457
b,0.40225563909774437,Locally unique,0.04141335192520635,B-uniform,0.5420954794661755,0.5333663675457
b,0.40458646616541355,Locally unique,0.04150560150467025,B-uniform,0.5420954794661755,0.5333663675457
b,0.40691729323308273,Locally unique,0.04159624903804787,B-uniform,0.5420954794661755,0.5333663675457
b,0.4092481203007519,Locally unique,0.04168529413949886,B-uniform,0.5420954794661755,0.5333663675457
b,0.41157894736842104,Locally unique,0.041772736375137676,B-uniform,0.5420954794661755,0.5333663675457
b,0.4139097744360902,Locally unique,0.041858575262924545,B-uniform,0.5420954794661755,0.5333663675457
b,0.4162406015037594,Locally unique,0.04194281027255259,B-uniform,0.5420954794661755,0.5333663675457
b,0.4185714285714286,Locally unique,0.04202544082533105,B-uniform,0.5420954794661755,0.5333663675457
b,0.4209022556390978,Locally unique,0.04210646629406474,B-uniform,0.5420954794661755,0.5333663675457
b,0.42323308270676696,Locally unique,0.042185886002929586,B-uniform,0.5420954794661755,0.5333663675457
b,0.4255639097744361,Locally unique,0.04226369922734424,B-uniform,0.5420954794661755,0.5333663675457
b,0.42789473684210527,Locally unique,0.04233990519383785,B-uniform,0.5420954794661755,0.5333663675457
b,0.43022556390977446,Locally unique,0.04241450307991379,B-uniform,0.5420954794661755,0.5333663675457
b,0.43255639097744364,Locally unique,0.042487492013909445,B-uniform,0.5420954794661755,0.5333663675457
b,0.4348872180451128,Locally unique,0.042558871074852046,B-uniform,0.5420954794661755,0.5333663675457
b,0.43721804511278195,Locally unique,0.042628639292310415,B-uniform,0.5420954794661755,0.5333663675457
b,0.43954887218045113,Locally unique,0.04269679564624263,B-uniform,0.5420954794661755,0.5333663675457
b,0.4418796992481203,Locally unique,0.04276333906683973,B-uniform,0.5420954794661755,0.5333663675457
b,0.4442105263157895,Locally unique,0.04282826843436525,B-uniform,0.5420954794661755,0.5333663675457
b,0.4465413533834587,Locally unique,0.04289158257899049,B-uniform,0.5420954794661755,0.5333663675457
b,0.44887218045112787,Locally unique,0.04295328028062582,B-uniform,0.5420954794661755,0.5333663675457
b,0.451203007518797,Locally unique,0.04301336026874765,B-uniform,0.5420954794661755,0.5333663675457
b,0.4535338345864662,Locally unique,0.043071821222221245,B-uniform,0.5420954794661755,0.5333663675457
b,0.45586466165413536,Locally unique,0.04312866176911922,B-uniform,0.5420954794661755,0.5333663675457
b,0.45819548872180454,Locally unique,0.04318388048653572,B-uniform,0.5420954794661755,0.5333663675457
b,0.46052631578947373,Locally unique,0.0432374759003964,B-uniform,0.5420954794661755,0.5333663675457
b,0.46285714285714286,Locally unique,0.04328944648526388,B-uniform,0.5420954794661755,0.5333663675457
b,0.46518796992481204,Locally unique,0.043339790664138886,B-uniform,0.5420954794661755,0.5333663675457
b,0.4675187969924812,Locally unique,0.043388506808257,B-uniform,0.5420954794661755,0.5333663675457
b,0.4698496240601504,Locally unique,0.04343559323688083,B-uniform,0.5420954794661755,0.5333663675457
b,0.4721804511278196,Locally unique,0.043481048217087724,B-uniform,0.5420954794661755,0.5333663675457
b,0.4745112781954887,Locally unique,0.04352486996355299,B-uniform,0.5420954794661755,0.5333663675457
b,0.4768421052631579,Locally unique,0.043567056638328466,B-uniform,0.5420954794661755,0.5333663675457
b,0.4791729323308271,Locally unique,0.04360760635061649,B-uniform,0.5420954794661755,0.5333663675457
b,0.48150375939849627,Locally unique,0.04364651715653917,B-uniform,0.5420954794661755,0.5333663675457
b,0.48383458646616545,Locally unique,0.04368378705890308,B-uniform,0.5420954794661755,0.5333663675457
b,0.4861654135338346,Locally unique,0.04371941400695898,B-uniform,0.5420954794661755,0.5333663675457
b,0.48849624060150376,Locally unique,0.043753395896157,B-uniform,0.5420954794661755,0.5333663675457
b,0.49082706766917295,Locally unique,0.04378573056789681,B-uniform,0.5420954794661755,0.5333663675457
b,0.49315789473684213,Locally unique,0.043816415809272986,B-uniform,0.5420954794661755,0.5333663675457
b,0.4954887218045113,Locally unique,0.04384544935281548,B-uniform,0.5420954794661755,0.5333663675457
b,0.4978195488721805,Locally unique,0.043872828876225,B-uniform,0.5420954794661755,0.5333663675457
b,0.5001503759398496,Locally unique,0.043898552002103554,B-uniform,0.5420954794661755,0.5333663675457
b,0.5024812030075188,Locally unique,0.04392261629767979,B-uniform,0.5420954794661755,0.5333663675457
b,0.5048120300751879,Locally unique,0.04394501927452924,B-uniform,0.5420954794661755,0.5333663675457
b,0.5071428571428571,Locally unique,0.043965758388289505,B-uniform,0.5420954794661755,0.5333663675457
b,0.5094736842105263,Locally unique,0.043984831038370066,B-uniform,0.5420954794661755,0.5333663675457
b,0.5118045112781955,Locally unique,0.04400223456765699,B-uniform,0.5420954794661755,0.5333663675457
b,0.5141353383458647,Locally unique,0.04401796626221218,B-uniform,0.5420954794661755,0.5333663675457
b,0.5164661654135339,Locally unique,0.04403202335096735,B-uniform,0.5420954794661755,0.5333663675457
b,0.518796992481203,Locally unique,0.044044403005412534,B-uniform,0.5420954794661755,0.5333663675457
b,0.5211278195488722,Locally unique,0.04405510233927912,B-uniform,0.5420954794661755,0.5333663675457
b,0.5234586466165414,Locally unique,0.04406411840821729,B-uniform,0.5420954794661755,0.5333663675457
b,0.5257894736842106,Locally unique,0.044071448209468,B-uniform,0.5420954794661755,0.5333663675457
b,0.5281203007518798,Locally unique,0.044077088681529125,B-uniform,0.5420954794661755,0.5333663675457
b,0.5304511278195488,Locally unique,0.044081036703816086,B-uniform,0.5420954794661755,0.5333663675457
b,0.532781954887218,Locally unique,0.044083289096316446,B-uniform,0.5420954794661755,0.5333663675457
b,0.5351127819548872,Locally unique,0.04408384261923893,B-uniform,0.5420954794661755,0.5333663675457
b,0.5374436090225564,Locally unique,0.044082693972656364,B-uniform,0.5420954794661755,0.5333663675457
b,0.5397744360902256,Locally unique,0.044079839796142696,B-uniform,0.5420954794661755,0.5333663675457
b,0.5421052631578948,Locally unique,0.04407527666840406,B-uniform,0.5420954794661755,0.5333663675457
b,0.5444360902255639,Locally unique,0.0440690011069035,B-uniform,0.5420954794661755,0.5333663675457
b,0.5467669172932331,Locally unique,0.044061009567479915,B-uniform,0.5420954794661755,0.5333663675457
b,0.5490977443609023,Locally unique,0.04405129844396033,B-uniform,0.5420954794661755,0.5333663675457
b,0.5514285714285715,Locally unique,0.04403986406776617,B-uniform,0.5420954794661755,0.5333663675457
b,0.5537593984962407,Locally unique,0.044026702707513035,B-uniform,0.5420954794661755,0.5333663675457
b,0.5560902255639097,Locally unique,0.044011810568604,B-uniform,0.5420954794661755,0.5333663675457
b,0.5584210526315789,Locally unique,0.04399518379281642,B-uniform,0.5420954794661755,0.5333663675457
b,0.5607518796992481,Locally unique,0.043976818457882136,B-uniform,0.5420954794661755,0.5333663675457
b,0.5630827067669173,Locally unique,0.043956710577060965,B-uniform,0.5420954794661755,0.5333663675457
b,0.5654135338345865,Locally unique,0.043934856098707425,B-uniform,0.5420954794661755,0.5333663675457
b,0.5677443609022557,Locally unique,0.04391125090583064,B-uniform,0.5420954794661755,0.5333663675457
b,0.5700751879699248,Locally unique,0.043885890815647366,B-uniform,0.5420954794661755,0.5333663675457
b,0.572406015037594,Locally unique,0.04385877157912784,B-uniform,0.5420954794661755,0.5333663675457
b,0.5747368421052632,Locally unique,0.04382988888053475,B-uniform,0.5420954794661755,0.5333663675457
b,0.5770676691729324,Locally unique,0.04379923833695486,B-uniform,0.5420954794661755,0.5333663675457
b,0.5793984962406016,Locally unique,0.043766815497823484,B-uniform,0.5420954794661755,0.5333663675457
b,0.5817293233082707,Locally unique,0.04373261584444148,B-uniform,0.5420954794661755,0.5333663675457
b,0.5840601503759398,Locally unique,0.043696634789484934,B-uniform,0.5420954794661755,0.5333663675457
b,0.586390977443609,Locally unique,0.04365886767650718,B-uniform,0.5420954794661755,0.5333663675457
b,0.5887218045112782,Locally unique,0.043619309779433284,B-uniform,0.5420954794661755,0.5333663675457
b,0.5910526315789474,Locally unique,0.043577956302046736,B-uniform,0.5420954794661755,0.5333663675457
b,0.5933834586466166,Locally unique,0.04353480237746829,B-uniform,0.5420954794661755,0.5333663675457
b,0.5957142857142858,Locally unique,0.04348984306762703,B-uniform,0.5420954794661755,0.5333663675457
b,0.5980451127819549,Locally unique,0.04344307336272318,B-uniform,0.5420954794661755,0.5333663675457
b,0.6003759398496241,Locally unique,0.04339448818068292,B-uniform,0.5420954794661755,0.5333663675457
b,0.6027067669172933,Locally unique,0.04334408236660504,B-uniform,0.5420954794661755,0.5333663675457
b,0.6050375939849624,Locally unique,0.04329185069219903,B-uniform,0.5420954794661755,0.5333663675457
b,0.6073684210526316,Locally unique,0.04323778785521489,B-uniform,0.5420954794661755,0.5333663675457
b,0.6096992481203007,Locally unique,0.04318188847886438,B-uniform,0.5420954794661755,0.5333663675457
b,0.6120300751879699,Locally unique,0.043124147111233496,B-uniform,0.5420954794661755,0.5333663675457
b,0.6143609022556391,Locally unique,0.04306455822468623,B-uniform,0.5420954794661755,0.5333663675457
b,0.6166917293233083,Locally unique,0.04300311621525939,B-uniform,0.5420954794661755,0.5333663675457
b,0.6190225563909775,Locally unique,0.04293981540204843,B-uniform,0.5420954794661755,0.5333663675457
b,0.6213533834586467,Locally unique,0.04287465002658412,B-uniform,0.5420954794661755,0.5333663675457
b,0.6236842105263158,Locally unique,0.04280761425219993,B-uniform,0.5420954794661755,0.5333663675457
b,0.626015037593985,Locally unique,0.04273870216339003,B-uniform,0.5420954794661755,0.5333663675457
b,0.6283458646616542,Locally unique,0.04266790776515785,B-uniform,0.5420954794661755,0.5333663675457
b,0.6306766917293233,Locally unique,0.04259522498235484,B-uniform,0.5420954794661755,0.5333663675457
b,0.6330075187969925,Locally unique,0.042520647659009564,B-uniform,0.5420954794661755,0.5333663675457
b,0.6353383458646616,Locally unique,0.042444169557646835,B-uniform,0.5420954794661755,0.5333663675457
b,0.6376691729323308,Locally unique,0.04236578435859686,B-uniform,0.5420954794661755,0.5333663675457
b,0.64,Locally unique,0.04228548565929406,B-uniform,0.5420954794661755,0.5333663675457
b,0.6423308270676692,Locally unique,0.04220326697356571,B-uniform,0.5420954794661755,0.5333663675457
b,0.6446616541353384,Locally unique,0.04211912173091004,B-uniform,0.5420954794661755,0.5333663675457
b,0.6469924812030076,Locally unique,0.042033043275763675,B-uniform,0.5420954794661755,0.5333663675457
b,0.6493233082706767,Locally unique,0.041945024866758315,B-uniform,0.5420954794661755,0.5333663675457
b,0.6516541353383459,Locally unique,0.04185505967596661,B-uniform,0.5420954794661755,0.5333663675457
b,0.653984962406015,Locally unique,0.04176314078813674,B-uniform,0.5420954794661755,0.5333663675457
b,0.6563157894736842,Locally unique,0.041669261199916,B-uniform,0.5420954794661755,0.5333663675457
b,0.6586466165413534,Locally unique,0.04157341381906276,B-uniform,0.5420954794661755,0.5333663675457
b,0.6609774436090226,Locally unique,0.041475591463647064,B-uniform,0.5420954794661755,0.5333663675457
b,0.6633082706766917,Locally unique,0.04137578686123932,B-uniform,0.5420954794661755,0.5333663675457
b,0.6656390977443609,Locally unique,0.04127399264808728,B-uniform,0.5420954794661755,0.5333663675457
b,0.6679699248120301,Locally unique,0.04117020136828079,B-uniform,0.5420954794661755,0.5333663675457
b,0.6703007518796993,Locally unique,0.0410644054729044,B-uniform,0.5420954794661755,0.5333663675457
b,0.6726315789473685,Locally unique,0.0409565973191775,B-uniform,0.5420954794661755,0.5333663675457
b,0.6749624060150377,Locally unique,0.040846769169581854,B-uniform,0.5420954794661755,0.5333663675457
b,0.6772932330827068,Locally unique,0.04073491319097641,B-uniform,0.5420954794661755,0.5333663675457
b,0.6796240601503759,Locally unique,0.040621021453699065,B-uniform,0.5420954794661755,0.5333663675457
b,0.6819548872180451,Locally unique,0.04050508593065521,B-uniform,0.5420954794661755,0.5333663675457
b,0.6842857142857143,Locally unique,0.04038709849639307,B-uniform,0.5420954794661755,0.5333663675457
b,0.6866165413533835,Locally unique,0.04026705092616533,B-uniform,0.5420954794661755,0.5333663675457
b,0.6889473684210526,Locally unique,0.04014493489497708,B-uniform,0.5420954794661755,0.5333663675457
b,0.6912781954887218,Locally unique,0.04002074197661971,B-uniform,0.5420954794661755,0.5333663675457
b,0.693609022556391,Locally unique,0.0398944636426907,B-uniform,0.5420954794661755,0.5333663675457
b,0.6959398496240602,Locally unique,0.039766091261598975,B-uniform,0.5420954794661755,0.5333663675457
b,0.6982706766917294,Locally unique,0.03963561609755563,B-uniform,0.5420954794661755,0.5333663675457
b,0.7006015037593986,Locally unique,0.039503029309549804,B-uniform,0.5420954794661755,0.5333663675457
b,0.7029323308270677,Locally unique,0.03936832195030955,B-uniform,0.5420954794661755,0.5333663675457
b,0.7052631578947368,Locally unique,0.039231484965247386,B-uniform,0.5420954794661755,0.5333663675457
b,0.707593984962406,Locally unique,0.039092509191390186,B-uniform,0.5420954794661755,0.5333663675457
b,0.7099248120300752,Locally unique,0.03895138535629356,B-uniform,0.5420954794661755,0.5333663675457
b,0.7122556390977444,Locally unique,0.038808104076939964,B-uniform,0.5420954794661755,0.5333663675457
b,0.7145864661654135,Locally unique,0.03866265585862067,B-uniform,0.5420954794661755,0.5333663675457
b,0.7169172932330827,Locally unique,0.03851503109380125,B-uniform,0.5420954794661755,0.5333663675457
b,0.7192481203007519,Locally unique,0.03836522006097015,B-uniform,0.5420954794661755,0.5333663675457
b,0.7215789473684211,Locally unique,0.0382132129234704,B-uniform,0.5420954794661755,0.5333663675457
b,0.7239097744360903,Locally unique,0.03805899972831386,B-uniform,0.5420954794661755,0.5333663675457
b,0.7262406015037595,Locally unique,0.03790257040497798,B-uniform,0.5420954794661755,0.5333663675457
b,0.7285714285714286,Locally unique,0.03774391476418474,B-uniform,0.5420954794661755,0.5333663675457
b,0.7309022556390977,Locally unique,0.03758302249666129,B-uniform,0.5420954794661755,0.5333663675457
b,0.7332330827067669,Locally unique,0.03741988317188237,B-uniform,0.5420954794661755,0.5333663675457
b,0.7355639097744361,Locally unique,0.03725448623679381,B-uniform,0.5420954794661755,0.5333663675457
b,0.7378947368421053,Locally unique,0.0370868210145172,B-uniform,0.5420954794661755,0.5333663675457
b,0.7402255639097745,Locally unique,0.03691687670303507,B-uniform,0.5420954794661755,0.5333663675457
b,0.7425563909774436,Locally unique,0.03674464237385653,B-uniform,0.5420954794661755,0.5333663675457
b,0.7448872180451128,Locally unique,0.03657010697066294,B-uniform,0.5420954794661755,0.5333663675457
b,0.747218045112782,Locally unique,0.03639325930793324,B-uniform,0.5420954794661755,0.5333663675457
b,0.7495488721804512,Locally unique,0.03621408806954878,B-uniform,0.5420954794661755,0.5333663675457
b,0.7518796992481204,Locally unique,0.036032581807377125,B-uniform,0.5420954794661755,0.5333663675457
b,0.7542105263157894,Locally unique,0.03584872893983458,B-uniform,0.5420954794661755,0.5333663675457
b,0.7565413533834586,Locally unique,0.03566251775042715,B-uniform,0.5420954794661755,0.5333663675457
b,0.7588721804511278,Locally unique,0.03547393638626938,B-uniform,0.5420954794661755,0.5333663675457
b,0.761203007518797,Locally unique,0.035282972856581024,B-uniform,0.5420954794661755,0.5333663675457
b,0.7635338345864662,Locally unique,0.0350896150311608,B-uniform,0.5420954794661755,0.5333663675457
b,0.7658646616541354,Locally unique,0.03489385063883717,B-uniform,0.5420954794661755,0.5333663675457
b,0.7681954887218045,Locally unique,0.03469566726589561,B-uniform,0.5420954794661755,0.5333663675457
b,0.7705263157894737,Locally unique,0.03449505235448199,B-uniform,0.5420954794661755,0.5333663675457
b,0.7728571428571429,Locally unique,0.034291993200981655,B-uniform,0.5420954794661755,0.5333663675457
b,0.7751879699248121,Locally unique,0.03408647695437391,B-uniform,0.5420954794661755,0.5333663675457
b,0.7775187969924813,Locally unique,0.03387849061456128,B-uniform,0.5420954794661755,0.5333663675457
b,0.7798496240601503,Locally unique,0.033668021030673394,B-uniform,0.5420954794661755,0.5333663675457
b,0.7821804511278195,Locally unique,0.033455054899344736,B-uniform,0.5420954794661755,0.5333663675457
b,0.7845112781954887,Locally unique,0.03323957876296622,B-uniform,0.5420954794661755,0.5333663675457
b,0.7868421052631579,Locally unique,0.03302157900790969,B-uniform,0.5420954794661755,0.5333663675457
b,0.7891729323308271,Locally unique,0.03280104186272532,B-uniform,0.5420954794661755,0.5333663675457
b,0.7915037593984963,Locally unique,0.032577953396311116,B-uniform,0.5420954794661755,0.5333663675457
b,0.7938345864661654,Locally unique,0.032352299516054193,B-uniform,0.5420954794661755,0.5333663675457
b,0.7961654135338346,Locally unique,0.032124065965943346,B-uniform,0.5420954794661755,0.5333663675457
b,0.7984962406015038,Locally unique,0.03189323832465237,B-uniform,0.5420954794661755,0.5333663675457
b,0.800827067669173,Locally unique,0.03165980200359368,B-uniform,0.5420954794661755,0.5333663675457
b,0.8031578947368421,Locally unique,0.03142374224494159,B-uniform,0.5420954794661755,0.5333663675457
b,0.8054887218045113,Locally unique,0.031185044119624885,B-uniform,0.5420954794661755,0.5333663675457
b,0.8078195488721804,Locally unique,0.030943692525288096,B-uniform,0.5420954794661755,0.5333663675457
b,0.8101503759398496,Locally unique,0.03069967218422079,B-uniform,0.5420954794661755,0.5333663675457
b,0.8124812030075188,Locally unique,0.03045296764125456,B-uniform,0.5420954794661755,0.5333663675457
b,0.814812030075188,Locally unique,0.030203563261626945,B-uniform,0.5420954794661755,0.5333663675457
b,0.8171428571428572,Locally unique,0.029951443228811766,B-uniform,0.5420954794661755,0.5333663675457
b,0.8194736842105264,Locally unique,0.029696591542315312,B-uniform,0.5420954794661755,0.5333663675457
b,0.8218045112781955,Locally unique,0.029438992015437704,B-uniform,0.5420954794661755,0.5333663675457
b,0.8241353383458647,Locally unique,0.029178628272998903,B-uniform,0.5420954794661755,0.5333663675457
b,0.8264661654135339,Locally unique,0.02891548374902862,B-uniform,0.5420954794661755,0.5333663675457
b,0.828796992481203,Locally unique,0.02864954168441957,B-uniform,0.5420954794661755,0.5333663675457
b,0.8311278195488722,Locally unique,0.02838078512454336,B-uniform,0.5420954794661755,0.5333663675457
b,0.8334586466165413,Locally unique,0.02810919691682841,B-uniform,0.5420954794661755,0.5333663675457
b,0.8357894736842105,Locally unique,0.02783475970829908,B-uniform,0.5420954794661755,0.5333663675457
b,0.8381203007518797,Locally unique,0.027557455943075466,B-uniform,0.5420954794661755,0.5333663675457
b,0.8404511278195489,Locally unique,0.027277267859833008,B-uniform,0.5420954794661755,0.5333663675457
b,0.8427819548872181,Locally unique,0.02699417748922129,B-uniform,0.5420954794661755,0.5333663675457
b,0.8451127819548873,Locally unique,0.02670816665124119,B-uniform,0.5420954794661755,0.5333663675457
b,0.8474436090225564,Locally unique,0.02641921695257971,B-uniform,0.5420954794661755,0.5333663675457
b,0.8497744360902256,Locally unique,0.026127309783901542,B-uniform,0.5420954794661755,0.5333663675457
b,0.8521052631578948,Locally unique,0.0258324263170969,B-uniform,0.5420954794661755,0.5333663675457
b,0.8544360902255639,Locally unique,0.025534547502484375,B-uniform,0.5420954794661755,0.5333663675457
b,0.8567669172932331,Locally unique,0.025233654065968242,B-uniform,0.5420954794661755,0.5333663675457
b,0.8590977443609022,Locally unique,0.024929726506149517,B-uniform,0.5420954794661755,0.5333663675457
b,0.8614285714285714,Locally unique,0.024622745091389456,B-uniform,0.5420954794661755,0.5333663675457
b,0.8637593984962406,Locally unique,0.02431268985682499,B-uniform,0.5420954794661755,0.5333663675457
b,0.8660902255639098,Locally unique,0.023999540601335075,B-uniform,0.5420954794661755,0.5333663675457
b,0.868421052631579,Locally unique,0.023683276884456955,B-uniform,0.5420954794661755,0.5333663675457
b,0.8707518796992482,Locally unique,0.02336387802325153,B-uniform,0.5420954794661755,0.5333663675457
b,0.8730827067669173,Locally unique,0.023041323089116734,B-uniform,0.5420954794661755,0.5333663675457
b,0.8754135338345865,Locally unique,0.022715590904548055,B-uniform,0.5420954794661755,0.5333663675457
b,0.8777443609022557,Locally unique,0.022386660039845067,B-uniform,0.5420954794661755,0.5333663675457
b,0.8800751879699248,Locally unique,0.022054508809763073,B-uniform,0.5420954794661755,0.5333663675457
b,0.882406015037594,Locally unique,0.021719115270108644,B-uniform,0.5420954794661755,0.5333663675457
b,0.8847368421052632,Locally unique,0.021380457214278243,B-uniform,0.5420954794661755,0.5333663675457
b,0.8870676691729323,Locally unique,0.021038512169738472,B-uniform,0.5420954794661755,0.5333663675457
b,0.8893984962406015,Locally unique,0.02069325739444714,B-uniform,0.5420954794661755,0.5333663675457
b,0.8917293233082707,Locally unique,0.020344669873213844,B-uniform,0.5420954794661755,0.5333663675457
b,0.8940601503759399,Locally unique,0.019992726313998878,B-uniform,0.5420954794661755,0.5333663675457
b,0.8963909774436091,Locally unique,0.019637403144149357,B-uniform,0.5420954794661755,0.5333663675457
b,0.8987218045112783,Locally unique,0.019278676506571276,B-uniform,0.5420954794661755,0.5333663675457
b,0.9010526315789474,Locally unique,0.01891652225583621,B-uniform,0.5420954794661755,0.5333663675457
b,0.9033834586466165,Locally unique,0.01855091595422147,B-uniform,0.5420954794661755,0.5333663675457
b,0.9057142857142857,Locally unique,0.018181832867682244,B-uniform,0.5420954794661755,0.5333663675457
b,0.9080451127819549,Locally unique,0.017809247961754624,B-uniform,0.5420954794661755,0.5333663675457
b,0.9103759398496241,Locally unique,0.017433135897387885,B-uniform,0.5420954794661755,0.5333663675457
b,0.9127067669172932,Locally unique,0.01705347102670473,B-uniform,0.5420954794661755,0.5333663675457
b,0.9150375939849624,Locally unique,0.016670227388688116,B-uniform,0.5420954794661755,0.5333663675457
b,0.9173684210526316,Locally unique,0.016283378704793093,B-uniform,0.5420954794661755,0.5333663675457
b,0.9196992481203008,Locally unique,0.015892898374482163,B-uniform,0.5420954794661755,0.5333663675457
b,0.92203007518797,Locally unique,0.01549875947068273,B-uniform,0.5420954794661755,0.5333663675457
b,0.9243609022556392,Locally unique,0.015100934735164875,B-uniform,0.5420954794661755,0.5333663675457
b,0.9266917293233083,Locally unique,0.014699396573838031,B-uniform,0.5420954794661755,0.5333663675457
b,0.9290225563909774,Locally unique,0.014294117051964811,B-uniform,0.5420954794661755,0.5333663675457
b,0.9313533834586466,Locally unique,0.013885067889290219,B-uniform,0.5420954794661755,0.5333663675457
b,0.9336842105263158,Locally unique,0.013472220455084833,B-uniform,0.5420954794661755,0.5333663675457
b,0.936015037593985,Locally unique,0.013055545763099743,B-uniform,0.5420954794661755,0.5333663675457
b,0.9383458646616541,Locally unique,0.012635014466431794,B-uniform,0.5420954794661755,0.5333663675457
b,0.9406766917293233,Locally unique,0.012210596852297122,B-uniform,0.5420954794661755,0.5333663675457
b,0.9430075187969925,Locally unique,0.011782262836711091,B-uniform,0.5420954794661755,0.5333663675457
b,0.9453383458646617,Locally unique,0.011349981959072759,B-uniform,0.5420954794661755,0.5333663675457
b,0.9476691729323309,Locally unique,0.010913723376651797,B-uniform,0.5420954794661755,0.5333663675457
b,0.95,Locally unique,0.010473455858975904,B-uniform,0.5420954794661755,0.5333663675457
