link_ID,focal_site,pair,pollinator,plant,q,Y,O_l,n,R,O_r,det_category,d_pol,d_pla,g,pi_Y,pi_l,pi_r,recurrent,locally unique,possibly missing,phantom,model-elusive,weakly supported,locally absent,possibly forbidden,phi,top_category,top_conf,entropy
0,Dune system 1,Dasytes nigroaeneus||Asteriscus aquaticus,Dasytes nigroaeneus,Asteriscus aquaticus,0.5020325220066872,0,1,0,2,0,weakly supported,7,4,0.0374331550802139,0.12245989304812835,0.06684491978609626,0.12620320855614975,0.0035197537691601674,0.04061515041816429,0.0037206849149649403,0.04293373553683359,0.03524861226011452,0.40674086395472364,0.037260839396998285,0.4299603597490406,0.5271059047141258,possibly forbidden,0.4299603597490406,0.6132802342555912
1,Dune system 1,Dasytes nigroaeneus||Cakile maritima,Dasytes nigroaeneus,Cakile maritima,0.701334027758455,1,0,1,1,1,possibly missing,7,39,0.3649732620320855,0.3189839572192513,0.2142379679144385,0.3554812834224599,0.026163580489206924,0.008980099988445352,0.26836548926411036,0.09211082282999943,0.03996952951650411,0.01371870228913782,0.4099760867507347,0.1407156888718613,0.76717348829813925,locally absent,0.4099760867507347,0.7402694028135522
2,Dune system 1,Dasytes nigroaeneus||Daucus carota,Dasytes nigroaeneus,Daucus carota,0.7873362296274055,1,0,1,2,1,possibly missing,7,37,0.3462566844919786,0.30775401069518715,0.20581550802139037,0.34237967914438505,0.022117141451297347,0.010381958961374378,0.23867514355082012,0.11203597675138997,0.03559828537118571,0.01671011322293936,0.38415569615269746,0.18032568453829573,0.7076383387103142,locally absent,0.38415569615269746,0.7609868063705102
3,Dune system 1,Dasytes nigroaeneus||Limonium sp.,Dasytes nigroaeneus,Limonium sp.,0.7358268700581171,1,0,0,1,0,phantom,7,9,0.08422459893048129,0.15053475935828878,0.08790106951871658,0.1589572192513369,8.444315143703265e-4,0.005767931984160374,0.02450457135541364,0.16737970868416135,0.0034097034640290422,0.023290151222435995,0.09894623828363933,0.67585726349179,0.1567630278240486,possibly forbidden,0.67585726349179,0.49358703648519686
4,Dune system 1,Dasytes nigroaeneus||Salvia rosmarinus,Dasytes nigroaeneus,Salvia rosmarinus,0.5845459502015167,0,0,0,1,0,possibly forbidden,7,3,0.028074866310160426,0.11684491978609626,0.0626336898395722,0.1196524064171123,1.9222893940532208e-4,0.0018258680148672262,0.008045536379086964,0.0764197502336053,0.0020304979183670456,0.019286488365748262,0.08498431568327178,0.8072153144656481,0.11636493530074665,possibly forbidden,0.8072153144656481,0.34605409092885814
5,Dune system 1,Dasytes nigroaeneus||Sedum sediforme,Dasytes nigroaeneus,Sedum sediforme,0.5162544452345288,0,1,0,2,0,weakly supported,7,5,0.04679144385026738,0.12807486631016043,0.07105614973262032,0.13275401069518716,0.0040205872874939505,0.04377436740185478,0.003980177869914327,0.043334407623558814,0.038252640821542,0.4164777515518341,0.037868177849853975,0.41229188959394814,0.5443737027824931,weakly supported,0.4164777515518341,0.6232727201158047
6,Dune system 1,Dasytes nigroaeneus||Teucrium capitatum,Dasytes nigroaeneus,Teucrium capitatum,0.5982969193931601,0,0,1,3,1,locally absent,7,36,0.33689839572192515,0.30213903743315507,0.2016042780748663,0.33582887700534764,0.012061538128163943,0.007526023696754363,0.1335844914692966,0.08335255733008633,0.038933316472073196,0.02429317548463145,0.43119602382973904,0.26905287358925517,0.6475945690806585,locally absent,0.43119602382973904,0.7207339897365791
7,Dune system 1,Lasioglossum sp.||Asteriscus aquaticus,Lasioglossum sp.,Asteriscus aquaticus,0.7980230240444722,1,1,2,2,1,recurrent,17,4,0.09090909090909091,0.15454545454545454,0.09090909090909091,0.16363636363636364,0.09786930381542941,0.017926364536746894,0.07410912601052748,0.013574299157883484,0.3831103492884771,0.07017292972776765,0.2901009003282688,0.0531367271348992,0.9332889737072173,model-elusive,0.3831103492884771,0.7789224550456364
8,Dune system 1,Lasioglossum sp.||Cakile maritima,Lasioglossum sp.,Cakile maritima,0.8616745364521717,1,1,1,1,1,recurrent,17,39,0.8863636363636364,0.6318181818181817,0.44886363636363635,0.7204545454545455,0.6015103277778214,0.0441828919580425,0.055925892551933684,0.0041079388901064315,0.25081682444606146,0.018423312358907516,0.023319890160504158,0.0017129218566227981,0.9941791392532707,recurrent,0.6015103277778214,0.5513293999203643
9,Dune system 1,Lasioglossum sp.||Daucus carota,Lasioglossum sp.,Daucus carota,0.907589606431282,1,1,2,2,1,recurrent,17,37,0.8409090909090909,0.6045454545454545,0.4284090909090909,0.6886363636363637,0.6087980012002707,0.00986464722772873,0.06150707087148225,9.966286928699793e-4,0.28496018722847777,0.004617347158522854,0.0287896254535289,4.664921671187905e-4,0.9985368791400112,recurrent,0.6087980012002707,0.4878163479907041
10,Dune system 1,Lasioglossum sp.||Limonium sp.,Lasioglossum sp.,Limonium sp.,0.880797077853118,1,1,1,1,1,recurrent,17,9,0.20454545454545456,0.22272727272727272,0.14204545454545456,0.24318181818181822,0.12346780636585031,0.07274102043511271,0.05646974977393952,0.033269135843398016,0.3083167507535806,0.18164471960082443,0.1410130322926376,0.0830777849346568,0.8836530792219452,model-elusive,0.3083167507535806,0.9040689266741935
11,Dune system 1,Lasioglossum sp.||Salvia rosmarinus,Lasioglossum sp.,Salvia rosmarinus,0.846487972213311,1,0,1,1,1,possibly missing,17,3,0.06818181818181818,0.1409090909090909,0.08068181818181819,0.14772727272727273,0.0027119924614694493,0.0029619081740704027,0.0864198565027274,0.09438362495990404,0.011831285822229948,0.012921563272944556,0.37701359333641477,0.41175617547023946,0.4938601995698565,possibly forbidden,0.41175617547023946,0.6297238438942422
12,Dune system 1,Lasioglossum sp.||Sedum sediforme,Lasioglossum sp.,Sedum sediforme,0.8070406210414581,1,1,2,2,1,recurrent,17,5,0.11363636363636363,0.16818181818181818,0.10113636363636364,0.17954545454545456,0.11315453304370456,0.018530300823347532,0.07615240545899661,0.01247079497055332,0.4004651059539542,0.06558057094994456,0.26951090955416435,0.04413537924533484,0.9433938257841118,model-elusive,0.4004651059539542,0.7730352899240991
13,Dune system 1,Lasioglossum sp.||Teucrium capitatum,Lasioglossum sp.,Teucrium capitatum,0.7980230240444722,1,1,3,3,1,recurrent,17,36,0.8181818181818182,0.5909090909090909,0.4181818181818182,0.6727272727272728,0.6029968895221808,0.0019901300460563507,0.06352759388984623,2.0966637730757026e-4,0.29871538219406496,9.858798074309921e-4,0.03147059266543152,1.0386549768159637e-4,0.9996864681250108,recurrent,0.6029968895221808,0.467349891654341
14,Dune system 1,Pyrellia vivida||Asteriscus aquaticus,Pyrellia vivida,Asteriscus aquaticus,0.586518988951712,0,1,0,2,0,weakly supported,7,4,0.0374331550802139,0.12245989304812835,0.06684491978609626,0.12620320855614975,0.0035197537691601674,0.04061515041816429,0.0037206849149649403,0.04293373553683359,0.03524861226011452,0.40674086395472364,0.037260839396998285,0.4299603597490406,0.5271059047141258,possibly forbidden,0.4299603597490406,0.6132802342555912
15,Dune system 1,Pyrellia vivida||Cakile maritima,Pyrellia vivida,Cakile maritima,0.6910169620003201,0,1,1,1,1,model-elusive,7,39,0.3649732620320855,0.3189839572192513,0.2142379679144385,0.3554812834224599,0.1462622898328799,0.050201461828974954,0.04062114496408266,0.01394235561807286,0.43639273477260015,0.1497826489805429,0.12119851645099346,0.04159884755185321,0.9444587968300739,model-elusive,0.43639273477260015,0.796046679683743
16,Dune system 1,Pyrellia vivida||Daucus carota,Pyrellia vivida,Daucus carota,0.7790540839823915,1,1,2,2,1,recurrent,7,37,0.3462566844919786,0.30775401069518715,0.20581550802139037,0.34237967914438505,0.2774598072713404,0.019098432617938744,0.08107156930971772,0.0055804115158849055,0.446580920958029,0.030739571656348254,0.13048742605965957,0.00898186061108134,0.9854377278730337,model-elusive,0.446580920958029,0.6920454196704984
17,Dune system 1,Pyrellia vivida||Limonium sp.,Pyrellia vivida,Limonium sp.,0.7967093975355131,1,0,0,1,0,phantom,7,9,0.08422459893048129,0.15053475935828878,0.08790106951871658,0.1589572192513369,8.444315143703265e-4,0.005767931984160374,0.02450457135541364,0.16737970868416135,0.0034097034640290422,0.023290151222435995,0.09894623828363933,0.67585726349179,0.1567630278240486,possibly forbidden,0.67585726349179,0.49358703648519686
18,Dune system 1,Pyrellia vivida||Salvia rosmarinus,Pyrellia vivida,Salvia rosmarinus,0.664391592040326,0,0,0,1,0,possibly forbidden,7,3,0.028074866310160426,0.11684491978609626,0.0626336898395722,0.1196524064171123,1.9222893940532208e-4,0.0018258680148672262,0.008045536379086964,0.0764197502336053,0.0020304979183670456,0.019286488365748262,0.08498431568327178,0.8072153144656481,0.11636493530074665,possibly forbidden,0.8072153144656481,0.34605409092885814
19,Dune system 1,Pyrellia vivida||Sedum sediforme,Pyrellia vivida,Sedum sediforme,0.6892783806790695,0,0,0,2,0,possibly forbidden,7,5,0.04679144385026738,0.12807486631016043,0.07105614973262032,0.13275401069518716,2.1300504150626332e-4,0.0023191042200091843,0.007787760115902012,0.08478967080540441,0.0020265709368532145,0.0220644036336861,0.07409424773454275,0.806705237512096,0.10850509168249955,possibly forbidden,0.806705237512096,0.34899992491721454
20,Dune system 1,Pyrellia vivida||Teucrium capitatum,Pyrellia vivida,Teucrium capitatum,0.6769602688421362,0,0,1,3,1,locally absent,7,36,0.33689839572192515,0.30213903743315507,0.2016042780748663,0.33582887700534764,0.012061538128163943,0.007526023696754363,0.1335844914692966,0.08335255733008633,0.038933316472073196,0.02429317548463145,0.43119602382973904,0.26905287358925517,0.6475945690806585,locally absent,0.43119602382973904,0.7207339897365791
21,Dune system 1,Tapinoma nigerrinum||Asteriscus aquaticus,Tapinoma nigerrinum,Asteriscus aquaticus,0.5020325220066872,0,1,0,2,0,weakly supported,4,4,0.0213903743315508,0.11283422459893049,0.059625668449197866,0.11497326203208556,0.002748993548710946,0.03526703858120672,0.0032829662529276237,0.04211741331917268,0.030206074796004775,0.38751593495628434,0.03607339283687729,0.4627881857088157,0.49509440097201163,possibly forbidden,0.4627881857088157,0.5943115972948225
22,Dune system 1,Tapinoma nigerrinum||Cakile maritima,Tapinoma nigerrinum,Cakile maritima,0.613823916970534,0,1,1,1,1,model-elusive,4,39,0.20855614973262032,0.2251336898395722,0.14385026737967915,0.24598930481283424,0.07508018163016653,0.043566412254674725,0.03383682139690237,0.01963432797254912,0.3611338902638651,0.2095534081133404,0.1627543071941266,0.09444065117437521,0.8859250208530757,model-elusive,0.3611338902638651,0.8349870344851502
23,Dune system 1,Tapinoma nigerrinum||Daucus carota,Tapinoma nigerrinum,Daucus carota,0.7873362296274055,1,0,0,1,0,phantom,4,37,0.19786096256684493,0.21871657754010695,0.13903743315508021,0.23850267379679146,0.0029973376418936898,0.012354599329585844,0.05190666015118482,0.21395186839868655,0.007661361124301828,0.031579040574892824,0.13267629999915076,0.5468728327803037,0.23917529882100974,possibly forbidden,0.5468728327803037,0.624999042001033
24,Dune system 1,Tapinoma nigerrinum||Limonium sp.,Tapinoma nigerrinum,Limonium sp.,0.7358268700581171,1,0,0,1,0,phantom,4,9,0.04812834224598931,0.12887700534759358,0.07165775401069518,0.13368983957219252,4.913580087512556e-4,0.004110464596943232,0.01780237116757786,0.14892606841179276,0.002376541698426613,0.019881003953447756,0.08610438144305173,0.7203078107200088,0.1307661208681984,possibly forbidden,0.7203078107200088,0.4430791191449255
25,Dune system 1,Tapinoma nigerrinum||Salvia rosmarinus,Tapinoma nigerrinum,Salvia rosmarinus,0.5845459502015167,0,0,0,0,0,possibly forbidden,4,3,0.0160427807486631,0.10962566844919787,0.0572192513368984,0.11122994652406418,1.9129680920033758e-4,0.0015285350812065436,0.0088147733647975,0.07043342948218002,0.0021713245613293884,0.01734971836985309,0.10005255178873694,0.7994583705426961,0.1301081999751239,possibly forbidden,0.7994583705426961,0.35251594907308464
26,Dune system 1,Tapinoma nigerrinum||Sedum sediforme,Tapinoma nigerrinum,Sedum sediforme,0.6118949359896821,0,0,0,1,0,possibly forbidden,4,5,0.026737967914438502,0.1160427807486631,0.06203208556149733,0.11871657754010696,1.8743638898088757e-4,0.0017962881661942804,0.007926115536538115,0.07595957017515854,0.0019953710671127057,0.019122548479028178,0.08437818132429623,0.8086344888626911,0.1154059409621504,possibly forbidden,0.8086344888626911,0.3441068225758139
27,Dune system 1,Tapinoma nigerrinum||Teucrium capitatum,Tapinoma nigerrinum,Teucrium capitatum,0.5982969193931601,0,0,1,2,1,locally absent,4,36,0.19251336898395724,0.21550802139037434,0.13663101604278077,0.2347593582887701,0.00489703622730896,0.0039011396633238304,0.0865396932984318,0.06894035786292578,0.02491236892142788,0.019846010116234037,0.4402476652664006,0.3507157286439472,0.580343913493127,locally absent,0.4402476652664006,0.6455005372851186
28,Dune system 1,Unknown insect||Asteriscus aquaticus,Unknown insect,Asteriscus aquaticus,0.5,0,1,0,0,0,weakly supported,2,4,0.0106951871657754,0.10641711229946524,0.054812834224598934,0.10748663101604279,0.0036605447121315243,0.03039526927635579,0.004779764128062673,0.039688688207644776,0.04295618771321358,0.35668595668335046,0.05609013446263502,0.4657434548166061,0.4945678569757491,possibly forbidden,0.4657434548166061,0.6255081357622072
29,Dune system 1,Unknown insect||Cakile maritima,Unknown insect,Cakile maritima,0.6253209290199297,0,0,0,0,0,possibly forbidden,2,39,0.10427807486631016,0.1625668449197861,0.09692513368983957,0.17299465240641712,7.798156125671334e-4,0.0037279284229832206,0.02031955359649077,0.09713814416374951,0.005613926754822439,0.026837520019576202,0.1462813564425368,0.699301754987274,0.20356010084897647,possibly forbidden,0.699301754987274,0.4758886510690454
30,Dune system 1,Unknown insect||Daucus carota,Unknown insect,Daucus carota,0.7246168617260806,1,0,1,1,1,possibly missing,2,37,0.09893048128342247,0.15935828877005348,0.09451871657754012,0.16925133689839572,0.003906343752206804,0.0036297206507957267,0.10465669350741551,0.09724555383874327,0.014745180506092833,0.013701018030591976,0.39504506895121266,0.3670704207629412,0.5356840253983155,locally absent,0.39504506895121266,0.6543310367450726
31,Dune system 1,Unknown insect||Limonium sp.,Unknown insect,Limonium sp.,0.6643916279937605,0,0,0,0,0,possibly forbidden,2,9,0.024064171122994655,0.1144385026737968,0.0608288770053476,0.11684491978609626,2.2386400638641003e-4,0.0016920430505590672,0.00966616254122192,0.07306026286877805,0.002420959214592685,0.018298462896566673,0.10453393402389526,0.790104311398,0.13683542573322194,possibly forbidden,0.790104311398,0.3648480603925334
32,Dune system 1,Unknown insect||Salvia rosmarinus,Unknown insect,Salvia rosmarinus,0.500000013436996,0,0,0,1,0,possibly forbidden,2,3,0.00802139037433155,0.10481283422459893,0.0536096256684492,0.10561497326203209,1.2861814111254918e-4,0.0014061094339926678,0.006349867427804215,0.06941951125716515,0.0015351762850184321,0.016783214549161436,0.0757915314578038,0.8285859714479418,0.10199451729489306,possibly forbidden,0.8285859714479418,0.31622341154876005
33,Dune system 1,Unknown insect||Sedum sediforme,Unknown insect,Sedum sediforme,0.5284246161299578,0,0,0,1,0,possibly forbidden,2,5,0.013368983957219251,0.10802139037433156,0.05601604278074866,0.10935828877005348,1.4390422382098685e-4,0.0015130132562015482,0.006782044262775392,0.07130661353268994,0.0016606375745654128,0.017459992468250442,0.07826398166839688,0.8228698130132994,0.10582357345401061,possibly forbidden,0.8228698130132994,0.3243118239807983
34,Dune system 1,Unknown insect||Teucrium capitatum,Unknown insect,Teucrium capitatum,0.514223816330521,0,0,0,1,0,possibly forbidden,2,36,0.09625668449197862,0.15775401069518719,0.09331550802139038,0.16737967914438506,5.652175572059097e-4,0.003629758958814009,0.015358644799303834,0.0986313638788933,0.004217264382247484,0.027082763049367603,0.11459563639863762,0.7359193509755303,0.16544928514557644,possibly forbidden,0.7359193509755303,0.4385497820521755
35,Dune system 1,Ancistrocerus ebusianus||Asteriscus aquaticus,Ancistrocerus ebusianus,Asteriscus aquaticus,0.5982969193931601,0,0,0,2,0,possibly forbidden,8,4,0.0427807486631016,0.12566844919786097,0.06925133689839572,0.12994652406417112,1.987674609805956e-4,0.002218003890438188,0.007471098105658002,0.08336839733447385,0.0019326438405771538,0.02156596223589133,0.07264253245986353,0.8106025946721174,0.10602900799340875,possibly forbidden,0.8106025946721174,0.3435872437954229
36,Dune system 1,Ancistrocerus ebusianus||Cakile maritima,Ancistrocerus ebusianus,Cakile maritima,0.613823916970534,0,1,1,1,1,model-elusive,8,39,0.41711229946524064,0.35026737967914434,0.23770053475935832,0.39197860962566844,0.17313808158328414,0.05084102437048124,0.042044892844338,0.01234624643062719,0.4488324219129515,0.13179711760732357,0.10899457191523307,0.032005643335761294,0.9556481102336115,model-elusive,0.4488324219129515,0.7795207885590025
37,Dune system 1,Ancistrocerus ebusianus||Daucus carota,Ancistrocerus ebusianus,Daucus carota,0.7873362296274055,1,0,1,2,1,possibly missing,8,37,0.39572192513368987,0.3374331550802139,0.22807486631016044,0.37700534759358295,0.02830146512424059,0.011429541147803786,0.26788078415408406,0.10818360221826867,0.03976438078195732,0.016058837391250233,0.37638028485488684,0.15200110432750852,0.7398152934542228,locally absent,0.37638028485488684,0.7666274162423825
38,Dune system 1,Ancistrocerus ebusianus||Limonium sp.,Ancistrocerus ebusianus,Limonium sp.,0.6534290432025001,0,1,1,1,1,model-elusive,8,9,0.09625668449197862,0.15775401069518719,0.09331550802139038,0.16737967914438506,0.03506676090678052,0.03302213347371743,0.025800208020887012,0.02429588279283209,0.2616440340318001,0.24638843140854008,0.192503394407871,0.18127915495757171,0.7944249622495962,model-elusive,0.2616440340318001,0.8355620093623026
39,Dune system 1,Ancistrocerus ebusianus||Salvia rosmarinus,Ancistrocerus ebusianus,Salvia rosmarinus,0.5845459502015167,0,0,0,1,0,possibly forbidden,8,3,0.0320855614973262,0.11925133689839573,0.06443850267379679,0.12245989304812835,2.0710814134066116e-4,0.0019159674953132015,0.008409282862256392,0.0777946850311209,0.0021376792880070054,0.019775775132320126,0.08679692495559319,0.8029625770940486,0.11924273787483053,possibly forbidden,0.8029625770940486,0.35186190284515206
40,Dune system 1,Ancistrocerus ebusianus||Sedum sediforme,Ancistrocerus ebusianus,Sedum sediforme,0.6118949359896821,0,0,0,2,0,possibly forbidden,8,5,0.053475935828877004,0.1320855614973262,0.07406417112299465,0.13743315508021392,2.3827895744155095e-4,0.0024924282748303448,0.008330926514924784,0.08714255351912789,0.0021880835437352165,0.022887632842838818,0.07650177509210294,0.8002183212549985,0.1126391252258736,possibly forbidden,0.8002183212549985,0.3579333800976919
41,Dune system 1,Ancistrocerus ebusianus||Teucrium capitatum,Ancistrocerus ebusianus,Teucrium capitatum,0.5982969193931601,0,0,2,3,1,locally absent,8,36,0.3850267379679145,0.3310160427807487,0.2232620320855615,0.3695187165775402,0.02258704196315198,0.0017829673315179228,0.21976266343464818,0.017347541578510747,0.06379441532203016,0.005035779303816085,0.6206935218120547,0.04899606925427017,0.933656389167219,locally absent,0.6206935218120547,0.5512166342175546
42,Dune system 1,Anthophora balearica||Asteriscus aquaticus,Anthophora balearica,Asteriscus aquaticus,0.5982969193931601,0,0,0,1,0,possibly forbidden,9,4,0.04812834224598931,0.12887700534759358,0.07165775401069518,0.13368983957219252,2.7453796829763813e-4,0.002296652500021516,0.009946773481210284,0.08320991928520016,0.0025933617388802306,0.021694816050369478,0.0939599791294193,0.7860239598466014,0.1307661208681984,possibly forbidden,0.7860239598466014,0.37460122001224855
43,Dune system 1,Anthophora balearica||Cakile maritima,Anthophora balearica,Cakile maritima,0.613823916970534,0,1,1,1,1,model-elusive,9,39,0.4692513368983957,0.38155080213903747,0.2611631016042781,0.428475935828877,0.20137759084067947,0.05084923543891478,0.0431392998508126,0.0108929717831384,0.4561623556053423,0.115184151929284,0.0977195355101879,0.024674859041640573,0.964432169175221,model-elusive,0.4561623556053423,0.7620413736887313
44,Dune system 1,Anthophora balearica||Daucus carota,Anthophora balearica,Daucus carota,0.7873362296274055,1,0,0,1,0,phantom,9,37,0.4451871657754011,0.3671122994652406,0.2503342245989305,0.41163101604278074,0.016784333482864174,0.03097160034327276,0.14056799349715451,0.25938567772705545,0.020704997309975767,0.03820627744603638,0.1734033663117266,0.31997575388191435,0.4206385683910302,possibly forbidden,0.31997575388191435,0.8057475218893663
45,Dune system 1,Anthophora balearica||Limonium sp.,Anthophora balearica,Limonium sp.,0.7358268700581171,1,0,0,1,0,phantom,9,9,0.10828877005347594,0.16497326203208557,0.09872994652406417,0.17580213903743316,0.0011564364818055946,0.006999177041089519,0.029523151351841376,0.1786849224955154,0.004188436753908145,0.025349952917636826,0.10692835634186856,0.6471695666163345,0.1741455108881501,possibly forbidden,0.6471695666163345,0.5246711656917219
46,Dune system 1,Anthophora balearica||Salvia rosmarinus,Anthophora balearica,Salvia rosmarinus,0.5,0,1,1,1,1,model-elusive,9,3,0.03609625668449198,0.12165775401069519,0.0662433155080214,0.1252673796791444,0.018785083509247628,0.02483222648770203,0.020050720607915806,0.026505287300548266,0.18953688961535256,0.250551080509491,0.20230685781620047,0.26743185415354215,0.7060628585459097,possibly forbidden,0.26743185415354215,0.8074572693130463
47,Dune system 1,Anthophora balearica||Sedum sediforme,Anthophora balearica,Sedum sediforme,0.6118949359896821,0,0,0,1,0,possibly forbidden,9,5,0.06016042780748663,0.136096256684492,0.07707219251336898,0.14211229946524065,3.340450252844256e-4,0.002603284606085126,0.011186904123049828,0.08718194581251153,0.002963335516676778,0.023093909950197486,0.09923976649933675,0.7733968084668581,0.13942124572063042,possibly forbidden,0.7733968084668581,0.39116481945470416
48,Dune system 1,Anthophora balearica||Teucrium capitatum,Anthophora balearica,Teucrium capitatum,0.5982969193931601,0,0,0,2,0,possibly forbidden,9,36,0.43315508021390375,0.3598930481283422,0.2449197860962567,0.4032085561497326,0.008600672830024,0.02121587804171343,0.07415433354494086,0.18292165367132263,0.021378053306749363,0.0527347314203065,0.1843199162182053,0.45467476096673803,0.3624035853619394,possibly forbidden,0.45467476096673803,0.7375722156384137
49,Dune system 1,Eristalis similis||Asteriscus aquaticus,Eristalis similis,Asteriscus aquaticus,0.514223816330521,0,0,0,2,0,possibly forbidden,8,4,0.0427807486631016,0.12566844919786097,0.06925133689839572,0.12994652406417112,1.987674609805956e-4,0.002218003890438188,0.007471098105658002,0.08336839733447385,0.0019326438405771538,0.02156596223589133,0.07264253245986353,0.8106025946721174,0.10602900799340875,possibly forbidden,0.8106025946721174,0.3435872437954229
50,Dune system 1,Eristalis similis||Cakile maritima,Eristalis similis,Cakile maritima,0.5304501079752978,0,1,0,1,0,weakly supported,8,39,0.41711229946524064,0.35026737967914434,0.23770053475935832,0.39197860962566844,0.07459732745989757,0.1493817784938678,0.018115232713934597,0.0362759065610306,0.19338148399174526,0.3872480555285298,0.04696080549212338,0.094039409758871,0.8696846836800984,weakly supported,0.3872480555285298,0.8279507423727256
51,Dune system 1,Eristalis similis||Daucus carota,Eristalis similis,Daucus carota,0.7246168617260806,1,0,1,2,1,possibly missing,8,37,0.39572192513368987,0.3374331550802139,0.22807486631016044,0.37700534759358295,0.02830146512424059,0.011429541147803786,0.26788078415408406,0.10818360221826867,0.03976438078195732,0.016058837391250233,0.37638028485488684,0.15200110432750852,0.7398152934542228,locally absent,0.37638028485488684,0.7666274162423825
52,Dune system 1,Eristalis similis||Limonium sp.,Eristalis similis,Limonium sp.,0.6643916279937605,0,0,0,1,0,possibly forbidden,8,9,0.09625668449197862,0.15775401069518719,0.09331550802139038,0.16737967914438506,5.652175572059097e-4,0.003629758958814009,0.015358644799303834,0.0986313638788933,0.004217264382247484,0.027082763049367603,0.11459563639863762,0.7359193509755303,0.16544928514557644,possibly forbidden,0.7359193509755303,0.4385497820521755
53,Dune system 1,Eristalis similis||Salvia rosmarinus,Eristalis similis,Salvia rosmarinus,0.500000013436996,0,0,0,1,0,possibly forbidden,8,3,0.0320855614973262,0.11925133689839573,0.06443850267379679,0.12245989304812835,2.0710814134066116e-4,0.0019159674953132015,0.008409282862256392,0.0777946850311209,0.0021376792880070054,0.019775775132320126,0.08679692495559319,0.8029625770940486,0.11924273787483053,possibly forbidden,0.8029625770940486,0.35186190284515206
54,Dune system 1,Eristalis similis||Sedum sediforme,Eristalis similis,Sedum sediforme,0.5284246161299578,0,0,0,2,0,possibly forbidden,8,5,0.053475935828877004,0.1320855614973262,0.07406417112299465,0.13743315508021392,2.3827895744155095e-4,0.0024924282748303448,0.008330926514924784,0.08714255351912789,0.0021880835437352165,0.022887632842838818,0.07650177509210294,0.8002183212549985,0.1126391252258736,possibly forbidden,0.8002183212549985,0.3579333800976919
55,Dune system 1,Eristalis similis||Teucrium capitatum,Eristalis similis,Teucrium capitatum,0.514223816330521,0,0,2,3,1,locally absent,8,36,0.3850267379679145,0.3310160427807487,0.2232620320855615,0.3695187165775402,0.02258704196315198,0.0017829673315179228,0.21976266343464818,0.017347541578510747,0.06379441532203016,0.005035779303816085,0.6206935218120547,0.04899606925427017,0.933656389167219,locally absent,0.6206935218120547,0.5512166342175546
56,Dune system 1,Eupeodes corollae||Asteriscus aquaticus,Eupeodes corollae,Asteriscus aquaticus,0.7467400710336123,1,0,0,2,0,phantom,15,4,0.08021390374331551,0.1481283422459893,0.08609625668449197,0.15614973262032086,6.366802229938017e-4,0.005734310974116645,0.018900462706601704,0.17022851786524495,0.002619996579733483,0.02359720719558152,0.07777710985559982,0.700505714600128,0.12926576753462704,possibly forbidden,0.700505714600128,0.46294442277107267
57,Dune system 1,Eupeodes corollae||Cakile maritima,Eupeodes corollae,Cakile maritima,0.7588420077124087,1,1,1,1,1,recurrent,15,39,0.7820855614973262,0.5692513368983957,0.40193850267379677,0.6474598930481283,0.5285625681315671,0.05448252989934386,0.05955357399205193,0.0061385909091222655,0.2861934175854136,0.02949989721313652,0.032245644882610516,0.0033237773867542436,0.9905376317041235,recurrent,0.5285625681315671,0.6186791705009412
58,Dune system 1,Eupeodes corollae||Daucus carota,Eupeodes corollae,Daucus carota,0.8322454965840499,1,1,1,2,1,recurrent,15,37,0.7419786096256684,0.545187165775401,0.38389037433155077,0.6193850267379679,0.48544060818202955,0.0729028217682073,0.05899457366197035,0.008859726229078201,0.2897787595168412,0.0435185868285391,0.035216201705936166,0.005288722107398149,0.9858515516635237,recurrent,0.48544060818202955,0.6691642698772831
59,Dune system 1,Eupeodes corollae||Limonium sp.,Eupeodes corollae,Limonium sp.,0.7886943193844351,1,1,1,1,1,recurrent,15,9,0.1804812834224599,0.20828877005347596,0.13121657754010696,0.22633689839572194,0.10871127633470724,0.0703454998783776,0.05450327594203955,0.035268284215037395,0.29567792534906845,0.19132892339192725,0.14824051467901886,0.09592430020982366,0.868807415575139,model-elusive,0.29567792534906845,0.9084336224110915
60,Dune system 1,Eupeodes corollae||Salvia rosmarinus,Eupeodes corollae,Salvia rosmarinus,0.7358268387145995,1,0,0,1,0,phantom,15,3,0.06016042780748662,0.136096256684492,0.07707219251336898,0.14211229946524065,5.949629544049729e-4,0.004636674050375705,0.01992483953930391,0.15527855266582974,0.0027024175875562306,0.021060520505906906,0.09050183108308266,0.7053002016135399,0.1394212457206303,possibly forbidden,0.7053002016135399,0.4604665994584257
61,Dune system 1,Eupeodes corollae||Sedum sediforme,Eupeodes corollae,Sedum sediforme,0.7573510951262944,1,0,0,2,0,phantom,15,5,0.10026737967914438,0.16016042780748663,0.09512032085561498,0.17018716577540108,8.352909981759269e-4,0.006787766231037065,0.022222362100249856,0.1805840112815202,0.003134168006444552,0.025468968063822484,0.08338245769956189,0.6775849756191881,0.1418310130992917,possibly forbidden,0.6775849756191881,0.4885489089677191
62,Dune system 1,Eupeodes corollae||Teucrium capitatum,Eupeodes corollae,Teucrium capitatum,0.6662019701350366,0,1,3,3,1,model-elusive,15,36,0.7219251336898396,0.5331550802139038,0.3748663101604278,0.6053475935828877,0.39752262873821415,0.0017581964313327309,0.05019766794120816,2.2201845695073356e-4,0.48644930038502887,0.0021515087749243477,0.06142699480648037,2.716844658606117e-4,0.9995062970771886,model-elusive,0.48644930038502887,0.5132550535160266
63,Dune system 1,Exoprosopa cf. bowdeni||Asteriscus aquaticus,Exoprosopa cf. bowdeni,Asteriscus aquaticus,0.5982969193931601,0,0,2,2,1,locally absent,7,4,0.0374331550802139,0.12245989304812835,0.06684491978609626,0.12620320855614975,0.0018166548048217791,4.507573982158823e-4,0.07092391817578839,0.01759799426029692,0.01819290922754404,0.004514114848687491,0.7102683470789949,0.17623530420565053,0.8061667015340526,locally absent,0.7102683470789949,0.4423809063010443
64,Dune system 1,Exoprosopa cf. bowdeni||Cakile maritima,Exoprosopa cf. bowdeni,Cakile maritima,0.613823916970534,0,1,1,1,1,model-elusive,7,39,0.3649732620320855,0.3189839572192513,0.2142379679144385,0.3554812834224599,0.1462622898328799,0.050201461828974954,0.04062114496408266,0.01394235561807286,0.43639273477260015,0.1497826489805429,0.12119851645099346,0.04159884755185321,0.9444587968300739,model-elusive,0.43639273477260015,0.796046679683743
65,Dune system 1,Exoprosopa cf. bowdeni||Daucus carota,Exoprosopa cf. bowdeni,Daucus carota,0.7873362296274055,1,0,1,2,1,possibly missing,7,37,0.3462566844919786,0.30775401069518715,0.20581550802139037,0.34237967914438505,0.022117141451297347,0.010381958961374378,0.23867514355082012,0.11203597675138997,0.03559828537118571,0.01671011322293936,0.38415569615269746,0.18032568453829573,0.7076383387103142,locally absent,0.38415569615269746,0.7609868063705102
66,Dune system 1,Exoprosopa cf. bowdeni||Limonium sp.,Exoprosopa cf. bowdeni,Limonium sp.,0.6534290432025001,0,1,1,1,1,model-elusive,7,9,0.08422459893048129,0.15053475935828878,0.08790106951871658,0.1589572192513369,0.03148391183166614,0.03153491896165784,0.02473783378955321,0.024777911588988146,0.2482870963568146,0.2486893466320296,0.19508646049465891,0.19540252034463165,0.7798195680663802,weakly supported,0.2486893466320296,0.8323675596061171
67,Dune system 1,Exoprosopa cf. bowdeni||Salvia rosmarinus,Exoprosopa cf. bowdeni,Salvia rosmarinus,0.5845459502015167,0,0,0,1,0,possibly forbidden,7,3,0.028074866310160426,0.11684491978609626,0.0626336898395722,0.1196524064171123,1.9222893940532208e-4,0.0018258680148672262,0.008045536379086964,0.0764197502336053,0.0020304979183670456,0.019286488365748262,0.08498431568327178,0.8072153144656481,0.11636493530074665,possibly forbidden,0.8072153144656481,0.34605409092885814
68,Dune system 1,Exoprosopa cf. bowdeni||Sedum sediforme,Exoprosopa cf. bowdeni,Sedum sediforme,0.6118949359896821,0,0,0,2,0,possibly forbidden,7,5,0.04679144385026738,0.12807486631016043,0.07105614973262032,0.13275401069518716,2.1300504150626332e-4,0.0023191042200091843,0.007787760115902012,0.08478967080540441,0.0020265709368532145,0.0220644036336861,0.07409424773454275,0.806705237512096,0.10850509168249955,possibly forbidden,0.806705237512096,0.34899992491721454
69,Dune system 1,Exoprosopa cf. bowdeni||Teucrium capitatum,Exoprosopa cf. bowdeni,Teucrium capitatum,0.5982969193931601,0,0,3,3,1,locally absent,7,36,0.33689839572192515,0.30213903743315507,0.2016042780748663,0.33582887700534764,0.019328233638775207,2.5932818614309277e-4,0.2140649255675465,0.0028721232318363954,0.062389409137419576,8.370828192850615e-4,0.6909779999974808,0.009270897421513349,0.9878569793466503,locally absent,0.6909779999974808,0.4342684210952445
70,Dune system 1,Lydella nigrescens||Asteriscus aquaticus,Lydella nigrescens,Asteriscus aquaticus,0.514223816330521,0,0,0,2,0,possibly forbidden,5,4,0.026737967914438505,0.11604278074866312,0.06203208556149733,0.11871657754010696,1.4834911157177952e-4,0.0018353754436033886,0.006273233305730216,0.07761245240596647,0.001579263912795434,0.019538655633345454,0.06678227372795918,0.8262303964590281,0.09615715113500545,possibly forbidden,0.8262303964590281,0.3215243334624138
71,Dune system 1,Lydella nigrescens||Cakile maritima,Lydella nigrescens,Cakile maritima,0.5304501079752978,0,1,1,1,1,model-elusive,5,39,0.2606951871657754,0.25641711229946523,0.16731283422459892,0.28248663101604277,0.09706990493959954,0.04667473960756207,0.036581575996450386,0.01758975178899159,0.39339028276304194,0.18915635101873565,0.14825229852770364,0.07128509535791529,0.9111251528530931,model-elusive,0.39339028276304194,0.8246341318263599
72,Dune system 1,Lydella nigrescens||Daucus carota,Lydella nigrescens,Daucus carota,0.7246168617260806,1,0,1,2,1,possibly missing,5,37,0.24732620320855617,0.2483957219251337,0.16129679144385028,0.27312834224598936,0.012317371699907674,0.008011098689522406,0.1791164665677709,0.11649560681875898,0.026668988052141684,0.01734525030506324,0.3878144642556759,0.2522307536111593,0.6312736395700818,locally absent,0.3878144642556759,0.7372479621955389
73,Dune system 1,Lydella nigrescens||Limonium sp.,Lydella nigrescens,Limonium sp.,0.6643916279937605,0,0,0,1,0,possibly forbidden,5,9,0.060160427807486636,0.136096256684492,0.077072192513369,0.14211229946524065,3.3404502528442575e-4,0.002603284606085126,0.01118690412304983,0.08718194581251153,0.0029633355166767787,0.023093909950197493,0.09923976649933675,0.7733968084668581,0.13942124572063042,possibly forbidden,0.7733968084668581,0.39116481945470416
74,Dune system 1,Lydella nigrescens||Salvia rosmarinus,Lydella nigrescens,Salvia rosmarinus,0.500000013436996,0,0,0,1,0,possibly forbidden,5,3,0.020053475935828877,0.11203208556149732,0.059024064171123,0.11403743315508022,1.6469157062321983e-4,0.0016517989198949238,0.00734269803341694,0.07364469617246255,0.0018242437459632577,0.018296527489563796,0.08133306953883057,0.8157422745292447,0.11061302929829275,possibly forbidden,0.8157422745292447,0.33428366113843777
75,Dune system 1,Lydella nigrescens||Sedum sediforme,Lydella nigrescens,Sedum sediforme,0.5284246161299578,0,0,0,2,0,possibly forbidden,5,5,0.03342245989304813,0.12005347593582888,0.06504010695187167,0.1233957219251337,1.6812680475132623e-4,0.0019905641401056664,0.006759017701933528,0.08002446891028635,0.0017221665225447618,0.02038986542412737,0.06923437359541877,0.8197114169008323,0.10026411418888137,possibly forbidden,0.8197114169008323,0.3307991794649539
76,Dune system 1,Lydella nigrescens||Teucrium capitatum,Lydella nigrescens,Teucrium capitatum,0.514223816330521,0,0,2,3,1,locally absent,5,36,0.24064171122994654,0.24438502673796791,0.15828877005347597,0.2684491978609626,0.010515478731185478,0.0013257440876237939,0.1563784687536559,0.019715491389563126,0.045437209666229175,0.005728518274158971,0.6757087769072678,0.08519031219031567,0.8950941964201212,locally absent,0.6757087769072678,0.5140664808040116
77,Dune system 1,Meliscaeva auricollis||Asteriscus aquaticus,Meliscaeva auricollis,Asteriscus aquaticus,0.6769602688421362,0,0,0,2,0,possibly forbidden,5,4,0.026737967914438505,0.11604278074866312,0.06203208556149733,0.11871657754010696,1.4834911157177952e-4,0.0018353754436033886,0.006273233305730216,0.07761245240596647,0.001579263912795434,0.019538655633345454,0.06678227372795918,0.8262303964590281,0.09615715113500545,possibly forbidden,0.8262303964590281,0.3215243334624138
78,Dune system 1,Meliscaeva auricollis||Cakile maritima,Meliscaeva auricollis,Cakile maritima,0.6910169620003201,0,1,1,1,1,model-elusive,5,39,0.2606951871657754,0.25641711229946523,0.16731283422459892,0.28248663101604277,0.09706990493959954,0.04667473960756207,0.036581575996450386,0.01758975178899159,0.39339028276304194,0.18915635101873565,0.14825229852770364,0.07128509535791529,0.9111251528530931,model-elusive,0.39339028276304194,0.8246341318263599
79,Dune system 1,Meliscaeva auricollis||Daucus carota,Meliscaeva auricollis,Daucus carota,0.7790540839823915,1,1,1,2,1,recurrent,5,37,0.24732620320855617,0.2483957219251337,0.16129679144385028,0.27312834224598936,0.13735277632380918,0.08933290909928289,0.054081061943869364,0.03517379640899847,0.2973897061769772,0.19341937090765016,0.11709374613084034,0.07615663300857241,0.8886695705824291,model-elusive,0.2973897061769772,0.9087126464887996
80,Dune system 1,Meliscaeva auricollis||Limonium sp.,Meliscaeva auricollis,Limonium sp.,0.7967093975355131,1,0,0,1,0,phantom,5,9,0.060160427807486636,0.136096256684492,0.077072192513369,0.14211229946524065,5.949629544049731e-4,0.004636674050375706,0.01992483953930391,0.15527855266582977,0.002702417587556231,0.021060520505906913,0.09050183108308266,0.7053002016135399,0.1394212457206303,possibly forbidden,0.7053002016135399,0.4604665994584258
81,Dune system 1,Meliscaeva auricollis||Salvia rosmarinus,Meliscaeva auricollis,Salvia rosmarinus,0.5726528207332835,0,1,0,1,0,weakly supported,5,3,0.020053475935828877,0.11203208556149732,0.059024064171123,0.11403743315508022,0.003401338053804,0.03411423245409758,0.004106051550236161,0.0411822626382599,0.03767569675289722,0.37787407678016366,0.045481616531896626,0.4561647252386449,0.5026530121230952,possibly forbidden,0.4561647252386449,0.6147672497010683
82,Dune system 1,Meliscaeva auricollis||Sedum sediforme,Meliscaeva auricollis,Sedum sediforme,0.6892783806790695,0,0,0,2,0,possibly forbidden,5,5,0.03342245989304813,0.12005347593582888,0.06504010695187167,0.1233957219251337,1.6812680475132623e-4,0.0019905641401056664,0.006759017701933528,0.08002446891028635,0.0017221665225447618,0.02038986542412737,0.06923437359541877,0.8197114169008323,0.10026411418888137,possibly forbidden,0.8197114169008323,0.3307991794649539
83,Dune system 1,Meliscaeva auricollis||Teucrium capitatum,Meliscaeva auricollis,Teucrium capitatum,0.6769602688421362,0,0,2,3,1,locally absent,5,36,0.24064171122994654,0.24438502673796791,0.15828877005347597,0.2684491978609626,0.010515478731185478,0.0013257440876237939,0.1563784687536559,0.019715491389563126,0.045437209666229175,0.005728518274158971,0.6757087769072678,0.08519031219031567,0.8950941964201212,locally absent,0.6757087769072678,0.5140664808040116
84,Dune system 1,Mordellistena sp.||Asteriscus aquaticus,Mordellistena sp.,Asteriscus aquaticus,0.6769602688421362,0,0,0,2,0,possibly forbidden,4,4,0.0213903743315508,0.11283422459893049,0.059625668449197866,0.11497326203208556,1.3372712433590476e-4,0.0017155950240478654,0.005898232677302664,0.07566885687633153,0.001469400145314676,0.018851041553132577,0.06481006748756739,0.8314530791119674,0.09287806401170107,possibly forbidden,0.8314530791119674,0.3140169074267819
85,Dune system 1,Mordellistena sp.||Cakile maritima,Mordellistena sp.,Cakile maritima,0.6910169620003201,0,1,1,1,1,model-elusive,4,39,0.20855614973262032,0.2251336898395722,0.14385026737967915,0.24598930481283424,0.07508018163016653,0.043566412254674725,0.03383682139690237,0.01963432797254912,0.3611338902638651,0.2095534081133404,0.1627543071941266,0.09444065117437521,0.8859250208530757,model-elusive,0.3611338902638651,0.8349870344851502
86,Dune system 1,Mordellistena sp.||Daucus carota,Mordellistena sp.,Daucus carota,0.8389459597409166,1,0,1,2,1,possibly missing,4,37,0.19786096256684493,0.21871657754010695,0.13903743315508021,0.23850267379679146,0.008623259997956052,0.006728676973523481,0.14933406895941798,0.11652445959045339,0.022041530453455267,0.01719887124573938,0.38170615631299387,0.2978429764664606,0.585632563943086,locally absent,0.38170615631299387,0.7172247335822692
87,Dune system 1,Mordellistena sp.||Limonium sp.,Mordellistena sp.,Limonium sp.,0.7262362146065395,1,1,0,1,0,locally unique,4,9,0.04812834224598931,0.12887700534759358,0.07165775401069518,0.13368983957219252,0.009234581560802325,0.07725206447683801,0.009059147615526794,0.07578446853189798,0.0446647205416333,0.3736435536795911,0.04381620259984504,0.3665452609938655,0.5576702704742366,weakly supported,0.3736435536795911,0.7169275022105402
88,Dune system 1,Mordellistena sp.||Salvia rosmarinus,Mordellistena sp.,Salvia rosmarinus,0.664391592040326,0,0,0,1,0,possibly forbidden,4,3,0.0160427807486631,0.10962566844919787,0.0572192513368984,0.11122994652406418,1.5199054155536589e-4,0.0015678413488515153,0.007003578277148926,0.07224462456982861,0.0017251766892949234,0.017795866241887556,0.07949448604989896,0.8200164362815342,0.10773893914863719,possibly forbidden,0.8200164362815342,0.32831876092593004
89,Dune system 1,Mordellistena sp.||Sedum sediforme,Mordellistena sp.,Sedum sediforme,0.6002493129903461,0,1,1,2,1,model-elusive,4,5,0.026737967914438502,0.1160427807486631,0.06203208556149733,0.11871657754010696,0.014225236237493197,0.02580755066274664,0.01628756942014033,0.029549053946491658,0.1514360416644147,0.27473661963654694,0.1733907964789676,0.31456713195319885,0.6558838141003095,possibly forbidden,0.31456713195319885,0.7859929437526925
90,Dune system 1,Mordellistena sp.||Teucrium capitatum,Mordellistena sp.,Teucrium capitatum,0.6769602688421362,0,0,0,3,0,possibly forbidden,4,36,0.19251336898395724,0.21550802139037434,0.13663101604278077,0.2347593582887701,0.0010979327149317692,0.007700243175701021,0.019402503065557828,0.13607754809579975,0.005585440575822691,0.03917293846183922,0.0987050721970932,0.6922583217132545,0.17166413019094573,possibly forbidden,0.6922583217132545,0.4962470623651687
91,Dune system 1,Sarcophaga sp.||Asteriscus aquaticus,Sarcophaga sp.,Asteriscus aquaticus,0.6769602688421362,0,0,0,2,0,possibly forbidden,6,4,0.03208556149732621,0.11925133689839573,0.06443850267379679,0.12245989304812835,1.6403433396373513e-4,0.0019590413026901276,0.006660342295061977,0.07954362559831532,0.0016930903631621633,0.02022036405716497,0.06874512842917282,0.8210143736204688,0.0994420007812159,possibly forbidden,0.8210143736204688,0.32895375186057074
92,Dune system 1,Sarcophaga sp.||Cakile maritima,Sarcophaga sp.,Cakile maritima,0.6910169620003201,0,1,1,1,1,model-elusive,6,39,0.3128342245989305,0.2877005347593583,0.19077540106951874,0.3189839572192514,0.12085895188189966,0.0488463960143939,0.03881956968703863,0.01568933078200418,0.4181743734443801,0.16900950016756158,0.13431648196916893,0.054285396053552974,0.9300252731644428,model-elusive,0.4181743734443801,0.8112886409480894
93,Dune system 1,Sarcophaga sp.||Daucus carota,Sarcophaga sp.,Daucus carota,0.7790540839823915,1,1,2,2,1,recurrent,6,37,0.2967914438502674,0.27807486631016043,0.18355614973262036,0.3077540106951872,0.24224041690363593,0.019526919436086435,0.08158854355047006,0.006576825358798107,0.4500081590940622,0.03627500802934519,0.15156640974952712,0.012217717878074947,0.981205456763127,model-elusive,0.4500081590940622,0.7104028694166787
94,Dune system 1,Sarcophaga sp.||Limonium sp.,Sarcophaga sp.,Limonium sp.,0.7262362146065395,1,1,0,1,0,locally unique,6,9,0.07219251336898397,0.14331550802139037,0.08248663101604278,0.15053475935828878,0.012414882371725805,0.09044182058841886,0.01045674786721803,0.07617690496199186,0.05310234313565943,0.38684801409297137,0.044726788116229016,0.3258324988657856,0.5979905961722225,weakly supported,0.38684801409297137,0.7421607147041798
95,Dune system 1,Sarcophaga sp.||Salvia rosmarinus,Sarcophaga sp.,Salvia rosmarinus,0.664391592040326,0,0,0,1,0,possibly forbidden,6,3,0.02406417112299465,0.1144385026737968,0.060828877005347594,0.11684491978609626,1.780972598209158e-4,0.001737809797124561,0.007690012741948819,0.07503641266805114,0.0019260184306400775,0.018793403680519277,0.08316302164190309,0.8114752237799921,0.11348836355195668,possibly forbidden,0.8114752237799921,0.34019504754919555
96,Dune system 1,Sarcophaga sp.||Sedum sediforme,Sarcophaga sp.,Sedum sediforme,0.6892783806790695,0,0,0,2,0,possibly forbidden,6,5,0.040106951871657755,0.12406417112299466,0.068048128342246,0.12807486631016043,1.8965015363960739e-4,0.0021518114709949613,0.007263825277859253,0.08241692535563747,0.0018712669769725134,0.02123179796624526,0.0716717392952192,0.8132029835034318,0.10438009114093072,possibly forbidden,0.8132029835034318,0.3399563998093923
97,Dune system 1,Sarcophaga sp.||Teucrium capitatum,Sarcophaga sp.,Teucrium capitatum,0.6769602688421362,0,0,2,3,1,locally absent,6,36,0.2887700534759359,0.27326203208556155,0.17994652406417116,0.3021390374331551,0.013935815212924599,0.0014891646293700672,0.17760941373902017,0.018979130588500148,0.05179496902592672,0.005534748751633408,0.6601173984277433,0.07053935962488153,0.9104815097866183,locally absent,0.6601173984277433,0.5264576478114545
98,Dune system 1,Sphaerophoria sp.||Asteriscus aquaticus,Sphaerophoria sp.,Asteriscus aquaticus,0.5982969193931601,0,0,0,2,0,possibly forbidden,4,4,0.0213903743315508,0.11283422459893049,0.059625668449197866,0.11497326203208556,1.3372712433590476e-4,0.0017155950240478654,0.005898232677302664,0.07566885687633153,0.001469400145314676,0.018851041553132577,0.06481006748756739,0.8314530791119674,0.09287806401170107,possibly forbidden,0.8314530791119674,0.3140169074267819
99,Dune system 1,Sphaerophoria sp.||Cakile maritima,Sphaerophoria sp.,Cakile maritima,0.613823916970534,0,1,1,1,1,model-elusive,4,39,0.20855614973262032,0.2251336898395722,0.14385026737967915,0.24598930481283424,0.07508018163016653,0.043566412254674725,0.03383682139690237,0.01963432797254912,0.3611338902638651,0.2095534081133404,0.1627543071941266,0.09444065117437521,0.8859250208530757,model-elusive,0.3611338902638651,0.8349870344851502
100,Dune system 1,Sphaerophoria sp.||Daucus carota,Sphaerophoria sp.,Daucus carota,0.7147769851547863,1,1,0,2,0,locally unique,4,37,0.19786096256684493,0.21871657754010695,0.13903743315508021,0.23850267379679146,0.03028582716495835,0.1611574193297271,0.014200942212897655,0.07556627681376778,0.07741225266578289,0.4119272951063053,0.03629839530844879,0.19315159139811214,0.7312821317881201,weakly supported,0.4119272951063053,0.7968675980751724
101,Dune system 1,Sphaerophoria sp.||Limonium sp.,Sphaerophoria sp.,Limonium sp.,0.7358268700581171,1,0,1,1,1,possibly missing,4,9,0.04812834224598931,0.12887700534759358,0.07165775401069518,0.13368983957219252,0.0020666510326181053,0.0025351715730763833,0.07487674587828025,0.09185169370109036,0.009995730745481195,0.012261814906393175,0.36215489653758753,0.44425729562547295,0.46389101067343663,possibly forbidden,0.44425729562547295,0.6105457046113631
102,Dune system 1,Sphaerophoria sp.||Salvia rosmarinus,Sphaerophoria sp.,Salvia rosmarinus,0.5845459502015167,0,0,0,1,0,possibly forbidden,4,3,0.0160427807486631,0.10962566844919787,0.0572192513368984,0.11122994652406418,1.5199054155536589e-4,0.0015678413488515153,0.007003578277148926,0.07224462456982861,0.0017251766892949234,0.017795866241887556,0.07949448604989896,0.8200164362815342,0.10773893914863719,possibly forbidden,0.8200164362815342,0.32831876092593004
103,Dune system 1,Sphaerophoria sp.||Sedum sediforme,Sphaerophoria sp.,Sedum sediforme,0.6118949359896821,0,0,0,2,0,possibly forbidden,4,5,0.026737967914438502,0.1160427807486631,0.06203208556149733,0.11871657754010696,1.483491115717795e-4,0.0018353754436033884,0.006273233305730215,0.07761245240596645,0.001579263912795434,0.019538655633345454,0.06678227372795918,0.8262303964590281,0.09615715113500545,possibly forbidden,0.8262303964590281,0.3215243334624138
104,Dune system 1,Sphaerophoria sp.||Teucrium capitatum,Sphaerophoria sp.,Teucrium capitatum,0.5982969193931601,0,0,0,3,0,possibly forbidden,4,36,0.19251336898395724,0.21550802139037434,0.13663101604278077,0.2347593582887701,0.0010979327149317692,0.007700243175701021,0.019402503065557828,0.13607754809579975,0.005585440575822691,0.03917293846183922,0.0987050721970932,0.6922583217132545,0.17166413019094573,possibly forbidden,0.6922583217132545,0.4962470623651687
105,Dune system 1,Anaspis sp.||Asteriscus aquaticus,Anaspis sp.,Asteriscus aquaticus,0.6769602688421362,0,0,0,2,0,possibly forbidden,8,4,0.0427807486631016,0.12566844919786097,0.06925133689839572,0.12994652406417112,1.987674609805956e-4,0.002218003890438188,0.007471098105658002,0.08336839733447385,0.0019326438405771538,0.02156596223589133,0.07264253245986353,0.8106025946721174,0.10602900799340875,possibly forbidden,0.8106025946721174,0.3435872437954229
106,Dune system 1,Anaspis sp.||Cakile maritima,Anaspis sp.,Cakile maritima,0.7676558417308335,1,0,1,1,1,possibly missing,8,39,0.41711229946524064,0.35026737967914434,0.23770053475935832,0.39197860962566844,0.033318708881440534,0.009783851563698006,0.2988260885520108,0.08774860106845012,0.044224863361105954,0.012986382518288625,0.39664030746124934,0.11647119659375656,0.7957802023377933,locally absent,0.39664030746124934,0.7428000923458813
107,Dune system 1,Anaspis sp.||Daucus carota,Anaspis sp.,Daucus carota,0.7790540839823915,1,1,2,2,1,recurrent,8,37,0.39572192513368987,0.3374331550802139,0.22807486631016044,0.37700534759358295,0.31246792408631774,0.018504299663786954,0.08008079710892743,0.004742371785364971,0.43902651191276354,0.025999078659148155,0.11251584663843453,0.006663170145256696,0.9885944580693783,model-elusive,0.43902651191276354,0.6734300848275626
108,Dune system 1,Anaspis sp.||Limonium sp.,Anaspis sp.,Limonium sp.,0.7262362146065395,1,1,1,1,1,recurrent,8,9,0.09625668449197862,0.15775401069518719,0.09331550802139038,0.16737967914438506,0.061553927220029024,0.05796492028148098,0.04528801878796315,0.04264742344329755,0.2351568677185516,0.22144564460077654,0.17301558364079483,0.16292761430710626,0.7944249622495962,model-elusive,0.2351568677185516,0.9063844713866286
109,Dune system 1,Anaspis sp.||Salvia rosmarinus,Anaspis sp.,Salvia rosmarinus,0.664391592040326,0,0,0,1,0,possibly forbidden,8,3,0.0320855614973262,0.11925133689839573,0.06443850267379679,0.12245989304812835,2.0710814134066116e-4,0.0019159674953132015,0.008409282862256392,0.0777946850311209,0.0021376792880070054,0.019775775132320126,0.08679692495559319,0.8029625770940486,0.11924273787483053,possibly forbidden,0.8029625770940486,0.35186190284515206
110,Dune system 1,Anaspis sp.||Sedum sediforme,Anaspis sp.,Sedum sediforme,0.6002493129903461,0,1,0,2,0,weakly supported,8,5,0.053475935828877004,0.1320855614973262,0.07406417112299465,0.13743315508021392,0.004401985022894757,0.046045324581940474,0.004167220449471578,0.04358965721201777,0.040422835032453856,0.42282800825332834,0.03826702360338429,0.400277945844509,0.5561323969434733,weakly supported,0.42282800825332834,0.6299965602289395
111,Dune system 1,Anaspis sp.||Teucrium capitatum,Anaspis sp.,Teucrium capitatum,0.6769602688421362,0,0,2,3,1,locally absent,8,36,0.3850267379679145,0.3310160427807487,0.2232620320855615,0.3695187165775402,0.02258704196315198,0.0017829673315179228,0.21976266343464818,0.017347541578510747,0.06379441532203016,0.005035779303816085,0.6206935218120547,0.04899606925427017,0.933656389167219,locally absent,0.6206935218120547,0.5512166342175546
112,Dune system 1,Anthomyia confusanea||Asteriscus aquaticus,Anthomyia confusanea,Asteriscus aquaticus,0.5982969193931601,0,0,0,2,0,possibly forbidden,4,4,0.0213903743315508,0.11283422459893049,0.059625668449197866,0.11497326203208556,1.3372712433590476e-4,0.0017155950240478654,0.005898232677302664,0.07566885687633153,0.001469400145314676,0.018851041553132577,0.06481006748756739,0.8314530791119674,0.09287806401170107,possibly forbidden,0.8314530791119674,0.3140169074267819
113,Dune system 1,Anthomyia confusanea||Cakile maritima,Anthomyia confusanea,Cakile maritima,0.701334027758455,1,0,1,1,1,possibly missing,4,39,0.20855614973262032,0.2251336898395722,0.14385026737967915,0.24598930481283424,0.010356903017614478,0.0060097498001494415,0.1723867378512123,0.10003001491737065,0.025507010272644647,0.014800828937736215,0.42455454934358905,0.24635420585968318,0.6536157792229462,locally absent,0.42455454934358905,0.7099127481441093
114,Dune system 1,Anthomyia confusanea||Daucus carota,Anthomyia confusanea,Daucus carota,0.7147769851547863,1,1,1,2,1,recurrent,4,37,0.19786096256684493,0.21871657754010695,0.13903743315508021,0.23850267379679146,0.10753463178251704,0.08390861471216841,0.05042269717485698,0.03934452185180846,0.2748644783756093,0.2144750693964789,0.12888320839083983,0.10056677831572111,0.8600886998324704,model-elusive,0.2748644783756093,0.9165362919644138
115,Dune system 1,Anthomyia confusanea||Limonium sp.,Anthomyia confusanea,Limonium sp.,0.7358268700581171,1,0,0,1,0,phantom,4,9,0.04812834224598931,0.12887700534759358,0.07165775401069518,0.13368983957219252,4.913580087512556e-4,0.004110464596943232,0.01780237116757786,0.14892606841179276,0.002376541698426613,0.019881003953447756,0.08610438144305173,0.7203078107200088,0.1307661208681984,possibly forbidden,0.7203078107200088,0.4430791191449255
116,Dune system 1,Anthomyia confusanea||Salvia rosmarinus,Anthomyia confusanea,Salvia rosmarinus,0.5845459502015167,0,0,0,1,0,possibly forbidden,4,3,0.0160427807486631,0.10962566844919787,0.0572192513368984,0.11122994652406418,1.5199054155536589e-4,0.0015678413488515153,0.007003578277148926,0.07224462456982861,0.0017251766892949234,0.017795866241887556,0.07949448604989896,0.8200164362815342,0.10773893914863719,possibly forbidden,0.8200164362815342,0.32831876092593004
117,Dune system 1,Anthomyia confusanea||Sedum sediforme,Anthomyia confusanea,Sedum sediforme,0.5162544452345288,0,1,0,2,0,weakly supported,4,5,0.026737967914438502,0.1160427807486631,0.06203208556149733,0.11871657754010696,0.0029937767090192327,0.03703901019122061,0.0034278057082827635,0.04240881765834924,0.031870521295531314,0.39430214000543035,0.036491016345223296,0.4514669120869432,0.5061242702547075,possibly forbidden,0.4514669120869432,0.6009190636250866
118,Dune system 1,Anthomyia confusanea||Teucrium capitatum,Anthomyia confusanea,Teucrium capitatum,0.5982969193931601,0,0,1,3,1,locally absent,4,36,0.19251336898395724,0.21550802139037434,0.13663101604278077,0.2347593582887701,0.004337424715155845,0.004460751175476945,0.07665032218087016,0.0788297289804874,0.022065494241250646,0.022692884796411267,0.38993812083058293,0.4010252730797647,0.5201449979397479,possibly forbidden,0.4010252730797647,0.6485407253195836
119,Dune system 1,Camponotus sp||Asteriscus aquaticus,Camponotus sp,Asteriscus aquaticus,0.514223816330521,0,0,0,0,0,possibly forbidden,1,4,0.0053475935828877,0.10320855614973262,0.052406417112299465,0.10374331550802139,1.5306736154108323e-4,0.0013223757625920388,0.007740252495022244,0.06686939784359423,0.001858724364994987,0.016057845545008234,0.09399127128646309,0.8120070653407842,0.1211235368156216,possibly forbidden,0.8120070653407842,0.33566531126818433
120,Dune system 1,Camponotus sp||Cakile maritima,Camponotus sp,Cakile maritima,0.6253209290199297,0,0,0,0,0,possibly forbidden,1,39,0.05213903743315508,0.13128342245989305,0.0734625668449198,0.13649732620320856,3.6722531746607415e-4,0.0023231227478093756,0.012952821361721855,0.08194150164090253,0.0033959201996260242,0.021483103398025945,0.1197813593243946,0.7577549460100537,0.1603035523490438,possibly forbidden,0.7577549460100537,0.4061118721829762
121,Dune system 1,Camponotus sp||Daucus carota,Camponotus sp,Daucus carota,0.6404311351465845,0,1,1,1,1,model-elusive,1,37,0.04946524064171123,0.12967914438502676,0.07225935828877006,0.13462566844919788,0.022036641016709067,0.026815551581776793,0.02142412389934848,0.02607020276283247,0.20668611083578536,0.25150847908950213,0.20094118897080537,0.24451770184324037,0.7294120953939272,weakly supported,0.25150847908950213,0.8167496304565371
122,Dune system 1,Camponotus sp||Limonium sp.,Camponotus sp,Limonium sp.,0.6643916279937605,0,0,0,0,0,possibly forbidden,1,9,0.012032085561497327,0.1072192513368984,0.0554144385026738,0.10842245989304813,1.7628581024019388e-4,0.001449630170766773,0.008403701384680207,0.06910515972186475,0.0020513796578151148,0.0168688667545857,0.09779109304031261,0.8041538834597346,0.1267409568184007,possibly forbidden,0.8041538834597346,0.3462528578335369
123,Dune system 1,Camponotus sp||Salvia rosmarinus,Camponotus sp,Salvia rosmarinus,0.500000013436996,0,0,0,1,0,possibly forbidden,1,3,0.004010695187165775,0.10240641711229947,0.051804812834224605,0.10280748663101605,1.179051025037748e-4,0.0013283464707932588,0.00603524809694953,0.0679945171133537,0.001444248115541957,0.016271237177106494,0.07392721354504975,0.8328812843787015,0.09912419850794485,possibly forbidden,0.8328812843787015,0.31009028028861363
124,Dune system 1,Camponotus sp||Sedum sediforme,Camponotus sp,Sedum sediforme,0.5284246161299578,0,0,0,1,0,possibly forbidden,1,5,0.0066844919786096255,0.10401069518716578,0.05300802139037433,0.10467914438502675,1.2497682850412005e-4,0.0013799581108970291,0.006244089164346852,0.06894543245046925,0.0015045650460871786,0.01661297348933541,0.07517104101436099,0.8300169638959992,0.10103760365353154,possibly forbidden,0.8300169638959992,0.3141854859764352
125,Dune system 1,Camponotus sp||Teucrium capitatum,Camponotus sp,Teucrium capitatum,0.514223816330521,0,0,0,1,0,possibly forbidden,1,36,0.04812834224598931,0.12887700534759358,0.07165775401069518,0.13368983957219252,2.7453796829763813e-4,0.002296652500021516,0.009946773481210284,0.08320991928520016,0.0025933617388802306,0.021694816050369478,0.0939599791294193,0.7860239598466014,0.1307661208681984,possibly forbidden,0.7860239598466014,0.37460122001224855
126,Dune system 1,Chelosia sp.||Asteriscus aquaticus,Chelosia sp.,Asteriscus aquaticus,0.514223816330521,0,0,0,0,0,possibly forbidden,0,4,0,0.1,0.05,0.1,1.3604729634078634e-4,0.001224425667067077,0.007229003023878795,0.06506102721490915,0.001711153882547157,0.015400384942924413,0.09092379579723325,0.8183141621750993,0.11662481060999152,possibly forbidden,0.8183141621750993,0.32705667785405723
127,Dune system 1,Chelosia sp.||Cakile maritima,Chelosia sp.,Cakile maritima,0.6253209290199297,0,0,0,0,0,possibly forbidden,0,39,0,0.1,0.05,0.1,1.3604729634078634e-4,0.001224425667067077,0.007229003023878795,0.06506102721490915,0.001711153882547157,0.015400384942924413,0.09092379579723325,0.8183141621750993,0.11662481060999152,possibly forbidden,0.8183141621750993,0.32705667785405723
128,Dune system 1,Chelosia sp.||Daucus carota,Chelosia sp.,Daucus carota,0.6404311351465845,0,1,0,0,0,weakly supported,0,37,0,0.1,0.05,0.1,0.003020037225404095,0.027180335028636857,0.004345013094815487,0.03910511785333938,0.03798494025741174,0.3418644623167057,0.05465000942236868,0.4918500848013181,0.46904479734534255,possibly forbidden,0.4918500848013181,0.6083078184653574
129,Dune system 1,Chelosia sp.||Limonium sp.,Chelosia sp.,Limonium sp.,0.6643916279937605,0,0,0,0,0,possibly forbidden,0,9,0,0.1,0.05,0.1,1.3604729634078634e-4,0.001224425667067077,0.007229003023878795,0.06506102721490915,0.001711153882547157,0.015400384942924413,0.09092379579723325,0.8183141621750993,0.11662481060999152,possibly forbidden,0.8183141621750993,0.32705667785405723
130,Dune system 1,Chelosia sp.||Salvia rosmarinus,Chelosia sp.,Salvia rosmarinus,0.500000013436996,0,0,0,0,0,possibly forbidden,0,3,0,0.1,0.05,0.1,1.3604729634078634e-4,0.001224425667067077,0.007229003023878795,0.06506102721490915,0.001711153882547157,0.015400384942924413,0.09092379579723325,0.8183141621750993,0.11662481060999152,possibly forbidden,0.8183141621750993,0.32705667785405723
131,Dune system 1,Chelosia sp.||Sedum sediforme,Chelosia sp.,Sedum sediforme,0.5284246161299578,0,0,0,0,0,possibly forbidden,0,5,0,0.1,0.05,0.1,1.3604729634078634e-4,0.001224425667067077,0.007229003023878795,0.06506102721490915,0.001711153882547157,0.015400384942924413,0.09092379579723325,0.8183141621750993,0.11662481060999152,possibly forbidden,0.8183141621750993,0.32705667785405723
132,Dune system 1,Chelosia sp.||Teucrium capitatum,Chelosia sp.,Teucrium capitatum,0.514223816330521,0,0,0,0,0,possibly forbidden,0,36,0,0.1,0.05,0.1,1.3604729634078634e-4,0.001224425667067077,0.007229003023878795,0.06506102721490915,0.001711153882547157,0.015400384942924413,0.09092379579723325,0.8183141621750993,0.11662481060999152,possibly forbidden,0.8183141621750993,0.32705667785405723
133,Dune system 1,Crematogaster sp.||Asteriscus aquaticus,Crematogaster sp.,Asteriscus aquaticus,0.514223816330521,0,0,0,0,0,possibly forbidden,1,4,0.0053475935828877,0.10320855614973262,0.052406417112299465,0.10374331550802139,1.5306736154108323e-4,0.0013223757625920388,0.007740252495022244,0.06686939784359423,0.001858724364994987,0.016057845545008234,0.09399127128646309,0.8120070653407842,0.1211235368156216,possibly forbidden,0.8120070653407842,0.33566531126818433
134,Dune system 1,Crematogaster sp.||Cakile maritima,Crematogaster sp.,Cakile maritima,0.6253209290199297,0,0,0,0,0,possibly forbidden,1,39,0.05213903743315508,0.13128342245989305,0.0734625668449198,0.13649732620320856,3.6722531746607415e-4,0.0023231227478093756,0.012952821361721855,0.08194150164090253,0.0033959201996260242,0.021483103398025945,0.1197813593243946,0.7577549460100537,0.1603035523490438,possibly forbidden,0.7577549460100537,0.4061118721829762
135,Dune system 1,Crematogaster sp.||Daucus carota,Crematogaster sp.,Daucus carota,0.6404311351465845,0,1,1,1,1,model-elusive,1,37,0.04946524064171123,0.12967914438502676,0.07225935828877006,0.13462566844919788,0.022036641016709067,0.026815551581776793,0.02142412389934848,0.02607020276283247,0.20668611083578536,0.25150847908950213,0.20094118897080537,0.24451770184324037,0.7294120953939272,weakly supported,0.25150847908950213,0.8167496304565371
136,Dune system 1,Crematogaster sp.||Limonium sp.,Crematogaster sp.,Limonium sp.,0.6643916279937605,0,0,0,0,0,possibly forbidden,1,9,0.012032085561497327,0.1072192513368984,0.0554144385026738,0.10842245989304813,1.7628581024019388e-4,0.001449630170766773,0.008403701384680207,0.06910515972186475,0.0020513796578151148,0.0168688667545857,0.09779109304031261,0.8041538834597346,0.1267409568184007,possibly forbidden,0.8041538834597346,0.3462528578335369
137,Dune system 1,Crematogaster sp.||Salvia rosmarinus,Crematogaster sp.,Salvia rosmarinus,0.500000013436996,0,0,0,1,0,possibly forbidden,1,3,0.004010695187165775,0.10240641711229947,0.051804812834224605,0.10280748663101605,1.179051025037748e-4,0.0013283464707932588,0.00603524809694953,0.0679945171133537,0.001444248115541957,0.016271237177106494,0.07392721354504975,0.8328812843787015,0.09912419850794485,possibly forbidden,0.8328812843787015,0.31009028028861363
138,Dune system 1,Crematogaster sp.||Sedum sediforme,Crematogaster sp.,Sedum sediforme,0.5284246161299578,0,0,0,1,0,possibly forbidden,1,5,0.0066844919786096255,0.10401069518716578,0.05300802139037433,0.10467914438502675,1.2497682850412005e-4,0.0013799581108970291,0.006244089164346852,0.06894543245046925,0.0015045650460871786,0.01661297348933541,0.07517104101436099,0.8300169638959992,0.10103760365353154,possibly forbidden,0.8300169638959992,0.3141854859764352
139,Dune system 1,Crematogaster sp.||Teucrium capitatum,Crematogaster sp.,Teucrium capitatum,0.514223816330521,0,0,0,1,0,possibly forbidden,1,36,0.04812834224598931,0.12887700534759358,0.07165775401069518,0.13368983957219252,2.7453796829763813e-4,0.002296652500021516,0.009946773481210284,0.08320991928520016,0.0025933617388802306,0.021694816050369478,0.0939599791294193,0.7860239598466014,0.1307661208681984,possibly forbidden,0.7860239598466014,0.37460122001224855
140,Dune system 1,Episyrphus balteatus||Asteriscus aquaticus,Episyrphus balteatus,Asteriscus aquaticus,0.514223816330521,0,0,0,2,0,possibly forbidden,6,4,0.03208556149732621,0.11925133689839573,0.06443850267379679,0.12245989304812835,1.6403433396373513e-4,0.0019590413026901276,0.006660342295061977,0.07954362559831532,0.0016930903631621633,0.02022036405716497,0.06874512842917282,0.8210143736204688,0.0994420007812159,possibly forbidden,0.8210143736204688,0.32895375186057074
141,Dune system 1,Episyrphus balteatus||Cakile maritima,Episyrphus balteatus,Cakile maritima,0.6253209290199297,0,0,1,1,1,locally absent,6,39,0.3128342245989305,0.2877005347593583,0.19077540106951874,0.3189839572192514,0.012414126511808508,0.005017297687316778,0.14726439505712977,0.05951842910908131,0.04295312424194751,0.017359949628123927,0.5095377311716015,0.20593494659299064,0.734546624297928,locally absent,0.5095377311716015,0.6759573935346493
142,Dune system 1,Episyrphus balteatus||Daucus carota,Episyrphus balteatus,Daucus carota,0.6404311351465845,0,1,1,2,1,model-elusive,6,37,0.2967914438502674,0.27807486631016043,0.18355614973262036,0.3077540106951872,0.10429642849879779,0.05733360260021177,0.0351278857900815,0.019310423885678635,0.3784046841436911,0.20801578822042904,0.12744977674076988,0.07006141012034024,0.9106281659939811,model-elusive,0.3784046841436911,0.8351635112992514
143,Dune system 1,Episyrphus balteatus||Limonium sp.,Episyrphus balteatus,Limonium sp.,0.6643916279937605,0,0,0,1,0,possibly forbidden,6,9,0.07219251336898397,0.14331550802139037,0.08248663101604278,0.15053475935828878,4.0189862952620003e-4,0.0029278121739696487,0.012502021748687845,0.09107662675584063,0.0033573829844423557,0.024458373461281165,0.10443945812817587,0.7608364261180763,0.14808694712608306,possibly forbidden,0.7608364261180763,0.40733188152880634
144,Dune system 1,Episyrphus balteatus||Salvia rosmarinus,Episyrphus balteatus,Salvia rosmarinus,0.500000013436996,0,0,0,1,0,possibly forbidden,6,3,0.02406417112299465,0.1144385026737968,0.060828877005347594,0.11684491978609626,1.780972598209158e-4,0.001737809797124561,0.007690012741948819,0.07503641266805114,0.0019260184306400775,0.018793403680519277,0.08316302164190309,0.8114752237799921,0.11348836355195668,possibly forbidden,0.8114752237799921,0.34019504754919555
145,Dune system 1,Episyrphus balteatus||Sedum sediforme,Episyrphus balteatus,Sedum sediforme,0.5284246161299578,0,0,0,2,0,possibly forbidden,6,5,0.040106951871657755,0.12406417112299466,0.068048128342246,0.12807486631016043,1.8965015363960739e-4,0.0021518114709949613,0.007263825277859253,0.08241692535563747,0.0018712669769725134,0.02123179796624526,0.0716717392952192,0.8132029835034318,0.10438009114093072,possibly forbidden,0.8132029835034318,0.3399563998093923
146,Dune system 1,Episyrphus balteatus||Teucrium capitatum,Episyrphus balteatus,Teucrium capitatum,0.514223816330521,0,0,2,3,1,locally absent,6,36,0.2887700534759359,0.27326203208556155,0.17994652406417116,0.3021390374331551,0.013935815212924599,0.0014891646293700672,0.17760941373902017,0.018979130588500148,0.05179496902592672,0.005534748751633408,0.6601173984277433,0.07053935962488153,0.9104815097866183,locally absent,0.6601173984277433,0.5264576478114545
147,Dune system 1,Gasteruption spp.||Asteriscus aquaticus,Gasteruption spp.,Asteriscus aquaticus,0.514223816330521,0,0,0,0,0,possibly forbidden,0,4,0,0.1,0.05,0.1,1.3604729634078634e-4,0.001224425667067077,0.007229003023878795,0.06506102721490915,0.001711153882547157,0.015400384942924413,0.09092379579723325,0.8183141621750993,0.11662481060999152,possibly forbidden,0.8183141621750993,0.32705667785405723
148,Dune system 1,Gasteruption spp.||Cakile maritima,Gasteruption spp.,Cakile maritima,0.6253209290199297,0,0,0,0,0,possibly forbidden,0,39,0,0.1,0.05,0.1,1.3604729634078634e-4,0.001224425667067077,0.007229003023878795,0.06506102721490915,0.001711153882547157,0.015400384942924413,0.09092379579723325,0.8183141621750993,0.11662481060999152,possibly forbidden,0.8183141621750993,0.32705667785405723
149,Dune system 1,Gasteruption spp.||Daucus carota,Gasteruption spp.,Daucus carota,0.6404311351465845,0,1,0,0,0,weakly supported,0,37,0,0.1,0.05,0.1,0.003020037225404095,0.027180335028636857,0.004345013094815487,0.03910511785333938,0.03798494025741174,0.3418644623167057,0.05465000942236868,0.4918500848013181,0.46904479734534255,possibly forbidden,0.4918500848013181,0.6083078184653574
150,Dune system 1,Gasteruption spp.||Limonium sp.,Gasteruption spp.,Limonium sp.,0.6643916279937605,0,0,0,0,0,possibly forbidden,0,9,0,0.1,0.05,0.1,1.3604729634078634e-4,0.001224425667067077,0.007229003023878795,0.06506102721490915,0.001711153882547157,0.015400384942924413,0.09092379579723325,0.8183141621750993,0.11662481060999152,possibly forbidden,0.8183141621750993,0.32705667785405723
151,Dune system 1,Gasteruption spp.||Salvia rosmarinus,Gasteruption spp.,Salvia rosmarinus,0.500000013436996,0,0,0,0,0,possibly forbidden,0,3,0,0.1,0.05,0.1,1.3604729634078634e-4,0.001224425667067077,0.007229003023878795,0.06506102721490915,0.001711153882547157,0.015400384942924413,0.09092379579723325,0.8183141621750993,0.11662481060999152,possibly forbidden,0.8183141621750993,0.32705667785405723
152,Dune system 1,Gasteruption spp.||Sedum sediforme,Gasteruption spp.,Sedum sediforme,0.5284246161299578,0,0,0,0,0,possibly forbidden,0,5,0,0.1,0.05,0.1,1.3604729634078634e-4,0.001224425667067077,0.007229003023878795,0.06506102721490915,0.001711153882547157,0.015400384942924413,0.09092379579723325,0.8183141621750993,0.11662481060999152,possibly forbidden,0.8183141621750993,0.32705667785405723
153,Dune system 1,Gasteruption spp.||Teucrium capitatum,Gasteruption spp.,Teucrium capitatum,0.514223816330521,0,0,0,0,0,possibly forbidden,0,36,0,0.1,0.05,0.1,1.3604729634078634e-4,0.001224425667067077,0.007229003023878795,0.06506102721490915,0.001711153882547157,0.015400384942924413,0.09092379579723325,0.8183141621750993,0.11662481060999152,possibly forbidden,0.8183141621750993,0.32705667785405723
154,Dune system 1,Lydella thompsoni||Asteriscus aquaticus,Lydella thompsoni,Asteriscus aquaticus,0.514223816330521,0,0,0,2,0,possibly forbidden,4,4,0.0213903743315508,0.11283422459893049,0.059625668449197866,0.11497326203208556,1.3372712433590476e-4,0.0017155950240478654,0.005898232677302664,0.07566885687633153,0.001469400145314676,0.018851041553132577,0.06481006748756739,0.8314530791119674,0.09287806401170107,possibly forbidden,0.8314530791119674,0.3140169074267819
155,Dune system 1,Lydella thompsoni||Cakile maritima,Lydella thompsoni,Cakile maritima,0.6253209290199297,0,0,1,1,1,locally absent,4,39,0.20855614973262032,0.2251336898395722,0.14385026737967915,0.24598930481283424,0.006172815819787036,0.003581869848180646,0.10274418720728185,0.0596188703790432,0.029691097470472088,0.017228708889705013,0.49419709998751954,0.2867653503980106,0.6536157792229462,locally absent,0.49419709998751954,0.6417067230576515
156,Dune system 1,Lydella thompsoni||Daucus carota,Lydella thompsoni,Daucus carota,0.6404311351465845,0,1,0,1,0,weakly supported,4,37,0.19786096256684493,0.21871657754010695,0.13903743315508021,0.23850267379679146,0.022182055097589186,0.09143127527813953,0.010401105470503635,0.0428718769873553,0.11073510701688719,0.45643435687415773,0.051923391331551084,0.21402083194381635,0.7431072910688283,weakly supported,0.45643435687415773,0.7554563528016475
157,Dune system 1,Lydella thompsoni||Limonium sp.,Lydella thompsoni,Limonium sp.,0.6643916279937605,0,0,0,1,0,possibly forbidden,4,9,0.04812834224598931,0.12887700534759358,0.07165775401069518,0.13368983957219252,2.7453796829763813e-4,0.002296652500021516,0.009946773481210284,0.08320991928520016,0.0025933617388802306,0.021694816050369478,0.0939599791294193,0.7860239598466014,0.1307661208681984,possibly forbidden,0.7860239598466014,0.37460122001224855
158,Dune system 1,Lydella thompsoni||Salvia rosmarinus,Lydella thompsoni,Salvia rosmarinus,0.500000013436996,0,0,0,0,0,possibly forbidden,4,3,0.0160427807486631,0.10962566844919787,0.0572192513368984,0.11122994652406418,1.9129680920033758e-4,0.0015285350812065436,0.0088147733647975,0.07043342948218002,0.0021713245613293884,0.01734971836985309,0.10005255178873694,0.7994583705426961,0.1301081999751239,possibly forbidden,0.7994583705426961,0.35251594907308464
159,Dune system 1,Lydella thompsoni||Sedum sediforme,Lydella thompsoni,Sedum sediforme,0.5284246161299578,0,0,0,1,0,possibly forbidden,4,5,0.026737967914438502,0.1160427807486631,0.06203208556149733,0.11871657754010696,1.8743638898088757e-4,0.0017962881661942804,0.007926115536538115,0.07595957017515854,0.0019953710671127057,0.019122548479028178,0.08437818132429623,0.8086344888626911,0.1154059409621504,possibly forbidden,0.8086344888626911,0.3441068225758139
160,Dune system 1,Lydella thompsoni||Teucrium capitatum,Lydella thompsoni,Teucrium capitatum,0.514223816330521,0,0,1,2,1,locally absent,4,36,0.19251336898395724,0.21550802139037434,0.13663101604278077,0.2347593582887701,0.00489703622730896,0.0039011396633238304,0.0865396932984318,0.06894035786292578,0.02491236892142788,0.019846010116234037,0.4402476652664006,0.3507157286439472,0.580343913493127,locally absent,0.4402476652664006,0.6455005372851186
161,Dune system 1,Musca domestica||Asteriscus aquaticus,Musca domestica,Asteriscus aquaticus,0.514223816330521,0,0,0,2,0,possibly forbidden,10,4,0.05347593582887701,0.1320855614973262,0.07406417112299465,0.13743315508021392,2.3827895744155095e-4,0.0024924282748303448,0.008330926514924784,0.08714255351912789,0.0021880835437352165,0.022887632842838818,0.07650177509210294,0.8002183212549985,0.1126391252258736,possibly forbidden,0.8002183212549985,0.3579333800976919
162,Dune system 1,Musca domestica||Cakile maritima,Musca domestica,Cakile maritima,0.6253209290199297,0,0,1,1,1,locally absent,10,39,0.5213903743315508,0.4128342245989305,0.28462566844919784,0.46497326203208555,0.03423113604565908,0.007456482799217427,0.24061100772743496,0.052411694371724035,0.06803979467769508,0.01482093839946791,0.47825241736445445,0.10417652861434702,0.8434117770139289,locally absent,0.47825241736445445,0.7131836768013722
163,Dune system 1,Musca domestica||Daucus carota,Musca domestica,Daucus carota,0.6404311351465845,0,1,2,2,1,model-elusive,10,37,0.49465240641711233,0.39679144385026743,0.2725935828877006,0.44625668449197864,0.2549138146710089,0.01133567893342907,0.0515086378046786,0.0022905207440627896,0.5415707602710655,0.024082932759407146,0.10943138633898161,0.0048662684773663235,0.9928432107785709,model-elusive,0.5415707602710655,0.6039150237307164
164,Dune system 1,Musca domestica||Limonium sp.,Musca domestica,Limonium sp.,0.6643916279937605,0,0,0,1,0,possibly forbidden,10,9,0.12032085561497327,0.17219251336898395,0.10414438502673798,0.18422459893048132,7.698226744838372e-4,0.00440079918491463,0.01851943568552539,0.10586894900774993,0.005172046555355129,0.029566728831946408,0.12442265825524657,0.7112795598047781,0.18285149118747202,possibly forbidden,0.7112795598047781,0.46838150091782155
165,Dune system 1,Musca domestica||Salvia rosmarinus,Musca domestica,Salvia rosmarinus,0.500000013436996,0,0,0,1,0,possibly forbidden,10,3,0.040106951871657755,0.12406417112299466,0.068048128342246,0.12807486631016043,2.3919625898418173e-4,0.002102265365650387,0.009161499735351677,0.08051925089814503,0.002360135501408765,0.02074292944180901,0.09039598220882039,0.7944787405898305,0.12500200851202448,possibly forbidden,0.7944787405898305,0.36332800739108795
166,Dune system 1,Musca domestica||Sedum sediforme,Musca domestica,Sedum sediforme,0.5284246161299578,0,0,1,2,1,locally absent,10,5,0.06684491978609626,0.14010695187165775,0.08008021390374331,0.14679144385026738,0.0013022380010665829,0.0018498132779315064,0.04183598416238519,0.059427507825395944,0.011169449262384185,0.01586606713658952,0.3588321812609871,0.50971675907326,0.43085573310134406,possibly forbidden,0.50971675907326,0.5520965659208295
167,Dune system 1,Musca domestica||Teucrium capitatum,Musca domestica,Teucrium capitatum,0.514223816330521,0,0,3,3,1,locally absent,10,36,0.4812834224598931,0.38877005347593585,0.2665775401069519,0.43689839572192524,0.035663061409496453,3.118318991117448e-4,0.2744000338810964,0.002399308424449631,0.07835867487408693,6.851552680039892e-4,0.6029101874748686,0.005271746768886291,0.9923289448066641,locally absent,0.6029101874748686,0.4943494834103341
168,Dune system 1,Muscidae sp.||Asteriscus aquaticus,Muscidae sp.,Asteriscus aquaticus,0.514223816330521,0,0,0,0,0,possibly forbidden,0,4,0,0.1,0.05,0.1,1.3604729634078634e-4,0.001224425667067077,0.007229003023878795,0.06506102721490915,0.001711153882547157,0.015400384942924413,0.09092379579723325,0.8183141621750993,0.11662481060999152,possibly forbidden,0.8183141621750993,0.32705667785405723
169,Dune system 1,Muscidae sp.||Cakile maritima,Muscidae sp.,Cakile maritima,0.6253209290199297,0,0,0,0,0,possibly forbidden,0,39,0,0.1,0.05,0.1,1.3604729634078634e-4,0.001224425667067077,0.007229003023878795,0.06506102721490915,0.001711153882547157,0.015400384942924413,0.09092379579723325,0.8183141621750993,0.11662481060999152,possibly forbidden,0.8183141621750993,0.32705667785405723
170,Dune system 1,Muscidae sp.||Daucus carota,Muscidae sp.,Daucus carota,0.6404311351465845,0,1,0,0,0,weakly supported,0,37,0,0.1,0.05,0.1,0.003020037225404095,0.027180335028636857,0.004345013094815487,0.03910511785333938,0.03798494025741174,0.3418644623167057,0.05465000942236868,0.4918500848013181,0.46904479734534255,possibly forbidden,0.4918500848013181,0.6083078184653574
171,Dune system 1,Muscidae sp.||Limonium sp.,Muscidae sp.,Limonium sp.,0.6643916279937605,0,0,0,0,0,possibly forbidden,0,9,0,0.1,0.05,0.1,1.3604729634078634e-4,0.001224425667067077,0.007229003023878795,0.06506102721490915,0.001711153882547157,0.015400384942924413,0.09092379579723325,0.8183141621750993,0.11662481060999152,possibly forbidden,0.8183141621750993,0.32705667785405723
172,Dune system 1,Muscidae sp.||Salvia rosmarinus,Muscidae sp.,Salvia rosmarinus,0.500000013436996,0,0,0,0,0,possibly forbidden,0,3,0,0.1,0.05,0.1,1.3604729634078634e-4,0.001224425667067077,0.007229003023878795,0.06506102721490915,0.001711153882547157,0.015400384942924413,0.09092379579723325,0.8183141621750993,0.11662481060999152,possibly forbidden,0.8183141621750993,0.32705667785405723
173,Dune system 1,Muscidae sp.||Sedum sediforme,Muscidae sp.,Sedum sediforme,0.5284246161299578,0,0,0,0,0,possibly forbidden,0,5,0,0.1,0.05,0.1,1.3604729634078634e-4,0.001224425667067077,0.007229003023878795,0.06506102721490915,0.001711153882547157,0.015400384942924413,0.09092379579723325,0.8183141621750993,0.11662481060999152,possibly forbidden,0.8183141621750993,0.32705667785405723
174,Dune system 1,Muscidae sp.||Teucrium capitatum,Muscidae sp.,Teucrium capitatum,0.514223816330521,0,0,0,0,0,possibly forbidden,0,36,0,0.1,0.05,0.1,1.3604729634078634e-4,0.001224425667067077,0.007229003023878795,0.06506102721490915,0.001711153882547157,0.015400384942924413,0.09092379579723325,0.8183141621750993,0.11662481060999152,possibly forbidden,0.8183141621750993,0.32705667785405723
175,Dune system 1,Phthiria cf pulicularia||Asteriscus aquaticus,Phthiria cf pulicularia,Asteriscus aquaticus,0.514223816330521,0,0,0,1,0,possibly forbidden,2,4,0.0106951871657754,0.10641711229946524,0.054812834224598934,0.10748663101604279,1.3611548128255411e-4,0.0014591020559303859,0.006564142040805153,0.07036490674617667,0.0015973038507821182,0.01712244125841714,0.07702966084433713,0.8257263277222688,0.10390876553155448,possibly forbidden,0.8257263277222688,0.320280173187666
176,Dune system 1,Phthiria cf pulicularia||Cakile maritima,Phthiria cf pulicularia,Cakile maritima,0.6253209290199297,0,0,0,0,0,possibly forbidden,2,39,0.10427807486631016,0.1625668449197861,0.09692513368983957,0.17299465240641712,7.798156125671334e-4,0.0037279284229832206,0.02031955359649077,0.09713814416374951,0.005613926754822439,0.026837520019576202,0.1462813564425368,0.699301754987274,0.20356010084897647,possibly forbidden,0.699301754987274,0.4758886510690454
177,Dune system 1,Phthiria cf pulicularia||Daucus carota,Phthiria cf pulicularia,Daucus carota,0.6404311351465845,0,1,0,2,0,weakly supported,2,37,0.09893048128342247,0.15935828877005348,0.09451871657754012,0.16925133689839572,0.00754066956140295,0.0616855139272633,0.005470118874883753,0.04474763033876382,0.055590787941727934,0.45475355946627666,0.04032642140244242,0.32988529848723913,0.625367071173997,weakly supported,0.45475355946627666,0.6686958910843825
178,Dune system 1,Phthiria cf pulicularia||Limonium sp.,Phthiria cf pulicularia,Limonium sp.,0.6643916279937605,0,0,0,0,0,possibly forbidden,2,9,0.024064171122994655,0.1144385026737968,0.0608288770053476,0.11684491978609626,2.2386400638641003e-4,0.0016920430505590672,0.00966616254122192,0.07306026286877805,0.002420959214592685,0.018298462896566673,0.10453393402389526,0.790104311398,0.13683542573322194,possibly forbidden,0.790104311398,0.3648480603925334
179,Dune system 1,Phthiria cf pulicularia||Salvia rosmarinus,Phthiria cf pulicularia,Salvia rosmarinus,0.500000013436996,0,0,0,1,0,possibly forbidden,2,3,0.00802139037433155,0.10481283422459893,0.0536096256684492,0.10561497326203209,1.2861814111254918e-4,0.0014061094339926678,0.006349867427804215,0.06941951125716515,0.0015351762850184321,0.016783214549161436,0.0757915314578038,0.8285859714479418,0.10199451729489306,possibly forbidden,0.8285859714479418,0.31622341154876005
180,Dune system 1,Phthiria cf pulicularia||Sedum sediforme,Phthiria cf pulicularia,Sedum sediforme,0.5284246161299578,0,0,0,2,0,possibly forbidden,2,5,0.013368983957219251,0.10802139037433156,0.05601604278074866,0.10935828877005348,1.1369502834475442e-4,0.0015432224516777806,0.005358318847199626,0.0727303389482657,0.001312027062843193,0.017808602979972662,0.06183436022858431,0.8392994344531121,0.08797022659862219,possibly forbidden,0.8392994344531121,0.3026042869363289
181,Dune system 1,Phthiria cf pulicularia||Teucrium capitatum,Phthiria cf pulicularia,Teucrium capitatum,0.514223816330521,0,0,2,2,1,locally absent,2,36,0.09625668449197862,0.15775401069518719,0.09331550802139038,0.16737967914438506,0.003560289032442527,6.346874835773924e-4,0.09674365903007756,0.017246349648119587,0.02656442627375135,0.004735601157863742,0.7218345966687804,0.12868039070538748,0.8540732596464929,locally absent,0.7218345966687804,0.45281294862357724
182,Dune system 1,Phthiria sp.||Asteriscus aquaticus,Phthiria sp.,Asteriscus aquaticus,0.514223816330521,0,0,0,2,0,possibly forbidden,3,4,0.016042780748663103,0.10962566844919787,0.0572192513368984,0.11122994652406418,1.2012592522769874e-4,0.0015997059651791825,0.005535287339841874,0.07371291550713567,0.001363495674547088,0.018157547256635397,0.06282857202509504,0.8366823503063381,0.08960473418652626,possibly forbidden,0.8366823503063381,0.30642911038458814
183,Dune system 1,Phthiria sp.||Cakile maritima,Phthiria sp.,Cakile maritima,0.6253209290199297,0,0,1,1,1,locally absent,3,39,0.15641711229946526,0.19385026737967914,0.12038770053475938,0.2094919786096257,0.003995316632760231,0.002854008662853039,0.08163854714855935,0.058317560834660234,0.023219729455975342,0.016586747711826347,0.47446176416280955,0.33892632539055584,0.6027561137747839,locally absent,0.47446176416280955,0.6178942670334114
184,Dune system 1,Phthiria sp.||Daucus carota,Phthiria sp.,Daucus carota,0.6404311351465845,0,1,0,1,0,weakly supported,3,37,0.1483957219251337,0.1890374331550802,0.11677807486631017,0.20387700534759362,0.015046196356037093,0.07585016228766747,0.00861708640452292,0.04344004203877514,0.09020619491217911,0.4547431365068171,0.051661865722601424,0.2604353157713998,0.6961246421898251,weakly supported,0.4547431365068171,0.7284596603710519
185,Dune system 1,Phthiria sp.||Limonium sp.,Phthiria sp.,Limonium sp.,0.6643916279937605,0,0,0,1,0,possibly forbidden,3,9,0.036096256684491984,0.1216577540106952,0.0662433155080214,0.1252673796791444,2.2275660101704064e-4,0.0020081020473941527,0.008781266048891628,0.07916119320811094,0.0022475595212165743,0.020261257603988843,0.08860082272045623,0.7987170422489246,0.12212176454296442,possibly forbidden,0.7987170422489246,0.3576195398700108
186,Dune system 1,Phthiria sp.||Salvia rosmarinus,Phthiria sp.,Salvia rosmarinus,0.500000013436996,0,0,0,0,0,possibly forbidden,3,3,0.012032085561497326,0.1072192513368984,0.0554144385026738,0.10842245989304813,1.7628581024019388e-4,0.001449630170766773,0.008403701384680207,0.06910515972186475,0.0020513796578151148,0.0168688667545857,0.09779109304031261,0.8041538834597346,0.1267409568184007,possibly forbidden,0.8041538834597346,0.3462528578335369
187,Dune system 1,Phthiria sp.||Sedum sediforme,Phthiria sp.,Sedum sediforme,0.5284246161299578,0,0,0,1,0,possibly forbidden,3,5,0.020053475935828877,0.11203208556149732,0.059024064171123,0.11403743315508022,1.6469157062321983e-4,0.0016517989198949238,0.00734269803341694,0.07364469617246255,0.0018242437459632577,0.018296527489563796,0.08133306953883057,0.8157422745292447,0.11061302929829275,possibly forbidden,0.8157422745292447,0.33428366113843777
188,Dune system 1,Phthiria sp.||Teucrium capitatum,Phthiria sp.,Teucrium capitatum,0.514223816330521,0,0,1,2,1,locally absent,3,36,0.14438502673796794,0.18663101604278076,0.11497326203208558,0.20106951871657758,0.0031761660267274213,0.00308424604769205,0.06837504485533384,0.06639623372368761,0.019344772437608636,0.018784924160803924,0.4164453847837943,0.4043932279643522,0.5292105383119602,locally absent,0.4164453847837943,0.6162831672558209
189,Dune system 1,Podarcis lilfordi||Asteriscus aquaticus,Podarcis lilfordi,Asteriscus aquaticus,0.5982969193931601,0,0,0,2,0,possibly forbidden,11,4,0.05882352941176471,0.13529411764705884,0.07647058823529412,0.1411764705882353,2.599396248922659e-4,0.002635419991537065,0.008779376580641787,0.08901045603741692,0.0023217669709186322,0.023539431871479454,0.07841692692539212,0.7950366819977217,0.11595286196486132,possibly forbidden,0.7950366819977217,0.36500315501130104
190,Dune system 1,Podarcis lilfordi||Cakile maritima,Podarcis lilfordi,Cakile maritima,0.701334027758455,1,0,1,1,1,possibly missing,11,39,0.573529411764706,0.4441176470588236,0.30808823529411766,0.5014705882352942,0.06097941802699012,0.011476086040549739,0.3829955832573459,0.07207825867846807,0.054614943668676426,0.010278317060423484,0.34302200450147985,0.06455538876606637,0.8633663525554656,possibly missing,0.3829955832573459,0.7351681872974923
191,Dune system 1,Podarcis lilfordi||Daucus carota,Podarcis lilfordi,Daucus carota,0.7147769851547863,1,1,1,2,1,recurrent,11,37,0.5441176470588236,0.42647058823529416,0.29485294117647065,0.48088235294117654,0.3414014748041894,0.09006901511188102,0.06182509892634813,0.016310784166016314,0.3285302467885831,0.08667330971455953,0.059494221633492717,0.015695848854929723,0.9679933669790539,recurrent,0.3414014748041894,0.7856398710851261
192,Dune system 1,Podarcis lilfordi||Limonium sp.,Podarcis lilfordi,Limonium sp.,0.7358268700581171,1,0,0,1,0,phantom,11,9,0.1323529411764706,0.17941176470588235,0.10955882352941176,0.19264705882352942,0.0015385836643010842,0.008324152594566706,0.03497146950214447,0.1892050821456789,0.005035456438378171,0.027243177442283564,0.11445416674439547,0.6192279114682516,0.1915670063860695,possibly forbidden,0.6192279114682516,0.553888375225115
193,Dune system 1,Podarcis lilfordi||Salvia rosmarinus,Podarcis lilfordi,Salvia rosmarinus,0.5,0,1,0,1,0,weakly supported,11,3,0.044117647058823525,0.1264705882352941,0.06985294117647059,0.13088235294117648,0.004882945938101089,0.04185981043405731,0.004923500980422403,0.042207474816427185,0.04713315936929152,0.4040563097292907,0.047524621264874625,0.4074121774675351,0.5503803477160377,possibly forbidden,0.4074121774675351,0.6440820642573755
194,Dune system 1,Podarcis lilfordi||Sedum sediforme,Podarcis lilfordi,Sedum sediforme,0.6118949359896821,0,0,0,2,0,possibly forbidden,11,5,0.07352941176470588,0.14411764705882354,0.08308823529411766,0.15147058823529413,3.265144266980206e-4,0.0030484333025073843,0.010076861159789823,0.09408049578359629,0.0027099166038855233,0.025300566672793883,0.08363322150300907,0.78082399054772,0.12509551366868377,possibly forbidden,0.78082399054772,0.38410564405596725
195,Dune system 1,Podarcis lilfordi||Teucrium capitatum,Podarcis lilfordi,Teucrium capitatum,0.5982969193931601,0,0,1,3,1,locally absent,11,36,0.5294117647058824,0.41764705882352937,0.2882352941176471,0.47058823529411764,0.03165939525168589,0.011237147269066638,0.21863857850389787,0.07760331130193832,0.06169303028880266,0.021897249183663665,0.42604971884999787,0.1512215693509471,0.7711751193471146,locally absent,0.42604971884999787,0.7671347953662069
196,Dune system 1,Spilostethus pandurus||Asteriscus aquaticus,Spilostethus pandurus,Asteriscus aquaticus,0.5982969193931601,0,0,0,2,0,possibly forbidden,5,4,0.026737967914438505,0.11604278074866312,0.06203208556149733,0.11871657754010696,1.4834911157177952e-4,0.0018353754436033886,0.006273233305730216,0.07761245240596647,0.001579263912795434,0.019538655633345454,0.06678227372795918,0.8262303964590281,0.09615715113500545,possibly forbidden,0.8262303964590281,0.3215243334624138
197,Dune system 1,Spilostethus pandurus||Cakile maritima,Spilostethus pandurus,Cakile maritima,0.701334027758455,1,0,1,1,1,possibly missing,5,39,0.2606951871657754,0.25641711229946523,0.16731283422459892,0.28248663101604277,0.014720484231496002,0.00707814403269296,0.20488473444746086,0.09851602961649292,0.030545542024304262,0.014687407194262442,0.4251433015235343,0.2044243569297563,0.6970596134537508,locally absent,0.4251433015235343,0.7247063814619402
198,Dune system 1,Spilostethus pandurus||Daucus carota,Spilostethus pandurus,Daucus carota,0.7147769851547863,1,1,0,2,0,locally unique,5,37,0.24732620320855617,0.2483957219251337,0.16129679144385028,0.27312834224598936,0.04170590574457908,0.18497977967851298,0.01642121646438669,0.07283364188848114,0.09029964582576201,0.40050943125886534,0.035554437777796676,0.15769594136161605,0.7694704167499028,weakly supported,0.40050943125886534,0.8158211905084523
199,Dune system 1,Spilostethus pandurus||Limonium sp.,Spilostethus pandurus,Limonium sp.,0.7358268700581171,1,0,0,1,0,phantom,5,9,0.060160427807486636,0.136096256684492,0.077072192513369,0.14211229946524065,5.949629544049731e-4,0.004636674050375706,0.01992483953930391,0.15527855266582977,0.002702417587556231,0.021060520505906913,0.09050183108308266,0.7053002016135399,0.1394212457206303,possibly forbidden,0.7053002016135399,0.4604665994584258
200,Dune system 1,Spilostethus pandurus||Salvia rosmarinus,Spilostethus pandurus,Salvia rosmarinus,0.5845459502015167,0,0,0,1,0,possibly forbidden,5,3,0.020053475935828877,0.11203208556149732,0.059024064171123,0.11403743315508022,1.6469157062321983e-4,0.0016517989198949238,0.00734269803341694,0.07364469617246255,0.0018242437459632577,0.018296527489563796,0.08133306953883057,0.8157422745292447,0.11061302929829275,possibly forbidden,0.8157422745292447,0.33428366113843777
201,Dune system 1,Spilostethus pandurus||Sedum sediforme,Spilostethus pandurus,Sedum sediforme,0.6118949359896821,0,0,1,2,1,locally absent,5,5,0.03342245989304813,0.12005347593582888,0.06504010695187167,0.1233957219251337,7.889527741561232e-4,0.0013697381707008696,0.03171740386310254,0.055066082749117326,0.008081448151769362,0.01403058379490277,0.3248896045806533,0.5640561859155977,0.380877731335285,possibly forbidden,0.5640561859155977,0.5149518982591447
202,Dune system 1,Spilostethus pandurus||Teucrium capitatum,Spilostethus pandurus,Teucrium capitatum,0.5020325220066872,0,1,3,3,1,model-elusive,5,36,0.24064171122994654,0.24438502673796791,0.15828877005347597,0.2684491978609626,0.13155278892031827,0.0024320810474036027,0.05297101187048137,9.793011238250634e-4,0.568437424976449,0.010508981978006583,0.22888686612559342,0.004231543957922764,0.9947891549182521,model-elusive,0.568437424976449,0.5643236357106947
203,Dune system 1,Vanessa atalanta||Asteriscus aquaticus,Vanessa atalanta,Asteriscus aquaticus,0.514223816330521,0,0,0,1,0,possibly forbidden,4,4,0.0213903743315508,0.11283422459893049,0.059625668449197866,0.11497326203208556,1.6908078890471716e-4,0.0016802413594790527,0.007457558361285682,0.0741095311923485,0.0018578679308353684,0.018462573767611883,0.08194401393273416,0.8143191326668007,0.1115713361408508,possibly forbidden,0.8143191326668007,0.3362600101702769
204,Dune system 1,Vanessa atalanta||Cakile maritima,Vanessa atalanta,Cakile maritima,0.6253209290199297,0,0,0,1,0,possibly forbidden,4,39,0.20855614973262032,0.2251336898395722,0.14385026737967915,0.24598930481283424,0.001967813360842508,0.007786872307125174,0.03275350994392191,0.12960954764240312,0.009465135524242468,0.037454670835934616,0.15754360483715402,0.6234188455483761,0.2469716068092207,possibly forbidden,0.6234188455483761,0.5673337060851104
205,Dune system 1,Vanessa atalanta||Daucus carota,Vanessa atalanta,Daucus carota,0.6404311351465845,0,1,1,1,1,model-elusive,4,37,0.19786096256684493,0.21871657754010695,0.13903743315508021,0.23850267379679146,0.07081261890827081,0.042800711467457904,0.03320384493984749,0.020069137518011444,0.3535038975629291,0.21366556632811579,0.16575701875277318,0.10018720452259426,0.8797436579593942,model-elusive,0.3535038975629291,0.8365849088948872
206,Dune system 1,Vanessa atalanta||Limonium sp.,Vanessa atalanta,Limonium sp.,0.6643916279937605,0,0,0,1,0,possibly forbidden,4,9,0.04812834224598931,0.12887700534759358,0.07165775401069518,0.13368983957219252,2.7453796829763813e-4,0.002296652500021516,0.009946773481210284,0.08320991928520016,0.0025933617388802306,0.021694816050369478,0.0939599791294193,0.7860239598466014,0.1307661208681984,possibly forbidden,0.7860239598466014,0.37460122001224855
207,Dune system 1,Vanessa atalanta||Salvia rosmarinus,Vanessa atalanta,Salvia rosmarinus,0.500000013436996,0,0,0,1,0,possibly forbidden,4,3,0.0160427807486631,0.10962566844919787,0.0572192513368984,0.11122994652406418,1.5199054155536589e-4,0.0015678413488515153,0.007003578277148926,0.07224462456982861,0.0017251766892949234,0.017795866241887556,0.07949448604989896,0.8200164362815342,0.10773893914863719,possibly forbidden,0.8200164362815342,0.32831876092593004
208,Dune system 1,Vanessa atalanta||Sedum sediforme,Vanessa atalanta,Sedum sediforme,0.5284246161299578,0,0,0,1,0,possibly forbidden,4,5,0.026737967914438502,0.1160427807486631,0.06203208556149733,0.11871657754010696,1.8743638898088757e-4,0.0017962881661942804,0.007926115536538115,0.07595957017515854,0.0019953710671127057,0.019122548479028178,0.08437818132429623,0.8086344888626911,0.1154059409621504,possibly forbidden,0.8086344888626911,0.3441068225758139
209,Dune system 1,Vanessa atalanta||Teucrium capitatum,Vanessa atalanta,Teucrium capitatum,0.514223816330521,0,0,2,2,1,locally absent,4,36,0.19251336898395724,0.21550802139037434,0.13663101604278077,0.2347593582887701,0.007877903917934338,9.20271972698453e-4,0.13921714221566842,0.016262908945689186,0.04007674022027614,0.004681638817385783,0.708230171490787,0.0827332224195607,0.9010038686347501,locally absent,0.708230171490787,0.47638925332642507
210,Dune system 1,Autographa gamma||Asteriscus aquaticus,Autographa gamma,Asteriscus aquaticus,0.514223816330521,0,0,0,1,0,possibly forbidden,3,4,0.016042780748663103,0.10962566844919787,0.0572192513368984,0.11122994652406418,1.5199054155536589e-4,0.0015678413488515153,0.007003578277148926,0.07224462456982861,0.0017251766892949234,0.017795866241887556,0.07949448604989896,0.8200164362815342,0.10773893914863719,possibly forbidden,0.8200164362815342,0.32831876092593004
211,Dune system 1,Autographa gamma||Cakile maritima,Autographa gamma,Cakile maritima,0.6253209290199297,0,0,1,1,1,locally absent,3,39,0.15641711229946526,0.19385026737967914,0.12038770053475938,0.2094919786096257,0.003995316632760231,0.002854008662853039,0.08163854714855935,0.058317560834660234,0.023219729455975342,0.016586747711826347,0.47446176416280955,0.33892632539055584,0.6027561137747839,locally absent,0.47446176416280955,0.6178942670334114
212,Dune system 1,Autographa gamma||Daucus carota,Autographa gamma,Daucus carota,0.7246168617260806,1,0,0,1,0,phantom,3,37,0.1483957219251337,0.1890374331550802,0.11677807486631017,0.20387700534759362,0.001836167261161875,0.009256398191995443,0.03883789288609725,0.19578771994023159,0.005636488095550771,0.028414393024220466,0.11922079515253063,0.6010101454482121,0.20320213461155634,possibly forbidden,0.6010101454482121,0.5723990994360524
213,Dune system 1,Autographa gamma||Limonium sp.,Autographa gamma,Limonium sp.,0.5726528601931558,0,1,0,1,0,weakly supported,3,9,0.036096256684491984,0.1216577540106952,0.0662433155080214,0.1252673796791444,0.004355293298097043,0.039262016698852625,0.004648729351811624,0.04190727855665245,0.04394384218082009,0.3961441279440234,0.04690454006085271,0.42283417190888994,0.5352585495344576,possibly forbidden,0.42283417190888994,0.6349364534437104
214,Dune system 1,Autographa gamma||Salvia rosmarinus,Autographa gamma,Salvia rosmarinus,0.500000013436996,0,0,0,1,0,possibly forbidden,3,3,0.012032085561497326,0.1072192513368984,0.0554144385026738,0.10842245989304813,1.3997304236436576e-4,0.0014859429386426012,0.006672639438946305,0.07083622166759865,0.0016288199904321318,0.01729142642196868,0.07764729781902982,0.8242976786810174,0.10486609965138394,possibly forbidden,0.8242976786810174,0.3222991122817868
215,Dune system 1,Autographa gamma||Sedum sediforme,Autographa gamma,Sedum sediforme,0.5284246161299578,0,0,0,1,0,possibly forbidden,3,5,0.020053475935828877,0.11203208556149732,0.059024064171123,0.11403743315508022,1.6469157062321983e-4,0.0016517989198949238,0.00734269803341694,0.07364469617246255,0.0018242437459632577,0.018296527489563796,0.08133306953883057,0.8157422745292447,0.11061302929829275,possibly forbidden,0.8157422745292447,0.33428366113843777
216,Dune system 1,Autographa gamma||Teucrium capitatum,Autographa gamma,Teucrium capitatum,0.514223816330521,0,0,1,2,1,locally absent,3,36,0.14438502673796794,0.18663101604278076,0.11497326203208558,0.20106951871657758,0.0031761660267274213,0.00308424604769205,0.06837504485533384,0.06639623372368761,0.019344772437608636,0.018784924160803924,0.4164453847837943,0.4043932279643522,0.5292105383119602,locally absent,0.4164453847837943,0.6162831672558209
217,Dune system 1,Colias crocea||Asteriscus aquaticus,Colias crocea,Asteriscus aquaticus,0.514223816330521,0,0,0,1,0,possibly forbidden,2,4,0.0106951871657754,0.10641711229946524,0.054812834224598934,0.10748663101604279,1.3611548128255411e-4,0.0014591020559303859,0.006564142040805153,0.07036490674617667,0.0015973038507821182,0.01712244125841714,0.07702966084433713,0.8257263277222688,0.10390876553155448,possibly forbidden,0.8257263277222688,0.320280173187666
218,Dune system 1,Colias crocea||Cakile maritima,Colias crocea,Cakile maritima,0.6253209290199297,0,0,1,1,1,locally absent,2,39,0.10427807486631016,0.1625668449197861,0.09692513368983957,0.17299465240641712,0.0023662898658033606,0.0021414541697469935,0.06165810606784307,0.05579959169239722,0.017035024399636604,0.015416422374762036,0.4438794065259174,0.4017037049038934,0.5424967034037094,locally absent,0.4438794065259174,0.5871203378542511
219,Dune system 1,Colias crocea||Daucus carota,Colias crocea,Daucus carota,0.7246168617260806,1,0,0,1,0,phantom,2,37,0.09893048128342247,0.15935828877005348,0.09451871657754012,0.16925133689839572,0.0010271893837261606,0.00650887501927637,0.0275199141002296,0.1743823332459292,0.003877306718956323,0.024568891817728488,0.10387874868688009,0.6582367410272737,0.16738092572679708,possibly forbidden,0.6582367410272737,0.5128132928271137
220,Dune system 1,Colias crocea||Limonium sp.,Colias crocea,Limonium sp.,0.5726528601931558,0,1,0,1,0,weakly supported,2,9,0.024064171122994655,0.1144385026737968,0.0608288770053476,0.11684491978609626,0.003627323477103268,0.035394133981558815,0.004240786524666466,0.04138008848361689,0.039227396748379786,0.38276700300484146,0.04586164332416338,0.4475016244556699,0.5111182870607132,possibly forbidden,0.4475016244556699,0.6200679002720035
221,Dune system 1,Colias crocea||Salvia rosmarinus,Colias crocea,Salvia rosmarinus,0.500000013436996,0,0,0,1,0,possibly forbidden,2,3,0.00802139037433155,0.10481283422459893,0.0536096256684492,0.10561497326203209,1.2861814111254918e-4,0.0014061094339926678,0.006349867427804215,0.06941951125716515,0.0015351762850184321,0.016783214549161436,0.0757915314578038,0.8285859714479418,0.10199451729489306,possibly forbidden,0.8285859714479418,0.31622341154876005
222,Dune system 1,Colias crocea||Sedum sediforme,Colias crocea,Sedum sediforme,0.5284246161299578,0,0,0,1,0,possibly forbidden,2,5,0.013368983957219251,0.10802139037433156,0.05601604278074866,0.10935828877005348,1.4390422382098685e-4,0.0015130132562015482,0.006782044262775392,0.07130661353268994,0.0016606375745654128,0.017459992468250442,0.07826398166839688,0.8228698130132994,0.10582357345401061,possibly forbidden,0.8228698130132994,0.3243118239807983
223,Dune system 1,Colias crocea||Teucrium capitatum,Colias crocea,Teucrium capitatum,0.514223816330521,0,0,1,2,1,locally absent,2,36,0.09625668449197862,0.15775401069518719,0.09331550802139038,0.16737967914438506,0.001893294040437571,0.0023016824755823476,0.05144643915780932,0.06254356952038781,0.014126457007686374,0.017173570423928718,0.3838579192872654,0.4666570680869024,0.4707993623927098,possibly forbidden,0.4666570680869024,0.5795049680989125
224,Dune system 1,Eristalinus sepulcharis||Asteriscus aquaticus,Eristalinus sepulcharis,Asteriscus aquaticus,0.514223816330521,0,0,0,0,0,possibly forbidden,0,4,0,0.1,0.05,0.1,1.3604729634078634e-4,0.001224425667067077,0.007229003023878795,0.06506102721490915,0.001711153882547157,0.015400384942924413,0.09092379579723325,0.8183141621750993,0.11662481060999152,possibly forbidden,0.8183141621750993,0.32705667785405723
225,Dune system 1,Eristalinus sepulcharis||Cakile maritima,Eristalinus sepulcharis,Cakile maritima,0.6253209290199297,0,0,0,0,0,possibly forbidden,0,39,0,0.1,0.05,0.1,1.3604729634078634e-4,0.001224425667067077,0.007229003023878795,0.06506102721490915,0.001711153882547157,0.015400384942924413,0.09092379579723325,0.8183141621750993,0.11662481060999152,possibly forbidden,0.8183141621750993,0.32705667785405723
226,Dune system 1,Eristalinus sepulcharis||Daucus carota,Eristalinus sepulcharis,Daucus carota,0.7246168617260806,1,0,0,0,0,phantom,0,37,0,0.1,0.05,0.1,2.4827972834515373e-4,0.0022345175551063833,0.01319258048670861,0.11873322438037748,0.0015989214505427898,0.014390293054885107,0.08496021833440347,0.764641965009631,0.11662481060999152,possibly forbidden,0.764641965009631,0.39039159114954464
227,Dune system 1,Eristalinus sepulcharis||Limonium sp.,Eristalinus sepulcharis,Limonium sp.,0.5726528601931558,0,1,0,0,0,weakly supported,0,9,0,0.1,0.05,0.1,0.003020037225404095,0.027180335028636857,0.004345013094815487,0.03910511785333938,0.03798494025741174,0.3418644623167057,0.05465000942236868,0.4918500848013181,0.46904479734534255,possibly forbidden,0.4918500848013181,0.6083078184653574
228,Dune system 1,Eristalinus sepulcharis||Salvia rosmarinus,Eristalinus sepulcharis,Salvia rosmarinus,0.500000013436996,0,0,0,0,0,possibly forbidden,0,3,0,0.1,0.05,0.1,1.3604729634078634e-4,0.001224425667067077,0.007229003023878795,0.06506102721490915,0.001711153882547157,0.015400384942924413,0.09092379579723325,0.8183141621750993,0.11662481060999152,possibly forbidden,0.8183141621750993,0.32705667785405723
229,Dune system 1,Eristalinus sepulcharis||Sedum sediforme,Eristalinus sepulcharis,Sedum sediforme,0.5284246161299578,0,0,0,0,0,possibly forbidden,0,5,0,0.1,0.05,0.1,1.3604729634078634e-4,0.001224425667067077,0.007229003023878795,0.06506102721490915,0.001711153882547157,0.015400384942924413,0.09092379579723325,0.8183141621750993,0.11662481060999152,possibly forbidden,0.8183141621750993,0.32705667785405723
230,Dune system 1,Eristalinus sepulcharis||Teucrium capitatum,Eristalinus sepulcharis,Teucrium capitatum,0.514223816330521,0,0,0,0,0,possibly forbidden,0,36,0,0.1,0.05,0.1,1.3604729634078634e-4,0.001224425667067077,0.007229003023878795,0.06506102721490915,0.001711153882547157,0.015400384942924413,0.09092379579723325,0.8183141621750993,0.11662481060999152,possibly forbidden,0.8183141621750993,0.32705667785405723
231,Dune system 1,Eumenes dubius||Asteriscus aquaticus,Eumenes dubius,Asteriscus aquaticus,0.514223816330521,0,0,0,1,0,possibly forbidden,4,4,0.0213903743315508,0.11283422459893049,0.059625668449197866,0.11497326203208556,1.6908078890471716e-4,0.0016802413594790527,0.007457558361285682,0.0741095311923485,0.0018578679308353684,0.018462573767611883,0.08194401393273416,0.8143191326668007,0.1115713361408508,possibly forbidden,0.8143191326668007,0.3362600101702769
232,Dune system 1,Eumenes dubius||Cakile maritima,Eumenes dubius,Cakile maritima,0.6253209290199297,0,0,1,1,1,locally absent,4,39,0.20855614973262032,0.2251336898395722,0.14385026737967915,0.24598930481283424,0.006172815819787036,0.003581869848180646,0.10274418720728185,0.0596188703790432,0.029691097470472088,0.017228708889705013,0.49419709998751954,0.2867653503980106,0.6536157792229462,locally absent,0.49419709998751954,0.6417067230576515
233,Dune system 1,Eumenes dubius||Daucus carota,Eumenes dubius,Daucus carota,0.7246168617260806,1,0,1,1,1,possibly missing,4,37,0.19786096256684493,0.21871657754010695,0.13903743315508021,0.23850267379679146,0.009568515056023862,0.005783421915455673,0.1657036071687721,0.10015492138109924,0.024457654767649974,0.014782746931544672,0.42354760317137463,0.2560015296080798,0.643843549010821,locally absent,0.42354760317137463,0.7061275980942724
234,Dune system 1,Eumenes dubius||Limonium sp.,Eumenes dubius,Limonium sp.,0.5726528601931558,0,1,1,1,1,model-elusive,4,9,0.04812834224598931,0.12887700534759358,0.07165775401069518,0.13368983957219252,0.021701547709974477,0.02662140147405077,0.02128927259948044,0.02611566145122392,0.20499883442175182,0.2514731366530876,0.2011043694627604,0.2466957762276705,0.7271885623211056,weakly supported,0.2514731366530876,0.8159161885443008
235,Dune system 1,Eumenes dubius||Salvia rosmarinus,Eumenes dubius,Salvia rosmarinus,0.500000013436996,0,0,0,1,0,possibly forbidden,4,3,0.0160427807486631,0.10962566844919787,0.0572192513368984,0.11122994652406418,1.5199054155536589e-4,0.0015678413488515153,0.007003578277148926,0.07224462456982861,0.0017251766892949234,0.017795866241887556,0.07949448604989896,0.8200164362815342,0.10773893914863719,possibly forbidden,0.8200164362815342,0.32831876092593004
236,Dune system 1,Eumenes dubius||Sedum sediforme,Eumenes dubius,Sedum sediforme,0.5284246161299578,0,0,0,1,0,possibly forbidden,4,5,0.026737967914438502,0.1160427807486631,0.06203208556149733,0.11871657754010696,1.8743638898088757e-4,0.0017962881661942804,0.007926115536538115,0.07595957017515854,0.0019953710671127057,0.019122548479028178,0.08437818132429623,0.8086344888626911,0.1154059409621504,possibly forbidden,0.8086344888626911,0.3441068225758139
237,Dune system 1,Eumenes dubius||Teucrium capitatum,Eumenes dubius,Teucrium capitatum,0.514223816330521,0,0,0,2,0,possibly forbidden,4,36,0.19251336898395724,0.21550802139037434,0.13663101604278077,0.2347593582887701,0.0013677397225173463,0.007430436168115445,0.02417049223337625,0.13130955892798135,0.0069580119431887095,0.0378003670944732,0.12296094853708465,0.6680024453732631,0.2006879956987555,possibly forbidden,0.6680024453732631,0.5230313355353394
238,Dune system 1,Macroglossum stellatarum||Asteriscus aquaticus,Macroglossum stellatarum,Asteriscus aquaticus,0.514223816330521,0,0,0,2,0,possibly forbidden,6,4,0.03208556149732621,0.11925133689839573,0.06443850267379679,0.12245989304812835,1.6403433396373513e-4,0.0019590413026901276,0.006660342295061977,0.07954362559831532,0.0016930903631621633,0.02022036405716497,0.06874512842917282,0.8210143736204688,0.0994420007812159,possibly forbidden,0.8210143736204688,0.32895375186057074
239,Dune system 1,Macroglossum stellatarum||Cakile maritima,Macroglossum stellatarum,Cakile maritima,0.6253209290199297,0,0,0,1,0,possibly forbidden,6,39,0.3128342245989305,0.2877005347593583,0.19077540106951874,0.3189839572192514,0.004640741337069107,0.01279068286205618,0.055051474219311516,0.15173134994689957,0.01605705717887288,0.04425601669119855,0.19047919397270377,0.5249934837918884,0.3232751662612121,possibly forbidden,0.5249934837918884,0.6659900948485002
240,Dune system 1,Macroglossum stellatarum||Daucus carota,Macroglossum stellatarum,Daucus carota,0.7246168617260806,1,0,1,2,1,possibly missing,6,37,0.2967914438502674,0.27807486631016043,0.18355614973262036,0.3077540106951872,0.0168019103082966,0.009236309070270635,0.2090022371278655,0.11489224874255777,0.03121277953425868,0.017158220311310448,0.3882618482029195,0.21343444670252082,0.6716733045549215,locally absent,0.3882618482029195,0.7514628487719177
241,Dune system 1,Macroglossum stellatarum||Limonium sp.,Macroglossum stellatarum,Limonium sp.,0.5726528601931558,0,1,0,1,0,weakly supported,6,9,0.07219251336898397,0.14331550802139037,0.08248663101604278,0.15053475935828878,0.0070043390854084,0.0510262731401856,0.005899581292805648,0.042978165789624684,0.05851288642197684,0.42626356154120465,0.0492839546906414,0.35903123803815284,0.5979905961722225,weakly supported,0.42626356154120465,0.6721992205444002
242,Dune system 1,Macroglossum stellatarum||Salvia rosmarinus,Macroglossum stellatarum,Salvia rosmarinus,0.500000013436996,0,0,1,1,1,locally absent,6,3,0.02406417112299465,0.1144385026737968,0.060828877005347594,0.11684491978609626,7.881653137593269e-4,0.0011277417431861496,0.03403197394314714,0.04869445146685282,0.00852355012209686,0.012195871989062499,0.3680360332970517,0.5266022121248436,0.4247033364083036,possibly forbidden,0.5266022121248436,0.5171800970420822
243,Dune system 1,Macroglossum stellatarum||Sedum sediforme,Macroglossum stellatarum,Sedum sediforme,0.5284246161299578,0,0,0,2,0,possibly forbidden,6,5,0.040106951871657755,0.12406417112299466,0.068048128342246,0.12807486631016043,1.8965015363960739e-4,0.0021518114709949613,0.007263825277859253,0.08241692535563747,0.0018712669769725134,0.02123179796624526,0.0716717392952192,0.8132029835034318,0.10438009114093072,possibly forbidden,0.8132029835034318,0.3399563998093923
244,Dune system 1,Macroglossum stellatarum||Teucrium capitatum,Macroglossum stellatarum,Teucrium capitatum,0.514223816330521,0,0,2,3,1,locally absent,6,36,0.2887700534759359,0.27326203208556155,0.17994652406417116,0.3021390374331551,0.013935815212924599,0.0014891646293700672,0.17760941373902017,0.018979130588500148,0.05179496902592672,0.005534748751633408,0.6601173984277433,0.07053935962488153,0.9104815097866183,locally absent,0.6601173984277433,0.5264576478114545
245,Dune system 1,Meligethes sp.||Asteriscus aquaticus,Meligethes sp.,Asteriscus aquaticus,0.514223816330521,0,0,0,2,0,possibly forbidden,8,4,0.0427807486631016,0.12566844919786097,0.06925133689839572,0.12994652406417112,1.987674609805956e-4,0.002218003890438188,0.007471098105658002,0.08336839733447385,0.0019326438405771538,0.02156596223589133,0.07264253245986353,0.8106025946721174,0.10602900799340875,possibly forbidden,0.8106025946721174,0.3435872437954229
246,Dune system 1,Meligethes sp.||Cakile maritima,Meligethes sp.,Cakile maritima,0.6253209290199297,0,0,1,1,1,locally absent,8,39,0.41711229946524064,0.35026737967914434,0.23770053475935832,0.39197860962566844,0.02158582322106945,0.006338555645318217,0.1935971512065527,0.05684871515579021,0.05595774902147705,0.016431678436668422,0.5018692448067075,0.14737108250641648,0.7957802023377933,locally absent,0.5018692448067075,0.6986458083538177
247,Dune system 1,Meligethes sp.||Daucus carota,Meligethes sp.,Daucus carota,0.7246168617260806,1,0,1,2,1,possibly missing,8,37,0.39572192513368987,0.3374331550802139,0.22807486631016044,0.37700534759358295,0.02830146512424059,0.011429541147803786,0.26788078415408406,0.10818360221826867,0.03976438078195732,0.016058837391250233,0.37638028485488684,0.15200110432750852,0.7398152934542228,locally absent,0.37638028485488684,0.7666274162423825
248,Dune system 1,Meligethes sp.||Limonium sp.,Meligethes sp.,Limonium sp.,0.5726528601931558,0,1,0,1,0,weakly supported,8,9,0.09625668449197862,0.15775401069518719,0.09331550802139038,0.16737967914438506,0.009174077234432252,0.05891481714606571,0.006749785122077494,0.043346305691641614,0.06845064996214187,0.43958181547819836,0.05036225081874326,0.32342029854669946,0.6332333957616589,weakly supported,0.43958181547819836,0.6925412369208871
249,Dune system 1,Meligethes sp.||Salvia rosmarinus,Meligethes sp.,Salvia rosmarinus,0.500000013436996,0,0,0,1,0,possibly forbidden,8,3,0.0320855614973262,0.11925133689839573,0.06443850267379679,0.12245989304812835,2.0710814134066116e-4,0.0019159674953132015,0.008409282862256392,0.0777946850311209,0.0021376792880070054,0.019775775132320126,0.08679692495559319,0.8029625770940486,0.11924273787483053,possibly forbidden,0.8029625770940486,0.35186190284515206
250,Dune system 1,Meligethes sp.||Sedum sediforme,Meligethes sp.,Sedum sediforme,0.5284246161299578,0,0,0,2,0,possibly forbidden,8,5,0.053475935828877004,0.1320855614973262,0.07406417112299465,0.13743315508021392,2.3827895744155095e-4,0.0024924282748303448,0.008330926514924784,0.08714255351912789,0.0021880835437352165,0.022887632842838818,0.07650177509210294,0.8002183212549985,0.1126391252258736,possibly forbidden,0.8002183212549985,0.3579333800976919
251,Dune system 1,Meligethes sp.||Teucrium capitatum,Meligethes sp.,Teucrium capitatum,0.514223816330521,0,0,1,3,1,locally absent,8,36,0.3850267379679145,0.3310160427807487,0.2232620320855615,0.3695187165775402,0.015842012293401642,0.00852799700126826,0.15413628847203636,0.08297391654112256,0.04474388073616259,0.024086313889683648,0.43533962610167093,0.2343499649646541,0.6826761184942234,locally absent,0.43533962610167093,0.7366823668005521
252,Dune system 1,Stenopterus sp.||Asteriscus aquaticus,Stenopterus sp.,Asteriscus aquaticus,0.514223816330521,0,0,0,1,0,possibly forbidden,1,4,0.0053475935828877,0.10320855614973262,0.052406417112299465,0.10374331550802139,1.2140606921639315e-4,0.001354037054916729,0.00613921622939069,0.06847043410922579,0.0014742556260121502,0.01644231428399107,0.07454960138238474,0.8314487352448625,0.10008083064591167,possibly forbidden,0.8314487352448625,0.31214112690017864
253,Dune system 1,Stenopterus sp.||Cakile maritima,Stenopterus sp.,Cakile maritima,0.6253209290199297,0,0,0,0,0,possibly forbidden,1,39,0.05213903743315508,0.13128342245989305,0.0734625668449198,0.13649732620320856,3.6722531746607415e-4,0.0023231227478093756,0.012952821361721855,0.08194150164090253,0.0033959201996260242,0.021483103398025945,0.1197813593243946,0.7577549460100537,0.1603035523490438,possibly forbidden,0.7577549460100537,0.4061118721829762
254,Dune system 1,Stenopterus sp.||Daucus carota,Stenopterus sp.,Daucus carota,0.7246168617260806,1,0,1,1,1,possibly missing,1,37,0.04946524064171123,0.12967914438502676,0.07225935828877006,0.13462566844919788,0.0021064981944945937,0.002563317655742489,0.07563598429525395,0.09203855690937486,0.010116113734853282,0.012309914630745749,0.3632294684980464,0.44200014608148863,0.46596129700913647,possibly forbidden,0.44200014608148863,0.61191246749362
255,Dune system 1,Stenopterus sp.||Limonium sp.,Stenopterus sp.,Limonium sp.,0.5726528601931558,0,1,0,0,0,weakly supported,1,9,0.012032085561497327,0.1072192513368984,0.0554144385026738,0.10842245989304813,0.003745485686324755,0.030799807696793826,0.004834501508595648,0.039754982195837694,0.04358497791226328,0.3584071734856767,0.05625749478586445,0.4626155767286436,0.49762944107551865,possibly forbidden,0.4626155767286436,0.6275366891921746
256,Dune system 1,Stenopterus sp.||Salvia rosmarinus,Stenopterus sp.,Salvia rosmarinus,0.500000013436996,0,0,0,0,0,possibly forbidden,1,3,0.004010695187165775,0.10240641711229947,0.051804812834224605,0.10280748663101605,1.486854892868207e-4,0.0012975660840102128,0.007610814097155506,0.06641895111314772,0.0018212845173859174,0.015894200775262535,0.0932267025271878,0.8135817953965634,0.11999925349028895,possibly forbidden,0.8135817953965634,0.3335248955180807
257,Dune system 1,Stenopterus sp.||Sedum sediforme,Stenopterus sp.,Sedum sediforme,0.5284246161299578,0,0,0,1,0,possibly forbidden,1,5,0.0066844919786096255,0.10401069518716578,0.05300802139037433,0.10467914438502675,1.2497682850412005e-4,0.0013799581108970291,0.006244089164346852,0.06894543245046925,0.0015045650460871786,0.01661297348933541,0.07517104101436099,0.8300169638959992,0.10103760365353154,possibly forbidden,0.8300169638959992,0.3141854859764352
258,Dune system 1,Stenopterus sp.||Teucrium capitatum,Stenopterus sp.,Teucrium capitatum,0.514223816330521,0,0,0,1,0,possibly forbidden,1,36,0.04812834224598931,0.12887700534759358,0.07165775401069518,0.13368983957219252,2.7453796829763813e-4,0.002296652500021516,0.009946773481210284,0.08320991928520016,0.0025933617388802306,0.021694816050369478,0.0939599791294193,0.7860239598466014,0.1307661208681984,possibly forbidden,0.7860239598466014,0.37460122001224855
259,Dune system 1,Thyridanthrax elegans||Asteriscus aquaticus,Thyridanthrax elegans,Asteriscus aquaticus,0.514223816330521,0,0,0,0,0,possibly forbidden,0,4,0,0.1,0.05,0.1,1.3604729634078634e-4,0.001224425667067077,0.007229003023878795,0.06506102721490915,0.001711153882547157,0.015400384942924413,0.09092379579723325,0.8183141621750993,0.11662481060999152,possibly forbidden,0.8183141621750993,0.32705667785405723
260,Dune system 1,Thyridanthrax elegans||Cakile maritima,Thyridanthrax elegans,Cakile maritima,0.6253209290199297,0,0,0,0,0,possibly forbidden,0,39,0,0.1,0.05,0.1,1.3604729634078634e-4,0.001224425667067077,0.007229003023878795,0.06506102721490915,0.001711153882547157,0.015400384942924413,0.09092379579723325,0.8183141621750993,0.11662481060999152,possibly forbidden,0.8183141621750993,0.32705667785405723
261,Dune system 1,Thyridanthrax elegans||Daucus carota,Thyridanthrax elegans,Daucus carota,0.7246168617260806,1,0,0,0,0,phantom,0,37,0,0.1,0.05,0.1,2.4827972834515373e-4,0.0022345175551063833,0.01319258048670861,0.11873322438037748,0.0015989214505427898,0.014390293054885107,0.08496021833440347,0.764641965009631,0.11662481060999152,possibly forbidden,0.764641965009631,0.39039159114954464
262,Dune system 1,Thyridanthrax elegans||Limonium sp.,Thyridanthrax elegans,Limonium sp.,0.5726528601931558,0,1,0,0,0,weakly supported,0,9,0,0.1,0.05,0.1,0.003020037225404095,0.027180335028636857,0.004345013094815487,0.03910511785333938,0.03798494025741174,0.3418644623167057,0.05465000942236868,0.4918500848013181,0.46904479734534255,possibly forbidden,0.4918500848013181,0.6083078184653574
263,Dune system 1,Thyridanthrax elegans||Salvia rosmarinus,Thyridanthrax elegans,Salvia rosmarinus,0.500000013436996,0,0,0,0,0,possibly forbidden,0,3,0,0.1,0.05,0.1,1.3604729634078634e-4,0.001224425667067077,0.007229003023878795,0.06506102721490915,0.001711153882547157,0.015400384942924413,0.09092379579723325,0.8183141621750993,0.11662481060999152,possibly forbidden,0.8183141621750993,0.32705667785405723
264,Dune system 1,Thyridanthrax elegans||Sedum sediforme,Thyridanthrax elegans,Sedum sediforme,0.5284246161299578,0,0,0,0,0,possibly forbidden,0,5,0,0.1,0.05,0.1,1.3604729634078634e-4,0.001224425667067077,0.007229003023878795,0.06506102721490915,0.001711153882547157,0.015400384942924413,0.09092379579723325,0.8183141621750993,0.11662481060999152,possibly forbidden,0.8183141621750993,0.32705667785405723
265,Dune system 1,Thyridanthrax elegans||Teucrium capitatum,Thyridanthrax elegans,Teucrium capitatum,0.514223816330521,0,0,0,0,0,possibly forbidden,0,36,0,0.1,0.05,0.1,1.3604729634078634e-4,0.001224425667067077,0.007229003023878795,0.06506102721490915,0.001711153882547157,0.015400384942924413,0.09092379579723325,0.8183141621750993,0.11662481060999152,possibly forbidden,0.8183141621750993,0.32705667785405723
266,Dune system 1,Vanessa cardui||Asteriscus aquaticus,Vanessa cardui,Asteriscus aquaticus,0.5982969193931601,0,0,0,2,0,possibly forbidden,7,4,0.0374331550802139,0.12245989304812835,0.06684491978609626,0.12620320855614975,1.8082587455063812e-4,0.0020865863284870237,0.007059612809574469,0.08146229962651085,0.0018108826800553137,0.02089614139617622,0.0706985689770575,0.815805082307588,0.10273261806590117,possibly forbidden,0.815805082307588,0.33630736799518834
267,Dune system 1,Vanessa cardui||Cakile maritima,Vanessa cardui,Cakile maritima,0.701334027758455,1,0,1,1,1,possibly missing,7,39,0.3649732620320855,0.3189839572192513,0.2142379679144385,0.3554812834224599,0.026163580489206924,0.008980099988445352,0.26836548926411036,0.09211082282999943,0.03996952951650411,0.01371870228913782,0.4099760867507347,0.1407156888718613,0.76717348829813925,locally absent,0.4099760867507347,0.7402694028135522
268,Dune system 1,Vanessa cardui||Daucus carota,Vanessa cardui,Daucus carota,0.7873362296274055,1,0,1,2,1,possibly missing,7,37,0.3462566844919786,0.30775401069518715,0.20581550802139037,0.34237967914438505,0.022117141451297347,0.010381958961374378,0.23867514355082012,0.11203597675138997,0.03559828537118571,0.01671011322293936,0.38415569615269746,0.18032568453829573,0.7076383387103142,locally absent,0.38415569615269746,0.7609868063705102
269,Dune system 1,Vanessa cardui||Limonium sp.,Vanessa cardui,Limonium sp.,0.6534290432025001,0,1,1,1,1,model-elusive,7,9,0.08422459893048129,0.15053475935828878,0.08790106951871658,0.1589572192513369,0.03148391183166614,0.03153491896165784,0.02473783378955321,0.024777911588988146,0.2482870963568146,0.2486893466320296,0.19508646049465891,0.19540252034463165,0.7798195680663802,weakly supported,0.2486893466320296,0.8323675596061171
270,Dune system 1,Vanessa cardui||Salvia rosmarinus,Vanessa cardui,Salvia rosmarinus,0.5845459502015167,0,0,0,1,0,possibly forbidden,7,3,0.028074866310160426,0.11684491978609626,0.0626336898395722,0.1196524064171123,1.9222893940532208e-4,0.0018258680148672262,0.008045536379086964,0.0764197502336053,0.0020304979183670456,0.019286488365748262,0.08498431568327178,0.8072153144656481,0.11636493530074665,possibly forbidden,0.8072153144656481,0.34605409092885814
271,Dune system 1,Vanessa cardui||Sedum sediforme,Vanessa cardui,Sedum sediforme,0.6118949359896821,0,0,0,2,0,possibly forbidden,7,5,0.04679144385026738,0.12807486631016043,0.07105614973262032,0.13275401069518716,2.1300504150626332e-4,0.0023191042200091843,0.007787760115902012,0.08478967080540441,0.0020265709368532145,0.0220644036336861,0.07409424773454275,0.806705237512096,0.10850509168249955,possibly forbidden,0.806705237512096,0.34899992491721454
272,Dune system 1,Vanessa cardui||Teucrium capitatum,Vanessa cardui,Teucrium capitatum,0.5020325220066872,0,1,2,3,1,model-elusive,7,36,0.33689839572192515,0.30213903743315507,0.2016042780748663,0.33582887700534764,0.16670596296055915,0.015253213743277157,0.04999134075484128,0.004574093165623612,0.5381084853987158,0.049235693787388055,0.16136654129764497,0.014764668891950012,0.9806612379424264,model-elusive,0.5381084853987158,0.6613204357276715
273,Dune system 1,Anthomyiidae sp.||Asteriscus aquaticus,Anthomyiidae sp.,Asteriscus aquaticus,0.514223816330521,0,0,0,2,0,possibly forbidden,4,4,0.0213903743315508,0.11283422459893049,0.059625668449197866,0.11497326203208556,1.3372712433590476e-4,0.0017155950240478654,0.005898232677302664,0.07566885687633153,0.001469400145314676,0.018851041553132577,0.06481006748756739,0.8314530791119674,0.09287806401170107,possibly forbidden,0.8314530791119674,0.3140169074267819
274,Dune system 1,Anthomyiidae sp.||Cakile maritima,Anthomyiidae sp.,Cakile maritima,0.6253209290199297,0,0,1,1,1,locally absent,4,39,0.20855614973262032,0.2251336898395722,0.14385026737967915,0.24598930481283424,0.006172815819787036,0.003581869848180646,0.10274418720728185,0.0596188703790432,0.029691097470472088,0.017228708889705013,0.49419709998751954,0.2867653503980106,0.6536157792229462,locally absent,0.49419709998751954,0.6417067230576515
275,Dune system 1,Anthomyiidae sp.||Daucus carota,Anthomyiidae sp.,Daucus carota,0.7246168617260806,1,0,1,2,1,possibly missing,4,37,0.19786096256684493,0.21871657754010695,0.13903743315508021,0.23850267379679146,0.008623259997956052,0.006728676973523481,0.14933406895941798,0.11652445959045339,0.022041530453455267,0.01719887124573938,0.38170615631299387,0.2978429764664606,0.585632563943086,locally absent,0.38170615631299387,0.7172247335822692
276,Dune system 1,Anthomyiidae sp.||Limonium sp.,Anthomyiidae sp.,Limonium sp.,0.6643916279937605,0,0,0,1,0,possibly forbidden,4,9,0.04812834224598931,0.12887700534759358,0.07165775401069518,0.13368983957219252,2.7453796829763813e-4,0.002296652500021516,0.009946773481210284,0.08320991928520016,0.0025933617388802306,0.021694816050369478,0.0939599791294193,0.7860239598466014,0.1307661208681984,possibly forbidden,0.7860239598466014,0.37460122001224855
277,Dune system 1,Anthomyiidae sp.||Salvia rosmarinus,Anthomyiidae sp.,Salvia rosmarinus,0.5,0,1,0,1,0,weakly supported,4,3,0.0160427807486631,0.10962566844919787,0.0572192513368984,0.11122994652406418,0.003183573987666175,0.03283979966064485,0.003971994831038118,0.04097266625803527,0.03613532510617907,0.3727498848013656,0.04508433763301483,0.46506241772205603,0.49396491601990866,possibly forbidden,0.46506241772205603,0.609276331083526
278,Dune system 1,Anthomyiidae sp.||Sedum sediforme,Anthomyiidae sp.,Sedum sediforme,0.5284246161299578,0,0,0,2,0,possibly forbidden,4,5,0.026737967914438502,0.1160427807486631,0.06203208556149733,0.11871657754010696,1.483491115717795e-4,0.0018353754436033884,0.006273233305730215,0.07761245240596645,0.001579263912795434,0.019538655633345454,0.06678227372795918,0.8262303964590281,0.09615715113500545,possibly forbidden,0.8262303964590281,0.3215243334624138
279,Dune system 1,Anthomyiidae sp.||Teucrium capitatum,Anthomyiidae sp.,Teucrium capitatum,0.514223816330521,0,0,0,3,0,possibly forbidden,4,36,0.19251336898395724,0.21550802139037434,0.13663101604278077,0.2347593582887701,0.0010979327149317692,0.007700243175701021,0.019402503065557828,0.13607754809579975,0.005585440575822691,0.03917293846183922,0.0987050721970932,0.6922583217132545,0.17166413019094573,possibly forbidden,0.6922583217132545,0.4962470623651687
280,Dune system 1,Megachile sp.||Asteriscus aquaticus,Megachile sp.,Asteriscus aquaticus,0.514223816330521,0,0,0,0,0,possibly forbidden,0,4,0,0.1,0.05,0.1,1.3604729634078634e-4,0.001224425667067077,0.007229003023878795,0.06506102721490915,0.001711153882547157,0.015400384942924413,0.09092379579723325,0.8183141621750993,0.11662481060999152,possibly forbidden,0.8183141621750993,0.32705667785405723
281,Dune system 1,Megachile sp.||Cakile maritima,Megachile sp.,Cakile maritima,0.6253209290199297,0,0,0,0,0,possibly forbidden,0,39,0,0.1,0.05,0.1,1.3604729634078634e-4,0.001224425667067077,0.007229003023878795,0.06506102721490915,0.001711153882547157,0.015400384942924413,0.09092379579723325,0.8183141621750993,0.11662481060999152,possibly forbidden,0.8183141621750993,0.32705667785405723
282,Dune system 1,Megachile sp.||Daucus carota,Megachile sp.,Daucus carota,0.7246168617260806,1,0,0,0,0,phantom,0,37,0,0.1,0.05,0.1,2.4827972834515373e-4,0.0022345175551063833,0.01319258048670861,0.11873322438037748,0.0015989214505427898,0.014390293054885107,0.08496021833440347,0.764641965009631,0.11662481060999152,possibly forbidden,0.764641965009631,0.39039159114954464
283,Dune system 1,Megachile sp.||Limonium sp.,Megachile sp.,Limonium sp.,0.6643916279937605,0,0,0,0,0,possibly forbidden,0,9,0,0.1,0.05,0.1,1.3604729634078634e-4,0.001224425667067077,0.007229003023878795,0.06506102721490915,0.001711153882547157,0.015400384942924413,0.09092379579723325,0.8183141621750993,0.11662481060999152,possibly forbidden,0.8183141621750993,0.32705667785405723
284,Dune system 1,Megachile sp.||Salvia rosmarinus,Megachile sp.,Salvia rosmarinus,0.500000013436996,0,0,0,0,0,possibly forbidden,0,3,0,0.1,0.05,0.1,1.3604729634078634e-4,0.001224425667067077,0.007229003023878795,0.06506102721490915,0.001711153882547157,0.015400384942924413,0.09092379579723325,0.8183141621750993,0.11662481060999152,possibly forbidden,0.8183141621750993,0.32705667785405723
285,Dune system 1,Megachile sp.||Sedum sediforme,Megachile sp.,Sedum sediforme,0.5,0,1,0,0,0,weakly supported,0,5,0,0.1,0.05,0.1,0.003020037225404095,0.027180335028636857,0.004345013094815487,0.03910511785333938,0.03798494025741174,0.3418644623167057,0.05465000942236868,0.4918500848013181,0.46904479734534255,possibly forbidden,0.4918500848013181,0.6083078184653574
286,Dune system 1,Megachile sp.||Teucrium capitatum,Megachile sp.,Teucrium capitatum,0.514223816330521,0,0,0,0,0,possibly forbidden,0,36,0,0.1,0.05,0.1,1.3604729634078634e-4,0.001224425667067077,0.007229003023878795,0.06506102721490915,0.001711153882547157,0.015400384942924413,0.09092379579723325,0.8183141621750993,0.11662481060999152,possibly forbidden,0.8183141621750993,0.32705667785405723
287,Dune system 1,Cheilosia latifrons||Asteriscus aquaticus,Cheilosia latifrons,Asteriscus aquaticus,0.514223816330521,0,0,0,0,0,possibly forbidden,2,4,0.0106951871657754,0.10641711229946524,0.054812834224598934,0.10748663101604279,1.7146455881272778e-4,0.0014237529784002121,0.00826884428138147,0.06866020450560036,0.0020121223352668727,0.016707622773932385,0.09703419984058173,0.8057217887260242,0.12561800676837542,possibly forbidden,0.8057217887260242,0.3441504130691407
288,Dune system 1,Cheilosia latifrons||Cakile maritima,Cheilosia latifrons,Cakile maritima,0.6253209290199297,0,0,0,0,0,possibly forbidden,2,39,0.10427807486631016,0.1625668449197861,0.09692513368983957,0.17299465240641712,7.798156125671334e-4,0.0037279284229832206,0.02031955359649077,0.09713814416374951,0.005613926754822439,0.026837520019576202,0.1462813564425368,0.699301754987274,0.20356010084897647,possibly forbidden,0.699301754987274,0.4758886510690454
289,Dune system 1,Cheilosia latifrons||Daucus carota,Cheilosia latifrons,Daucus carota,0.7246168617260806,1,0,1,1,1,possibly missing,2,37,0.09893048128342247,0.15935828877005348,0.09451871657754012,0.16925133689839572,0.003906343752206804,0.0036297206507957267,0.10465669350741551,0.09724555383874327,0.014745180506092833,0.013701018030591976,0.39504506895121266,0.3670704207629412,0.5356840253983155,locally absent,0.39504506895121266,0.6543310367450726
290,Dune system 1,Cheilosia latifrons||Limonium sp.,Cheilosia latifrons,Limonium sp.,0.6643916279937605,0,0,0,0,0,possibly forbidden,2,9,0.024064171122994655,0.1144385026737968,0.0608288770053476,0.11684491978609626,2.2386400638641003e-4,0.0016920430505590672,0.00966616254122192,0.07306026286877805,0.002420959214592685,0.018298462896566673,0.10453393402389526,0.790104311398,0.13683542573322194,possibly forbidden,0.790104311398,0.3648480603925334
291,Dune system 1,Cheilosia latifrons||Salvia rosmarinus,Cheilosia latifrons,Salvia rosmarinus,0.500000013436996,0,0,0,1,0,possibly forbidden,2,3,0.00802139037433155,0.10481283422459893,0.0536096256684492,0.10561497326203209,1.2861814111254918e-4,0.0014061094339926678,0.006349867427804215,0.06941951125716515,0.0015351762850184321,0.016783214549161436,0.0757915314578038,0.8285859714479418,0.10199451729489306,possibly forbidden,0.8285859714479418,0.31622341154876005
292,Dune system 1,Cheilosia latifrons||Sedum sediforme,Cheilosia latifrons,Sedum sediforme,0.5284246161299578,0,0,0,1,0,possibly forbidden,2,5,0.013368983957219251,0.10802139037433156,0.05601604278074866,0.10935828877005348,1.4390422382098685e-4,0.0015130132562015482,0.006782044262775392,0.07130661353268994,0.0016606375745654128,0.017459992468250442,0.07826398166839688,0.8228698130132994,0.10582357345401061,possibly forbidden,0.8228698130132994,0.3243118239807983
293,Dune system 1,Cheilosia latifrons||Teucrium capitatum,Cheilosia latifrons,Teucrium capitatum,0.5,0,1,1,1,1,model-elusive,2,36,0.09625668449197862,0.15775401069518719,0.09331550802139038,0.16737967914438506,0.03506676090678052,0.03302213347371743,0.025800208020887012,0.02429588279283209,0.2616440340318001,0.24638843140854008,0.192503394407871,0.18127915495757171,0.7944249622495962,model-elusive,0.2616440340318001,0.8355620093623026
0,Dune system 2,Exoprosopa cf. bowdeni||Asteriscus aquaticus,Exoprosopa cf. bowdeni,Asteriscus aquaticus,0.7701754795285498,1,1,1,2,1,recurrent,7,6,0.05614973262032085,0.13368983957219252,0.07526737967914439,0.1393048128342246,0.03661589606272943,0.05528865031836542,0.0340646742283112,0.05143639960064219,0.16978058686366382,0.2563624137961968,0.15795108146183337,0.23850029766825773,0.7100633027311001,weakly supported,0.2563624137961968,0.8811475695380712
1,Dune system 2,Exoprosopa cf. bowdeni||Cakile maritima,Exoprosopa cf. bowdeni,Cakile maritima,0.9670686678477552,1,1,1,1,1,recurrent,7,13,0.12165775401069519,0.17299465240641712,0.10474598930481284,0.18516042780748665,0.0749167179652019,0.062411968527081675,0.04848560375878998,0.04039261273052216,0.2562699831378018,0.21349459181409206,0.16585623603349423,0.1381722860330161,0.8214351012364618,model-elusive,0.2562699831378018,0.9106669194298661
2,Dune system 2,Exoprosopa cf. bowdeni||Limonium sp.,Exoprosopa cf. bowdeni,Limonium sp.,0.8204471407529423,1,1,1,1,1,recurrent,7,16,0.1497326203208556,0.18983957219251335,0.11737967914438503,0.20481283422459895,0.09059883470604145,0.0665886189205721,0.05158563826190396,0.037914576044401904,0.27666246970045827,0.20334225958073684,0.1575275237139569,0.11578007907192857,0.8463053448836695,model-elusive,0.27666246970045827,0.9113594604596883
3,Dune system 2,Exoprosopa cf. bowdeni||Teucrium capitatum,Exoprosopa cf. bowdeni,Teucrium capitatum,0.8689233742707684,1,1,2,3,1,recurrent,7,33,0.3088235294117647,0.2852941176470588,0.1889705882352941,0.31617647058823534,0.2456779651460045,0.0245826653353616,0.0798424376821071,0.007989075959385536,0.4403967482431678,0.04406632833518223,0.14312374292953384,0.014321036369257295,0.9776898876713571,model-elusive,0.4403967482431678,0.728152083380378
4,Dune system 2,Lasioglossum sp.||Asteriscus aquaticus,Lasioglossum sp.,Asteriscus aquaticus,0.7701754795285498,1,1,2,2,1,recurrent,17,6,0.13636363636363635,0.18181818181818182,0.11136363636363636,0.19545454545454546,0.12872453105979018,0.018988756768952,0.07777986558232292,0.011473671233484608,0.41449299001252454,0.06114379679602546,0.25045116717507987,0.03694522137182046,0.9515811073946949,model-elusive,0.41449299001252454,0.7663511292484824
5,Dune system 2,Lasioglossum sp.||Cakile maritima,Lasioglossum sp.,Cakile maritima,0.9670686678477552,1,1,1,1,1,recurrent,17,13,0.29545454545454547,0.2772727272727273,0.18295454545454548,0.3068181818181819,0.18268821950188996,0.07813431610145591,0.061778697830264295,0.026422263667396795,0.3407384867780606,0.14573117361611443,0.11522571116626125,0.0492811313385567,0.9242966049940465,model-elusive,0.3407384867780606,0.8764993168802334
6,Dune system 2,Lasioglossum sp.||Limonium sp.,Lasioglossum sp.,Limonium sp.,0.8204471407529423,1,1,1,1,1,recurrent,17,16,0.36363636363636365,0.3181818181818182,0.21363636363636362,0.3545454545454546,0.22957613978476793,0.07911989314280887,0.06398824321660553,0.02205256596108077,0.35201674766997765,0.12131716948564031,0.09811530626546183,0.033813934473657194,0.944133499565262,model-elusive,0.35201674766997765,0.8484496627400876
7,Dune system 2,Lasioglossum sp.||Teucrium capitatum,Lasioglossum sp.,Teucrium capitatum,0.8689233742707684,1,1,3,3,1,recurrent,17,33,0.75,0.5499999999999999,0.3875,0.625,0.5610273301704884,0.0022836569881637203,0.06714962581324568,2.733319822305225e-4,0.32845600057254065,0.0013369773639794879,0.039313053657936574,1.6002345141496056e-4,0.9995666445663545,recurrent,0.5610273301704884,0.49288011855859376
8,Dune system 2,Megaselia sp.||Asteriscus aquaticus,Megaselia sp.,Asteriscus aquaticus,0.6288138314215763,0,1,0,0,0,weakly supported,1,6,0.00802139037433155,0.10481283422459893,0.0536096256684492,0.10561497326203209,0.00349393123166526,0.029587848025114667,0.004670539884037805,0.03955178711925686,0.04170329567773862,0.3531582887140143,0.05574720646859041,0.4720871028795821,0.488361110001161,possibly forbidden,0.4720871028795821,0.6213734669622721
9,Dune system 2,Megaselia sp.||Cakile maritima,Megaselia sp.,Cakile maritima,0.9368892769257824,1,1,0,0,0,locally unique,1,13,0.017379679144385027,0.11042780748663102,0.057820855614973264,0.11216577540106952,0.0074229643772278295,0.058755549975172836,0.009159073446831126,0.0724975050779565,0.04278814742823735,0.33868425157440313,0.05279559014877323,0.41789691797139805,0.5096055769506455,possibly forbidden,0.41789691797139805,0.7009628391721642
10,Dune system 2,Megaselia sp.||Limonium sp.,Megaselia sp.,Limonium sp.,0.8271971155487583,1,0,0,0,0,phantom,1,16,0.0213903743315508,0.11283422459893049,0.059625668449197866,0.11497326203208556,3.8468040898479003e-4,0.002961144543580593,0.01696689859936702,0.13060566131140658,0.0021642496589663707,0.016659689235299268,0.09545743336476739,0.734800242877628,0.13459409581096538,possibly forbidden,0.734800242877628,0.4267754751694647
11,Dune system 2,Megaselia sp.||Teucrium capitatum,Megaselia sp.,Teucrium capitatum,0.7701754799060782,1,1,0,1,0,locally unique,1,33,0.044117647058823525,0.1264705882352941,0.06985294117647059,0.13088235294117648,0.008753492987703046,0.07504067457351268,0.008826194648355401,0.07566392082111138,0.04326261231968957,0.3708754455898354,0.04362192759694163,0.373955731462851,0.5503803477160376,possibly forbidden,0.373955731462851,0.7122472371868743
12,Dune system 2,Monomorium sp||Asteriscus aquaticus,Monomorium sp,Asteriscus aquaticus,0.5,0,1,0,1,0,weakly supported,3,6,0.02406417112299465,0.1144385026737968,0.060828877005347594,0.11684491978609626,0.0036273234771032675,0.035394133981558815,0.004240786524666467,0.0413800884836169,0.039227396748379786,0.38276700300484146,0.045861643324163384,0.44750162445566993,0.5111182870607132,possibly forbidden,0.44750162445566993,0.6200679002720035
13,Dune system 2,Monomorium sp||Cakile maritima,Monomorium sp,Cakile maritima,0.8824152804996107,1,1,0,0,0,locally unique,3,13,0.05213903743315509,0.13128342245989305,0.0734625668449198,0.13649732620320856,0.012174237493751539,0.07701606265635767,0.011626897217657984,0.07355350551307828,0.057643898767766454,0.36466399817923956,0.055052292724032566,0.34826910744811596,0.5781773870388058,weakly supported,0.36466399817923956,0.7474053950546142
14,Dune system 2,Monomorium sp||Limonium sp.,Monomorium sp,Limonium sp.,0.7075926248248727,1,0,0,0,0,phantom,3,16,0.06417112299465241,0.13850267379679146,0.07887700534759359,0.1449197860962567,7.898891092657255e-4,0.004660637216663819,0.025796941937746856,0.15221147659947312,0.0035156469868616127,0.020743614509194534,0.11481730806238248,0.6774644855784118,0.17032403782211514,possibly forbidden,0.6774644855784118,0.49249992632924683
15,Dune system 2,Monomorium sp||Teucrium capitatum,Monomorium sp,Teucrium capitatum,0.7783046611753027,1,0,1,1,1,possibly missing,3,33,0.1323529411764706,0.17941176470588235,0.10955882352941176,0.19264705882352942,0.005499607970295336,0.004363128288572456,0.12500416900910055,0.09917238263872286,0.017999044839176408,0.014279589041485326,0.4091120049340466,0.32457007327860055,0.5762575440826766,locally absent,0.4091120049340466,0.6758042735783462
16,Dune system 2,Anaspis sp.||Asteriscus aquaticus,Anaspis sp.,Asteriscus aquaticus,0.7783046608072842,1,0,0,2,0,phantom,8,6,0.0641711229946524,0.13850267379679143,0.07887700534759358,0.1449197860962567,5.031106322731075e-4,0.0049474156936564345,0.01643106053339231,0.16157735800382764,0.002239250241155009,0.02202001125490113,0.07313154185510935,0.719150251785685,0.1192723902104873,possibly forbidden,0.719150251785685,0.4415457179864911
17,Dune system 2,Anaspis sp.||Cakile maritima,Anaspis sp.,Cakile maritima,0.9368892769257824,1,1,0,1,0,locally unique,8,13,0.13903743315508021,0.18342245989304812,0.11256684491978611,0.19732620320855615,0.02393171038733356,0.12567414279687153,0.01428644217263928,0.07502332029781686,0.07623633564748682,0.40034481353006135,0.045510579187779086,0.23899265598001151,0.6859840237221716,weakly supported,0.40034481353006135,0.7936710646422852
18,Dune system 2,Anaspis sp.||Limonium sp.,Anaspis sp.,Limonium sp.,0.6978770655353845,0,1,1,1,1,model-elusive,8,16,0.1711229946524064,0.20267379679144384,0.1270053475935829,0.2197860962566845,0.06053464968852062,0.04068016490273707,0.03150785237788329,0.02117373499406655,0.3328121012185787,0.22365457186688928,0.17322631928531107,0.11641060566601344,0.86241565933992,model-elusive,0.3328121012185787,0.8395293276350916
19,Dune system 2,Anaspis sp.||Teucrium capitatum,Anaspis sp.,Teucrium capitatum,0.7701754799060782,1,1,1,3,1,recurrent,8,33,0.3529411764705882,0.31176470588235294,0.20882352941176469,0.34705882352941175,0.18902987002590987,0.11220244950230965,0.05423124309894195,0.03219003596850843,0.29859586261451276,0.1772375296666673,0.08566489947629097,0.050848109646858985,0.9169618543846326,model-elusive,0.29859586261451276,0.8937712837410714
20,Dune system 2,Ancistrocerus ebusianus||Asteriscus aquaticus,Ancistrocerus ebusianus,Asteriscus aquaticus,0.639603381888749,0,0,0,2,0,possibly forbidden,8,6,0.0641711229946524,0.13850267379679143,0.07887700534759358,0.1449197860962567,2.8293187107799873e-4,0.0027822540201198048,0.009240255328146122,0.09086547031875601,0.0024594290023501188,0.024185172928437762,0.08032234706035554,0.7898621394707567,0.1192723902104873,possibly forbidden,0.7898621394707567,0.3720062373031932
21,Dune system 2,Ancistrocerus ebusianus||Cakile maritima,Ancistrocerus ebusianus,Cakile maritima,0.8824152804996107,1,1,1,1,1,recurrent,8,13,0.13903743315508021,0.18342245989304812,0.11256684491978611,0.19732620320855615,0.08452064232825066,0.06508521085595444,0.05045603717718309,0.03885372529327305,0.2692471182957362,0.20733403088181193,0.16073165366892048,0.12377158149887016,0.8373746932078567,model-elusive,0.2692471182957362,0.91152622349730406
22,Dune system 2,Ancistrocerus ebusianus||Limonium sp.,Ancistrocerus ebusianus,Limonium sp.,0.5386822767219068,0,1,1,1,1,model-elusive,8,16,0.1711229946524064,0.20267379679144384,0.1270053475935829,0.2197860962566845,0.06053464968852062,0.04068016490273707,0.03150785237788329,0.02117373499406655,0.3328121012185787,0.22365457186688928,0.17322631928531107,0.11641060566601344,0.86241565933992,model-elusive,0.3328121012185787,0.8395293276350916
23,Dune system 2,Ancistrocerus ebusianus||Teucrium capitatum,Ancistrocerus ebusianus,Teucrium capitatum,0.7783046611753027,1,0,2,3,1,possibly missing,8,33,0.3529411764705882,0.31176470588235294,0.20882352941176469,0.34705882352941175,0.030754031571501753,0.0026768330913286417,0.32585986789705434,0.028362866035785264,0.04857976458804012,0.004228386158604413,0.5147356252894602,0.044802625368225324,0.9268345085959894,locally absent,0.5147356252894602,0.5964956268778091
24,Dune system 2,Anthomyia confusanea||Asteriscus aquaticus,Anthomyia confusanea,Asteriscus aquaticus,0.5,0,0,0,2,0,possibly forbidden,4,6,0.0320855614973262,0.11925133689839573,0.06443850267379679,0.12245989304812835,1.6403433396373513e-4,0.0019590413026901276,0.006660342295061977,0.07954362559831532,0.0016930903631621633,0.02022036405716497,0.06874512842917282,0.8210143736204688,0.0994420007812159,possibly forbidden,0.8210143736204688,0.32895375186057074
25,Dune system 2,Anthomyia confusanea||Cakile maritima,Anthomyia confusanea,Cakile maritima,0.7913915252567526,1,1,0,1,0,locally unique,4,13,0.06951871657754011,0.14171122994652408,0.08128342245989306,0.1486631016042781,0.01203652042075041,0.08898505874984784,0.010301624630564514,0.07615910918817786,0.05216431126748864,0.38564669360594434,0.04464555660647421,0.33006112553075223,0.5937797652810699,weakly supported,0.38564669360594434,0.7395754210107975
26,Dune system 2,Anthomyia confusanea||Limonium sp.,Anthomyia confusanea,Limonium sp.,0.5502177536251224,0,0,0,1,0,possibly forbidden,4,16,0.0855614973262032,0.15133689839572192,0.08850267379679144,0.15989304812834226,4.878578803647687e-4,0.003309147977875847,0.014051646704752178,0.09531254931065056,0.00382331832037508,0.02593363066962267,0.11012206718388566,0.7469597819524733,0.15772766873687616,possibly forbidden,0.7469597819524733,0.4248531210918736
27,Dune system 2,Anthomyia confusanea||Teucrium capitatum,Anthomyia confusanea,Teucrium capitatum,0.6396034684189373,0,0,1,3,1,locally absent,4,33,0.1764705882352941,0.20588235294117646,0.12941176470588234,0.2235294117647059,0.00376811628449306,0.004129672071062297,0.07089216199955455,0.07769435955880291,0.02031171821499143,0.02226065468651593,0.3821383177881933,0.41880499939638655,0.5035006410448105,possibly forbidden,0.41880499939638655,0.6375702331071922
28,Dune system 2,Anthomyiidae sp.||Asteriscus aquaticus,Anthomyiidae sp.,Asteriscus aquaticus,0.5,0,0,0,2,0,possibly forbidden,4,6,0.0320855614973262,0.11925133689839573,0.06443850267379679,0.12245989304812835,1.6403433396373513e-4,0.0019590413026901276,0.006660342295061977,0.07954362559831532,0.0016930903631621633,0.02022036405716497,0.06874512842917282,0.8210143736204688,0.0994420007812159,possibly forbidden,0.8210143736204688,0.32895375186057074
29,Dune system 2,Anthomyiidae sp.||Cakile maritima,Anthomyiidae sp.,Cakile maritima,0.7913915252567526,1,1,0,1,0,locally unique,4,13,0.06951871657754011,0.14171122994652408,0.08128342245989306,0.1486631016042781,0.01203652042075041,0.08898505874984784,0.010301624630564514,0.07615910918817786,0.05216431126748864,0.38564669360594434,0.04464555660647421,0.33006112553075223,0.5937797652810699,weakly supported,0.38564669360594434,0.7395754210107975
30,Dune system 2,Anthomyiidae sp.||Limonium sp.,Anthomyiidae sp.,Limonium sp.,0.5502177536251224,0,0,0,1,0,possibly forbidden,4,16,0.0855614973262032,0.15133689839572192,0.08850267379679144,0.15989304812834226,4.878578803647687e-4,0.003309147977875847,0.014051646704752178,0.09531254931065056,0.00382331832037508,0.02593363066962267,0.11012206718388566,0.7469597819524733,0.15772766873687616,possibly forbidden,0.7469597819524733,0.4248531210918736
31,Dune system 2,Anthomyiidae sp.||Teucrium capitatum,Anthomyiidae sp.,Teucrium capitatum,0.6396034684189373,0,0,0,3,0,possibly forbidden,4,33,0.1764705882352941,0.20588235294117646,0.12941176470588234,0.2235294117647059,9.320197358466144e-4,0.006965768619708743,0.01753472799455001,0.13105179356380747,0.005023975062349763,0.037548397839157595,0.09451949651010762,0.7064238206744723,0.16252438576172024,possibly forbidden,0.7064238206744723,0.4792790397181341
32,Dune system 2,Anthophora balearica||Asteriscus aquaticus,Anthophora balearica,Asteriscus aquaticus,0.5,0,0,0,1,0,possibly forbidden,9,6,0.07219251336898395,0.14331550802139037,0.08248663101604278,0.15053475935828878,4.0189862952620003e-4,0.0029278121739696487,0.012502021748687845,0.09107662675584063,0.0033573829844423557,0.024458373461281165,0.10443945812817587,0.7608364261180763,0.14808694712608306,possibly forbidden,0.7608364261180763,0.40733188152880634
33,Dune system 2,Anthophora balearica||Cakile maritima,Anthophora balearica,Cakile maritima,0.7913915252567526,1,1,1,1,1,recurrent,9,13,0.15641711229946526,0.19385026737967914,0.12038770053475938,0.2094919786096257,0.09445853273310532,0.06747537066027788,0.052260740828883184,0.037331861467436576,0.28108253588745036,0.2007880891896325,0.15551354795066566,0.11108932128254853,0.8515788172500149,model-elusive,0.28108253588745036,0.9110152884322055
34,Dune system 2,Anthophora balearica||Limonium sp.,Anthophora balearica,Limonium sp.,0.5502177536251224,0,0,0,1,0,possibly forbidden,9,16,0.19251336898395724,0.21550802139037434,0.13663101604278077,0.2347593582887701,0.0016893036759458716,0.007108872214686919,0.02985312242311205,0.12562692873824552,0.008593883002293875,0.03616449603536803,0.1518698177305104,0.6390935761798373,0.23527949508191714,possibly forbidden,0.6390935761798373,0.550471074200217
35,Dune system 2,Anthophora balearica||Teucrium capitatum,Anthophora balearica,Teucrium capitatum,0.6396034684189373,0,0,0,2,0,possibly forbidden,9,33,0.3970588235294118,0.3382352941176471,0.22867647058823531,0.37794117647058834,0.006857291059488999,0.018810293056317408,0.06468484960430095,0.17743755760184818,0.018749681873434003,0.05143241080075985,0.17686581211005858,0.48516210389379205,0.3374003385043598,possibly forbidden,0.48516210389379205,0.7104438269448553
36,Dune system 2,Autographa gamma||Asteriscus aquaticus,Autographa gamma,Asteriscus aquaticus,0.5,0,0,0,1,0,possibly forbidden,3,6,0.02406417112299465,0.1144385026737968,0.060828877005347594,0.11684491978609626,1.780972598209158e-4,0.001737809797124561,0.007690012741948819,0.07503641266805114,0.0019260184306400775,0.018793403680519277,0.08316302164190309,0.8114752237799921,0.11348836355195668,possibly forbidden,0.8114752237799921,0.34019504754919555
37,Dune system 2,Autographa gamma||Cakile maritima,Autographa gamma,Cakile maritima,0.7913915252567526,1,1,0,1,0,locally unique,3,13,0.05213903743315509,0.13128342245989305,0.0734625668449198,0.13649732620320856,0.009729599837488405,0.0794607003126208,0.009292167771285985,0.07588823495945028,0.046068763515654886,0.37623913343135107,0.04399756277270166,0.35932383739944684,0.5647879276411029,weakly supported,0.37623913343135107,0.7214612724787718
38,Dune system 2,Autographa gamma||Limonium sp.,Autographa gamma,Limonium sp.,0.5502177536251224,0,0,1,1,1,locally absent,3,16,0.06417112299465241,0.13850267379679146,0.07887700534759359,0.1449197860962567,0.0014479067824718496,0.001617279108725955,0.04728710240532103,0.05281862324158112,0.012586153408390697,0.014058448522397196,0.41105044352067754,0.45913404301043453,0.48804733374798437,possibly forbidden,0.45913404301043453,0.5565660149184006
39,Dune system 2,Autographa gamma||Teucrium capitatum,Autographa gamma,Teucrium capitatum,0.6396034684189373,0,0,1,2,1,locally absent,3,33,0.1323529411764706,0.17941176470588235,0.10955882352941176,0.19264705882352942,0.002816427533738996,0.002884580733112064,0.06401641450281181,0.06556551292927372,0.018002366197990574,0.01843799567468789,0.40918749826025974,0.41908920416812523,0.5153452829026011,possibly forbidden,0.41908920416812523,0.607891051888336
40,Dune system 2,Colias crocea||Asteriscus aquaticus,Colias crocea,Asteriscus aquaticus,0.5,0,0,0,1,0,possibly forbidden,2,6,0.0160427807486631,0.10962566844919787,0.0572192513368984,0.11122994652406418,1.5199054155536589e-4,0.0015678413488515153,0.007003578277148926,0.07224462456982861,0.0017251766892949234,0.017795866241887556,0.07949448604989896,0.8200164362815342,0.10773893914863719,possibly forbidden,0.8200164362815342,0.32831876092593004
41,Dune system 2,Colias crocea||Cakile maritima,Colias crocea,Cakile maritima,0.7913915252567526,1,1,0,1,0,locally unique,2,13,0.034759358288770054,0.12085561497326204,0.06564171122994653,0.12433155080213905,0.0076848963968967985,0.0698737795664283,0.008283173493102945,0.0753135252417027,0.04000135925105668,0.3637064202706099,0.043115506250707175,0.3920213395294954,0.5326651352288019,possibly forbidden,0.3920213395294954,0.7007139175228274
42,Dune system 2,Colias crocea||Limonium sp.,Colias crocea,Limonium sp.,0.5502177536251224,0,0,1,1,1,locally absent,2,16,0.0427807486631016,0.12566844919786097,0.06925133689839572,0.12994652406417112,0.0010658328460506142,0.0013509385053681688,0.04006159618778946,0.05077789925234237,0.01036324192522452,0.013135364151243958,0.3895245063455279,0.49372062078645296,0.4555014799612047,possibly forbidden,0.49372062078645296,0.5368862294051091
43,Dune system 2,Colias crocea||Teucrium capitatum,Colias crocea,Teucrium capitatum,0.6396034684189373,0,0,1,2,1,locally absent,2,33,0.08823529411764705,0.15294117647058825,0.08970588235294118,0.16176470588235295,0.0017183642332451224,0.002176108088852204,0.0487653031660096,0.06175557464582412,0.013300286946283315,0.016843263755091112,0.3774476403675849,0.4779934587971096,0.4602509665570663,possibly forbidden,0.4779934587971096,0.5724527338140478
44,Dune system 2,Dasytes nigroaeneus||Asteriscus aquaticus,Dasytes nigroaeneus,Asteriscus aquaticus,0.5,0,0,1,2,1,locally absent,8,6,0.0641711229946524,0.13850267379679143,0.07887700534759358,0.1449197860962567,0.0012552000305056442,0.0018099858606921595,0.04099350393286556,0.059112221714036566,0.01091102019371048,0.015733581737077403,0.35634236643721534,0.5138421200938968,0.42704565819206664,possibly forbidden,0.5138421200938968,0.5493799826769784
45,Dune system 2,Dasytes nigroaeneus||Cakile maritima,Dasytes nigroaeneus,Cakile maritima,0.7913915252567526,1,1,0,1,0,locally unique,8,13,0.13903743315508021,0.18342245989304812,0.11256684491978611,0.19732620320855615,0.02393171038733356,0.12567414279687153,0.01428644217263928,0.07502332029781686,0.07623633564748682,0.40034481353006135,0.045510579187779086,0.23899265598001151,0.6859840237221716,weakly supported,0.40034481353006135,0.7936710646422852
46,Dune system 2,Dasytes nigroaeneus||Limonium sp.,Dasytes nigroaeneus,Limonium sp.,0.5502177536251224,0,0,0,1,0,possibly forbidden,8,16,0.1711229946524064,0.20267379679144384,0.1270053475935829,0.2197860962566845,0.0013630987598121616,0.006246815219455929,0.02620304656418242,0.12008344141975699,0.007494150288401725,0.0343442261549186,0.1440611456451121,0.6602040759483601,0.21971248263188292,possibly forbidden,0.6602040759483601,0.5272352561760636
47,Dune system 2,Dasytes nigroaeneus||Teucrium capitatum,Dasytes nigroaeneus,Teucrium capitatum,0.6396034684189373,0,0,1,3,1,locally absent,8,33,0.3529411764705882,0.31176470588235294,0.20882352941176469,0.34705882352941175,0.013247439334766532,0.00786328183366108,0.14036562398542368,0.08331681567006292,0.040869429331739,0.02425886490930832,0.4330393825637264,0.257039162371312,0.659644021958625,locally absent,0.4330393825637264,0.7264221746187477
48,Dune system 2,Episyrphus balteatus||Asteriscus aquaticus,Episyrphus balteatus,Asteriscus aquaticus,0.5,0,0,0,2,0,possibly forbidden,5,6,0.040106951871657755,0.12406417112299466,0.068048128342246,0.12807486631016043,1.8965015363960739e-4,0.0021518114709949613,0.007263825277859253,0.08241692535563747,0.0018712669769725134,0.02123179796624526,0.0716717392952192,0.8132029835034318,0.10438009114093072,possibly forbidden,0.8132029835034318,0.3399563998093923
49,Dune system 2,Episyrphus balteatus||Cakile maritima,Episyrphus balteatus,Cakile maritima,0.7913915252567526,1,1,0,1,0,locally unique,5,13,0.08689839572192515,0.1521390374331551,0.08910427807486632,0.16082887700534762,0.014608311310728333,0.09840210382262375,0.011308247738943249,0.07617275839694335,0.05825421426891191,0.39240245629109893,0.04509440364311999,0.3037575045276305,0.6200697370754261,weakly supported,0.39240245629109893,0.7555338648643632
50,Dune system 2,Episyrphus balteatus||Limonium sp.,Episyrphus balteatus,Limonium sp.,0.5502177536251224,0,0,0,1,0,possibly forbidden,5,16,0.10695187165775402,0.16417112299465242,0.09812834224598932,0.17486631016042783,6.507285057886637e-4,0.003964020322038364,0.016725726801924596,0.10188753121140101,0.004629958267206756,0.028204156569341485,0.11900418744950797,0.7249336908727911,0.17317877791580782,possibly forbidden,0.7249336908727911,0.4519729688034145
51,Dune system 2,Episyrphus balteatus||Teucrium capitatum,Episyrphus balteatus,Teucrium capitatum,0.6396034684189373,0,0,2,3,1,locally absent,5,33,0.22058823529411764,0.2323529411764706,0.14926470588235294,0.25441176470588234,0.00925485223244296,0.0012548147487303866,0.1475168737365305,0.020001005332349327,0.04273065471736873,0.005793615545183737,0.6811013766945322,0.09234680699286217,0.8876521876747885,locally absent,0.6811013766945322,0.508987962493409
52,Dune system 2,Eumenes dubius||Asteriscus aquaticus,Eumenes dubius,Asteriscus aquaticus,0.639603381888749,0,0,0,1,0,possibly forbidden,3,6,0.02406417112299465,0.1144385026737968,0.060828877005347594,0.11684491978609626,1.780972598209158e-4,0.001737809797124561,0.007690012741948819,0.07503641266805114,0.0019260184306400775,0.018793403680519277,0.08316302164190309,0.8114752237799921,0.11348836355195668,possibly forbidden,0.8114752237799921,0.34019504754919555
53,Dune system 2,Eumenes dubius||Cakile maritima,Eumenes dubius,Cakile maritima,0.8824152804996107,1,1,0,1,0,locally unique,3,13,0.05213903743315509,0.13128342245989305,0.0734625668449198,0.13649732620320856,0.009729599837488405,0.0794607003126208,0.009292167771285985,0.07588823495945028,0.046068763515654886,0.37623913343135107,0.04399756277270166,0.35932383739944684,0.5647879276411029,weakly supported,0.37623913343135107,0.7214612724787718
54,Dune system 2,Eumenes dubius||Limonium sp.,Eumenes dubius,Limonium sp.,0.5386822767219068,0,1,1,1,1,model-elusive,3,16,0.06417112299465241,0.13850267379679146,0.07887700534759359,0.1449197860962567,0.025863922693915214,0.028889416327729272,0.022871086493877667,0.0255464860225778,0.2248261439957053,0.25112571484672686,0.198810452933363,0.2220667766861048,0.7523867372913173,weakly supported,0.25112571484672686,0.8246805320735046
55,Dune system 2,Eumenes dubius||Teucrium capitatum,Eumenes dubius,Teucrium capitatum,0.7783046611753027,1,0,0,2,0,phantom,3,33,0.1323529411764706,0.17941176470588235,0.10955882352941176,0.19264705882352942,0.0012352316652927268,0.008627504593575063,0.02807638447824724,0.19610016716957612,0.00404264999441049,0.02823598388625124,0.09188802290552918,0.6417940553071179,0.16210577752330602,possibly forbidden,0.6417940553071179,0.5270854461099468
56,Dune system 2,Eupeodes corollae||Asteriscus aquaticus,Eupeodes corollae,Asteriscus aquaticus,0.7783046608072842,1,0,0,2,0,phantom,15,6,0.12032085561497324,0.17219251336898395,0.10414438502673797,0.18422459893048126,0.0010726205255251768,0.007915982457965813,0.025803769485949344,0.19043285275578478,0.003689814607806608,0.0272309796554024,0.08876496703166577,0.6550890134799001,0.15447813376431507,possibly forbidden,0.6550890134799001,0.5129687949694992
57,Dune system 2,Eupeodes corollae||Cakile maritima,Eupeodes corollae,Cakile maritima,0.9368892769257824,1,1,1,1,1,recurrent,15,13,0.2606951871657754,0.25641711229946523,0.16731283422459892,0.28248663101604277,0.15949735500204582,0.07669212736375516,0.060107863676911066,0.02890204628543068,0.3309628327005956,0.15913896326254254,0.12472601084724294,0.05997280086147619,0.9111251528530931,model-elusive,0.3309628327005956,0.8887027428959969
58,Dune system 2,Eupeodes corollae||Limonium sp.,Eupeodes corollae,Limonium sp.,0.6978770655353845,0,1,1,1,1,model-elusive,15,16,0.32085561497326204,0.2925133689839572,0.19438502673796793,0.32459893048128347,0.12466607801144651,0.0491052761263769,0.039123545960000304,0.015410547584824278,0.42138343275071644,0.1659805951255208,0.1322413792185846,0.052089145222530185,0.9325003071926455,model-elusive,0.42138343275071644,0.8090475415625388
59,Dune system 2,Eupeodes corollae||Teucrium capitatum,Eupeodes corollae,Teucrium capitatum,0.7701754799060782,1,1,3,3,1,recurrent,15,33,0.6617647058823529,0.4970588235294118,0.3477941176470588,0.5632352941176471,0.5052566060708356,0.00265806305684181,0.07174632692030072,3.7744436937497435e-4,0.3658177415315233,0.0019245005658885437,0.05194603882821301,2.7327865702202295e-4,0.999349276973603,recurrent,0.5052566060708356,0.5234472811767046
60,Dune system 2,Hydrellia sp||Asteriscus aquaticus,Hydrellia sp,Asteriscus aquaticus,0.5,0,0,0,0,0,possibly forbidden,4,6,0.0320855614973262,0.11925133689839573,0.06443850267379679,0.12245989304812835,2.5999161539771895e-4,0.0018630840212561434,0.010556528688547274,0.07564743920483001,0.002683519284628296,0.019229935135698834,0.10895985345955504,0.7807996485900867,0.14355291220508337,possibly forbidden,0.7807996485900867,0.3769307863664587
61,Dune system 2,Hydrellia sp||Cakile maritima,Hydrellia sp,Cakile maritima,0.7913915252567526,1,1,0,0,0,locally unique,4,13,0.06951871657754011,0.14171122994652408,0.08128342245989306,0.1486631016042781,0.015018181288463271,0.08600339788213497,0.01285352085647614,0.07360721296226623,0.06508634190097025,0.37272466297246265,0.05570505755836842,0.319001624578858,0.6073911624588757,weakly supported,0.37272466297246265,0.7661013187393544
62,Dune system 2,Hydrellia sp||Limonium sp.,Hydrellia sp,Limonium sp.,0.5502177536251224,0,0,0,0,0,possibly forbidden,4,16,0.0855614973262032,0.15133689839572192,0.08850267379679144,0.15989304812834226,6.071148404352642e-4,0.0031898910178053508,0.017486574657008244,0.09187762135839447,0.004757929277010336,0.024999019712987416,0.1370414293538884,0.7200404197824705,0.18808195885913503,possibly forbidden,0.7200404197824705,0.4517815643215009
63,Dune system 2,Hydrellia sp||Teucrium capitatum,Hydrellia sp,Teucrium capitatum,0.6396034684189373,0,0,0,1,0,possibly forbidden,4,33,0.1764705882352941,0.20588235294117646,0.12941176470588234,0.2235294117647059,0.0014400355541432503,0.0064577528014121074,0.02709237881260764,0.12149414274574982,0.007762392184046358,0.034809980717461,0.1460392203075345,0.6549040968770453,0.22360176037720492,possibly forbidden,0.6549040968770453,0.5331264946033931
64,Dune system 2,Hylaeus imparilis||Asteriscus aquaticus,Hylaeus imparilis,Asteriscus aquaticus,0.5,0,0,0,1,0,possibly forbidden,3,6,0.02406417112299465,0.1144385026737968,0.060828877005347594,0.11684491978609626,1.780972598209158e-4,0.001737809797124561,0.007690012741948819,0.07503641266805114,0.0019260184306400775,0.018793403680519277,0.08316302164190309,0.8114752237799921,0.11348836355195668,possibly forbidden,0.8114752237799921,0.34019504754919555
65,Dune system 2,Hylaeus imparilis||Cakile maritima,Hylaeus imparilis,Cakile maritima,0.7913915252567526,1,1,0,0,0,locally unique,3,13,0.05213903743315509,0.13128342245989305,0.0734625668449198,0.13649732620320856,0.012174237493751539,0.07701606265635767,0.011626897217657984,0.07355350551307828,0.057643898767766454,0.36466399817923956,0.055052292724032566,0.34826910744811596,0.5781773870388058,weakly supported,0.36466399817923956,0.7474053950546142
66,Dune system 2,Hylaeus imparilis||Limonium sp.,Hylaeus imparilis,Limonium sp.,0.5502177536251224,0,0,0,0,0,possibly forbidden,3,16,0.06417112299465241,0.13850267379679146,0.07887700534759359,0.1449197860962567,4.4420608369764977e-4,0.0026209798075001547,0.014507300347759619,0.08559842529914254,0.0038613300124296893,0.022783271918358203,0.12610694965236974,0.7440775368787425,0.17032403782211503,possibly forbidden,0.7440775368787425,0.42296044564594903
67,Dune system 2,Hylaeus imparilis||Teucrium capitatum,Hylaeus imparilis,Teucrium capitatum,0.6396034684189373,0,0,2,2,1,locally absent,3,33,0.1323529411764706,0.17941176470588235,0.10955882352941176,0.19264705882352942,0.004956593835861611,7.444144309894483e-4,0.11266164732360696,0.016920280108478583,0.03168212789392247,0.0047582339787559935,0.7201237054006135,0.1081529970277714,0.8749267228637501,locally absent,0.7201237054006135,0.46093059920102275
68,Dune system 2,Lasiommata megera||Asteriscus aquaticus,Lasiommata megera,Asteriscus aquaticus,0.5,0,0,0,0,0,possibly forbidden,1,6,0.00802139037433155,0.10481283422459893,0.0536096256684492,0.10561497326203209,1.6209021180924087e-4,0.001372637363295976,0.008002380903893823,0.06776699778107555,0.0019346963581553607,0.01638369447602451,0.09551580578817365,0.8088616971175718,0.12337130510135264,possibly forbidden,0.8088616971175718,0.3399230488338188
69,Dune system 2,Lasiommata megera||Cakile maritima,Lasiommata megera,Cakile maritima,0.7913915252567526,1,1,0,0,0,locally unique,1,13,0.017379679144385027,0.11042780748663102,0.057820855614973264,0.11216577540106952,0.0074229643772278295,0.058755549975172836,0.009159073446831126,0.0724975050779565,0.04278814742823735,0.33868425157440313,0.05279559014877323,0.41789691797139805,0.5096055769506455,possibly forbidden,0.41789691797139805,0.7009628391721642
70,Dune system 2,Lasiommata megera||Limonium sp.,Lasiommata megera,Limonium sp.,0.5502177536251224,0,0,0,0,0,possibly forbidden,1,16,0.0213903743315508,0.11283422459893049,0.059625668449197866,0.11497326203208556,2.1262259994786657e-4,0.0016366995484359034,0.009378034360444572,0.07218905519318962,0.0023363074680032942,0.01798413423044396,0.10304629760368983,0.793216848995845,0.13459409581096538,possibly forbidden,0.793216848995845,0.3607656050878819
71,Dune system 2,Lasiommata megera||Teucrium capitatum,Lasiommata megera,Teucrium capitatum,0.6396034684189373,0,0,0,1,0,possibly forbidden,1,33,0.044117647058823525,0.1264705882352941,0.06985294117647059,0.13088235294117648,2.5644926270049375e-4,0.0021984510290873915,0.009549997655822998,0.08186883422139711,0.002475404012705546,0.021220784344758763,0.0921823766214606,0.7902477028520671,0.12788346292653574,possibly forbidden,0.7902477028520671,0.36898826307361804
72,Dune system 2,Lucilia silvarum||Asteriscus aquaticus,Lucilia silvarum,Asteriscus aquaticus,0.5,0,0,0,0,0,possibly forbidden,0,6,0,0.1,0.05,0.1,1.3604729634078634e-4,0.001224425667067077,0.007229003023878795,0.06506102721490915,0.001711153882547157,0.015400384942924413,0.09092379579723325,0.8183141621750993,0.11662481060999152,possibly forbidden,0.8183141621750993,0.32705667785405723
73,Dune system 2,Lucilia silvarum||Cakile maritima,Lucilia silvarum,Cakile maritima,0.7913915252567526,1,1,0,0,0,locally unique,0,13,0,0.1,0.05,0.1,0.005511421704679546,0.04960279534211593,0.007929438510374214,0.07136494659336792,0.03549355577813629,0.3194420020032266,0.05106558400680995,0.45959025606128945,0.46904479734534266,possibly forbidden,0.45959025606128945,0.6716427317608449
74,Dune system 2,Lucilia silvarum||Limonium sp.,Lucilia silvarum,Limonium sp.,0.5502177536251224,0,0,0,0,0,possibly forbidden,0,16,0,0.1,0.05,0.1,1.3604729634078634e-4,0.001224425667067077,0.007229003023878795,0.06506102721490915,0.001711153882547157,0.015400384942924413,0.09092379579723325,0.8183141621750993,0.11662481060999152,possibly forbidden,0.8183141621750993,0.32705667785405723
75,Dune system 2,Lucilia silvarum||Teucrium capitatum,Lucilia silvarum,Teucrium capitatum,0.6396034684189373,0,0,0,0,0,possibly forbidden,0,33,0,0.1,0.05,0.1,1.3604729634078634e-4,0.001224425667067077,0.007229003023878795,0.06506102721490915,0.001711153882547157,0.015400384942924413,0.09092379579723325,0.8183141621750993,0.11662481060999152,possibly forbidden,0.8183141621750993,0.32705667785405723
76,Dune system 2,Lydella nigrescens||Asteriscus aquaticus,Lydella nigrescens,Asteriscus aquaticus,0.5,0,0,0,2,0,possibly forbidden,5,6,0.040106951871657755,0.12406417112299466,0.068048128342246,0.12807486631016043,1.8965015363960739e-4,0.0021518114709949613,0.007263825277859253,0.08241692535563747,0.0018712669769725134,0.02123179796624526,0.0716717392952192,0.8132029835034318,0.10438009114093072,possibly forbidden,0.8132029835034318,0.3399563998093923
77,Dune system 2,Lydella nigrescens||Cakile maritima,Lydella nigrescens,Cakile maritima,0.7913915252567526,1,1,1,1,1,recurrent,5,13,0.08689839572192515,0.1521390374331551,0.08910427807486632,0.16082887700534762,0.05685313144453461,0.05615728368881747,0.04400982984510673,0.043471176290779866,0.2267157668385839,0.22394090372142691,0.17549996048156363,0.17335194768918682,0.7831768760200333,model-elusive,0.2267157668385839,0.9037182550336506
78,Dune system 2,Lydella nigrescens||Limonium sp.,Lydella nigrescens,Limonium sp.,0.5502177536251224,0,0,0,1,0,possibly forbidden,5,16,0.10695187165775402,0.16417112299465242,0.09812834224598932,0.17486631016042783,6.507285057886637e-4,0.003964020322038364,0.016725726801924596,0.10188753121140101,0.004629958267206756,0.028204156569341485,0.11900418744950797,0.7249336908727911,0.17317877791580782,possibly forbidden,0.7249336908727911,0.4519729688034145
79,Dune system 2,Lydella nigrescens||Teucrium capitatum,Lydella nigrescens,Teucrium capitatum,0.6396034684189373,0,0,2,3,1,locally absent,5,33,0.22058823529411764,0.2323529411764706,0.14926470588235294,0.25441176470588234,0.00925485223244296,0.0012548147487303866,0.1475168737365305,0.020001005332349327,0.04273065471736873,0.005793615545183737,0.6811013766945322,0.09234680699286217,0.8876521876747885,locally absent,0.6811013766945322,0.508987962493409
80,Dune system 2,Lydella thompsoni||Asteriscus aquaticus,Lydella thompsoni,Asteriscus aquaticus,0.5,0,0,0,2,0,possibly forbidden,4,6,0.0320855614973262,0.11925133689839573,0.06443850267379679,0.12245989304812835,1.6403433396373513e-4,0.0019590413026901276,0.006660342295061977,0.07954362559831532,0.0016930903631621633,0.02022036405716497,0.06874512842917282,0.8210143736204688,0.0994420007812159,possibly forbidden,0.8210143736204688,0.32895375186057074
81,Dune system 2,Lydella thompsoni||Cakile maritima,Lydella thompsoni,Cakile maritima,0.7913915252567526,1,1,0,1,0,locally unique,4,13,0.06951871657754011,0.14171122994652408,0.08128342245989306,0.1486631016042781,0.01203652042075041,0.08898505874984784,0.010301624630564514,0.07615910918817786,0.05216431126748864,0.38564669360594434,0.04464555660647421,0.33006112553075223,0.5937797652810699,weakly supported,0.38564669360594434,0.7395754210107975
82,Dune system 2,Lydella thompsoni||Limonium sp.,Lydella thompsoni,Limonium sp.,0.5502177536251224,0,0,0,1,0,possibly forbidden,4,16,0.0855614973262032,0.15133689839572192,0.08850267379679144,0.15989304812834226,4.878578803647687e-4,0.003309147977875847,0.014051646704752178,0.09531254931065056,0.00382331832037508,0.02593363066962267,0.11012206718388566,0.7469597819524733,0.15772766873687616,possibly forbidden,0.7469597819524733,0.4248531210918736
83,Dune system 2,Lydella thompsoni||Teucrium capitatum,Lydella thompsoni,Teucrium capitatum,0.6396034684189373,0,0,1,2,1,locally absent,4,33,0.1764705882352941,0.20588235294117646,0.12941176470588234,0.2235294117647059,0.0042715384846702025,0.003626249870885155,0.08036338992211095,0.0682231316362465,0.023025373819318087,0.019546999082189275,0.4331921861373771,0.36775113104720275,0.5640257373165507,locally absent,0.4331921861373771,0.6364673727848542
84,Dune system 2,Meligethes sp.||Asteriscus aquaticus,Meligethes sp.,Asteriscus aquaticus,0.5,0,0,0,2,0,possibly forbidden,8,6,0.0641711229946524,0.13850267379679143,0.07887700534759358,0.1449197860962567,2.8293187107799873e-4,0.0027822540201198048,0.009240255328146122,0.09086547031875601,0.0024594290023501188,0.024185172928437762,0.08032234706035554,0.7898621394707567,0.1192723902104873,possibly forbidden,0.7898621394707567,0.3720062373031932
85,Dune system 2,Meligethes sp.||Cakile maritima,Meligethes sp.,Cakile maritima,0.7913915252567526,1,1,0,1,0,locally unique,8,13,0.13903743315508021,0.18342245989304812,0.11256684491978611,0.19732620320855615,0.02393171038733356,0.12567414279687153,0.01428644217263928,0.07502332029781686,0.07623633564748682,0.40034481353006135,0.045510579187779086,0.23899265598001151,0.6859840237221716,weakly supported,0.40034481353006135,0.7936710646422852
86,Dune system 2,Meligethes sp.||Limonium sp.,Meligethes sp.,Limonium sp.,0.5502177536251224,0,0,1,1,1,locally absent,8,16,0.1711229946524064,0.20267379679144384,0.1270053475935829,0.2197860962566845,0.004551344373401234,0.003058569605866857,0.08749115769300267,0.058795330290936754,0.02502273478206426,0.016815641661256066,0.4810156857218254,0.3232495358716467,0.6179551338374165,locally absent,0.4810156857218254,0.6252055260259353
87,Dune system 2,Meligethes sp.||Teucrium capitatum,Meligethes sp.,Teucrium capitatum,0.6396034684189373,0,0,1,3,1,locally absent,8,33,0.3529411764705882,0.31176470588235294,0.20882352941176469,0.34705882352941175,0.013247439334766532,0.00786328183366108,0.14036562398542368,0.08331681567006292,0.040869429331739,0.02425886490930832,0.4330393825637264,0.257039162371312,0.659644021958625,locally absent,0.4330393825637264,0.7264221746187477
88,Dune system 2,Meliscaeva auricollis||Asteriscus aquaticus,Meliscaeva auricollis,Asteriscus aquaticus,0.5,0,0,0,2,0,possibly forbidden,6,6,0.0481283422459893,0.12887700534759358,0.07165775401069518,0.13368983957219252,2.1790347422956217e-4,0.002353286994089592,0.007894851529535573,0.08526184123687487,0.00205837661122111,0.022229801178028603,0.07457695566771541,0.8054069833083053,0.10933117545481985,possibly forbidden,0.8054069833083053,0.3507953105313831
89,Dune system 2,Meliscaeva auricollis||Cakile maritima,Meliscaeva auricollis,Cakile maritima,0.7913915252567526,1,1,1,1,1,recurrent,6,13,0.10427807486631017,0.16256684491978612,0.09692513368983958,0.17299465240641715,0.06568154953050155,0.059440743144028904,0.04633998930618972,0.04193694304314681,0.24210564849308822,0.21910170768905607,0.1708116395294209,0.15458177926456776,0.8034812776922855,model-elusive,0.24210564849308822,0.9081741641963996
90,Dune system 2,Meliscaeva auricollis||Limonium sp.,Meliscaeva auricollis,Limonium sp.,0.5502177536251224,0,0,0,1,0,possibly forbidden,6,16,0.12834224598930483,0.17700534759358288,0.10775401069518717,0.1898395721925134,8.481635641637655e-4,0.0046728491226016465,0.019641093467773877,0.1082101026920593,0.0055112089880243915,0.030363303933663943,0.12762416994527023,0.7031291082864429,0.18866078902149774,possibly forbidden,0.7031291082864429,0.4780353437588213
91,Dune system 2,Meliscaeva auricollis||Teucrium capitatum,Meliscaeva auricollis,Teucrium capitatum,0.6396034684189373,0,0,2,3,1,locally absent,6,33,0.2647058823529412,0.2588235294117647,0.16911764705882354,0.2852941176470588,0.01215449242241212,0.0014087036373593568,0.16700225086714052,0.01935553292294972,0.04864199042566117,0.005637598548720747,0.6683390474426079,0.07746038373314856,0.9031840833439018,locally absent,0.6683390474426079,0.5202372115157293
92,Dune system 2,Microdiptera sp1.||Asteriscus aquaticus,Microdiptera sp1.,Asteriscus aquaticus,0.639603381888749,0,0,0,1,0,possibly forbidden,3,6,0.02406417112299465,0.1144385026737968,0.060828877005347594,0.11684491978609626,1.780972598209158e-4,0.001737809797124561,0.007690012741948819,0.07503641266805114,0.0019260184306400775,0.018793403680519277,0.08316302164190309,0.8114752237799921,0.11348836355195668,possibly forbidden,0.8114752237799921,0.34019504754919555
93,Dune system 2,Microdiptera sp1.||Cakile maritima,Microdiptera sp1.,Cakile maritima,0.8824152804996107,1,1,0,0,0,locally unique,3,13,0.05213903743315509,0.13128342245989305,0.0734625668449198,0.13649732620320856,0.012174237493751539,0.07701606265635767,0.011626897217657984,0.07355350551307828,0.057643898767766454,0.36466399817923956,0.055052292724032566,0.34826910744811596,0.5781773870388058,weakly supported,0.36466399817923956,0.7474053950546142
94,Dune system 2,Microdiptera sp1.||Limonium sp.,Microdiptera sp1.,Limonium sp.,0.7075926248248727,1,0,0,0,0,phantom,3,16,0.06417112299465241,0.13850267379679146,0.07887700534759359,0.1449197860962567,7.898891092657255e-4,0.004660637216663819,0.025796941937746856,0.15221147659947312,0.0035156469868616127,0.020743614509194534,0.11481730806238248,0.6774644855784118,0.17032403782211514,possibly forbidden,0.6774644855784118,0.49249992632924683
95,Dune system 2,Microdiptera sp1.||Teucrium capitatum,Microdiptera sp1.,Teucrium capitatum,0.628813919038916,0,1,1,2,1,model-elusive,3,33,0.1323529411764706,0.17941176470588235,0.10955882352941176,0.19264705882352942,0.04137138954485281,0.04237251331821971,0.025461452491698,0.02607758034416609,0.2644424171345214,0.27084151548225655,0.16274744732372895,0.16668568436055659,0.8072367352952773,weakly supported,0.27084151548225655,0.8434577691247943
96,Dune system 2,Mordellistena sp.||Asteriscus aquaticus,Mordellistena sp.,Asteriscus aquaticus,0.5,0,0,0,2,0,possibly forbidden,5,6,0.040106951871657755,0.12406417112299466,0.068048128342246,0.12807486631016043,1.8965015363960739e-4,0.0021518114709949613,0.007263825277859253,0.08241692535563747,0.0018712669769725134,0.02123179796624526,0.0716717392952192,0.8132029835034318,0.10438009114093072,possibly forbidden,0.8132029835034318,0.3399563998093923
97,Dune system 2,Mordellistena sp.||Cakile maritima,Mordellistena sp.,Cakile maritima,0.7913915252567526,1,1,1,1,1,recurrent,5,13,0.08689839572192515,0.1521390374331551,0.08910427807486632,0.16082887700534762,0.05685313144453461,0.05615728368881747,0.04400982984510673,0.043471176290779866,0.2267157668385839,0.22394090372142691,0.17549996048156363,0.17335194768918682,0.7831768760200333,model-elusive,0.2267157668385839,0.9037182550336506
98,Dune system 2,Mordellistena sp.||Limonium sp.,Mordellistena sp.,Limonium sp.,0.5502177536251224,0,0,1,1,1,locally absent,5,16,0.10695187165775402,0.16417112299465242,0.09812834224598932,0.17486631016042783,0.0024374472155773725,0.0021773016122496546,0.06264990062552928,0.055963357387796335,0.01734253038902164,0.015491584447526605,0.44575644490830924,0.3981814334139898,0.5458552091982138,locally absent,0.44575644490830924,0.5889153201246359
99,Dune system 2,Mordellistena sp.||Teucrium capitatum,Mordellistena sp.,Teucrium capitatum,0.6396034684189373,0,0,0,3,0,possibly forbidden,5,33,0.22058823529411764,0.2323529411764706,0.14926470588235294,0.25441176470588234,0.0014386081784277843,0.009071058802745564,0.022930563955363463,0.1445873151135164,0.006642209708166651,0.041882060554385814,0.10587289631879226,0.667575287368602,0.18783739751788153,possibly forbidden,0.667575287368602,0.5251204959895717
100,Dune system 2,Musca domestica||Asteriscus aquaticus,Musca domestica,Asteriscus aquaticus,0.639603381888749,0,0,0,2,0,possibly forbidden,9,6,0.07219251336898395,0.14331550802139037,0.08248663101604278,0.15053475935828878,3.200201374029221e-4,0.0030096906660929267,0.00995499467750383,0.09362365382702464,0.0026733859860684915,0.025142370459655033,0.08316208935538741,0.7821137948908647,0.12426255128211061,possibly forbidden,0.7821137948908647,0.38238909052131803
101,Dune system 2,Musca domestica||Cakile maritima,Musca domestica,Cakile maritima,0.8824152804996107,1,1,0,1,0,locally unique,9,13,0.15641711229946526,0.19385026737967914,0.12038770053475938,0.2094919786096257,0.027579961912420653,0.13435394148096255,0.015259068713760877,0.0743335335825589,0.08207035838600872,0.39980026669107416,0.04540677909388651,0.2211960901393277,0.7044703762781134,weakly supported,0.39980026669107416,0.8038653034398656
102,Dune system 2,Musca domestica||Limonium sp.,Musca domestica,Limonium sp.,0.7075926248248727,1,0,0,1,0,phantom,9,16,0.19251336898395724,0.21550802139037434,0.13663101604278077,0.2347593582887701,0.0028526655042476305,0.01200449322978423,0.050411879014476184,0.21214161261770154,0.007430521173992116,0.031268875020270724,0.13131106113914626,0.5525788923003813,0.23527949508191726,possibly forbidden,0.5525788923003813,0.6196216442617484
103,Dune system 2,Musca domestica||Teucrium capitatum,Musca domestica,Teucrium capitatum,0.628813919038916,0,1,2,3,1,model-elusive,9,33,0.3970588235294118,0.3382352941176471,0.22867647058823531,0.37794117647058834,0.19821498265717286,0.015093570662103284,0.05062636786381062,0.0038550701388687814,0.5419731837439575,0.04126989007663939,0.13842613411317375,0.010540800744273939,0.9856041291168572,model-elusive,0.5419731837439575,0.645265975197805
104,Dune system 2,Phthiria sp.||Asteriscus aquaticus,Phthiria sp.,Asteriscus aquaticus,0.639603381888749,0,0,0,2,0,possibly forbidden,2,6,0.0160427807486631,0.10962566844919787,0.0572192513368984,0.11122994652406418,1.2012592522769874e-4,0.0015997059651791825,0.005535287339841874,0.07371291550713567,0.001363495674547088,0.018157547256635397,0.06282857202509504,0.8366823503063381,0.08960473418652626,possibly forbidden,0.8366823503063381,0.30642911038458814
105,Dune system 2,Phthiria sp.||Cakile maritima,Phthiria sp.,Cakile maritima,0.8824152804996107,1,1,0,1,0,locally unique,2,13,0.034759358288770054,0.12085561497326204,0.06564171122994653,0.12433155080213905,0.0076848963968967985,0.0698737795664283,0.008283173493102945,0.0753135252417027,0.04000135925105668,0.3637064202706099,0.043115506250707175,0.3920213395294954,0.5326651352288019,possibly forbidden,0.3920213395294954,0.7007139175228274
106,Dune system 2,Phthiria sp.||Limonium sp.,Phthiria sp.,Limonium sp.,0.7075926248248727,1,0,0,1,0,phantom,2,16,0.0427807486631016,0.12566844919786097,0.06925133689839572,0.12994652406417112,4.4949666629528855e-4,0.0038853095135140776,0.01689528897481947,0.14603762810626134,0.0022377920558343317,0.019342779192243562,0.08411217765081049,0.7270395278402215,0.12692284405351717,possibly forbidden,0.7270395278402215,0.43516339063416
107,Dune system 2,Phthiria sp.||Teucrium capitatum,Phthiria sp.,Teucrium capitatum,0.628813919038916,0,1,0,2,0,weakly supported,2,33,0.08823529411764705,0.15294117647058825,0.08970588235294118,0.16176470588235295,0.0067143327288405625,0.057985681201325946,0.005159277235373375,0.044556058968391155,0.0519695127602566,0.44881415932225516,0.03993324950456219,0.344867728278995,0.6105762127526139,weakly supported,0.44881415932225516,0.66051228702103
108,Dune system 2,Pieris rapae||Asteriscus aquaticus,Pieris rapae,Asteriscus aquaticus,0.5,0,0,0,0,0,possibly forbidden,0,6,0,0.1,0.05,0.1,1.3604729634078634e-4,0.001224425667067077,0.007229003023878795,0.06506102721490915,0.001711153882547157,0.015400384942924413,0.09092379579723325,0.8183141621750993,0.11662481060999152,possibly forbidden,0.8183141621750993,0.32705667785405723
109,Dune system 2,Pieris rapae||Cakile maritima,Pieris rapae,Cakile maritima,0.7913915252567526,1,1,0,0,0,locally unique,0,13,0,0.1,0.05,0.1,0.005511421704679546,0.04960279534211593,0.007929438510374214,0.07136494659336792,0.03549355577813629,0.3194420020032266,0.05106558400680995,0.45959025606128945,0.46904479734534266,possibly forbidden,0.45959025606128945,0.6716427317608449
110,Dune system 2,Pieris rapae||Limonium sp.,Pieris rapae,Limonium sp.,0.5502177536251224,0,0,0,0,0,possibly forbidden,0,16,0,0.1,0.05,0.1,1.3604729634078634e-4,0.001224425667067077,0.007229003023878795,0.06506102721490915,0.001711153882547157,0.015400384942924413,0.09092379579723325,0.8183141621750993,0.11662481060999152,possibly forbidden,0.8183141621750993,0.32705667785405723
111,Dune system 2,Pieris rapae||Teucrium capitatum,Pieris rapae,Teucrium capitatum,0.6396034684189373,0,0,0,0,0,possibly forbidden,0,33,0,0.1,0.05,0.1,1.3604729634078634e-4,0.001224425667067077,0.007229003023878795,0.06506102721490915,0.001711153882547157,0.015400384942924413,0.09092379579723325,0.8183141621750993,0.11662481060999152,possibly forbidden,0.8183141621750993,0.32705667785405723
112,Dune system 2,Platypalpus sp.||Asteriscus aquaticus,Platypalpus sp.,Asteriscus aquaticus,0.639603381888749,0,0,0,1,0,possibly forbidden,6,6,0.0481283422459893,0.12887700534759358,0.07165775401069518,0.13368983957219252,2.7453796829763813e-4,0.002296652500021516,0.009946773481210284,0.08320991928520016,0.0025933617388802306,0.021694816050369478,0.0939599791294193,0.7860239598466014,0.1307661208681984,possibly forbidden,0.7860239598466014,0.37460122001224855
113,Dune system 2,Platypalpus sp.||Cakile maritima,Platypalpus sp.,Cakile maritima,0.8824152804996107,1,1,0,0,0,locally unique,6,13,0.10427807486631017,0.16256684491978612,0.09692513368983958,0.17299465240641715,0.021645487529524398,0.10347680514500607,0.015271437227278277,0.07300549512205827,0.07978640627001268,0.38142094991213166,0.05629132137960181,0.2691020974143869,0.6578924074635548,weakly supported,0.38142094991213166,0.796942477411194
114,Dune system 2,Platypalpus sp.||Limonium sp.,Platypalpus sp.,Limonium sp.,0.7075926248248727,1,0,0,0,0,phantom,6,16,0.12834224598930483,0.17700534759358288,0.10775401069518717,0.1898395721925134,0.0018161526257442285,0.007750623177471844,0.04205700996971598,0.17948273268766113,0.006042356246448864,0.025786393558788808,0.13992405335060434,0.5971406783835649,0.223376588928774,possibly forbidden,0.5971406783835649,0.5765751358537913
115,Dune system 2,Platypalpus sp.||Teucrium capitatum,Platypalpus sp.,Teucrium capitatum,0.628813919038916,0,1,0,1,0,weakly supported,6,33,0.2647058823529412,0.2588235294117647,0.16911764705882354,0.2852941176470588,0.03441399033929787,0.11129802014237558,0.012802973083504055,0.041405996284684235,0.13772397319580665,0.4454120371310485,0.05123719465236306,0.1657058151709201,0.7928881885443957,weakly supported,0.4454120371310485,0.7845031652202387
116,Dune system 2,Podarcis lilfordi||Asteriscus aquaticus,Podarcis lilfordi,Asteriscus aquaticus,0.5,0,0,0,2,0,possibly forbidden,11,6,0.08823529411764705,0.15294117647058825,0.08970588235294118,0.16176470588235295,4.0415420933363755e-4,0.003490318112763689,0.0114694557548803,0.09905142205695341,0.003128188337890553,0.027015362363483873,0.08877457392692825,0.7666665252377663,0.13428205270528026,possibly forbidden,0.7666665252377663,0.40273332777675136
117,Dune system 2,Podarcis lilfordi||Cakile maritima,Podarcis lilfordi,Cakile maritima,0.7913915252567526,1,1,0,1,0,locally unique,11,13,0.1911764705882353,0.2147058823529412,0.1360294117647059,0.23382352941176474,0.03569252522455412,0.1509856736962075,0.017165980144319613,0.07261512208620133,0.09341336875664584,0.39515501705807443,0.044926270226110634,0.19004604280788656,0.7373388351059121,weakly supported,0.39515501705807443,0.8213428218792416
118,Dune system 2,Podarcis lilfordi||Limonium sp.,Podarcis lilfordi,Limonium sp.,0.5502177536251224,0,0,0,1,0,possibly forbidden,11,16,0.23529411764705885,0.2411764705882353,0.15588235294117647,0.26470588235294124,0.0025026101419509104,0.008974464965588713,0.03789955557836845,0.13590939637298158,0.011004129581900494,0.03946127035694779,0.16664665969734038,0.5976019133049217,0.26648869032209666,possibly forbidden,0.5976019133049217,0.5944032323501056
119,Dune system 2,Podarcis lilfordi||Teucrium capitatum,Podarcis lilfordi,Teucrium capitatum,0.6396034684189373,0,0,1,3,1,locally absent,11,33,0.4852941176470589,0.39117647058823535,0.2683823529411765,0.4397058823529413,0.026049295872936713,0.01047250825106633,0.19859170060212647,0.07983913397481783,0.05665931701686018,0.022778549096035775,0.4319529470669236,0.17365654811923312,0.7465043179059491,locally absent,0.4319529470669236,0.7603080115436643
120,Dune system 2,Pyrellia vivida||Asteriscus aquaticus,Pyrellia vivida,Asteriscus aquaticus,0.5,0,0,1,2,1,locally absent,8,6,0.0641711229946524,0.13850267379679143,0.07887700534759358,0.1449197860962567,0.0012552000305056442,0.0018099858606921595,0.04099350393286556,0.059112221714036566,0.01091102019371048,0.015733581737077403,0.35634236643721534,0.5138421200938968,0.42704565819206664,possibly forbidden,0.5138421200938968,0.5493799826769784
121,Dune system 2,Pyrellia vivida||Cakile maritima,Pyrellia vivida,Cakile maritima,0.7913915252567526,1,1,1,1,1,recurrent,8,13,0.13903743315508021,0.18342245989304812,0.11256684491978611,0.19732620320855615,0.08452064232825066,0.06508521085595444,0.05045603717718309,0.03885372529327305,0.2692471182957362,0.20733403088181193,0.16073165366892048,0.12377158149887016,0.8373746932078567,model-elusive,0.2692471182957362,0.91152622349730406
122,Dune system 2,Pyrellia vivida||Limonium sp.,Pyrellia vivida,Limonium sp.,0.5502177536251224,0,0,0,1,0,possibly forbidden,8,16,0.1711229946524064,0.20267379679144384,0.1270053475935829,0.2197860962566845,0.0013630987598121616,0.006246815219455929,0.02620304656418242,0.12008344141975699,0.007494150288401725,0.0343442261549186,0.1440611456451121,0.6602040759483601,0.21971248263188292,possibly forbidden,0.6602040759483601,0.5272352561760636
123,Dune system 2,Pyrellia vivida||Teucrium capitatum,Pyrellia vivida,Teucrium capitatum,0.6396034684189373,0,0,1,3,1,locally absent,8,33,0.3529411764705882,0.31176470588235294,0.20882352941176469,0.34705882352941175,0.013247439334766532,0.00786328183366108,0.14036562398542368,0.08331681567006292,0.040869429331739,0.02425886490930832,0.4330393825637264,0.257039162371312,0.659644021958625,locally absent,0.4330393825637264,0.7264221746187477
124,Dune system 2,Sarcophaga sp.||Asteriscus aquaticus,Sarcophaga sp.,Asteriscus aquaticus,0.639603381888749,0,0,0,2,0,possibly forbidden,7,6,0.05614973262032085,0.13368983957219252,0.07526737967914439,0.1393048128342246,2.4894575953109447e-4,0.0025634433273914884,0.008553601314558863,0.08807811089561554,0.0022544280583623334,0.0232142880207254,0.07746056345730944,0.7976266191665058,0.11429526993787864,possibly forbidden,0.7976266191665058,0.36147670200134074
125,Dune system 2,Sarcophaga sp.||Cakile maritima,Sarcophaga sp.,Cakile maritima,0.8824152804996107,1,1,1,1,1,recurrent,7,13,0.12165775401069519,0.17299465240641712,0.10474598930481284,0.18516042780748665,0.0749167179652019,0.062411968527081675,0.04848560375878998,0.04039261273052216,0.2562699831378018,0.21349459181409206,0.16585623603349423,0.1381722860330161,0.8214351012364618,model-elusive,0.2562699831378018,0.9106669194298661
126,Dune system 2,Sarcophaga sp.||Limonium sp.,Sarcophaga sp.,Limonium sp.,0.7075926248248727,1,0,1,1,1,possibly missing,7,16,0.1497326203208556,0.18983957219251335,0.11737967914438503,0.20481283422459895,0.00645446117507664,0.004743920348637181,0.13573001179286875,0.09975927461633687,0.019710045665337322,0.014486551885293748,0.4144799477490778,0.30463578676737163,0.5956049386162915,locally absent,0.4144799477490778,0.6851974809689458
127,Dune system 2,Sarcophaga sp.||Teucrium capitatum,Sarcophaga sp.,Teucrium capitatum,0.628813919038916,0,1,1,3,1,model-elusive,7,33,0.3088235294117647,0.2852941176470588,0.1889705882352941,0.31617647058823534,0.09966897925206024,0.06801041716789634,0.03239124135549794,0.022102582505658545,0.34894034965783405,0.2381039609819256,0.11340149331573605,0.07738097576339123,0.9005164417309502,model-elusive,0.34894034965783405,0.8473173616596119
128,Dune system 2,Sphaeroceridae sp||Asteriscus aquaticus,Sphaeroceridae sp,Asteriscus aquaticus,0.5,0,0,0,0,0,possibly forbidden,0,6,0,0.1,0.05,0.1,1.3604729634078634e-4,0.001224425667067077,0.007229003023878795,0.06506102721490915,0.001711153882547157,0.015400384942924413,0.09092379579723325,0.8183141621750993,0.11662481060999152,possibly forbidden,0.8183141621750993,0.32705667785405723
129,Dune system 2,Sphaeroceridae sp||Cakile maritima,Sphaeroceridae sp,Cakile maritima,0.7913915252567526,1,1,0,0,0,locally unique,0,13,0,0.1,0.05,0.1,0.005511421704679546,0.04960279534211593,0.007929438510374214,0.07136494659336792,0.03549355577813629,0.3194420020032266,0.05106558400680995,0.45959025606128945,0.46904479734534266,possibly forbidden,0.45959025606128945,0.6716427317608449
130,Dune system 2,Sphaeroceridae sp||Limonium sp.,Sphaeroceridae sp,Limonium sp.,0.5502177536251224,0,0,0,0,0,possibly forbidden,0,16,0,0.1,0.05,0.1,1.3604729634078634e-4,0.001224425667067077,0.007229003023878795,0.06506102721490915,0.001711153882547157,0.015400384942924413,0.09092379579723325,0.8183141621750993,0.11662481060999152,possibly forbidden,0.8183141621750993,0.32705667785405723
131,Dune system 2,Sphaeroceridae sp||Teucrium capitatum,Sphaeroceridae sp,Teucrium capitatum,0.6396034684189373,0,0,0,0,0,possibly forbidden,0,33,0,0.1,0.05,0.1,1.3604729634078634e-4,0.001224425667067077,0.007229003023878795,0.06506102721490915,0.001711153882547157,0.015400384942924413,0.09092379579723325,0.8183141621750993,0.11662481060999152,possibly forbidden,0.8183141621750993,0.32705667785405723
132,Dune system 2,Sphaerophoria sp.||Asteriscus aquaticus,Sphaerophoria sp.,Asteriscus aquaticus,0.639603381888749,0,0,0,2,0,possibly forbidden,4,6,0.0320855614973262,0.11925133689839573,0.06443850267379679,0.12245989304812835,1.6403433396373513e-4,0.0019590413026901276,0.006660342295061977,0.07954362559831532,0.0016930903631621633,0.02022036405716497,0.06874512842917282,0.8210143736204688,0.0994420007812159,possibly forbidden,0.8210143736204688,0.32895375186057074
133,Dune system 2,Sphaerophoria sp.||Cakile maritima,Sphaerophoria sp.,Cakile maritima,0.8824152804996107,1,1,1,1,1,recurrent,4,13,0.06951871657754011,0.14171122994652408,0.08128342245989306,0.1486631016042781,0.04847286124821168,0.05254871792238657,0.041486177391238284,0.04497455642750409,0.21007345426992263,0.2277375506035103,0.17979430891040557,0.1949123732268209,0.760113070345675,weakly supported,0.2277375506035103,0.8968816085888924
134,Dune system 2,Sphaerophoria sp.||Limonium sp.,Sphaerophoria sp.,Limonium sp.,0.5386822767219068,0,1,0,1,0,weakly supported,4,16,0.0855614973262032,0.15133689839572192,0.08850267379679144,0.15989304812834226,0.008168841239211504,0.05540938366746062,0.006370663345905444,0.04321231362106578,0.06401880880300787,0.4342406266720474,0.049926576701252896,0.3386527859500485,0.6181349004288857,weakly supported,0.4342406266720474,0.6838615474090046
135,Dune system 2,Sphaerophoria sp.||Teucrium capitatum,Sphaerophoria sp.,Teucrium capitatum,0.7783046611753027,1,0,0,3,0,phantom,4,33,0.1764705882352941,0.20588235294117646,0.12941176470588234,0.2235294117647059,0.0015840411697330787,0.011838874058209131,0.02980165545336638,0.22273287612720202,0.0043719536284632975,0.032675292400657203,0.08225256905129125,0.6147427381110777,0.16252438576172024,possibly forbidden,0.6147427381110777,0.5492029251023873
136,Dune system 2,Spilostethus pandurus||Asteriscus aquaticus,Spilostethus pandurus,Asteriscus aquaticus,0.639603381888749,0,0,0,2,0,possibly forbidden,5,6,0.040106951871657755,0.12406417112299466,0.068048128342246,0.12807486631016043,1.8965015363960739e-4,0.0021518114709949613,0.007263825277859253,0.08241692535563747,0.0018712669769725134,0.02123179796624526,0.0716717392952192,0.8132029835034318,0.10438009114093072,possibly forbidden,0.8132029835034318,0.3399563998093923
137,Dune system 2,Spilostethus pandurus||Cakile maritima,Spilostethus pandurus,Cakile maritima,0.8824152804996107,1,1,0,1,0,locally unique,5,13,0.08689839572192515,0.1521390374331551,0.08910427807486632,0.16082887700534762,0.014608311310728333,0.09840210382262375,0.011308247738943249,0.07617275839694335,0.05825421426891191,0.39240245629109893,0.04509440364311999,0.3037575045276305,0.6200697370754261,weakly supported,0.39240245629109893,0.7555338648643632
138,Dune system 2,Spilostethus pandurus||Limonium sp.,Spilostethus pandurus,Limonium sp.,0.7075926248248727,1,0,0,1,0,phantom,5,16,0.10695187165775402,0.16417112299465242,0.09812834224598932,0.17486631016042783,0.0011373338535556423,0.006928257281387582,0.029232982953615642,0.17807755073137638,0.004143352919439776,0.025239919609992265,0.10649693129781691,0.6487436713528157,0.17317877791580782,possibly forbidden,0.6487436713528157,0.5229946601047423
139,Dune system 2,Spilostethus pandurus||Teucrium capitatum,Spilostethus pandurus,Teucrium capitatum,0.628813919038916,0,1,3,3,1,model-elusive,5,33,0.22058823529411764,0.2323529411764706,0.14926470588235294,0.25441176470588234,0.12193302392867657,0.0024242578144283286,0.052624000221526024,0.0010462640854223028,0.5629779723414993,0.011193060787192666,0.24297070626693254,0.004830714554322251,0.9941230213602554,model-elusive,0.5629779723414993,0.5658057015339093
140,Dune system 2,Stomorhina lunata||Asteriscus aquaticus,Stomorhina lunata,Asteriscus aquaticus,0.5,0,0,0,1,0,possibly forbidden,2,6,0.0160427807486631,0.10962566844919787,0.0572192513368984,0.11122994652406418,1.5199054155536589e-4,0.0015678413488515153,0.007003578277148926,0.07224462456982861,0.0017251766892949234,0.017795866241887556,0.07949448604989896,0.8200164362815342,0.10773893914863719,possibly forbidden,0.8200164362815342,0.32831876092593004
141,Dune system 2,Stomorhina lunata||Cakile maritima,Stomorhina lunata,Cakile maritima,0.7913915252567526,1,1,0,0,0,locally unique,2,13,0.034759358288770054,0.12085561497326204,0.06564171122994653,0.12433155080213905,0.009642990460680796,0.06791568550264432,0.010393707195637604,0.07320299153916805,0.050193614298816844,0.3535141652228498,0.054101238847003796,0.3810356069331988,0.5457614015276331,possibly forbidden,0.3810356069331988,0.7259128307920786
142,Dune system 2,Stomorhina lunata||Limonium sp.,Stomorhina lunata,Limonium sp.,0.5502177536251224,0,0,0,0,0,possibly forbidden,2,16,0.0427807486631016,0.12566844919786097,0.06925133689839572,0.12994652406417112,3.140510365747403e-4,0.0021027203148440434,0.011804276680188255,0.07903521875994358,0.003053562179990289,0.020445043896478193,0.11477463416741783,0.7684704929645632,0.15249428827549327,possibly forbidden,0.7684704929645632,0.3926708295244969
143,Dune system 2,Stomorhina lunata||Teucrium capitatum,Stomorhina lunata,Teucrium capitatum,0.6396034684189373,0,0,0,1,0,possibly forbidden,2,33,0.08823529411764705,0.15294117647058825,0.08970588235294118,0.16176470588235295,5.064597899635156e-4,0.0033880125321338107,0.014372776575035533,0.09614810123679818,0.003920042330343503,0.026223508371030917,0.11124652676329458,0.7441945724014,0.15965732636180185,possibly forbidden,0.7441945724014,0.4283034709015062
144,Dune system 2,Tachysphex obscuripennis||Asteriscus aquaticus,Tachysphex obscuripennis,Asteriscus aquaticus,0.5,0,0,0,1,0,possibly forbidden,1,6,0.00802139037433155,0.10481283422459893,0.0536096256684492,0.10561497326203209,1.2861814111254918e-4,0.0014061094339926678,0.006349867427804215,0.06941951125716515,0.0015351762850184321,0.016783214549161436,0.0757915314578038,0.8285859714479418,0.10199451729489306,possibly forbidden,0.8285859714479418,0.31622341154876005
145,Dune system 2,Tachysphex obscuripennis||Cakile maritima,Tachysphex obscuripennis,Cakile maritima,0.7913915252567526,1,1,0,0,0,locally unique,1,13,0.017379679144385027,0.11042780748663102,0.057820855614973264,0.11216577540106952,0.0074229643772278295,0.058755549975172836,0.009159073446831126,0.0724975050779565,0.04278814742823735,0.33868425157440313,0.05279559014877323,0.41789691797139805,0.5096055769506455,possibly forbidden,0.41789691797139805,0.7009628391721642
146,Dune system 2,Tachysphex obscuripennis||Limonium sp.,Tachysphex obscuripennis,Limonium sp.,0.5502177536251224,0,0,0,0,0,possibly forbidden,1,16,0.0213903743315508,0.11283422459893049,0.059625668449197866,0.11497326203208556,2.1262259994786657e-4,0.0016366995484359034,0.009378034360444572,0.07218905519318962,0.0023363074680032942,0.01798413423044396,0.10304629760368983,0.793216848995845,0.13459409581096538,possibly forbidden,0.793216848995845,0.3607656050878819
147,Dune system 2,Tachysphex obscuripennis||Teucrium capitatum,Tachysphex obscuripennis,Teucrium capitatum,0.6396034684189373,0,0,0,1,0,possibly forbidden,1,33,0.044117647058823525,0.1264705882352941,0.06985294117647059,0.13088235294117648,2.5644926270049375e-4,0.0021984510290873915,0.009549997655822998,0.08186883422139711,0.002475404012705546,0.021220784344758763,0.0921823766214606,0.7902477028520671,0.12788346292653574,possibly forbidden,0.7902477028520671,0.36898826307361804
148,Dune system 2,Tapinoma nigerrinum||Asteriscus aquaticus,Tapinoma nigerrinum,Asteriscus aquaticus,0.5,0,0,1,2,1,locally absent,5,6,0.040106951871657755,0.12406417112299466,0.068048128342246,0.12807486631016043,8.789965238159246e-4,0.001462465100818644,0.03366660688805832,0.05601414374543839,0.008673007304892885,0.01443005763832489,0.33218644165222455,0.5526882811464263,0.39129757510813534,possibly forbidden,0.5526882811464263,0.522973515771181
149,Dune system 2,Tapinoma nigerrinum||Cakile maritima,Tapinoma nigerrinum,Cakile maritima,0.7913915252567526,1,1,1,1,1,recurrent,5,13,0.08689839572192515,0.1521390374331551,0.08910427807486632,0.16082887700534762,0.05685313144453461,0.05615728368881747,0.04400982984510673,0.043471176290779866,0.2267157668385839,0.22394090372142691,0.17549996048156363,0.17335194768918682,0.7831768760200333,model-elusive,0.2267157668385839,0.9037182550336506
150,Dune system 2,Tapinoma nigerrinum||Limonium sp.,Tapinoma nigerrinum,Limonium sp.,0.5502177536251224,0,0,0,1,0,possibly forbidden,5,16,0.10695187165775402,0.16417112299465242,0.09812834224598932,0.17486631016042783,6.507285057886637e-4,0.003964020322038364,0.016725726801924596,0.10188753121140101,0.004629958267206756,0.028204156569341485,0.11900418744950797,0.7249336908727911,0.17317877791580782,possibly forbidden,0.7249336908727911,0.4519729688034145
151,Dune system 2,Tapinoma nigerrinum||Teucrium capitatum,Tapinoma nigerrinum,Teucrium capitatum,0.6396034684189373,0,0,1,2,1,locally absent,5,33,0.22058823529411764,0.2323529411764706,0.14926470588235294,0.25441176470588234,0.006123738407467929,0.004385928573705421,0.09760877027115263,0.06990910879772726,0.028273963202968322,0.020250307059584152,0.4506702597824857,0.32277792390490856,0.6073129672973642,locally absent,0.4506702597824857,0.6598424023967231
152,Dune system 2,Vanessa cardui||Asteriscus aquaticus,Vanessa cardui,Asteriscus aquaticus,0.639603381888749,0,0,0,2,0,possibly forbidden,6,6,0.0481283422459893,0.12887700534759358,0.07165775401069518,0.13368983957219252,2.1790347422956217e-4,0.002353286994089592,0.007894851529535573,0.08526184123687487,0.00205837661122111,0.022229801178028603,0.07457695566771541,0.8054069833083053,0.10933117545481985,possibly forbidden,0.8054069833083053,0.3507953105313831
153,Dune system 2,Vanessa cardui||Cakile maritima,Vanessa cardui,Cakile maritima,0.8824152804996107,1,1,0,1,0,locally unique,6,13,0.10427807486631017,0.16256684491978612,0.09692513368983958,0.17299465240641715,0.017447062002518048,0.10767523067201241,0.012309342157734283,0.07596759019160226,0.0643107888077027,0.39689656737444157,0.045372883053522134,0.28002053574046654,0.6440118740679313,weakly supported,0.39689656737444157,0.7696961107891028
154,Dune system 2,Vanessa cardui||Limonium sp.,Vanessa cardui,Limonium sp.,0.5386822767219068,0,1,1,1,1,model-elusive,6,16,0.12834224598930483,0.17700534759358288,0.10775401069518717,0.1898395721925134,0.045342307917756335,0.03663136506104985,0.028430203931960336,0.02296833193583207,0.2946258781824524,0.23802379269510865,0.1847341739982279,0.1492439462776125,0.8277877217865555,model-elusive,0.2946258781824524,0.8400681524493455
155,Dune system 2,Vanessa cardui||Teucrium capitatum,Vanessa cardui,Teucrium capitatum,0.7783046611753027,1,0,3,3,1,possibly missing,6,33,0.2647058823529412,0.2588235294117647,0.16911764705882354,0.2852941176470588,0.02187833798233811,3.718300372113034e-4,0.3006075088372481,0.005108930179576921,0.04483070346562736,7.619135489766165e-4,0.6159721135628704,0.010468662386151257,0.9844224074342718,locally absent,0.6159721135628704,0.4644036437178978
156,Dune system 2,Clairvillia pninae||Asteriscus aquaticus,Clairvillia pninae,Asteriscus aquaticus,0.5,0,0,0,0,0,possibly forbidden,0,6,0,0.1,0.05,0.1,1.3604729634078634e-4,0.001224425667067077,0.007229003023878795,0.06506102721490915,0.001711153882547157,0.015400384942924413,0.09092379579723325,0.8183141621750993,0.11662481060999152,possibly forbidden,0.8183141621750993,0.32705667785405723
157,Dune system 2,Clairvillia pninae||Cakile maritima,Clairvillia pninae,Cakile maritima,0.8871560816120563,1,0,0,0,0,phantom,0,13,0,0.1,0.05,0.1,2.4827972834515373e-4,0.0022345175551063833,0.01319258048670861,0.11873322438037748,0.0015989214505427898,0.014390293054885107,0.08496021833440347,0.764641965009631,0.11662481060999152,possibly forbidden,0.764641965009631,0.39039159114954464
158,Dune system 2,Clairvillia pninae||Limonium sp.,Clairvillia pninae,Limonium sp.,0.5,0,1,0,0,0,weakly supported,0,16,0,0.1,0.05,0.1,0.003020037225404095,0.027180335028636857,0.004345013094815487,0.03910511785333938,0.03798494025741174,0.3418644623167057,0.05465000942236868,0.4918500848013181,0.46904479734534255,possibly forbidden,0.4918500848013181,0.6083078184653574
159,Dune system 2,Clairvillia pninae||Teucrium capitatum,Clairvillia pninae,Teucrium capitatum,0.6396034684189373,0,0,0,0,0,possibly forbidden,0,33,0,0.1,0.05,0.1,1.3604729634078634e-4,0.001224425667067077,0.007229003023878795,0.06506102721490915,0.001711153882547157,0.015400384942924413,0.09092379579723325,0.8183141621750993,0.11662481060999152,possibly forbidden,0.8183141621750993,0.32705667785405723
160,Dune system 2,Eristalis similis||Asteriscus aquaticus,Eristalis similis,Asteriscus aquaticus,0.5,0,0,0,2,0,possibly forbidden,9,6,0.07219251336898395,0.14331550802139037,0.08248663101604278,0.15053475935828878,3.200201374029221e-4,0.0030096906660929267,0.00995499467750383,0.09362365382702464,0.0026733859860684915,0.025142370459655033,0.08316208935538741,0.7821137948908647,0.12426255128211061,possibly forbidden,0.7821137948908647,0.38238909052131803
161,Dune system 2,Eristalis similis||Cakile maritima,Eristalis similis,Cakile maritima,0.8871560816120563,1,0,1,1,1,possibly missing,9,13,0.15641711229946526,0.19385026737967914,0.12038770053475938,0.2094919786096257,0.0068453054448838774,0.004889865518887924,0.13987396811710465,0.09991736660882655,0.02036974064385169,0.014550890855791459,0.41622634319426427,0.2973265196163895,0.6027561137747839,locally absent,0.41622634319426427,0.6885278685417947
162,Dune system 2,Eristalis similis||Limonium sp.,Eristalis similis,Limonium sp.,0.5502177536251224,0,0,0,1,0,possibly forbidden,9,16,0.19251336898395724,0.21550802139037434,0.13663101604278077,0.2347593582887701,0.0016893036759458716,0.007108872214686919,0.02985312242311205,0.12562692873824552,0.008593883002293875,0.03616449603536803,0.1518698177305104,0.6390935761798373,0.23527949508191714,possibly forbidden,0.6390935761798373,0.550471074200217
163,Dune system 2,Eristalis similis||Teucrium capitatum,Eristalis similis,Teucrium capitatum,0.5,0,1,1,3,1,model-elusive,9,33,0.3970588235294118,0.3382352941176471,0.22867647058823531,0.37794117647058834,0.14040035290205377,0.07290820041722233,0.035859851858534506,0.01862158614414489,0.38389240430280697,0.19935066951778985,0.0980504996131952,0.05091643524425247,0.9304619786116026,model-elusive,0.38389240430280697,0.8311916005772805
164,Dune system 2,Gonepterix cleopatra||Asteriscus aquaticus,Gonepterix cleopatra,Asteriscus aquaticus,0.5,0,0,0,1,0,possibly forbidden,2,6,0.0160427807486631,0.10962566844919787,0.0572192513368984,0.11122994652406418,1.5199054155536589e-4,0.0015678413488515153,0.007003578277148926,0.07224462456982861,0.0017251766892949234,0.017795866241887556,0.07949448604989896,0.8200164362815342,0.10773893914863719,possibly forbidden,0.8200164362815342,0.32831876092593004
165,Dune system 2,Gonepterix cleopatra||Cakile maritima,Gonepterix cleopatra,Cakile maritima,0.8871560816120563,1,0,0,0,0,phantom,2,13,0.034759358288770054,0.12085561497326204,0.06564171122994653,0.12433155080213905,4.910013743267645e-4,0.0034581279589680717,0.019545696281991636,0.13766054908284428,0.0025557562981770956,0.0180002190893118,0.10173909684764354,0.7165495530667367,0.14578989785041896,possibly forbidden,0.7165495530667367,0.44826308677335597
166,Dune system 2,Gonepterix cleopatra||Limonium sp.,Gonepterix cleopatra,Limonium sp.,0.5502177536251224,0,0,0,0,0,possibly forbidden,2,16,0.0427807486631016,0.12566844919786097,0.06925133689839572,0.12994652406417112,3.140510365747403e-4,0.0021027203148440434,0.011804276680188255,0.07903521875994358,0.003053562179990289,0.020445043896478193,0.11477463416741783,0.7684704929645632,0.15249428827549327,possibly forbidden,0.7684704929645632,0.3926708295244969
167,Dune system 2,Gonepterix cleopatra||Teucrium capitatum,Gonepterix cleopatra,Teucrium capitatum,0.5,0,1,1,2,1,model-elusive,2,33,0.08823529411764705,0.15294117647058825,0.08970588235294118,0.16176470588235295,0.028547690324368633,0.03615232360579786,0.02193597707488608,0.02777935912887845,0.2209615782392603,0.27982209384325146,0.16978634907460793,0.21501462870894927,0.7572060121621723,weakly supported,0.27982209384325146,0.8302316930583267
168,Dune system 2,Macroglossum stellatarum||Asteriscus aquaticus,Macroglossum stellatarum,Asteriscus aquaticus,0.5,0,0,0,2,0,possibly forbidden,7,6,0.05614973262032085,0.13368983957219252,0.07526737967914439,0.1393048128342246,2.4894575953109447e-4,0.0025634433273914884,0.008553601314558863,0.08807811089561554,0.0022544280583623334,0.0232142880207254,0.07746056345730944,0.7976266191665058,0.11429526993787864,possibly forbidden,0.7976266191665058,0.36147670200134074
169,Dune system 2,Macroglossum stellatarum||Cakile maritima,Macroglossum stellatarum,Cakile maritima,0.8871560816120563,1,0,0,1,0,phantom,7,13,0.12165775401069519,0.17299465240641712,0.10474598930481284,0.18516042780748665,0.0013595855734181285,0.007724108243401034,0.032497526753719495,0.18462568241105712,0.0046507773089592705,0.026422101008354064,0.11116531609225458,0.6315549026088363,0.18381941498010657,possibly forbidden,0.6315549026088363,0.5411239190718375
170,Dune system 2,Macroglossum stellatarum||Limonium sp.,Macroglossum stellatarum,Limonium sp.,0.5502177536251224,0,0,1,1,1,locally absent,7,16,0.1497326203208556,0.18983957219251335,0.11737967914438503,0.20481283422459895,0.0037570846128780746,0.0027613939666113665,0.07900723623249493,0.05806898910480582,0.02240742222753589,0.016469078267319567,0.4712027233094516,0.3463260722789027,0.5956049386162915,locally absent,0.4712027233094516,0.6143942405165255
171,Dune system 2,Macroglossum stellatarum||Teucrium capitatum,Macroglossum stellatarum,Teucrium capitatum,0.5,0,1,1,3,1,model-elusive,7,33,0.3088235294117647,0.2852941176470588,0.1889705882352941,0.31617647058823534,0.09966897925206024,0.06801041716789634,0.03239124135549794,0.022102582505658545,0.34894034965783405,0.2381039609819256,0.11340149331573605,0.07738097576339123,0.9005164417309502,model-elusive,0.34894034965783405,0.8473173616596119
172,Dune system 2,Vanessa atalanta||Asteriscus aquaticus,Vanessa atalanta,Asteriscus aquaticus,0.5,0,0,0,1,0,possibly forbidden,4,6,0.0320855614973262,0.11925133689839573,0.06443850267379679,0.12245989304812835,2.0710814134066116e-4,0.0019159674953132015,0.008409282862256392,0.0777946850311209,0.0021376792880070054,0.019775775132320126,0.08679692495559319,0.8029625770940486,0.11924273787483053,possibly forbidden,0.8029625770940486,0.35186190284515206
173,Dune system 2,Vanessa atalanta||Cakile maritima,Vanessa atalanta,Cakile maritima,0.8871560816120563,1,0,0,1,0,phantom,4,13,0.06951871657754011,0.14171122994652408,0.08128342245989306,0.1486631016042781,6.850243897585572e-4,0.0050643320026821795,0.021653120661556363,0.16007983593534353,0.0029687836886467074,0.02194798676986312,0.09384108418531613,0.6937598323668335,0.14616033169782305,possibly forbidden,0.6937598323668335,0.4736010859753926
174,Dune system 2,Vanessa atalanta||Limonium sp.,Vanessa atalanta,Limonium sp.,0.5502177536251224,0,0,0,1,0,possibly forbidden,4,16,0.0855614973262032,0.15133689839572192,0.08850267379679144,0.15989304812834226,4.878578803647687e-4,0.003309147977875847,0.014051646704752178,0.09531254931065056,0.00382331832037508,0.02593363066962267,0.11012206718388566,0.7469597819524733,0.15772766873687616,possibly forbidden,0.7469597819524733,0.4248531210918736
175,Dune system 2,Vanessa atalanta||Teucrium capitatum,Vanessa atalanta,Teucrium capitatum,0.5,0,1,1,2,1,model-elusive,4,33,0.1764705882352941,0.20588235294117646,0.12941176470588234,0.2235294117647059,0.056071671340378965,0.04760109072833573,0.02856325706640219,0.024248290778795936,0.302249692451466,0.25658973041228,0.1539678675052292,0.13070839971711207,0.845043309504092,model-elusive,0.302249692451466,0.847801900754903
0,Pine forest 1,Anthophora balearica||Asphodelus fistulosus,Anthophora balearica,Asphodelus fistulosus,0.8381387509126274,1,1,1,1,1,recurrent,6,1,0.008021390374331552,0.10481283422459893,0.0536096256684492,0.10561497326203209,0.02311726045577174,0.037059588590827884,0.030902178608968135,0.049539694722897466,0.14127948604255933,0.22648702855937392,0.18885645727023673,0.3027583057493648,0.6477019995277378,possibly forbidden,0.3027583057493648,0.8439157492200439
1,Pine forest 1,Anthophora balearica||Cistus monspeliensis,Anthophora balearica,Cistus monspeliensis,0.9624729546438052,1,1,0,1,0,locally unique,6,28,0.22459893048128343,0.23475935828877006,0.15106951871657753,0.25721925133689844,0.044522733591033536,0.1659804193678523,0.018945335279401114,0.07062806887879071,0.10384851546212916,0.38714649251914823,0.044189670871743886,0.16473876402990098,0.7646331670913082,weakly supported,0.38714649251914823,0.83506278241718
2,Pine forest 1,Anthophora balearica||Euphorbia serrata,Anthophora balearica,Euphorbia serrata,0.898236095801459,1,1,0,0,0,locally unique,6,0,0,0.1,0.05,0.1,0.005511421704679546,0.04960279534211593,0.007929438510374214,0.07136494659336792,0.03549355577813629,0.3194420020032266,0.05106558400680995,0.45959025606128945,0.46904479734534266,possibly forbidden,0.45959025606128945,0.6716427317608449
3,Pine forest 1,Anthophora balearica||Globularia alypum,Anthophora balearica,Globularia alypum,0.7177510118778282,1,1,0,1,0,locally unique,6,4,0.03208556149732621,0.11925133689839573,0.06443850267379679,0.12245989304812835,0.007393396224658901,0.068396668304399,0.008128231679420228,0.07519466686019012,0.0390729386488117,0.3614656570856517,0.04295642869430641,0.39739201250256184,0.527413320637248,possibly forbidden,0.39739201250256184,0.697249959228247
4,Pine forest 1,Eristalis similis||Asphodelus fistulosus,Eristalis similis,Asphodelus fistulosus,0.5553280735789732,0,1,0,1,0,weakly supported,8,1,0.0106951871657754,0.10641711229946524,0.054812834224598934,0.10748663101604279,0.0029058880079835224,0.03114992598050379,0.003794369514104185,0.04067408282160327,0.03410035406228674,0.36554179033427725,0.04452661063283252,0.47730697864640864,0.4820189385319881,possibly forbidden,0.47730697864640864,0.6016378958807326
5,Pine forest 1,Eristalis similis||Cistus monspeliensis,Eristalis similis,Cistus monspeliensis,0.8608325599463387,1,1,1,1,1,recurrent,8,28,0.2994652406417112,0.2796791443850267,0.18475935828877005,0.30962566844919787,0.1853995755549953,0.07825671532899146,0.06194600526053442,0.02614725996502551,0.3416787741821557,0.14422178953263143,0.11416226320659717,0.04818761696906896,0.9256651230659055,model-elusive,0.3416787741821557,0.8749870822845884
6,Pine forest 1,Eristalis similis||Euphorbia serrata,Eristalis similis,Euphorbia serrata,0.8320183673620385,1,0,0,0,0,phantom,8,0,0,0.1,0.05,0.1,2.4827972834515373e-4,0.0022345175551063833,0.01319258048670861,0.11873322438037748,0.0015989214505427898,0.014390293054885107,0.08496021833440347,0.764641965009631,0.11662481060999152,possibly forbidden,0.764641965009631,0.39039159114954464
7,Pine forest 1,Eristalis similis||Globularia alypum,Eristalis similis,Globularia alypum,0.5879641223938636,0,0,0,2,0,possibly forbidden,8,4,0.0427807486631016,0.12566844919786097,0.06925133689839572,0.12994652406417112,1.987674609805956e-4,0.002218003890438188,0.007471098105658002,0.08336839733447385,0.0019326438405771538,0.02156596223589133,0.07264253245986353,0.8106025946721174,0.10602900799340875,possibly forbidden,0.8106025946721174,0.3435872437954229
8,Pine forest 1,Eupeodes corollae||Asphodelus fistulosus,Eupeodes corollae,Asphodelus fistulosus,0.7177510376377783,1,1,0,1,0,locally unique,13,1,0.017379679144385027,0.11042780748663102,0.057820855614973264,0.11216577540106952,0.005899024275545997,0.06027949007685465,0.007278708863283456,0.07437786966150416,0.03400370897092695,0.34746869003171343,0.04195661626571098,0.42873589185446026,0.49688623848403557,possibly forbidden,0.42873589185446026,0.6766868324096702
9,Pine forest 1,Eupeodes corollae||Cistus monspeliensis,Eupeodes corollae,Cistus monspeliensis,0.9264458100677512,1,1,1,1,1,recurrent,13,28,0.4866310160427807,0.39197860962566844,0.26898395721925134,0.44064171122994655,0.3169041758275082,0.0761548620800482,0.06521592881400921,0.015671961567828626,0.35174490049693,0.0845273948024095,0.07238582556256533,0.017394950848700956,0.9669330875834704,model-elusive,0.35174490049693,0.7888405387330695
10,Pine forest 1,Eupeodes corollae||Euphorbia serrata,Eupeodes corollae,Euphorbia serrata,0.8125501876367389,1,1,0,0,0,locally unique,13,0,0,0.1,0.05,0.1,0.005511421704679546,0.04960279534211593,0.007929438510374214,0.07136494659336792,0.03549355577813629,0.3194420020032266,0.05106558400680995,0.45959025606128945,0.46904479734534266,possibly forbidden,0.45959025606128945,0.6716427317608449
11,Pine forest 1,Eupeodes corollae||Globularia alypum,Eupeodes corollae,Globularia alypum,0.7439624489378703,1,0,1,2,1,possibly missing,13,4,0.06951871657754011,0.14171122994652408,0.08128342245989306,0.1486631016042781,0.0023960372077214158,0.0033533191847193206,0.07573698622125931,0.10599597037564057,0.010384033453438194,0.01453273700507163,0.3282317136185244,0.45936920293362515,0.4346348266907343,possibly forbidden,0.45936920293362515,0.6246016546175117
12,Pine forest 1,Lasioglossum sp.||Asphodelus fistulosus,Lasioglossum sp.,Asphodelus fistulosus,0.5553280735789732,0,1,0,1,0,weakly supported,15,1,0.020053475935828877,0.11203208556149732,0.059024064171123,0.11403743315508022,0.003401338053804,0.03411423245409758,0.004106051550236161,0.0411822626382599,0.03767569675289722,0.37787407678016366,0.045481616531896626,0.4561647252386449,0.5026530121230952,possibly forbidden,0.4561647252386449,0.6147672497010683
13,Pine forest 1,Lasioglossum sp.||Cistus monspeliensis,Lasioglossum sp.,Cistus monspeliensis,0.93503081928454,1,0,1,1,1,possibly missing,15,28,0.5614973262032086,0.4368983957219251,0.30267379679144385,0.4930481283422461,0.05850540717694374,0.011387768338636611,0.37695721172884916,0.07337272925498463,0.053956737086515986,0.010502393742712257,0.34764959595281925,0.06766815671853833,0.8589591140264771,possibly missing,0.37695721172884916,0.7364500031750026
14,Pine forest 1,Lasioglossum sp.||Euphorbia serrata,Lasioglossum sp.,Euphorbia serrata,0.6803880292223238,0,1,0,0,0,weakly supported,15,0,0,0.1,0.05,0.1,0.003020037225404095,0.027180335028636857,0.004345013094815487,0.03910511785333938,0.03798494025741174,0.3418644623167057,0.05465000942236868,0.4918500848013181,0.46904479734534255,possibly forbidden,0.4918500848013181,0.6083078184653574
15,Pine forest 1,Lasioglossum sp.||Globularia alypum,Lasioglossum sp.,Globularia alypum,0.5879641223938636,0,0,2,2,1,locally absent,15,4,0.08021390374331551,0.1481283422459893,0.08609625668449197,0.15614973262032086,0.0030210240601554797,5.850712179813421e-4,0.08968199501505639,0.01736839992322181,0.02427989660204112,0.004702203092247517,0.7207720040198123,0.13958940606948397,0.8430421940072942,locally absent,0.7207720040198123,0.4495854737786307
16,Pine forest 1,Platypalpus sp.||Asphodelus fistulosus,Platypalpus sp.,Asphodelus fistulosus,0.5553280735789732,0,1,0,1,0,weakly supported,6,1,0.008021390374331552,0.10481283422459893,0.0536096256684492,0.10561497326203209,0.00277242490571072,0.030309354351069205,0.0037060606632060454,0.04051626634008862,0.033091451411330415,0.3617701329804225,0.04423525633149185,0.48359905301668066,0.47588468064323075,possibly forbidden,0.48359905301668066,0.5976738296772135
17,Pine forest 1,Platypalpus sp.||Cistus monspeliensis,Platypalpus sp.,Cistus monspeliensis,0.93503081928454,1,0,1,1,1,possibly missing,6,28,0.22459893048128343,0.23475935828877006,0.15106951871657753,0.25721925133689844,0.011606845361166813,0.0063450722094881545,0.18240820519046,0.09971643435596274,0.02707276851029696,0.01479977252762526,0.42546402229344743,0.23258687955155258,0.6676966860924847,locally absent,0.42546402229344743,0.7150806877757189
18,Pine forest 1,Platypalpus sp.||Euphorbia serrata,Platypalpus sp.,Euphorbia serrata,0.6803880292223238,0,1,0,0,0,weakly supported,6,0,0,0.1,0.05,0.1,0.003020037225404095,0.027180335028636857,0.004345013094815487,0.03910511785333938,0.03798494025741174,0.3418644623167057,0.05465000942236868,0.4918500848013181,0.46904479734534255,possibly forbidden,0.4918500848013181,0.6083078184653574
19,Pine forest 1,Platypalpus sp.||Globularia alypum,Platypalpus sp.,Globularia alypum,0.5879641223938636,0,0,0,2,0,possibly forbidden,6,4,0.03208556149732621,0.11925133689839573,0.06443850267379679,0.12245989304812835,1.6403433396373513e-4,0.0019590413026901276,0.006660342295061977,0.07954362559831532,0.0016930903631621633,0.02022036405716497,0.06874512842917282,0.8210143736204688,0.0994420007812159,possibly forbidden,0.8210143736204688,0.32895375186057074
20,Pine forest 1,Anaspis sp.||Asphodelus fistulosus,Anaspis sp.,Asphodelus fistulosus,0.7439624731589495,1,0,0,1,0,phantom,8,1,0.0106951871657754,0.10641711229946524,0.054812834224598934,0.10748663101604279,2.4733067753068995e-4,0.0026512832829834686,0.011927472783127935,0.12785760955279582,0.0014860886545339823,0.015930260031364055,0.07166633010201436,0.7682336249156497,0.10390876553155448,possibly forbidden,0.7682336249156497,0.38503562737970126
21,Pine forest 1,Anaspis sp.||Cistus monspeliensis,Anaspis sp.,Cistus monspeliensis,0.8608325599463387,1,1,1,1,1,recurrent,8,28,0.2994652406417112,0.2796791443850267,0.18475935828877005,0.30962566844919787,0.1853995755549953,0.07825671532899146,0.06194600526053442,0.02614725996502551,0.3416787741821557,0.14422178953263143,0.11416226320659717,0.04818761696906896,0.9256651230659055,model-elusive,0.3416787741821557,0.8749870822845884
22,Pine forest 1,Anaspis sp.||Euphorbia serrata,Anaspis sp.,Euphorbia serrata,0.6803880292223238,0,1,0,0,0,weakly supported,8,0,0,0.1,0.05,0.1,0.003020037225404095,0.027180335028636857,0.004345013094815487,0.03910511785333938,0.03798494025741174,0.3418644623167057,0.05465000942236868,0.4918500848013181,0.46904479734534255,possibly forbidden,0.4918500848013181,0.6083078184653574
23,Pine forest 1,Anaspis sp.||Globularia alypum,Anaspis sp.,Globularia alypum,0.5879641223938636,0,0,0,2,0,possibly forbidden,8,4,0.0427807486631016,0.12566844919786097,0.06925133689839572,0.12994652406417112,1.987674609805956e-4,0.002218003890438188,0.007471098105658002,0.08336839733447385,0.0019326438405771538,0.02156596223589133,0.07264253245986353,0.8106025946721174,0.10602900799340875,possibly forbidden,0.8106025946721174,0.3435872437954229
24,Pine forest 1,Ancistrocerus ebusianus||Asphodelus fistulosus,Ancistrocerus ebusianus,Asphodelus fistulosus,0.5879641531991094,0,0,0,1,0,possibly forbidden,8,1,0.0106951871657754,0.10641711229946524,0.054812834224598934,0.10748663101604279,1.3611548128255411e-4,0.0014591020559303859,0.006564142040805153,0.07036490674617667,0.0015973038507821182,0.01712244125841714,0.07702966084433713,0.8257263277222688,0.10390876553155448,possibly forbidden,0.8257263277222688,0.320280173187666
25,Pine forest 1,Ancistrocerus ebusianus||Cistus monspeliensis,Ancistrocerus ebusianus,Cistus monspeliensis,0.7523362265023318,1,1,1,1,1,recurrent,8,28,0.2994652406417112,0.2796791443850267,0.18475935828877005,0.30962566844919787,0.1853995755549953,0.07825671532899146,0.06194600526053442,0.02614725996502551,0.3416787741821557,0.14422178953263143,0.11416226320659717,0.04818761696906896,0.9256651230659055,model-elusive,0.3416787741821557,0.8749870822845884
26,Pine forest 1,Ancistrocerus ebusianus||Euphorbia serrata,Ancistrocerus ebusianus,Euphorbia serrata,0.708660833780379,1,0,0,0,0,phantom,8,0,0,0.1,0.05,0.1,2.4827972834515373e-4,0.0022345175551063833,0.01319258048670861,0.11873322438037748,0.0015989214505427898,0.014390293054885107,0.08496021833440347,0.764641965009631,0.11662481060999152,possibly forbidden,0.764641965009631,0.39039159114954464
27,Pine forest 1,Ancistrocerus ebusianus||Globularia alypum,Ancistrocerus ebusianus,Globularia alypum,0.5,0,0,0,2,0,possibly forbidden,8,4,0.0427807486631016,0.12566844919786097,0.06925133689839572,0.12994652406417112,1.987674609805956e-4,0.002218003890438188,0.007471098105658002,0.08336839733447385,0.0019326438405771538,0.02156596223589133,0.07264253245986353,0.8106025946721174,0.10602900799340875,possibly forbidden,0.8106025946721174,0.3435872437954229
28,Pine forest 1,Dasytes nigroaeneus||Asphodelus fistulosus,Dasytes nigroaeneus,Asphodelus fistulosus,0.7439624731589495,1,0,0,1,0,phantom,8,1,0.0106951871657754,0.10641711229946524,0.054812834224598934,0.10748663101604279,2.4733067753068995e-4,0.0026512832829834686,0.011927472783127935,0.12785760955279582,0.0014860886545339823,0.015930260031364055,0.07166633010201436,0.7682336249156497,0.10390876553155448,possibly forbidden,0.7682336249156497,0.38503562737970126
29,Pine forest 1,Dasytes nigroaeneus||Cistus monspeliensis,Dasytes nigroaeneus,Cistus monspeliensis,0.8608325599463387,1,1,1,1,1,recurrent,8,28,0.2994652406417112,0.2796791443850267,0.18475935828877005,0.30962566844919787,0.1853995755549953,0.07825671532899146,0.06194600526053442,0.02614725996502551,0.3416787741821557,0.14422178953263143,0.11416226320659717,0.04818761696906896,0.9256651230659055,model-elusive,0.3416787741821557,0.8749870822845884
30,Pine forest 1,Dasytes nigroaeneus||Euphorbia serrata,Dasytes nigroaeneus,Euphorbia serrata,0.6803880292223238,0,1,0,0,0,weakly supported,8,0,0,0.1,0.05,0.1,0.003020037225404095,0.027180335028636857,0.004345013094815487,0.03910511785333938,0.03798494025741174,0.3418644623167057,0.05465000942236868,0.4918500848013181,0.46904479734534255,possibly forbidden,0.4918500848013181,0.6083078184653574
31,Pine forest 1,Dasytes nigroaeneus||Globularia alypum,Dasytes nigroaeneus,Globularia alypum,0.5879641223938636,0,0,0,2,0,possibly forbidden,8,4,0.0427807486631016,0.12566844919786097,0.06925133689839572,0.12994652406417112,1.987674609805956e-4,0.002218003890438188,0.007471098105658002,0.08336839733447385,0.0019326438405771538,0.02156596223589133,0.07264253245986353,0.8106025946721174,0.10602900799340875,possibly forbidden,0.8106025946721174,0.3435872437954229
32,Pine forest 1,Exoprosopa cf. bowdeni||Asphodelus fistulosus,Exoprosopa cf. bowdeni,Asphodelus fistulosus,0.5879641531991094,0,0,0,1,0,possibly forbidden,7,1,0.009358288770053475,0.10561497326203209,0.05421122994652407,0.10655080213903743,1.3233077018764972e-4,0.0014324908181363159,0.006456551545077386,0.06989266964918178,0.001566089250923498,0.01695303721990478,0.07641107172912753,0.8271557590174611,0.10295157133335708,possibly forbidden,0.8271557590174611,0.31825495661895226
33,Pine forest 1,Exoprosopa cf. bowdeni||Cistus monspeliensis,Exoprosopa cf. bowdeni,Cistus monspeliensis,0.7523362265023318,1,1,1,1,1,recurrent,7,28,0.2620320855614973,0.2572192513368984,0.1679144385026738,0.28342245989304815,0.16037825742786996,0.0767608226330251,0.0601797843987101,0.028803466444949202,0.3313950504073656,0.15861349969601088,0.1243515362005003,0.05951758279156892,0.9116789507634819,model-elusive,0.3313950504073656,0.8882660595457285
34,Pine forest 1,Exoprosopa cf. bowdeni||Euphorbia serrata,Exoprosopa cf. bowdeni,Euphorbia serrata,0.708660833780379,1,0,0,0,0,phantom,7,0,0,0.1,0.05,0.1,2.4827972834515373e-4,0.0022345175551063833,0.01319258048670861,0.11873322438037748,0.0015989214505427898,0.014390293054885107,0.08496021833440347,0.764641965009631,0.11662481060999152,possibly forbidden,0.764641965009631,0.39039159114954464
35,Pine forest 1,Exoprosopa cf. bowdeni||Globularia alypum,Exoprosopa cf. bowdeni,Globularia alypum,0.5,0,0,0,2,0,possibly forbidden,7,4,0.0374331550802139,0.12245989304812835,0.06684491978609626,0.12620320855614975,1.8082587455063812e-4,0.0020865863284870237,0.007059612809574469,0.08146229962651085,0.0018108826800553137,0.02089614139617622,0.0706985689770575,0.815805082307588,0.10273261806590117,possibly forbidden,0.815805082307588,0.33630736799518834
36,Pine forest 1,Lydella nigrescens||Asphodelus fistulosus,Lydella nigrescens,Asphodelus fistulosus,0.5879641531991094,0,0,0,1,0,possibly forbidden,5,1,0.006684491978609626,0.10401069518716578,0.05300802139037433,0.10467914438502675,1.2497682850412005e-4,0.0013799581108970291,0.006244089164346852,0.06894543245046925,0.0015045650460871786,0.01661297348933541,0.07517104101436099,0.8300169638959992,0.10103760365353154,possibly forbidden,0.8300169638959992,0.3141854859764352
37,Pine forest 1,Lydella nigrescens||Cistus monspeliensis,Lydella nigrescens,Cistus monspeliensis,0.7523362265023318,1,1,1,1,1,recurrent,5,28,0.18716577540106952,0.2122994652406417,0.13422459893048128,0.2310160427807487,0.1127627940617992,0.07105688563668648,0.05507622280766628,0.034705994099438545,0.29937906409334314,0.18865215336576677,0.14622436571515798,0.09214252022014165,0.8731514856804198,model-elusive,0.29937906409334314,0.9073839869363854
38,Pine forest 1,Lydella nigrescens||Euphorbia serrata,Lydella nigrescens,Euphorbia serrata,0.708660833780379,1,0,0,0,0,phantom,5,0,0,0.1,0.05,0.1,2.4827972834515373e-4,0.0022345175551063833,0.01319258048670861,0.11873322438037748,0.0015989214505427898,0.014390293054885107,0.08496021833440347,0.764641965009631,0.11662481060999152,possibly forbidden,0.764641965009631,0.39039159114954464
39,Pine forest 1,Lydella nigrescens||Globularia alypum,Lydella nigrescens,Globularia alypum,0.5,0,0,0,2,0,possibly forbidden,5,4,0.026737967914438505,0.11604278074866312,0.06203208556149733,0.11871657754010696,1.4834911157177952e-4,0.0018353754436033886,0.006273233305730216,0.07761245240596647,0.001579263912795434,0.019538655633345454,0.06678227372795918,0.8262303964590281,0.09615715113500545,possibly forbidden,0.8262303964590281,0.3215243334624138
40,Pine forest 1,Melanostoma scalare||Asphodelus fistulosus,Melanostoma scalare,Asphodelus fistulosus,0.5879641531991094,0,0,0,0,0,possibly forbidden,1,1,0.001336898395721925,0.10080213903743317,0.05060160427807487,0.10093582887700535,1.4017635293160418e-4,0.001248590693331176,0.00735518928884178,0.06551476551981585,0.001747498918472438,0.015565470498976351,0.09169296431675952,0.8167353444108713,0.11774989006931291,possibly forbidden,0.8167353444108713,0.32922064559943787
41,Pine forest 1,Melanostoma scalare||Cistus monspeliensis,Melanostoma scalare,Cistus monspeliensis,0.7523362265023318,1,1,0,0,0,locally unique,1,28,0.0374331550802139,0.12245989304812835,0.06684491978609626,0.12620320855614975,0.010012106302510553,0.0693211088911112,0.010583664463456184,0.07327842259867542,0.05133835026161263,0.35545281494692815,0.05426908752857036,0.3757444450071354,0.5509771323941892,possibly forbidden,0.3757444450071354,0.7294254589542248
42,Pine forest 1,Melanostoma scalare||Euphorbia serrata,Melanostoma scalare,Euphorbia serrata,0.708660833780379,1,0,0,0,0,phantom,1,0,0,0.1,0.05,0.1,2.4827972834515373e-4,0.0022345175551063833,0.01319258048670861,0.11873322438037748,0.0015989214505427898,0.014390293054885107,0.08496021833440347,0.764641965009631,0.11662481060999152,possibly forbidden,0.764641965009631,0.39039159114954464
43,Pine forest 1,Melanostoma scalare||Globularia alypum,Melanostoma scalare,Globularia alypum,0.5,0,0,0,0,0,possibly forbidden,1,4,0.0053475935828877,0.10320855614973262,0.052406417112299465,0.10374331550802139,1.5306736154108323e-4,0.0013223757625920388,0.007740252495022244,0.06686939784359423,0.001858724364994987,0.016057845545008234,0.09399127128646309,0.8120070653407842,0.1211235368156216,possibly forbidden,0.8120070653407842,0.33566531126818433
44,Pine forest 1,Meligethes sp.||Asphodelus fistulosus,Meligethes sp.,Asphodelus fistulosus,0.7439624731589495,1,0,0,1,0,phantom,8,1,0.0106951871657754,0.10641711229946524,0.054812834224598934,0.10748663101604279,2.4733067753068995e-4,0.0026512832829834686,0.011927472783127935,0.12785760955279582,0.0014860886545339823,0.015930260031364055,0.07166633010201436,0.7682336249156497,0.10390876553155448,possibly forbidden,0.7682336249156497,0.38503562737970126
45,Pine forest 1,Meligethes sp.||Cistus monspeliensis,Meligethes sp.,Cistus monspeliensis,0.8608325599463387,1,1,1,1,1,recurrent,8,28,0.2994652406417112,0.2796791443850267,0.18475935828877005,0.30962566844919787,0.1853995755549953,0.07825671532899146,0.06194600526053442,0.02614725996502551,0.3416787741821557,0.14422178953263143,0.11416226320659717,0.04818761696906896,0.9256651230659055,model-elusive,0.3416787741821557,0.8749870822845884
46,Pine forest 1,Meligethes sp.||Euphorbia serrata,Meligethes sp.,Euphorbia serrata,0.6803880292223238,0,1,0,0,0,weakly supported,8,0,0,0.1,0.05,0.1,0.003020037225404095,0.027180335028636857,0.004345013094815487,0.03910511785333938,0.03798494025741174,0.3418644623167057,0.05465000942236868,0.4918500848013181,0.46904479734534255,possibly forbidden,0.4918500848013181,0.6083078184653574
47,Pine forest 1,Meligethes sp.||Globularia alypum,Meligethes sp.,Globularia alypum,0.5879641223938636,0,0,0,2,0,possibly forbidden,8,4,0.0427807486631016,0.12566844919786097,0.06925133689839572,0.12994652406417112,1.987674609805956e-4,0.002218003890438188,0.007471098105658002,0.08336839733447385,0.0019326438405771538,0.02156596223589133,0.07264253245986353,0.8106025946721174,0.10602900799340875,possibly forbidden,0.8106025946721174,0.3435872437954229
48,Pine forest 1,Meliscaeva auricollis||Asphodelus fistulosus,Meliscaeva auricollis,Asphodelus fistulosus,0.5879641531991094,0,0,0,1,0,possibly forbidden,6,1,0.008021390374331552,0.10481283422459893,0.0536096256684492,0.10561497326203209,1.2861814111254918e-4,0.0014061094339926678,0.006349867427804215,0.06941951125716515,0.0015351762850184321,0.016783214549161436,0.0757915314578038,0.8285859714479418,0.10199451729489306,possibly forbidden,0.8285859714479418,0.31622341154876005
49,Pine forest 1,Meliscaeva auricollis||Cistus monspeliensis,Meliscaeva auricollis,Cistus monspeliensis,0.7523362265023318,1,1,1,1,1,recurrent,6,28,0.22459893048128343,0.23475935828877006,0.15106951871657753,0.25721925133689844,0.13610120115667904,0.07440195180220684,0.057913849394947786,0.03165955476324403,0.31745372650659015,0.17354128147468728,0.1350830642971543,0.07384537060449056,0.8944950746322654,model-elusive,0.31745372650659015,0.8993154046308299
50,Pine forest 1,Meliscaeva auricollis||Euphorbia serrata,Meliscaeva auricollis,Euphorbia serrata,0.708660833780379,1,0,0,0,0,phantom,6,0,0,0.1,0.05,0.1,2.4827972834515373e-4,0.0022345175551063833,0.01319258048670861,0.11873322438037748,0.0015989214505427898,0.014390293054885107,0.08496021833440347,0.764641965009631,0.11662481060999152,possibly forbidden,0.764641965009631,0.39039159114954464
51,Pine forest 1,Meliscaeva auricollis||Globularia alypum,Meliscaeva auricollis,Globularia alypum,0.5,0,0,0,2,0,possibly forbidden,6,4,0.03208556149732621,0.11925133689839573,0.06443850267379679,0.12245989304812835,1.6403433396373513e-4,0.0019590413026901276,0.006660342295061977,0.07954362559831532,0.0016930903631621633,0.02022036405716497,0.06874512842917282,0.8210143736204688,0.0994420007812159,possibly forbidden,0.8210143736204688,0.32895375186057074
52,Pine forest 1,Musca domestica||Asphodelus fistulosus,Musca domestica,Asphodelus fistulosus,0.7439624731589495,1,0,0,1,0,phantom,9,1,0.012032085561497327,0.1072192513368984,0.0554144385026738,0.10842245989304813,2.542025080822422e-4,0.002698594068469065,0.012118059679614806,0.12864437970919884,0.0015145905247142552,0.016078775292142217,0.07220187757836131,0.7664895206394172,0.10486609965138394,possibly forbidden,0.7664895206394172,0.387220253717716
53,Pine forest 1,Musca domestica||Cistus monspeliensis,Musca domestica,Cistus monspeliensis,0.8608325599463387,1,1,1,1,1,recurrent,9,28,0.33689839572192515,0.30213903743315507,0.2016042780748663,0.33582887700534764,0.21100444791144782,0.07899848515354821,0.06327545259328238,0.0236898556013959,0.34873620081364615,0.13056422201129797,0.10457808430372939,0.039153251611652215,0.9371568927869519,model-elusive,0.34873620081364615,0.8599973448829221
54,Pine forest 1,Musca domestica||Euphorbia serrata,Musca domestica,Euphorbia serrata,0.6803880292223238,0,1,0,0,0,weakly supported,9,0,0,0.1,0.05,0.1,0.003020037225404095,0.027180335028636857,0.004345013094815487,0.03910511785333938,0.03798494025741174,0.3418644623167057,0.05465000942236868,0.4918500848013181,0.46904479734534255,possibly forbidden,0.4918500848013181,0.6083078184653574
55,Pine forest 1,Musca domestica||Globularia alypum,Musca domestica,Globularia alypum,0.5879641223938636,0,0,0,2,0,possibly forbidden,9,4,0.04812834224598931,0.12887700534759358,0.07165775401069518,0.13368983957219252,2.1790347422956217e-4,0.002353286994089592,0.007894851529535573,0.08526184123687487,0.00205837661122111,0.022229801178028603,0.07457695566771541,0.8054069833083053,0.10933117545481985,possibly forbidden,0.8054069833083053,0.3507953105313831
56,Pine forest 1,Phyto melanocephala||Asphodelus fistulosus,Phyto melanocephala,Asphodelus fistulosus,0.5879641531991094,0,0,0,1,0,possibly forbidden,1,1,0.001336898395721925,0.10080213903743317,0.05060160427807487,0.10093582887700535,1.1110951578277727e-4,0.0012776575304800032,0.005830024132334428,0.0670399306763232,0.0013851391807656553,0.015927830236683132,0.07267959718493751,0.8357487115426933,0.09721135778098355,possibly forbidden,0.8357487115426933,0.305968903007722
57,Pine forest 1,Phyto melanocephala||Cistus monspeliensis,Phyto melanocephala,Cistus monspeliensis,0.7523362265023318,1,1,1,1,1,recurrent,1,28,0.0374331550802139,0.12245989304812835,0.06684491978609626,0.12620320855614975,0.034332891780660575,0.04500032341296119,0.036292843452486026,0.0475692436096456,0.17604627542634263,0.23074488978219815,0.18609617725357133,0.2439173552821345,0.7085134011082199,possibly forbidden,0.2439173552821345,0.8760872445560449
58,Pine forest 1,Phyto melanocephala||Euphorbia serrata,Phyto melanocephala,Euphorbia serrata,0.708660833780379,1,0,0,0,0,phantom,1,0,0,0.1,0.05,0.1,2.4827972834515373e-4,0.0022345175551063833,0.01319258048670861,0.11873322438037748,0.0015989214505427898,0.014390293054885107,0.08496021833440347,0.764641965009631,0.11662481060999152,possibly forbidden,0.764641965009631,0.39039159114954464
59,Pine forest 1,Phyto melanocephala||Globularia alypum,Phyto melanocephala,Globularia alypum,0.5,0,0,0,1,0,possibly forbidden,1,4,0.0053475935828877,0.10320855614973262,0.052406417112299465,0.10374331550802139,1.2140606921639315e-4,0.001354037054916729,0.00613921622939069,0.06847043410922579,0.0014742556260121502,0.01644231428399107,0.07454960138238474,0.8314487352448625,0.10008083064591167,possibly forbidden,0.8314487352448625,0.31214112690017864
60,Pine forest 1,Pyrellia vivida||Asphodelus fistulosus,Pyrellia vivida,Asphodelus fistulosus,0.5879641531991094,0,0,0,1,0,possibly forbidden,8,1,0.0106951871657754,0.10641711229946524,0.054812834224598934,0.10748663101604279,1.3611548128255411e-4,0.0014591020559303859,0.006564142040805153,0.07036490674617667,0.0015973038507821182,0.01712244125841714,0.07702966084433713,0.8257263277222688,0.10390876553155448,possibly forbidden,0.8257263277222688,0.320280173187666
61,Pine forest 1,Pyrellia vivida||Cistus monspeliensis,Pyrellia vivida,Cistus monspeliensis,0.7523362265023318,1,1,1,1,1,recurrent,8,28,0.2994652406417112,0.2796791443850267,0.18475935828877005,0.30962566844919787,0.1853995755549953,0.07825671532899146,0.06194600526053442,0.02614725996502551,0.3416787741821557,0.14422178953263143,0.11416226320659717,0.04818761696906896,0.9256651230659055,model-elusive,0.3416787741821557,0.8749870822845884
62,Pine forest 1,Pyrellia vivida||Euphorbia serrata,Pyrellia vivida,Euphorbia serrata,0.708660833780379,1,0,0,0,0,phantom,8,0,0,0.1,0.05,0.1,2.4827972834515373e-4,0.0022345175551063833,0.01319258048670861,0.11873322438037748,0.0015989214505427898,0.014390293054885107,0.08496021833440347,0.764641965009631,0.11662481060999152,possibly forbidden,0.764641965009631,0.39039159114954464
63,Pine forest 1,Pyrellia vivida||Globularia alypum,Pyrellia vivida,Globularia alypum,0.5,0,0,0,2,0,possibly forbidden,8,4,0.0427807486631016,0.12566844919786097,0.06925133689839572,0.12994652406417112,1.987674609805956e-4,0.002218003890438188,0.007471098105658002,0.08336839733447385,0.0019326438405771538,0.02156596223589133,0.07264253245986353,0.8106025946721174,0.10602900799340875,possibly forbidden,0.8106025946721174,0.3435872437954229
0,Pine forest 2,Anthophora balearica||Asphodelus fistulosus,Anthophora balearica,Asphodelus fistulosus,0.5,0,1,1,1,1,model-elusive,8,5,0.053475935828877004,0.1320855614973262,0.07406417112299465,0.13743315508021392,0.023054915827084153,0.027392393777751076,0.02182536201186162,0.025931515649627736,0.2117101840006904,0.25154065928509184,0.20041935707198344,0.2381256123759098,0.7359428719744625,weakly supported,0.25154065928509184,0.8191320982534888
1,Pine forest 2,Anthophora balearica||Blackstonia perfoliata,Anthophora balearica,Blackstonia perfoliata,0.63799366992740425,0,0,0,0,0,possibly forbidden,8,0,0,0.1,0.05,0.1,1.3604729634078634e-4,0.001224425667067077,0.007229003023878795,0.06506102721490915,0.001711153882547157,0.015400384942924413,0.09092379579723325,0.8183141621750993,0.11662481060999152,possibly forbidden,0.8183141621750993,0.32705667785405723
2,Pine forest 2,Anthophora balearica||Cistus monspeliensis,Anthophora balearica,Cistus monspeliensis,0.934010990090553,1,0,1,1,1,possibly missing,8,14,0.1497326203208556,0.18983957219251335,0.11737967914438503,0.20481283422459895,0.00645446117507664,0.004743920348637181,0.13573001179286875,0.09975927461633687,0.019710045665337322,0.014486551885293748,0.4144799477490778,0.30463578676737163,0.5956049386162915,locally absent,0.4144799477490778,0.6851974809689458
3,Pine forest 2,Anthophora balearica||Fumana ericoides,Anthophora balearica,Fumana ericoides,0.5785117064515323,0,1,0,0,0,weakly supported,8,0,0,0.1,0.05,0.1,0.003020037225404095,0.027180335028636857,0.004345013094815487,0.03910511785333938,0.03798494025741174,0.3418644623167057,0.05465000942236868,0.4918500848013181,0.46904479734534255,possibly forbidden,0.4918500848013181,0.6083078184653574
4,Pine forest 2,Anthophora balearica||Globularia alypum,Anthophora balearica,Globularia alypum,0.6570104619252036,0,0,1,1,1,locally absent,8,2,0.0213903743315508,0.11283422459893049,0.059625668449197866,0.11497326203208556,7.526078729612464e-4,0.0010967142754225235,0.03319488377200841,0.04837220578162578,0.008269691907203476,0.01205074979124378,0.36474699714451847,0.5315161494550164,0.42011164476335783,possibly forbidden,0.5315161494550164,0.5141462562114975
5,Pine forest 2,Eupeodes corollae||Asphodelus fistulosus,Eupeodes corollae,Asphodelus fistulosus,0.7143624279886196,1,0,1,1,1,possibly missing,13,5,0.08689839572192512,0.15213903743315507,0.08910427807486632,0.1608288770053476,0.003408753515882427,0.0033670324457574907,0.09745420777375889,0.09626142753383987,0.01359323836139013,0.013426865390080202,0.3886224889587574,0.3838659860205336,0.5198725864456265,locally absent,0.3886224889587574,0.6453223741176535
6,Pine forest 2,Eupeodes corollae||Blackstonia perfoliata,Eupeodes corollae,Blackstonia perfoliata,0.622459330455424,0,1,0,0,0,weakly supported,13,0,0,0.1,0.05,0.1,0.003020037225404095,0.027180335028636857,0.004345013094815487,0.03910511785333938,0.03798494025741174,0.3418644623167057,0.05465000942236868,0.4918500848013181,0.46904479734534255,possibly forbidden,0.4918500848013181,0.6083078184653574
7,Pine forest 2,Eupeodes corollae||Cistus monspeliensis,Eupeodes corollae,Cistus monspeliensis,0.9297812077264264,1,1,1,1,1,recurrent,13,14,0.24331550802139035,0.2459893048128342,0.15949197860962566,0.27032085561497327,0.14813541989943663,0.07569662109659167,0.05911356100514868,0.030206798833895994,0.32491035431276444,0.1660279222718578,0.12965574380462616,0.06625357877567858,0.9035396223904254,model-elusive,0.32491035431276444,0.8941097464235034
8,Pine forest 2,Eupeodes corollae||Fumana ericoides,Eupeodes corollae,Fumana ericoides,0.804815321693427,1,0,0,0,0,phantom,13,0,0,0.1,0.05,0.1,2.4827972834515373e-4,0.0022345175551063833,0.01319258048670861,0.11873322438037748,0.0015989214505427898,0.014390293054885107,0.08496021833440347,0.764641965009631,0.11662481060999152,possibly forbidden,0.764641965009631,0.39039159114954464
9,Pine forest 2,Eupeodes corollae||Globularia alypum,Eupeodes corollae,Globularia alypum,0.6418340443253755,0,1,0,2,0,weakly supported,13,2,0.034759358288770054,0.12085561497326204,0.06564171122994653,0.12433155080213905,0.0033836608265597787,0.039717408984550895,0.003647082305433342,0.04280945016362317,0.03439828889530209,0.4037670967785789,0.03707623109931822,0.43520078094663356,0.5219897688897432,possibly forbidden,0.43520078094663356,0.6102896471547388
10,Pine forest 2,Musca domestica||Asphodelus fistulosus,Musca domestica,Asphodelus fistulosus,0.5986875525807561,0,0,0,1,0,possibly forbidden,9,5,0.06016042780748663,0.136096256684492,0.07707219251336898,0.14211229946524065,3.340450252844256e-4,0.002603284606085126,0.011186904123049828,0.08718194581251153,0.002963335516676778,0.023093909950197486,0.09923976649933675,0.7733968084668581,0.13942124572063042,possibly forbidden,0.7733968084668581,0.39116481945470416
11,Pine forest 2,Musca domestica||Blackstonia perfoliata,Musca domestica,Blackstonia perfoliata,0.5,0,1,0,0,0,weakly supported,9,0,0,0.1,0.05,0.1,0.003020037225404095,0.027180335028636857,0.004345013094815487,0.03910511785333938,0.03798494025741174,0.3418644623167057,0.05465000942236868,0.4918500848013181,0.46904479734534255,possibly forbidden,0.4918500848013181,0.6083078184653574
12,Pine forest 2,Musca domestica||Cistus monspeliensis,Musca domestica,Cistus monspeliensis,0.8876208549431376,1,1,1,1,1,recurrent,9,14,0.16844919786096257,0.20106951871657755,0.12580213903743315,0.21791443850267384,0.10151741049287025,0.06897218654137653,0.05341797711504002,0.03629283552795392,0.2886334375353671,0.19610113377710958,0.1518775379124,0.10318748109788262,0.8605196833741635,model-elusive,0.2886334375353671,0.9099721304980749
13,Pine forest 2,Musca domestica||Fumana ericoides,Musca domestica,Fumana ericoides,0.7109495018536073,1,0,0,0,0,phantom,9,0,0,0.1,0.05,0.1,2.4827972834515373e-4,0.0022345175551063833,0.01319258048670861,0.11873322438037748,0.0015989214505427898,0.014390293054885107,0.08496021833440347,0.764641965009631,0.11662481060999152,possibly forbidden,0.764641965009631,0.39039159114954464
14,Pine forest 2,Musca domestica||Globularia alypum,Musca domestica,Globularia alypum,0.6570104619252036,0,0,0,2,0,possibly forbidden,9,2,0.024064171122994655,0.1144385026737968,0.0608288770053476,0.11684491978609626,1.4090788130514704e-4,0.0017749991756403297,0.006084222765511274,0.07664220264448868,0.001523836900629761,0.0191955852105296,0.06579733564838627,0.8288409097735089,0.09451688758200238,possibly forbidden,0.8288409097735089,0.31778051522294665
15,Pine forest 2,Unknown insect||Asphodelus fistulosus,Unknown insect,Asphodelus fistulosus,0.5,0,0,0,0,0,possibly forbidden,2,5,0.013368983957219251,0.10802139037433156,0.05601604278074866,0.10935828877005348,1.811976602484537e-4,0.0014757198197740812,0.008539641988862385,0.06954901580660293,0.0020909993816876165,0.01702963066112824,0.09854644973925501,0.8025873449424412,0.1278636392509559,possibly forbidden,0.8025873449424412,0.3483478902216006
16,Pine forest 2,Unknown insect||Blackstonia perfoliata,Unknown insect,Blackstonia perfoliata,0.5,0,1,0,0,0,weakly supported,2,0,0,0.1,0.05,0.1,0.003020037225404095,0.027180335028636857,0.004345013094815487,0.03910511785333938,0.03798494025741174,0.3418644623167057,0.05465000942236868,0.4918500848013181,0.46904479734534255,possibly forbidden,0.4918500848013181,0.6083078184653574
17,Pine forest 2,Unknown insect||Cistus monspeliensis,Unknown insect,Cistus monspeliensis,0.8941010038623407,1,0,0,0,0,phantom,2,14,0.0374331550802139,0.12245989304812835,0.06684491978609626,0.12620320855614975,5.143677646170718e-4,0.003561342912645318,0.02008140300134967,0.13903818857714134,0.0026374862257078106,0.018261239376298994,0.1029699515644752,0.7129360205777646,0.14802579084509404,possibly forbidden,0.7129360205777646,0.45245259269382204
18,Pine forest 2,Unknown insect||Fumana ericoides,Unknown insect,Fumana ericoides,0.5946768371398474,0,0,0,0,0,possibly forbidden,2,0,0,0.1,0.05,0.1,1.3604729634078634e-4,0.001224425667067077,0.007229003023878795,0.06506102721490915,0.001711153882547157,0.015400384942924413,0.09092379579723325,0.8183141621750993,0.11662481060999152,possibly forbidden,0.8183141621750993,0.32705667785405723
19,Pine forest 2,Unknown insect||Globularia alypum,Unknown insect,Globularia alypum,0.5332840828090486,0,0,0,0,0,possibly forbidden,2,2,0.0053475935828877,0.10320855614973262,0.052406417112299465,0.10374331550802139,1.5306736154108323e-4,0.0013223757625920388,0.007740252495022244,0.06686939784359423,0.001858724364994987,0.016057845545008234,0.09399127128646309,0.8120070653407842,0.1211235368156216,possibly forbidden,0.8120070653407842,0.33566531126818433
20,Pine forest 2,Anaspis sp.||Asphodelus fistulosus,Anaspis sp.,Asphodelus fistulosus,0.5,0,0,0,1,0,possibly forbidden,9,5,0.06016042780748663,0.136096256684492,0.07707219251336898,0.14211229946524065,3.340450252844256e-4,0.002603284606085126,0.011186904123049828,0.08718194581251153,0.002963335516676778,0.023093909950197486,0.09923976649933675,0.7733968084668581,0.13942124572063042,possibly forbidden,0.7733968084668581,0.39116481945470416
21,Pine forest 2,Anaspis sp.||Blackstonia perfoliata,Anaspis sp.,Blackstonia perfoliata,0.5124974468035312,0,0,0,0,0,possibly forbidden,9,0,0,0.1,0.05,0.1,1.3604729634078634e-4,0.001224425667067077,0.007229003023878795,0.06506102721490915,0.001711153882547157,0.015400384942924413,0.09092379579723325,0.8183141621750993,0.11662481060999152,possibly forbidden,0.8183141621750993,0.32705667785405723
22,Pine forest 2,Anaspis sp.||Cistus monspeliensis,Anaspis sp.,Cistus monspeliensis,0.8249137803173979,1,1,1,1,1,recurrent,9,14,0.16844919786096257,0.20106951871657755,0.12580213903743315,0.21791443850267384,0.10151741049287025,0.06897218654137653,0.05341797711504002,0.03629283552795392,0.2886334375353671,0.19610113377710958,0.1518775379124,0.10318748109788262,0.8605196833741635,model-elusive,0.2886334375353671,0.9099721304980749
23,Pine forest 2,Anaspis sp.||Fumana ericoides,Anaspis sp.,Fumana ericoides,0.5946768371398474,0,0,0,0,0,possibly forbidden,9,0,0,0.1,0.05,0.1,1.3604729634078634e-4,0.001224425667067077,0.007229003023878795,0.06506102721490915,0.001711153882547157,0.015400384942924413,0.09092379579723325,0.8183141621750993,0.11662481060999152,possibly forbidden,0.8183141621750993,0.32705667785405723
24,Pine forest 2,Anaspis sp.||Globularia alypum,Anaspis sp.,Globularia alypum,0.5332840828090486,0,0,0,2,0,possibly forbidden,9,2,0.024064171122994655,0.1144385026737968,0.0608288770053476,0.11684491978609626,1.4090788130514704e-4,0.0017749991756403297,0.006084222765511274,0.07664220264448868,0.001523836900629761,0.0191955852105296,0.06579733564838627,0.8288409097735089,0.09451688758200238,possibly forbidden,0.8288409097735089,0.31778051522294665
25,Pine forest 2,Ancistrocerus ebusianus||Asphodelus fistulosus,Ancistrocerus ebusianus,Asphodelus fistulosus,0.5,0,0,0,1,0,possibly forbidden,8,5,0.053475935828877004,0.1320855614973262,0.07406417112299465,0.13743315508021392,2.999952576411557e-4,0.00243071197463074,0.0104887081640327,0.08498477187001999,0.002754816008477105,0.02232090037809693,0.0963163930847346,0.7804037032623669,0.13461152486761319,possibly forbidden,0.7804037032623669,0.3820130872230355
26,Pine forest 2,Ancistrocerus ebusianus||Blackstonia perfoliata,Ancistrocerus ebusianus,Blackstonia perfoliata,0.5124974468035312,0,0,0,0,0,possibly forbidden,8,0,0,0.1,0.05,0.1,1.3604729634078634e-4,0.001224425667067077,0.007229003023878795,0.06506102721490915,0.001711153882547157,0.015400384942924413,0.09092379579723325,0.8183141621750993,0.11662481060999152,possibly forbidden,0.8183141621750993,0.32705667785405723
27,Pine forest 2,Ancistrocerus ebusianus||Cistus monspeliensis,Ancistrocerus ebusianus,Cistus monspeliensis,0.8249137803173979,1,1,1,1,1,recurrent,8,14,0.1497326203208556,0.18983957219251335,0.11737967914438503,0.20481283422459895,0.09059883470604145,0.0665886189205721,0.05158563826190396,0.037914576044401904,0.27666246970045827,0.20334225958073684,0.1575275237139569,0.11578007907192857,0.8463053448836695,model-elusive,0.27666246970045827,0.9113594604596883
28,Pine forest 2,Ancistrocerus ebusianus||Fumana ericoides,Ancistrocerus ebusianus,Fumana ericoides,0.5946768371398474,0,0,0,0,0,possibly forbidden,8,0,0,0.1,0.05,0.1,1.3604729634078634e-4,0.001224425667067077,0.007229003023878795,0.06506102721490915,0.001711153882547157,0.015400384942924413,0.09092379579723325,0.8183141621750993,0.11662481060999152,possibly forbidden,0.8183141621750993,0.32705667785405723
29,Pine forest 2,Ancistrocerus ebusianus||Globularia alypum,Ancistrocerus ebusianus,Globularia alypum,0.5332840828090486,0,0,0,2,0,possibly forbidden,8,2,0.0213903743315508,0.11283422459893049,0.059625668449197866,0.11497326203208556,1.3372712433590476e-4,0.0017155950240478654,0.005898232677302664,0.07566885687633153,0.001469400145314676,0.018851041553132577,0.06481006748756739,0.8314530791119674,0.09287806401170107,possibly forbidden,0.8314530791119674,0.3140169074267819
30,Pine forest 2,Anthomyia confusanea||Asphodelus fistulosus,Anthomyia confusanea,Asphodelus fistulosus,0.5,0,0,0,0,0,possibly forbidden,4,5,0.026737967914438502,0.1160427807486631,0.06203208556149733,0.11871657754010696,2.3550098997266705e-4,0.001748223565202501,0.009958621512297683,0.073927064199399,0.002507047133285176,0.018610872412855715,0.10601540790455147,0.7869972622824359,0.13907567351816508,possibly forbidden,0.7869972622824359,0.36890281520851326
31,Pine forest 2,Anthomyia confusanea||Blackstonia perfoliata,Anthomyia confusanea,Blackstonia perfoliata,0.5124974468035312,0,0,0,0,0,possibly forbidden,4,0,0,0.1,0.05,0.1,1.3604729634078634e-4,0.001224425667067077,0.007229003023878795,0.06506102721490915,0.001711153882547157,0.015400384942924413,0.09092379579723325,0.8183141621750993,0.11662481060999152,possibly forbidden,0.8183141621750993,0.32705667785405723
32,Pine forest 2,Anthomyia confusanea||Cistus monspeliensis,Anthomyia confusanea,Cistus monspeliensis,0.8249137803173979,1,1,0,0,0,locally unique,4,14,0.0748663101604278,0.1449197860962567,0.08368983957219252,0.15240641711229946,0.01595625166618868,0.08873915400318969,0.013228964069998978,0.0735716071963101,0.06736796183176628,0.37466041930999844,0.055853239544345505,0.31062240237820227,0.6158059904254876,weakly supported,0.37466041930999844,0.7713706245777453
33,Pine forest 2,Anthomyia confusanea||Fumana ericoides,Anthomyia confusanea,Fumana ericoides,0.5946768371398474,0,0,0,0,0,possibly forbidden,4,0,0,0.1,0.05,0.1,1.3604729634078634e-4,0.001224425667067077,0.007229003023878795,0.06506102721490915,0.001711153882547157,0.015400384942924413,0.09092379579723325,0.8183141621750993,0.11662481060999152,possibly forbidden,0.8183141621750993,0.32705667785405723
34,Pine forest 2,Anthomyia confusanea||Globularia alypum,Anthomyia confusanea,Globularia alypum,0.5332840828090486,0,0,0,1,0,possibly forbidden,4,2,0.0106951871657754,0.10641711229946524,0.054812834224598934,0.10748663101604279,1.3611548128255411e-4,0.0014591020559303859,0.006564142040805153,0.07036490674617667,0.0015973038507821182,0.01712244125841714,0.07702966084433713,0.8257263277222688,0.10390876553155448,possibly forbidden,0.8257263277222688,0.320280173187666
35,Pine forest 2,Anthomyiidae sp.||Asphodelus fistulosus,Anthomyiidae sp.,Asphodelus fistulosus,0.5,0,0,0,0,0,possibly forbidden,4,5,0.026737967914438502,0.1160427807486631,0.06203208556149733,0.11871657754010696,2.3550098997266705e-4,0.001748223565202501,0.009958621512297683,0.073927064199399,0.002507047133285176,0.018610872412855715,0.10601540790455147,0.7869972622824359,0.13907567351816508,possibly forbidden,0.7869972622824359,0.36890281520851326
36,Pine forest 2,Anthomyiidae sp.||Blackstonia perfoliata,Anthomyiidae sp.,Blackstonia perfoliata,0.5124974468035312,0,0,0,0,0,possibly forbidden,4,0,0,0.1,0.05,0.1,1.3604729634078634e-4,0.001224425667067077,0.007229003023878795,0.06506102721490915,0.001711153882547157,0.015400384942924413,0.09092379579723325,0.8183141621750993,0.11662481060999152,possibly forbidden,0.8183141621750993,0.32705667785405723
37,Pine forest 2,Anthomyiidae sp.||Cistus monspeliensis,Anthomyiidae sp.,Cistus monspeliensis,0.8249137803173979,1,1,0,0,0,locally unique,4,14,0.0748663101604278,0.1449197860962567,0.08368983957219252,0.15240641711229946,0.01595625166618868,0.08873915400318969,0.013228964069998978,0.0735716071963101,0.06736796183176628,0.37466041930999844,0.055853239544345505,0.31062240237820227,0.6158059904254876,weakly supported,0.37466041930999844,0.7713706245777453
38,Pine forest 2,Anthomyiidae sp.||Fumana ericoides,Anthomyiidae sp.,Fumana ericoides,0.5946768371398474,0,0,0,0,0,possibly forbidden,4,0,0,0.1,0.05,0.1,1.3604729634078634e-4,0.001224425667067077,0.007229003023878795,0.06506102721490915,0.001711153882547157,0.015400384942924413,0.09092379579723325,0.8183141621750993,0.11662481060999152,possibly forbidden,0.8183141621750993,0.32705667785405723
39,Pine forest 2,Anthomyiidae sp.||Globularia alypum,Anthomyiidae sp.,Globularia alypum,0.5332840828090486,0,0,0,1,0,possibly forbidden,4,2,0.0106951871657754,0.10641711229946524,0.054812834224598934,0.10748663101604279,1.3611548128255411e-4,0.0014591020559303859,0.006564142040805153,0.07036490674617667,0.0015973038507821182,0.01712244125841714,0.07702966084433713,0.8257263277222688,0.10390876553155448,possibly forbidden,0.8257263277222688,0.320280173187666
40,Pine forest 2,Dasytes nigroaeneus||Asphodelus fistulosus,Dasytes nigroaeneus,Asphodelus fistulosus,0.5,0,0,0,1,0,possibly forbidden,9,5,0.06016042780748663,0.136096256684492,0.07707219251336898,0.14211229946524065,3.340450252844256e-4,0.002603284606085126,0.011186904123049828,0.08718194581251153,0.002963335516676778,0.023093909950197486,0.09923976649933675,0.7733968084668581,0.13942124572063042,possibly forbidden,0.7733968084668581,0.39116481945470416
41,Pine forest 2,Dasytes nigroaeneus||Blackstonia perfoliata,Dasytes nigroaeneus,Blackstonia perfoliata,0.5124974468035312,0,0,0,0,0,possibly forbidden,9,0,0,0.1,0.05,0.1,1.3604729634078634e-4,0.001224425667067077,0.007229003023878795,0.06506102721490915,0.001711153882547157,0.015400384942924413,0.09092379579723325,0.8183141621750993,0.11662481060999152,possibly forbidden,0.8183141621750993,0.32705667785405723
42,Pine forest 2,Dasytes nigroaeneus||Cistus monspeliensis,Dasytes nigroaeneus,Cistus monspeliensis,0.8249137803173979,1,1,1,1,1,recurrent,9,14,0.16844919786096257,0.20106951871657755,0.12580213903743315,0.21791443850267384,0.10151741049287025,0.06897218654137653,0.05341797711504002,0.03629283552795392,0.2886334375353671,0.19610113377710958,0.1518775379124,0.10318748109788262,0.8605196833741635,model-elusive,0.2886334375353671,0.9099721304980749
43,Pine forest 2,Dasytes nigroaeneus||Fumana ericoides,Dasytes nigroaeneus,Fumana ericoides,0.5946768371398474,0,0,0,0,0,possibly forbidden,9,0,0,0.1,0.05,0.1,1.3604729634078634e-4,0.001224425667067077,0.007229003023878795,0.06506102721490915,0.001711153882547157,0.015400384942924413,0.09092379579723325,0.8183141621750993,0.11662481060999152,possibly forbidden,0.8183141621750993,0.32705667785405723
44,Pine forest 2,Dasytes nigroaeneus||Globularia alypum,Dasytes nigroaeneus,Globularia alypum,0.5332840828090486,0,0,0,2,0,possibly forbidden,9,2,0.024064171122994655,0.1144385026737968,0.0608288770053476,0.11684491978609626,1.4090788130514704e-4,0.0017749991756403297,0.006084222765511274,0.07664220264448868,0.001523836900629761,0.0191955852105296,0.06579733564838627,0.8288409097735089,0.09451688758200238,possibly forbidden,0.8288409097735089,0.31778051522294665
45,Pine forest 2,Episyrphus balteatus||Asphodelus fistulosus,Episyrphus balteatus,Asphodelus fistulosus,0.5,0,0,0,0,0,possibly forbidden,5,5,0.03342245989304813,0.12005347593582888,0.06504010695187167,0.1233957219251337,2.663732275538776e-4,0.001892317717303115,0.010708710981695044,0.07607477563052481,0.002728530145291227,0.019383501801380904,0.10969210757059356,0.7792536829256574,0.14467154144381777,possibly forbidden,0.7792536829256574,0.37892106651170043
46,Pine forest 2,Episyrphus balteatus||Blackstonia perfoliata,Episyrphus balteatus,Blackstonia perfoliata,0.5124974468035312,0,0,0,0,0,possibly forbidden,5,0,0,0.1,0.05,0.1,1.3604729634078634e-4,0.001224425667067077,0.007229003023878795,0.06506102721490915,0.001711153882547157,0.015400384942924413,0.09092379579723325,0.8183141621750993,0.11662481060999152,possibly forbidden,0.8183141621750993,0.32705667785405723
47,Pine forest 2,Episyrphus balteatus||Cistus monspeliensis,Episyrphus balteatus,Cistus monspeliensis,0.8249137803173979,1,1,0,0,0,locally unique,5,14,0.09358288770053476,0.15614973262032086,0.09211229946524065,0.16550802139037435,0.019473002564759298,0.09818294184913373,0.014533580555436573,0.07327836011876825,0.07530094498626512,0.3796676079194402,0.05620049328391333,0.2833630687222835,0.6433585711589482,weakly supported,0.3796676079194402,0.7882608982261478
48,Pine forest 2,Episyrphus balteatus||Fumana ericoides,Episyrphus balteatus,Fumana ericoides,0.5946768371398474,0,0,0,0,0,possibly forbidden,5,0,0,0.1,0.05,0.1,1.3604729634078634e-4,0.001224425667067077,0.007229003023878795,0.06506102721490915,0.001711153882547157,0.015400384942924413,0.09092379579723325,0.8183141621750993,0.11662481060999152,possibly forbidden,0.8183141621750993,0.32705667785405723
49,Pine forest 2,Episyrphus balteatus||Globularia alypum,Episyrphus balteatus,Globularia alypum,0.5332840828090486,0,0,0,1,0,possibly forbidden,5,2,0.013368983957219253,0.10802139037433156,0.05601604278074867,0.10935828877005349,1.4390422382098687e-4,0.0015130132562015484,0.006782044262775392,0.07130661353268994,0.0016606375745654132,0.017459992468250446,0.07826398166839689,0.8228698130132994,0.10582357345401061,possibly forbidden,0.8228698130132994,0.3243118239807983
50,Pine forest 2,Eristalis similis||Asphodelus fistulosus,Eristalis similis,Asphodelus fistulosus,0.5986875525807561,0,0,1,1,1,locally absent,8,5,0.053475935828877004,0.1320855614973262,0.07406417112299465,0.13743315508021392,0.001247960017721229,0.0014827472145506667,0.043632317821224544,0.05184116221282813,0.011459848604907329,0.013615867781666706,0.40066969246776646,0.47605040387933495,0.47210843390783697,possibly forbidden,0.47605040387933495,0.5470689181222411
51,Pine forest 2,Eristalis similis||Blackstonia perfoliata,Eristalis similis,Blackstonia perfoliata,0.63799366992740425,0,0,0,0,0,possibly forbidden,8,0,0,0.1,0.05,0.1,1.3604729634078634e-4,0.001224425667067077,0.007229003023878795,0.06506102721490915,0.001711153882547157,0.015400384942924413,0.09092379579723325,0.8183141621750993,0.11662481060999152,possibly forbidden,0.8183141621750993,0.32705667785405723
52,Pine forest 2,Eristalis similis||Cistus monspeliensis,Eristalis similis,Cistus monspeliensis,0.8876208549431376,1,1,1,1,1,recurrent,8,14,0.1497326203208556,0.18983957219251335,0.11737967914438503,0.20481283422459895,0.09059883470604145,0.0665886189205721,0.05158563826190396,0.037914576044401904,0.27666246970045827,0.20334225958073684,0.1575275237139569,0.11578007907192857,0.8463053448836695,model-elusive,0.27666246970045827,0.9113594604596883
53,Pine forest 2,Eristalis similis||Fumana ericoides,Eristalis similis,Fumana ericoides,0.5785117064515323,0,1,0,0,0,weakly supported,8,0,0,0.1,0.05,0.1,0.003020037225404095,0.027180335028636857,0.004345013094815487,0.03910511785333938,0.03798494025741174,0.3418644623167057,0.05465000942236868,0.4918500848013181,0.46904479734534255,possibly forbidden,0.4918500848013181,0.6083078184653574
54,Pine forest 2,Eristalis similis||Globularia alypum,Eristalis similis,Globularia alypum,0.6570104619252036,0,0,0,2,0,possibly forbidden,8,2,0.0213903743315508,0.11283422459893049,0.059625668449197866,0.11497326203208556,1.3372712433590476e-4,0.0017155950240478654,0.005898232677302664,0.07566885687633153,0.001469400145314676,0.018851041553132577,0.06481006748756739,0.8314530791119674,0.09287806401170107,possibly forbidden,0.8314530791119674,0.3140169074267819
55,Pine forest 2,Exoprosopa cf. bowdeni||Asphodelus fistulosus,Exoprosopa cf. bowdeni,Asphodelus fistulosus,0.5,0,0,0,1,0,possibly forbidden,7,5,0.04679144385026738,0.12807486631016043,0.07105614973262032,0.13275401069518716,2.6841415535159793e-4,0.00226369510616385,0.009813594264289915,0.0827638366570165,0.002553743904035985,0.02153723066650333,0.09336842349571592,0.7874310617509229,0.1298051015920606,possibly forbidden,0.7874310617509229,0.37273543516383423
56,Pine forest 2,Exoprosopa cf. bowdeni||Blackstonia perfoliata,Exoprosopa cf. bowdeni,Blackstonia perfoliata,0.5124974468035312,0,0,0,0,0,possibly forbidden,7,0,0,0.1,0.05,0.1,1.3604729634078634e-4,0.001224425667067077,0.007229003023878795,0.06506102721490915,0.001711153882547157,0.015400384942924413,0.09092379579723325,0.8183141621750993,0.11662481060999152,possibly forbidden,0.8183141621750993,0.32705667785405723
57,Pine forest 2,Exoprosopa cf. bowdeni||Cistus monspeliensis,Exoprosopa cf. bowdeni,Cistus monspeliensis,0.8249137803173979,1,1,1,1,1,recurrent,7,14,0.13101604278074866,0.17860962566844918,0.1089572192513369,0.19171122994652406,0.08004452905331604,0.06388749301438808,0.04956777118648606,0.03956248694156348,0.26340241991708385,0.21023448399848463,0.16311259538700282,0.13018822050167514,0.8302492925567614,model-elusive,0.26340241991708385,0.9113144801478971
58,Pine forest 2,Exoprosopa cf. bowdeni||Fumana ericoides,Exoprosopa cf. bowdeni,Fumana ericoides,0.5946768371398474,0,0,0,0,0,possibly forbidden,7,0,0,0.1,0.05,0.1,1.3604729634078634e-4,0.001224425667067077,0.007229003023878795,0.06506102721490915,0.001711153882547157,0.015400384942924413,0.09092379579723325,0.8183141621750993,0.11662481060999152,possibly forbidden,0.8183141621750993,0.32705667785405723
59,Pine forest 2,Exoprosopa cf. bowdeni||Globularia alypum,Exoprosopa cf. bowdeni,Globularia alypum,0.5332840828090486,0,0,0,2,0,possibly forbidden,7,2,0.01871657754010695,0.11122994652406418,0.05842245989304813,0.11310160427807488,1.2680155459365486e-4,0.001657163718028316,0.005715256410327679,0.07469242465342549,0.0014159532172807346,0.018505027841516027,0.06382047702586106,0.8340668955789671,0.09124067976760741,possibly forbidden,0.8340668955789671,0.3102332096027675
60,Pine forest 2,Hydrellia sp||Asphodelus fistulosus,Hydrellia sp,Asphodelus fistulosus,0.5,0,0,0,0,0,possibly forbidden,4,5,0.026737967914438502,0.1160427807486631,0.06203208556149733,0.11871657754010696,2.3550098997266705e-4,0.001748223565202501,0.009958621512297683,0.073927064199399,0.002507047133285176,0.018610872412855715,0.10601540790455147,0.7869972622824359,0.13907567351816508,possibly forbidden,0.7869972622824359,0.36890281520851326
61,Pine forest 2,Hydrellia sp||Blackstonia perfoliata,Hydrellia sp,Blackstonia perfoliata,0.5124974468035312,0,0,0,0,0,possibly forbidden,4,0,0,0.1,0.05,0.1,1.3604729634078634e-4,0.001224425667067077,0.007229003023878795,0.06506102721490915,0.001711153882547157,0.015400384942924413,0.09092379579723325,0.8183141621750993,0.11662481060999152,possibly forbidden,0.8183141621750993,0.32705667785405723
62,Pine forest 2,Hydrellia sp||Cistus monspeliensis,Hydrellia sp,Cistus monspeliensis,0.8249137803173979,1,1,0,0,0,locally unique,4,14,0.0748663101604278,0.1449197860962567,0.08368983957219252,0.15240641711229946,0.01595625166618868,0.08873915400318969,0.013228964069998978,0.0735716071963101,0.06736796183176628,0.37466041930999844,0.055853239544345505,0.31062240237820227,0.6158059904254876,weakly supported,0.37466041930999844,0.7713706245777453
63,Pine forest 2,Hydrellia sp||Fumana ericoides,Hydrellia sp,Fumana ericoides,0.5946768371398474,0,0,0,0,0,possibly forbidden,4,0,0,0.1,0.05,0.1,1.3604729634078634e-4,0.001224425667067077,0.007229003023878795,0.06506102721490915,0.001711153882547157,0.015400384942924413,0.09092379579723325,0.8183141621750993,0.11662481060999152,possibly forbidden,0.8183141621750993,0.32705667785405723
64,Pine forest 2,Hydrellia sp||Globularia alypum,Hydrellia sp,Globularia alypum,0.5332840828090486,0,0,0,0,0,possibly forbidden,4,2,0.0106951871657754,0.10641711229946524,0.054812834224598934,0.10748663101604279,1.7146455881272778e-4,0.0014237529784002121,0.00826884428138147,0.06866020450560036,0.0020121223352668727,0.016707622773932385,0.09703419984058173,0.8057217887260242,0.12561800676837542,possibly forbidden,0.8057217887260242,0.3441504130691407
65,Pine forest 2,Lasioglossum sp.||Asphodelus fistulosus,Lasioglossum sp.,Asphodelus fistulosus,0.7143624279886196,1,0,1,1,1,possibly missing,15,5,0.10026737967914438,0.16016042780748663,0.09512032085561498,0.17018716577540108,0.003964074538175698,0.0036589826910372945,0.10546156964709386,0.09734480373467622,0.014873948863142195,0.013729187207124842,0.39571152834060486,0.365255904978145,0.5373992912871788,locally absent,0.39571152834060486,0.655286820213008
66,Pine forest 2,Lasioglossum sp.||Blackstonia perfoliata,Lasioglossum sp.,Blackstonia perfoliata,0.747124265825004,1,0,0,0,0,phantom,15,0,0,0.1,0.05,0.1,2.4827972834515373e-4,0.0022345175551063833,0.01319258048670861,0.11873322438037748,0.0015989214505427898,0.014390293054885107,0.08496021833440347,0.764641965009631,0.11662481060999152,possibly forbidden,0.764641965009631,0.39039159114954464
67,Pine forest 2,Lasioglossum sp.||Cistus monspeliensis,Lasioglossum sp.,Cistus monspeliensis,0.9297812077264264,1,1,0,1,0,locally unique,15,14,0.2807486631016043,0.26844919786096255,0.17633689839572192,0.29652406417112304,0.061637572377223476,0.1887785710880321,0.021801035960640033,0.06677044955146916,0.12019081045541144,0.3681106925630537,0.04251115155607833,0.13019971644809195,0.8030298340004389,weakly supported,0.3681106925630537,0.8525418374001729
68,Pine forest 2,Lasioglossum sp.||Fumana ericoides,Lasioglossum sp.,Fumana ericoides,0.6970592831727368,0,1,0,0,0,weakly supported,15,0,0,0.1,0.05,0.1,0.003020037225404095,0.027180335028636857,0.004345013094815487,0.03910511785333938,0.03798494025741174,0.3418644623167057,0.05465000942236868,0.4918500848013181,0.46904479734534255,possibly forbidden,0.4918500848013181,0.6083078184653574
69,Pine forest 2,Lasioglossum sp.||Globularia alypum,Lasioglossum sp.,Globularia alypum,0.6418340443253755,0,1,1,2,1,model-elusive,15,2,0.040106951871657755,0.12406417112299466,0.068048128342246,0.12807486631016043,0.01695858724240391,0.028215517728711507,0.017587016169470334,0.029261091117545535,0.16732938873923647,0.27840086364630073,0.17353006021788098,0.2887174751384506,0.6820214337440038,possibly forbidden,0.2887174751384506,0.7992257349735454
70,Pine forest 2,Lydella nigrescens||Asphodelus fistulosus,Lydella nigrescens,Asphodelus fistulosus,0.5,0,0,0,1,0,possibly forbidden,5,5,0.03342245989304813,0.12005347593582888,0.06504010695187167,0.1233957219251337,2.1223774223796675e-4,0.0019464532026190258,0.008532361385958632,0.07825112522626122,0.002174006310554281,0.019938025636117844,0.08739919347712262,0.8015465970191283,0.12020227775461045,possibly forbidden,0.8015465970191283,0.3537866395074092
71,Pine forest 2,Lydella nigrescens||Blackstonia perfoliata,Lydella nigrescens,Blackstonia perfoliata,0.5124974468035312,0,0,0,0,0,possibly forbidden,5,0,0,0.1,0.05,0.1,1.3604729634078634e-4,0.001224425667067077,0.007229003023878795,0.06506102721490915,0.001711153882547157,0.015400384942924413,0.09092379579723325,0.8183141621750993,0.11662481060999152,possibly forbidden,0.8183141621750993,0.32705667785405723
72,Pine forest 2,Lydella nigrescens||Cistus monspeliensis,Lydella nigrescens,Cistus monspeliensis,0.8249137803173979,1,1,1,1,1,recurrent,5,14,0.09358288770053476,0.15614973262032086,0.09211229946524065,0.16550802139037435,0.06019797978473727,0.05745796462915576,0.044928468815555546,0.042883471858649276,0.23278201443151875,0.22218653847418657,0.17373572192301998,0.16582784008317686,0.7912886880581739,model-elusive,0.23278201443151875,0.9056887641576694
73,Pine forest 2,Lydella nigrescens||Fumana ericoides,Lydella nigrescens,Fumana ericoides,0.5946768371398474,0,0,0,0,0,possibly forbidden,5,0,0,0.1,0.05,0.1,1.3604729634078634e-4,0.001224425667067077,0.007229003023878795,0.06506102721490915,0.001711153882547157,0.015400384942924413,0.09092379579723325,0.8183141621750993,0.11662481060999152,possibly forbidden,0.8183141621750993,0.32705667785405723
74,Pine forest 2,Lydella nigrescens||Globularia alypum,Lydella nigrescens,Globularia alypum,0.5332840828090486,0,0,0,2,0,possibly forbidden,5,2,0.013368983957219253,0.10802139037433156,0.05601604278074867,0.10935828877005349,1.1369502834475443e-4,0.0015432224516777808,0.005358318847199626,0.0727303389482657,0.0013120270628431932,0.017808602979972665,0.06183436022858432,0.8392994344531121,0.08797022659862219,possibly forbidden,0.8392994344531121,0.3026042869363289
75,Pine forest 2,Lydella thompsoni||Asphodelus fistulosus,Lydella thompsoni,Asphodelus fistulosus,0.5,0,0,0,0,0,possibly forbidden,4,5,0.026737967914438502,0.1160427807486631,0.06203208556149733,0.11871657754010696,2.3550098997266705e-4,0.001748223565202501,0.009958621512297683,0.073927064199399,0.002507047133285176,0.018610872412855715,0.10601540790455147,0.7869972622824359,0.13907567351816508,possibly forbidden,0.7869972622824359,0.36890281520851326
76,Pine forest 2,Lydella thompsoni||Blackstonia perfoliata,Lydella thompsoni,Blackstonia perfoliata,0.5124974468035312,0,0,0,0,0,possibly forbidden,4,0,0,0.1,0.05,0.1,1.3604729634078634e-4,0.001224425667067077,0.007229003023878795,0.06506102721490915,0.001711153882547157,0.015400384942924413,0.09092379579723325,0.8183141621750993,0.11662481060999152,possibly forbidden,0.8183141621750993,0.32705667785405723
77,Pine forest 2,Lydella thompsoni||Cistus monspeliensis,Lydella thompsoni,Cistus monspeliensis,0.8249137803173979,1,1,0,0,0,locally unique,4,14,0.0748663101604278,0.1449197860962567,0.08368983957219252,0.15240641711229946,0.01595625166618868,0.08873915400318969,0.013228964069998978,0.0735716071963101,0.06736796183176628,0.37466041930999844,0.055853239544345505,0.31062240237820227,0.6158059904254876,weakly supported,0.37466041930999844,0.7713706245777453
78,Pine forest 2,Lydella thompsoni||Fumana ericoides,Lydella thompsoni,Fumana ericoides,0.5946768371398474,0,0,0,0,0,possibly forbidden,4,0,0,0.1,0.05,0.1,1.3604729634078634e-4,0.001224425667067077,0.007229003023878795,0.06506102721490915,0.001711153882547157,0.015400384942924413,0.09092379579723325,0.8183141621750993,0.11662481060999152,possibly forbidden,0.8183141621750993,0.32705667785405723
79,Pine forest 2,Lydella thompsoni||Globularia alypum,Lydella thompsoni,Globularia alypum,0.5332840828090486,0,0,0,1,0,possibly forbidden,4,2,0.0106951871657754,0.10641711229946524,0.054812834224598934,0.10748663101604279,1.3611548128255411e-4,0.0014591020559303859,0.006564142040805153,0.07036490674617667,0.0015973038507821182,0.01712244125841714,0.07702966084433713,0.8257263277222688,0.10390876553155448,possibly forbidden,0.8257263277222688,0.320280173187666
80,Pine forest 2,Macroglossum stellatarum||Asphodelus fistulosus,Macroglossum stellatarum,Asphodelus fistulosus,0.5,0,0,0,0,0,possibly forbidden,6,5,0.040106951871657755,0.12406417112299466,0.068048128342246,0.12807486631016043,2.998823845454434e-4,0.0020415792400891248,0.011485850147979927,0.07819490048551678,0.0029589219539575707,0.020144142989260202,0.11333021182367749,0.7715445109749733,0.15026058853950985,possibly forbidden,0.7715445109749733,0.38877443353329505
81,Pine forest 2,Macroglossum stellatarum||Blackstonia perfoliata,Macroglossum stellatarum,Blackstonia perfoliata,0.5124974468035312,0,0,0,0,0,possibly forbidden,6,0,0,0.1,0.05,0.1,1.3604729634078634e-4,0.001224425667067077,0.007229003023878795,0.06506102721490915,0.001711153882547157,0.015400384942924413,0.09092379579723325,0.8183141621750993,0.11662481060999152,possibly forbidden,0.8183141621750993,0.32705667785405723
82,Pine forest 2,Macroglossum stellatarum||Cistus monspeliensis,Macroglossum stellatarum,Cistus monspeliensis,0.8249137803173979,1,1,0,0,0,locally unique,6,14,0.11229946524064172,0.16737967914438504,0.10053475935828877,0.17860962566844923,0.023352459319967166,0.10739334585469927,0.01582070960361642,0.0727563172190264,0.08312281781968633,0.38226541368574296,0.05631363892517932,0.2589752975720821,0.6682683852088915,weakly supported,0.38226541368574296,0.8030407361603252
83,Pine forest 2,Macroglossum stellatarum||Fumana ericoides,Macroglossum stellatarum,Fumana ericoides,0.5946768371398474,0,0,0,0,0,possibly forbidden,6,0,0,0.1,0.05,0.1,1.3604729634078634e-4,0.001224425667067077,0.007229003023878795,0.06506102721490915,0.001711153882547157,0.015400384942924413,0.09092379579723325,0.8183141621750993,0.11662481060999152,possibly forbidden,0.8183141621750993,0.32705667785405723
84,Pine forest 2,Macroglossum stellatarum||Globularia alypum,Macroglossum stellatarum,Globularia alypum,0.5332840828090486,0,0,0,1,0,possibly forbidden,6,2,0.016042780748663103,0.10962566844919787,0.0572192513368984,0.11122994652406418,1.5199054155536589e-4,0.0015678413488515153,0.007003578277148926,0.07224462456982861,0.0017251766892949234,0.017795866241887556,0.07949448604989896,0.8200164362815342,0.10773893914863719,possibly forbidden,0.8200164362815342,0.32831876092593004
85,Pine forest 2,Meligethes sp.||Asphodelus fistulosus,Meligethes sp.,Asphodelus fistulosus,0.5,0,0,0,1,0,possibly forbidden,9,5,0.06016042780748663,0.136096256684492,0.07707219251336898,0.14211229946524065,3.340450252844256e-4,0.002603284606085126,0.011186904123049828,0.08718194581251153,0.002963335516676778,0.023093909950197486,0.09923976649933675,0.7733968084668581,0.13942124572063042,possibly forbidden,0.7733968084668581,0.39116481945470416
86,Pine forest 2,Meligethes sp.||Blackstonia perfoliata,Meligethes sp.,Blackstonia perfoliata,0.5124974468035312,0,0,0,0,0,possibly forbidden,9,0,0,0.1,0.05,0.1,1.3604729634078634e-4,0.001224425667067077,0.007229003023878795,0.06506102721490915,0.001711153882547157,0.015400384942924413,0.09092379579723325,0.8183141621750993,0.11662481060999152,possibly forbidden,0.8183141621750993,0.32705667785405723
87,Pine forest 2,Meligethes sp.||Cistus monspeliensis,Meligethes sp.,Cistus monspeliensis,0.8249137803173979,1,1,1,1,1,recurrent,9,14,0.16844919786096257,0.20106951871657755,0.12580213903743315,0.21791443850267384,0.10151741049287025,0.06897218654137653,0.05341797711504002,0.03629283552795392,0.2886334375353671,0.19610113377710958,0.1518775379124,0.10318748109788262,0.8605196833741635,model-elusive,0.2886334375353671,0.9099721304980749
88,Pine forest 2,Meligethes sp.||Fumana ericoides,Meligethes sp.,Fumana ericoides,0.5946768371398474,0,0,0,0,0,possibly forbidden,9,0,0,0.1,0.05,0.1,1.3604729634078634e-4,0.001224425667067077,0.007229003023878795,0.06506102721490915,0.001711153882547157,0.015400384942924413,0.09092379579723325,0.8183141621750993,0.11662481060999152,possibly forbidden,0.8183141621750993,0.32705667785405723
89,Pine forest 2,Meligethes sp.||Globularia alypum,Meligethes sp.,Globularia alypum,0.5332840828090486,0,0,0,2,0,possibly forbidden,9,2,0.024064171122994655,0.1144385026737968,0.0608288770053476,0.11684491978609626,1.4090788130514704e-4,0.0017749991756403297,0.006084222765511274,0.07664220264448868,0.001523836900629761,0.0191955852105296,0.06579733564838627,0.8288409097735089,0.09451688758200238,possibly forbidden,0.8288409097735089,0.31778051522294665
90,Pine forest 2,Meliscaeva auricollis||Asphodelus fistulosus,Meliscaeva auricollis,Asphodelus fistulosus,0.5,0,0,0,1,0,possibly forbidden,6,5,0.040106951871657755,0.12406417112299466,0.068048128342246,0.12807486631016043,2.3919625898418173e-4,0.002102265365650387,0.009161499735351677,0.08051925089814503,0.002360135501408765,0.02074292944180901,0.09039598220882039,0.7944787405898305,0.12500200851202448,possibly forbidden,0.7944787405898305,0.36332800739108795
91,Pine forest 2,Meliscaeva auricollis||Blackstonia perfoliata,Meliscaeva auricollis,Blackstonia perfoliata,0.5124974468035312,0,0,0,0,0,possibly forbidden,6,0,0,0.1,0.05,0.1,1.3604729634078634e-4,0.001224425667067077,0.007229003023878795,0.06506102721490915,0.001711153882547157,0.015400384942924413,0.09092379579723325,0.8183141621750993,0.11662481060999152,possibly forbidden,0.8183141621750993,0.32705667785405723
92,Pine forest 2,Meliscaeva auricollis||Cistus monspeliensis,Meliscaeva auricollis,Cistus monspeliensis,0.8249137803173979,1,1,1,1,1,recurrent,6,14,0.11229946524064172,0.16737967914438504,0.10053475935828877,0.17860962566844923,0.06989576924488441,0.06085003592978201,0.047352642931239454,0.04122438389140335,0.24879320904508187,0.21659502246034743,0.16855120301134988,0.14673773348591157,0.8120378826226851,model-elusive,0.24879320904508187,0.9095468830039187
93,Pine forest 2,Meliscaeva auricollis||Fumana ericoides,Meliscaeva auricollis,Fumana ericoides,0.5946768371398474,0,0,0,0,0,possibly forbidden,6,0,0,0.1,0.05,0.1,1.3604729634078634e-4,0.001224425667067077,0.007229003023878795,0.06506102721490915,0.001711153882547157,0.015400384942924413,0.09092379579723325,0.8183141621750993,0.11662481060999152,possibly forbidden,0.8183141621750993,0.32705667785405723
94,Pine forest 2,Meliscaeva auricollis||Globularia alypum,Meliscaeva auricollis,Globularia alypum,0.5332840828090486,0,0,0,2,0,possibly forbidden,6,2,0.016042780748663103,0.10962566844919787,0.0572192513368984,0.11122994652406418,1.2012592522769874e-4,0.0015997059651791825,0.005535287339841874,0.07371291550713567,0.001363495674547088,0.018157547256635397,0.06282857202509504,0.8366823503063381,0.08960473418652626,possibly forbidden,0.8366823503063381,0.30642911038458814
95,Pine forest 2,Monomorium sp||Asphodelus fistulosus,Monomorium sp,Asphodelus fistulosus,0.5,0,0,0,0,0,possibly forbidden,4,5,0.026737967914438502,0.1160427807486631,0.06203208556149733,0.11871657754010696,2.3550098997266705e-4,0.001748223565202501,0.009958621512297683,0.073927064199399,0.002507047133285176,0.018610872412855715,0.10601540790455147,0.7869972622824359,0.13907567351816508,possibly forbidden,0.7869972622824359,0.36890281520851326
96,Pine forest 2,Monomorium sp||Blackstonia perfoliata,Monomorium sp,Blackstonia perfoliata,0.5124974468035312,0,0,0,0,0,possibly forbidden,4,0,0,0.1,0.05,0.1,1.3604729634078634e-4,0.001224425667067077,0.007229003023878795,0.06506102721490915,0.001711153882547157,0.015400384942924413,0.09092379579723325,0.8183141621750993,0.11662481060999152,possibly forbidden,0.8183141621750993,0.32705667785405723
97,Pine forest 2,Monomorium sp||Cistus monspeliensis,Monomorium sp,Cistus monspeliensis,0.8249137803173979,1,1,0,0,0,locally unique,4,14,0.0748663101604278,0.1449197860962567,0.08368983957219252,0.15240641711229946,0.01595625166618868,0.08873915400318969,0.013228964069998978,0.0735716071963101,0.06736796183176628,0.37466041930999844,0.055853239544345505,0.31062240237820227,0.6158059904254876,weakly supported,0.37466041930999844,0.7713706245777453
98,Pine forest 2,Monomorium sp||Fumana ericoides,Monomorium sp,Fumana ericoides,0.5946768371398474,0,0,0,0,0,possibly forbidden,4,0,0,0.1,0.05,0.1,1.3604729634078634e-4,0.001224425667067077,0.007229003023878795,0.06506102721490915,0.001711153882547157,0.015400384942924413,0.09092379579723325,0.8183141621750993,0.11662481060999152,possibly forbidden,0.8183141621750993,0.32705667785405723
99,Pine forest 2,Monomorium sp||Globularia alypum,Monomorium sp,Globularia alypum,0.5332840828090486,0,0,0,1,0,possibly forbidden,4,2,0.0106951871657754,0.10641711229946524,0.054812834224598934,0.10748663101604279,1.3611548128255411e-4,0.0014591020559303859,0.006564142040805153,0.07036490674617667,0.0015973038507821182,0.01712244125841714,0.07702966084433713,0.8257263277222688,0.10390876553155448,possibly forbidden,0.8257263277222688,0.320280173187666
100,Pine forest 2,Phyto melanocephala||Asphodelus fistulosus,Phyto melanocephala,Asphodelus fistulosus,0.5,0,0,0,1,0,possibly forbidden,1,5,0.0066844919786096255,0.10401069518716578,0.05300802139037433,0.10467914438502675,1.2497682850412005e-4,0.0013799581108970291,0.006244089164346852,0.06894543245046925,0.0015045650460871786,0.01661297348933541,0.07517104101436099,0.8300169638959992,0.10103760365353154,possibly forbidden,0.8300169638959992,0.3141854859764352
101,Pine forest 2,Phyto melanocephala||Blackstonia perfoliata,Phyto melanocephala,Blackstonia perfoliata,0.5124974468035312,0,0,0,0,0,possibly forbidden,1,0,0,0.1,0.05,0.1,1.3604729634078634e-4,0.001224425667067077,0.007229003023878795,0.06506102721490915,0.001711153882547157,0.015400384942924413,0.09092379579723325,0.8183141621750993,0.11662481060999152,possibly forbidden,0.8183141621750993,0.32705667785405723
102,Pine forest 2,Phyto melanocephala||Cistus monspeliensis,Phyto melanocephala,Cistus monspeliensis,0.8249137803173979,1,1,1,1,1,recurrent,1,14,0.01871657754010695,0.11122994652406418,0.05842245989304813,0.11310160427807488,0.02698511598664855,0.04005849182938559,0.03293257829672823,0.048887298437879805,0.1542891304687905,0.22903699488655255,0.18829412747425503,0.27951626261975976,0.6715964389423604,possibly forbidden,0.27951626261975976,0.8574215728171372
103,Pine forest 2,Phyto melanocephala||Fumana ericoides,Phyto melanocephala,Fumana ericoides,0.5946768371398474,0,0,0,0,0,possibly forbidden,1,0,0,0.1,0.05,0.1,1.3604729634078634e-4,0.001224425667067077,0.007229003023878795,0.06506102721490915,0.001711153882547157,0.015400384942924413,0.09092379579723325,0.8183141621750993,0.11662481060999152,possibly forbidden,0.8183141621750993,0.32705667785405723
104,Pine forest 2,Phyto melanocephala||Globularia alypum,Phyto melanocephala,Globularia alypum,0.5332840828090486,0,0,0,1,0,possibly forbidden,1,2,0.00267379679144385,0.10160427807486631,0.05120320855614974,0.1018716577540107,1.1447317001427863e-4,0.0013028865619466776,0.005932184240369743,0.06751768234255709,0.0014145426042954335,0.01609974241307107,0.07330387848511809,0.8343146101826276,0.09816770747481529,possibly forbidden,0.8343146101826276,0.30803289105123977
105,Pine forest 2,Platypalpus sp.||Asphodelus fistulosus,Platypalpus sp.,Asphodelus fistulosus,0.5986875525807561,0,0,1,1,1,locally absent,6,5,0.040106951871657755,0.12406417112299466,0.068048128342246,0.12807486631016043,0.0010230150855580324,0.0013184465390765365,0.03918268820508805,0.05049806242840868,0.010094030032726839,0.01300903491049094,0.38661329347786455,0.4982614293207864,0.451240508250805,possibly forbidden,0.4982614293207864,0.5342247063260711
106,Pine forest 2,Platypalpus sp.||Blackstonia perfoliata,Platypalpus sp.,Blackstonia perfoliata,0.63799366992740425,0,0,0,0,0,possibly forbidden,6,0,0,0.1,0.05,0.1,1.3604729634078634e-4,0.001224425667067077,0.007229003023878795,0.06506102721490915,0.001711153882547157,0.015400384942924413,0.09092379579723325,0.8183141621750993,0.11662481060999152,possibly forbidden,0.8183141621750993,0.32705667785405723
107,Pine forest 2,Platypalpus sp.||Cistus monspeliensis,Platypalpus sp.,Cistus monspeliensis,0.8876208549431376,1,1,0,1,0,locally unique,6,14,0.11229946524064172,0.16737967914438504,0.10053475935828877,0.17860962566844923,0.01884776522475582,0.11189803994991061,0.012768891542101667,0.07580813528054114,0.06708840955976024,0.3982998219456691,0.04545072666097863,0.2698382098362828,0.6543536548831761,weakly supported,0.3982998219456691,0.7757053600536082
108,Pine forest 2,Platypalpus sp.||Fumana ericoides,Platypalpus sp.,Fumana ericoides,0.5785117064515323,0,1,0,0,0,weakly supported,6,0,0,0.1,0.05,0.1,0.003020037225404095,0.027180335028636857,0.004345013094815487,0.03910511785333938,0.03798494025741174,0.3418644623167057,0.05465000942236868,0.4918500848013181,0.46904479734534255,possibly forbidden,0.4918500848013181,0.6083078184653574
109,Pine forest 2,Platypalpus sp.||Globularia alypum,Platypalpus sp.,Globularia alypum,0.6570104619252036,0,0,0,2,0,possibly forbidden,6,2,0.016042780748663103,0.10962566844919787,0.0572192513368984,0.11122994652406418,1.2012592522769874e-4,0.0015997059651791825,0.005535287339841874,0.07371291550713567,0.001363495674547088,0.018157547256635397,0.06282857202509504,0.8366823503063381,0.08960473418652626,possibly forbidden,0.8366823503063381,0.30642911038458814
110,Pine forest 2,Podarcis lilfordi||Asphodelus fistulosus,Podarcis lilfordi,Asphodelus fistulosus,0.7143624279886196,1,0,0,0,0,phantom,9,5,0.06016042780748663,0.136096256684492,0.07707219251336898,0.14211229946524065,7.434799647168263e-4,0.004488157040063853,0.024898556940381966,0.15030483526475172,0.0033770057745122085,0.02038593231895093,0.11309325678562965,0.6827087759109929,0.16698638882425543,possibly forbidden,0.6827087759109929,0.48669876135811924
111,Pine forest 2,Podarcis lilfordi||Blackstonia perfoliata,Podarcis lilfordi,Blackstonia perfoliata,0.747124265825004,1,0,0,0,0,phantom,9,0,0,0.1,0.05,0.1,2.4827972834515373e-4,0.0022345175551063833,0.01319258048670861,0.11873322438037748,0.0015989214505427898,0.014390293054885107,0.08496021833440347,0.764641965009631,0.11662481060999152,possibly forbidden,0.764641965009631,0.39039159114954464
112,Pine forest 2,Podarcis lilfordi||Cistus monspeliensis,Podarcis lilfordi,Cistus monspeliensis,0.9297812077264264,1,1,0,0,0,locally unique,9,14,0.16844919786096257,0.20106951871657755,0.12580213903743315,0.21791443850267384,0.037152144808265015,0.13333745222598176,0.0195492813647166,0.07016153127827734,0.10563066193039267,0.37910390938208405,0.05558235039929956,0.19948266861098302,0.7303558001107396,weakly supported,0.37910390938208405,0.837568446281147
113,Pine forest 2,Podarcis lilfordi||Fumana ericoides,Podarcis lilfordi,Fumana ericoides,0.6970592831727368,0,1,0,0,0,weakly supported,9,0,0,0.1,0.05,0.1,0.003020037225404095,0.027180335028636857,0.004345013094815487,0.03910511785333938,0.03798494025741174,0.3418644623167057,0.05465000942236868,0.4918500848013181,0.46904479734534255,possibly forbidden,0.4918500848013181,0.6083078184653574
114,Pine forest 2,Podarcis lilfordi||Globularia alypum,Podarcis lilfordi,Globularia alypum,0.6418340443253755,0,1,0,1,0,weakly supported,9,2,0.024064171122994655,0.1144385026737968,0.0608288770053476,0.11684491978609626,0.003627323477103268,0.035394133981558815,0.004240786524666466,0.04138008848361689,0.039227396748379786,0.38276700300484146,0.04586164332416338,0.4475016244556699,0.5111182870607132,possibly forbidden,0.4475016244556699,0.6200679002720035
115,Pine forest 2,Pyrellia vivida||Asphodelus fistulosus,Pyrellia vivida,Asphodelus fistulosus,0.5,0,0,0,1,0,possibly forbidden,8,5,0.053475935828877004,0.1320855614973262,0.07406417112299465,0.13743315508021392,2.999952576411557e-4,0.00243071197463074,0.0104887081640327,0.08498477187001999,0.002754816008477105,0.02232090037809693,0.0963163930847346,0.7804037032623669,0.13461152486761319,possibly forbidden,0.7804037032623669,0.3820130872230355
116,Pine forest 2,Pyrellia vivida||Blackstonia perfoliata,Pyrellia vivida,Blackstonia perfoliata,0.5124974468035312,0,0,0,0,0,possibly forbidden,8,0,0,0.1,0.05,0.1,1.3604729634078634e-4,0.001224425667067077,0.007229003023878795,0.06506102721490915,0.001711153882547157,0.015400384942924413,0.09092379579723325,0.8183141621750993,0.11662481060999152,possibly forbidden,0.8183141621750993,0.32705667785405723
117,Pine forest 2,Pyrellia vivida||Cistus monspeliensis,Pyrellia vivida,Cistus monspeliensis,0.8249137803173979,1,1,1,1,1,recurrent,8,14,0.1497326203208556,0.18983957219251335,0.11737967914438503,0.20481283422459895,0.09059883470604145,0.0665886189205721,0.05158563826190396,0.037914576044401904,0.27666246970045827,0.20334225958073684,0.1575275237139569,0.11578007907192857,0.8463053448836695,model-elusive,0.27666246970045827,0.9113594604596883
118,Pine forest 2,Pyrellia vivida||Fumana ericoides,Pyrellia vivida,Fumana ericoides,0.5946768371398474,0,0,0,0,0,possibly forbidden,8,0,0,0.1,0.05,0.1,1.3604729634078634e-4,0.001224425667067077,0.007229003023878795,0.06506102721490915,0.001711153882547157,0.015400384942924413,0.09092379579723325,0.8183141621750993,0.11662481060999152,possibly forbidden,0.8183141621750993,0.32705667785405723
119,Pine forest 2,Pyrellia vivida||Globularia alypum,Pyrellia vivida,Globularia alypum,0.5332840828090486,0,0,0,2,0,possibly forbidden,8,2,0.0213903743315508,0.11283422459893049,0.059625668449197866,0.11497326203208556,1.3372712433590476e-4,0.0017155950240478654,0.005898232677302664,0.07566885687633153,0.001469400145314676,0.018851041553132577,0.06481006748756739,0.8314530791119674,0.09287806401170107,possibly forbidden,0.8314530791119674,0.3140169074267819
120,Pine forest 2,Sarcophaga sp.||Asphodelus fistulosus,Sarcophaga sp.,Asphodelus fistulosus,0.5,0,0,0,0,0,possibly forbidden,6,5,0.040106951871657755,0.12406417112299466,0.068048128342246,0.12807486631016043,2.998823845454434e-4,0.0020415792400891248,0.011485850147979927,0.07819490048551678,0.0029589219539575707,0.020144142989260202,0.11333021182367749,0.7715445109749733,0.15026058853950985,possibly forbidden,0.7715445109749733,0.38877443353329505
121,Pine forest 2,Sarcophaga sp.||Blackstonia perfoliata,Sarcophaga sp.,Blackstonia perfoliata,0.5124974468035312,0,0,0,0,0,possibly forbidden,6,0,0,0.1,0.05,0.1,1.3604729634078634e-4,0.001224425667067077,0.007229003023878795,0.06506102721490915,0.001711153882547157,0.015400384942924413,0.09092379579723325,0.8183141621750993,0.11662481060999152,possibly forbidden,0.8183141621750993,0.32705667785405723
122,Pine forest 2,Sarcophaga sp.||Cistus monspeliensis,Sarcophaga sp.,Cistus monspeliensis,0.8249137803173979,1,1,0,0,0,locally unique,6,14,0.11229946524064172,0.16737967914438504,0.10053475935828877,0.17860962566844923,0.023352459319967166,0.10739334585469927,0.01582070960361642,0.0727563172190264,0.08312281781968633,0.38226541368574296,0.05631363892517932,0.2589752975720821,0.6682683852088915,weakly supported,0.38226541368574296,0.8030407361603252
123,Pine forest 2,Sarcophaga sp.||Fumana ericoides,Sarcophaga sp.,Fumana ericoides,0.5946768371398474,0,0,0,0,0,possibly forbidden,6,0,0,0.1,0.05,0.1,1.3604729634078634e-4,0.001224425667067077,0.007229003023878795,0.06506102721490915,0.001711153882547157,0.015400384942924413,0.09092379579723325,0.8183141621750993,0.11662481060999152,possibly forbidden,0.8183141621750993,0.32705667785405723
124,Pine forest 2,Sarcophaga sp.||Globularia alypum,Sarcophaga sp.,Globularia alypum,0.5332840828090486,0,0,0,1,0,possibly forbidden,6,2,0.016042780748663103,0.10962566844919787,0.0572192513368984,0.11122994652406418,1.5199054155536589e-4,0.0015678413488515153,0.007003578277148926,0.07224462456982861,0.0017251766892949234,0.017795866241887556,0.07949448604989896,0.8200164362815342,0.10773893914863719,possibly forbidden,0.8200164362815342,0.32831876092593004
125,Pine forest 2,Spilostethus pandurus||Asphodelus fistulosus,Spilostethus pandurus,Asphodelus fistulosus,0.5,0,0,0,0,0,possibly forbidden,5,5,0.03342245989304813,0.12005347593582888,0.06504010695187167,0.1233957219251337,2.663732275538776e-4,0.001892317717303115,0.010708710981695044,0.07607477563052481,0.002728530145291227,0.019383501801380904,0.10969210757059356,0.7792536829256574,0.14467154144381777,possibly forbidden,0.7792536829256574,0.37892106651170043
126,Pine forest 2,Spilostethus pandurus||Blackstonia perfoliata,Spilostethus pandurus,Blackstonia perfoliata,0.5124974468035312,0,0,0,0,0,possibly forbidden,5,0,0,0.1,0.05,0.1,1.3604729634078634e-4,0.001224425667067077,0.007229003023878795,0.06506102721490915,0.001711153882547157,0.015400384942924413,0.09092379579723325,0.8183141621750993,0.11662481060999152,possibly forbidden,0.8183141621750993,0.32705667785405723
127,Pine forest 2,Spilostethus pandurus||Cistus monspeliensis,Spilostethus pandurus,Cistus monspeliensis,0.8249137803173979,1,1,0,0,0,locally unique,5,14,0.09358288770053476,0.15614973262032086,0.09211229946524065,0.16550802139037435,0.019473002564759298,0.09818294184913373,0.014533580555436573,0.07327836011876825,0.07530094498626512,0.3796676079194402,0.05620049328391333,0.2833630687222835,0.6433585711589482,weakly supported,0.3796676079194402,0.7882608982261478
128,Pine forest 2,Spilostethus pandurus||Fumana ericoides,Spilostethus pandurus,Fumana ericoides,0.5946768371398474,0,0,0,0,0,possibly forbidden,5,0,0,0.1,0.05,0.1,1.3604729634078634e-4,0.001224425667067077,0.007229003023878795,0.06506102721490915,0.001711153882547157,0.015400384942924413,0.09092379579723325,0.8183141621750993,0.11662481060999152,possibly forbidden,0.8183141621750993,0.32705667785405723
129,Pine forest 2,Spilostethus pandurus||Globularia alypum,Spilostethus pandurus,Globularia alypum,0.5332840828090486,0,0,0,1,0,possibly forbidden,5,2,0.013368983957219253,0.10802139037433156,0.05601604278074867,0.10935828877005349,1.4390422382098687e-4,0.0015130132562015484,0.006782044262775392,0.07130661353268994,0.0016606375745654132,0.017459992468250446,0.07826398166839689,0.8228698130132994,0.10582357345401061,possibly forbidden,0.8228698130132994,0.3243118239807983
130,Pine forest 2,Tapinoma nigerrinum||Asphodelus fistulosus,Tapinoma nigerrinum,Asphodelus fistulosus,0.5,0,0,0,0,0,possibly forbidden,4,5,0.026737967914438502,0.1160427807486631,0.06203208556149733,0.11871657754010696,2.3550098997266705e-4,0.001748223565202501,0.009958621512297683,0.073927064199399,0.002507047133285176,0.018610872412855715,0.10601540790455147,0.7869972622824359,0.13907567351816508,possibly forbidden,0.7869972622824359,0.36890281520851326
131,Pine forest 2,Tapinoma nigerrinum||Blackstonia perfoliata,Tapinoma nigerrinum,Blackstonia perfoliata,0.5124974468035312,0,0,0,0,0,possibly forbidden,4,0,0,0.1,0.05,0.1,1.3604729634078634e-4,0.001224425667067077,0.007229003023878795,0.06506102721490915,0.001711153882547157,0.015400384942924413,0.09092379579723325,0.8183141621750993,0.11662481060999152,possibly forbidden,0.8183141621750993,0.32705667785405723
132,Pine forest 2,Tapinoma nigerrinum||Cistus monspeliensis,Tapinoma nigerrinum,Cistus monspeliensis,0.8249137803173979,1,1,0,0,0,locally unique,4,14,0.0748663101604278,0.1449197860962567,0.08368983957219252,0.15240641711229946,0.01595625166618868,0.08873915400318969,0.013228964069998978,0.0735716071963101,0.06736796183176628,0.37466041930999844,0.055853239544345505,0.31062240237820227,0.6158059904254876,weakly supported,0.37466041930999844,0.7713706245777453
133,Pine forest 2,Tapinoma nigerrinum||Fumana ericoides,Tapinoma nigerrinum,Fumana ericoides,0.5946768371398474,0,0,0,0,0,possibly forbidden,4,0,0,0.1,0.05,0.1,1.3604729634078634e-4,0.001224425667067077,0.007229003023878795,0.06506102721490915,0.001711153882547157,0.015400384942924413,0.09092379579723325,0.8183141621750993,0.11662481060999152,possibly forbidden,0.8183141621750993,0.32705667785405723
134,Pine forest 2,Tapinoma nigerrinum||Globularia alypum,Tapinoma nigerrinum,Globularia alypum,0.5332840828090486,0,0,0,1,0,possibly forbidden,4,2,0.0106951871657754,0.10641711229946524,0.054812834224598934,0.10748663101604279,1.3611548128255411e-4,0.0014591020559303859,0.006564142040805153,0.07036490674617667,0.0015973038507821182,0.01712244125841714,0.07702966084433713,0.8257263277222688,0.10390876553155448,possibly forbidden,0.8257263277222688,0.320280173187666
135,Pine forest 2,Tapinoma sp||Asphodelus fistulosus,Tapinoma sp,Asphodelus fistulosus,0.7143624279886196,1,0,0,0,0,phantom,1,5,0.0066844919786096255,0.10401069518716578,0.05300802139037433,0.10467914438502675,2.867170757720678e-4,0.002452291515256115,0.014324951332898992,0.12252132704524206,0.0017673466582903638,0.01511611822550519,0.08830012931806533,0.7552311188289699,0.12224755412578803,possibly forbidden,0.7552311188289699,0.4020407570239067
136,Pine forest 2,Tapinoma sp||Blackstonia perfoliata,Tapinoma sp,Blackstonia perfoliata,0.747124265825004,1,0,0,0,0,phantom,1,0,0,0.1,0.05,0.1,2.4827972834515373e-4,0.0022345175551063833,0.01319258048670861,0.11873322438037748,0.0015989214505427898,0.014390293054885107,0.08496021833440347,0.764641965009631,0.11662481060999152,possibly forbidden,0.764641965009631,0.39039159114954464
137,Pine forest 2,Tapinoma sp||Cistus monspeliensis,Tapinoma sp,Cistus monspeliensis,0.9297812077264264,1,1,0,0,0,locally unique,1,14,0.01871657754010695,0.11122994652406418,0.05842245989304813,0.11310160427807488,0.007582739600583541,0.0594608682154506,0.009253959320518505,0.07256591741408955,0.04335479973938774,0.3399713256159553,0.05291010561758511,0.4149002844764297,0.5125337981094807,possibly forbidden,0.4149002844764297,0.7030236579278001
138,Pine forest 2,Tapinoma sp||Fumana ericoides,Tapinoma sp,Fumana ericoides,0.6970592831727368,0,1,0,0,0,weakly supported,1,0,0,0.1,0.05,0.1,0.003020037225404095,0.027180335028636857,0.004345013094815487,0.03910511785333938,0.03798494025741174,0.3418644623167057,0.05465000942236868,0.4918500848013181,0.46904479734534255,possibly forbidden,0.4918500848013181,0.6083078184653574
139,Pine forest 2,Tapinoma sp||Globularia alypum,Tapinoma sp,Globularia alypum,0.6418340443253755,0,1,0,1,0,weakly supported,1,2,0.00267379679144385,0.10160427807486631,0.05120320855614974,0.1018716577540107,0.0025161478879545396,0.02863776088910245,0.0035305095224294823,0.040182808015401326,0.03109198763147485,0.35387622151293635,0.04362643345793868,0.49653813108276235,0.46327906090183635,possibly forbidden,0.49653813108276235,0.5894343110082274
140,Pine forest 2,Vanessa atalanta||Asphodelus fistulosus,Vanessa atalanta,Asphodelus fistulosus,0.5,0,0,0,0,0,possibly forbidden,3,5,0.020053475935828877,0.11203208556149732,0.059024064171123,0.11403743315508022,2.071479128893017e-4,0.001609342577628842,0.009235594553157115,0.0717517996527224,0.002294521104800078,0.017826250130726983,0.10230016958423374,0.7947751744838416,0.133473025863436,possibly forbidden,0.7947751744838416,0.358713862972068
141,Pine forest 2,Vanessa atalanta||Blackstonia perfoliata,Vanessa atalanta,Blackstonia perfoliata,0.5124974468035312,0,0,0,0,0,possibly forbidden,3,0,0,0.1,0.05,0.1,1.3604729634078634e-4,0.001224425667067077,0.007229003023878795,0.06506102721490915,0.001711153882547157,0.015400384942924413,0.09092379579723325,0.8183141621750993,0.11662481060999152,possibly forbidden,0.8183141621750993,0.32705667785405723
142,Pine forest 2,Vanessa atalanta||Cistus monspeliensis,Vanessa atalanta,Cistus monspeliensis,0.8249137803173979,1,1,0,0,0,locally unique,3,14,0.05614973262032086,0.13368983957219252,0.07526737967914439,0.1393048128342246,0.01280274563223273,0.07910180074886211,0.011910711086867571,0.07359036274208582,0.05936377094753674,0.3667792297123239,0.05522758516758756,0.3412237939625036,0.5851858432954107,weakly supported,0.3667792297123239,0.7519479183763516
143,Pine forest 2,Vanessa atalanta||Fumana ericoides,Vanessa atalanta,Fumana ericoides,0.5946768371398474,0,0,0,0,0,possibly forbidden,3,0,0,0.1,0.05,0.1,1.3604729634078634e-4,0.001224425667067077,0.007229003023878795,0.06506102721490915,0.001711153882547157,0.015400384942924413,0.09092379579723325,0.8183141621750993,0.11662481060999152,possibly forbidden,0.8183141621750993,0.32705667785405723
144,Pine forest 2,Vanessa atalanta||Globularia alypum,Vanessa atalanta,Globularia alypum,0.5332840828090486,0,0,0,0,0,possibly forbidden,3,2,0.008021390374331552,0.10481283422459893,0.0536096256684492,0.10561497326203209,1.6209021180924087e-4,0.001372637363295976,0.008002380903893823,0.06776699778107555,0.0019346963581553607,0.01638369447602451,0.09551580578817365,0.8088616971175718,0.12337130510135264,possibly forbidden,0.8088616971175718,0.3399230488338188
145,Pine forest 2,Vanessa cardui||Asphodelus fistulosus,Vanessa cardui,Asphodelus fistulosus,0.5,0,0,0,0,0,possibly forbidden,6,5,0.040106951871657755,0.12406417112299466,0.068048128342246,0.12807486631016043,2.998823845454434e-4,0.0020415792400891248,0.011485850147979927,0.07819490048551678,0.0029589219539575707,0.020144142989260202,0.11333021182367749,0.7715445109749733,0.15026058853950985,possibly forbidden,0.7715445109749733,0.38877443353329505
146,Pine forest 2,Vanessa cardui||Blackstonia perfoliata,Vanessa cardui,Blackstonia perfoliata,0.5124974468035312,0,0,0,0,0,possibly forbidden,6,0,0,0.1,0.05,0.1,1.3604729634078634e-4,0.001224425667067077,0.007229003023878795,0.06506102721490915,0.001711153882547157,0.015400384942924413,0.09092379579723325,0.8183141621750993,0.11662481060999152,possibly forbidden,0.8183141621750993,0.32705667785405723
147,Pine forest 2,Vanessa cardui||Cistus monspeliensis,Vanessa cardui,Cistus monspeliensis,0.8249137803173979,1,1,0,0,0,locally unique,6,14,0.11229946524064172,0.16737967914438504,0.10053475935828877,0.17860962566844923,0.023352459319967166,0.10739334585469927,0.01582070960361642,0.0727563172190264,0.08312281781968633,0.38226541368574296,0.05631363892517932,0.2589752975720821,0.6682683852088915,weakly supported,0.38226541368574296,0.8030407361603252
148,Pine forest 2,Vanessa cardui||Fumana ericoides,Vanessa cardui,Fumana ericoides,0.5946768371398474,0,0,0,0,0,possibly forbidden,6,0,0,0.1,0.05,0.1,1.3604729634078634e-4,0.001224425667067077,0.007229003023878795,0.06506102721490915,0.001711153882547157,0.015400384942924413,0.09092379579723325,0.8183141621750993,0.11662481060999152,possibly forbidden,0.8183141621750993,0.32705667785405723
149,Pine forest 2,Vanessa cardui||Globularia alypum,Vanessa cardui,Globularia alypum,0.5332840828090486,0,0,0,1,0,possibly forbidden,6,2,0.016042780748663103,0.10962566844919787,0.0572192513368984,0.11122994652406418,1.5199054155536589e-4,0.0015678413488515153,0.007003578277148926,0.07224462456982861,0.0017251766892949234,0.017795866241887556,0.07949448604989896,0.8200164362815342,0.10773893914863719,possibly forbidden,0.8200164362815342,0.32831876092593004
150,Pine forest 2,Stomorhina lunata||Asphodelus fistulosus,Stomorhina lunata,Asphodelus fistulosus,0.5,0,0,0,0,0,possibly forbidden,2,5,0.013368983957219251,0.10802139037433156,0.05601604278074866,0.10935828877005348,1.811976602484537e-4,0.0014757198197740812,0.008539641988862385,0.06954901580660293,0.0020909993816876165,0.01702963066112824,0.09854644973925501,0.8025873449424412,0.1278636392509559,possibly forbidden,0.8025873449424412,0.3483478902216006
151,Pine forest 2,Stomorhina lunata||Blackstonia perfoliata,Stomorhina lunata,Blackstonia perfoliata,0.5124974468035312,0,0,0,0,0,possibly forbidden,2,0,0,0.1,0.05,0.1,1.3604729634078634e-4,0.001224425667067077,0.007229003023878795,0.06506102721490915,0.001711153882547157,0.015400384942924413,0.09092379579723325,0.8183141621750993,0.11662481060999152,possibly forbidden,0.8183141621750993,0.32705667785405723
152,Pine forest 2,Stomorhina lunata||Cistus monspeliensis,Stomorhina lunata,Cistus monspeliensis,0.8941010038623407,1,0,0,0,0,phantom,2,14,0.0374331550802139,0.12245989304812835,0.06684491978609626,0.12620320855614975,5.143677646170718e-4,0.003561342912645318,0.02008140300134967,0.13903818857714134,0.0026374862257078106,0.018261239376298994,0.1029699515644752,0.7129360205777646,0.14802579084509404,possibly forbidden,0.7129360205777646,0.45245259269382204
153,Pine forest 2,Stomorhina lunata||Fumana ericoides,Stomorhina lunata,Fumana ericoides,0.5,0,1,0,0,0,weakly supported,2,0,0,0.1,0.05,0.1,0.003020037225404095,0.027180335028636857,0.004345013094815487,0.03910511785333938,0.03798494025741174,0.3418644623167057,0.05465000942236868,0.4918500848013181,0.46904479734534255,possibly forbidden,0.4918500848013181,0.6083078184653574
154,Pine forest 2,Stomorhina lunata||Globularia alypum,Stomorhina lunata,Globularia alypum,0.5332840828090486,0,0,0,1,0,possibly forbidden,2,2,0.0053475935828877,0.10320855614973262,0.052406417112299465,0.10374331550802139,1.2140606921639315e-4,0.001354037054916729,0.00613921622939069,0.06847043410922579,0.0014742556260121502,0.01644231428399107,0.07454960138238474,0.8314487352448625,0.10008083064591167,possibly forbidden,0.8314487352448625,0.31214112690017864
0,Rocky coastal 1,Anaspis sp.||Allium sp.,Anaspis sp.,Allium sp.,0.5673656653007516,0,1,0,1,0,weakly supported,8,2,0.0213903743315508,0.11283422459893049,0.059625668449197866,0.11497326203208556,0.0034757495924499504,0.034540282537467715,0.00415088955774045,0.04124949001435985,0.0381917055465472,0.3795303042057419,0.04561017631702235,0.4532514022286706,0.5054991077569695,possibly forbidden,0.4532514022286706,0.6165547000383175
1,Rocky coastal 1,Anaspis sp.||Astragalus balearicus,Anaspis sp.,Astragalus balearicus,0.5443277588267654,0,0,0,0,0,possibly forbidden,8,0,0,0.1,0.05,0.1,1.3604729634078634e-4,0.001224425667067077,0.007229003023878795,0.06506102721490915,0.001711153882547157,0.015400384942924413,0.09092379579723325,0.8183141621750993,0.11662481060999152,possibly forbidden,0.8183141621750993,0.32705667785405723
2,Rocky coastal 1,Anaspis sp.||Daucus carota,Anaspis sp.,Daucus carota,0.8091419572120482,1,1,2,2,1,recurrent,8,22,0.23529411764705882,0.2411764705882353,0.15588235294117647,0.26470588235294124,0.1983742643480858,0.019747550397500355,0.0813423188645979,0.008097378692276376,0.44661627059570674,0.04445928175671381,0.1831326417884915,0.01823029355662743,0.9736723277510962,model-elusive,0.44661627059570674,0.7327819257839286
3,Rocky coastal 1,Anaspis sp.||Dorycnium fulgurans,Anaspis sp.,Dorycnium fulgurans,0.5443277588267654,0,0,0,0,0,possibly forbidden,8,0,0,0.1,0.05,0.1,1.3604729634078634e-4,0.001224425667067077,0.007229003023878795,0.06506102721490915,0.001711153882547157,0.015400384942924413,0.09092379579723325,0.8183141621750993,0.11662481060999152,possibly forbidden,0.8183141621750993,0.32705667785405723
4,Rocky coastal 1,Anaspis sp.||Euphorbia dendroides,Anaspis sp.,Euphorbia dendroides,0.5804070144486762,0,0,0,1,0,possibly forbidden,8,16,0.1711229946524064,0.20267379679144384,0.1270053475935829,0.2197860962566845,0.0013630987598121616,0.006246815219455929,0.02620304656418242,0.12008344141975699,0.007494150288401725,0.0343442261549186,0.1440611456451121,0.6602040759483601,0.21971248263188292,possibly forbidden,0.6602040759483601,0.5272352561760636
5,Rocky coastal 1,Anaspis sp.||Helichrysum stoechas,Anaspis sp.,Helichrysum stoechas,0.6156467081084659,0,0,1,1,1,locally absent,8,17,0.18181818181818182,0.2090909090909091,0.13181818181818183,0.2272727272727273,0.004983908522609824,0.0032078509479341257,0.09179950126850785,0.05908597957368987,0.02634620829870032,0.01695751615063746,0.4852755164275022,0.3123435188104183,0.6285705016158918,locally absent,0.4852755164275022,0.630211507536828
6,Rocky coastal 1,Anaspis sp.||Lonicera implexa,Anaspis sp.,Lonicera implexa,0.5,0,0,0,1,0,possibly forbidden,8,2,0.0213903743315508,0.11283422459893049,0.059625668449197866,0.11497326203208556,1.6908078890471716e-4,0.0016802413594790527,0.007457558361285682,0.0741095311923485,0.0018578679308353684,0.018462573767611883,0.08194401393273416,0.8143191326668007,0.1115713361408508,possibly forbidden,0.8143191326668007,0.3362600101702769
7,Rocky coastal 1,Anaspis sp.||Ruta chalepensis,Anaspis sp.,Ruta chalepensis,0.5077771517212307,0,0,0,1,0,possibly forbidden,8,2,0.0213903743315508,0.11283422459893049,0.059625668449197866,0.11497326203208556,1.6908078890471716e-4,0.0016802413594790527,0.007457558361285682,0.0741095311923485,0.0018578679308353684,0.018462573767611883,0.08194401393273416,0.8143191326668007,0.1115713361408508,possibly forbidden,0.8143191326668007,0.3362600101702769
8,Rocky coastal 1,Anaspis sp.||Salvia rosmarinus,Anaspis sp.,Salvia rosmarinus,0.5199893412858596,0,0,0,1,0,possibly forbidden,8,4,0.0427807486631016,0.12566844919786097,0.06925133689839572,0.12994652406417112,2.5060651401684504e-4,0.0021661648374019385,0.009419579255578394,0.08141991618455345,0.0024366822081127756,0.0210619238683557,0.09158788737005157,0.7916572397619294,0.12692284405351717,possibly forbidden,0.7916572397619294,0.36710681080210195
9,Rocky coastal 1,Anaspis sp.||Sedum sediforme,Anaspis sp.,Sedum sediforme,0.5321776900098669,0,0,1,2,1,locally absent,8,7,0.0748663101604278,0.1449197860962567,0.08368983957219252,0.15240641711229946,0.0014498926771489376,0.0019706220193136123,0.04439565964469628,0.0603403726611168,0.011955608120860375,0.016249467969988194,0.3660802743157525,0.49755810259112326,0.44210152474776,possibly forbidden,0.49755810259112326,0.5600089579998385
10,Rocky coastal 1,Anaspis sp.||Teucrium capitatum,Anaspis sp.,Teucrium capitatum,0.7132274762460605,1,0,2,3,1,possibly missing,8,33,0.3529411764705882,0.31176470588235294,0.20882352941176469,0.34705882352941175,0.030754031571501753,0.0026768330913286417,0.32585986789705434,0.028362866035785264,0.04857976458804012,0.004228386158604413,0.5147356252894602,0.044802625368225324,0.9268345085959894,locally absent,0.5147356252894602,0.5964956268778091
11,Rocky coastal 1,Episyrphus balteatus||Allium sp.,Episyrphus balteatus,Allium sp.,0.6166978364195208,0,1,0,1,0,weakly supported,5,2,0.013368983957219253,0.10802139037433156,0.05601604278074867,0.10935828877005349,0.0030429304526133523,0.03199346058271804,0.003883018033983027,0.040826166206173437,0.03511505438982199,0.3692007181813566,0.044809564853140325,0.4711290873001933,0.4880447464936333,possibly forbidden,0.4711290873001933,0.6055040314175416
12,Rocky coastal 1,Episyrphus balteatus||Astragalus balearicus,Episyrphus balteatus,Astragalus balearicus,0.5944089606331424,0,0,0,0,0,possibly forbidden,5,0,0,0.1,0.05,0.1,1.3604729634078634e-4,0.001224425667067077,0.007229003023878795,0.06506102721490915,0.001711153882547157,0.015400384942924413,0.09092379579723325,0.8183141621750993,0.11662481060999152,possibly forbidden,0.8183141621750993,0.32705667785405723
13,Rocky coastal 1,Episyrphus balteatus||Daucus carota,Episyrphus balteatus,Daucus carota,0.8387408229600046,1,1,1,2,1,recurrent,5,22,0.14705882352941177,0.18823529411764706,0.1161764705882353,0.20294117647058824,0.07923590966073622,0.07605457022734423,0.0456451481927228,0.043812485319155915,0.2445088112280886,0.23469172795987978,0.14085331979804377,0.13519802761402866,0.8209894870668154,model-elusive,0.2445088112280886,0.9165686495724914
14,Rocky coastal 1,Episyrphus balteatus||Dorycnium fulgurans,Episyrphus balteatus,Dorycnium fulgurans,0.5944089606331424,0,0,0,0,0,possibly forbidden,5,0,0,0.1,0.05,0.1,1.3604729634078634e-4,0.001224425667067077,0.007229003023878795,0.06506102721490915,0.001711153882547157,0.015400384942924413,0.09092379579723325,0.8183141621750993,0.11662481060999152,possibly forbidden,0.8183141621750993,0.32705667785405723
15,Rocky coastal 1,Episyrphus balteatus||Euphorbia dendroides,Episyrphus balteatus,Euphorbia dendroides,0.6292239222450218,0,0,1,1,1,locally absent,5,16,0.10695187165775402,0.16417112299465242,0.09812834224598932,0.17486631016042783,0.0024374472155773725,0.0021773016122496546,0.06264990062552928,0.055963357387796335,0.01734253038902164,0.015491584447526605,0.44575644490830924,0.3981814334139898,0.5458552091982138,locally absent,0.44575644490830924,0.5889153201246359
16,Rocky coastal 1,Episyrphus balteatus||Helichrysum stoechas,Episyrphus balteatus,Helichrysum stoechas,0.6627460191481467,0,0,0,1,0,possibly forbidden,5,17,0.11363636363636363,0.16818181818181818,0.10113636363636364,0.17954545454545456,7.085279637277697e-4,0.00417979491255022,0.017610770691317633,0.10389062042714256,0.004897370976412777,0.028890893994335285,0.12172628558250853,0.7180957354520052,0.1780136441208522,possibly forbidden,0.7180957354520052,0.4602277684515378
17,Rocky coastal 1,Episyrphus balteatus||Lonicera implexa,Episyrphus balteatus,Lonicera implexa,0.546531628005847,0,0,0,1,0,possibly forbidden,5,2,0.013368983957219253,0.10802139037433156,0.05601604278074867,0.10935828877005349,1.4390422382098687e-4,0.0015130132562015484,0.006782044262775392,0.07130661353268994,0.0016606375745654132,0.017459992468250446,0.07826398166839689,0.8228698130132994,0.10582357345401061,possibly forbidden,0.8228698130132994,0.3243118239807983
18,Rocky coastal 1,Episyrphus balteatus||Ruta chalepensis,Episyrphus balteatus,Ruta chalepensis,0.5586180937800139,0,0,0,1,0,possibly forbidden,5,2,0.013368983957219253,0.10802139037433156,0.05601604278074867,0.10935828877005349,1.4390422382098687e-4,0.0015130132562015484,0.006782044262775392,0.07130661353268994,0.0016606375745654132,0.017459992468250446,0.07826398166839689,0.8228698130132994,0.10582357345401061,possibly forbidden,0.8228698130132994,0.3243118239807983
19,Rocky coastal 1,Episyrphus balteatus||Salvia rosmarinus,Episyrphus balteatus,Salvia rosmarinus,0.5706354970812096,0,0,0,1,0,possibly forbidden,5,4,0.026737967914438505,0.11604278074866312,0.06203208556149733,0.11871657754010696,1.874363889808876e-4,0.0017962881661942806,0.007926115536538115,0.07595957017515856,0.0019953710671127057,0.019122548479028178,0.08437818132429623,0.8086344888626911,0.1154059409621504,possibly forbidden,0.8086344888626911,0.3441068225758139
20,Rocky coastal 1,Episyrphus balteatus||Sedum sediforme,Episyrphus balteatus,Sedum sediforme,0.5825702032504416,0,0,0,2,0,possibly forbidden,5,7,0.04679144385026738,0.12807486631016043,0.07105614973262032,0.13275401069518716,2.1300504150626332e-4,0.0023191042200091843,0.007787760115902012,0.08478967080540441,0.0020265709368532145,0.0220644036336861,0.07409424773454275,0.806705237512096,0.10850509168249955,possibly forbidden,0.806705237512096,0.34899992491721454
21,Rocky coastal 1,Episyrphus balteatus||Teucrium capitatum,Episyrphus balteatus,Teucrium capitatum,0.7040516272240208,1,1,1,3,1,recurrent,5,33,0.22058823529411764,0.2323529411764706,0.14926470588235294,0.25441176470588234,0.10788889196328343,0.09975611433891383,0.046562816960047215,0.04305286307128948,0.2550548033299091,0.2358285052396905,0.11007685690453695,0.10177914819232943,0.8551679887363811,model-elusive,0.2550548033299091,0.9199640504005194
22,Rocky coastal 1,Eristalis similis||Allium sp.,Eristalis similis,Allium sp.,0.6637386937827475,0,1,0,1,0,weakly supported,6,2,0.016042780748663103,0.10962566844919787,0.0572192513368984,0.11122994652406418,0.003183573987666175,0.03283979966064485,0.003971994831038118,0.04097266625803527,0.03613532510617907,0.3727498848013656,0.04508433763301483,0.46506241772205603,0.49396491601990866,possibly forbidden,0.46506241772205603,0.609276331083526
23,Rocky coastal 1,Eristalis similis||Astragalus balearicus,Eristalis similis,Astragalus balearicus,0.5836506144991815,0,1,0,0,0,weakly supported,6,0,0,0.1,0.05,0.1,0.003020037225404095,0.027180335028636857,0.004345013094815487,0.03910511785333938,0.03798494025741174,0.3418644623167057,0.05465000942236868,0.4918500848013181,0.46904479734534255,possibly forbidden,0.4918500848013181,0.6083078184653574
24,Rocky coastal 1,Eristalis similis||Daucus carota,Eristalis similis,Daucus carota,0.8645179967235747,1,1,0,2,0,locally unique,6,22,0.17647058823529413,0.20588235294117646,0.12941176470588237,0.22352941176470592,0.02595260844486797,0.15024744073929708,0.013220419667080926,0.07653697795726462,0.07162919930783561,0.4146829364404601,0.03648835828114337,0.21124205916205038,0.712220962880685,weakly supported,0.4146829364404601,0.7870054956510574
25,Rocky coastal 1,Eristalis similis||Dorycnium fulgurans,Eristalis similis,Dorycnium fulgurans,0.6425999521760064,0,0,0,0,0,possibly forbidden,6,0,0,0.1,0.05,0.1,1.3604729634078634e-4,0.001224425667067077,0.007229003023878795,0.06506102721490915,0.001711153882547157,0.015400384942924413,0.09092379579723325,0.8183141621750993,0.11662481060999152,possibly forbidden,0.8183141621750993,0.32705667785405723
26,Rocky coastal 1,Eristalis similis||Euphorbia dendroides,Eristalis similis,Euphorbia dendroides,0.6755363159588551,0,0,1,1,1,locally absent,6,16,0.12834224598930483,0.17700534759358288,0.10775401069518717,0.1898395721925134,0.003053851903474903,0.0024671607832905088,0.07071865994624175,0.057132536213591406,0.019843361315715072,0.01603115160597326,0.45951669086496516,0.3712365873667479,0.5716308764196607,locally absent,0.45951669086496516,0.6023692867308463
27,Rocky coastal 1,Eristalis similis||Helichrysum stoechas,Eristalis similis,Helichrysum stoechas,0.7068222142120768,1,0,0,1,0,phantom,6,17,0.13636363636363638,0.18181818181818182,0.11136363636363637,0.1954545454545455,0.0016096398946273075,0.008553648611619993,0.035920658927113075,0.1908828772111894,0.00518304046069993,0.02754274852941638,0.11566452174530413,0.6146428646200298,0.19447425816878083,possibly forbidden,0.6146428646200298,0.5585865483232679
28,Rocky coastal 1,Eristalis similis||Lonicera implexa,Eristalis similis,Lonicera implexa,0.5965501409530116,0,0,0,1,0,possibly forbidden,6,2,0.016042780748663103,0.10962566844919787,0.0572192513368984,0.11122994652406418,1.5199054155536589e-4,0.0015678413488515153,0.007003578277148926,0.07224462456982861,0.0017251766892949234,0.017795866241887556,0.07949448604989896,0.8200164362815342,0.10773893914863719,possibly forbidden,0.8200164362815342,0.32831876092593004
29,Rocky coastal 1,Eristalis similis||Ruta chalepensis,Eristalis similis,Ruta chalepensis,0.608259023643,0,0,0,1,0,possibly forbidden,6,2,0.016042780748663103,0.10962566844919787,0.0572192513368984,0.11122994652406418,1.5199054155536589e-4,0.0015678413488515153,0.007003578277148926,0.07224462456982861,0.0017251766892949234,0.017795866241887556,0.07949448604989896,0.8200164362815342,0.10773893914863719,possibly forbidden,0.8200164362815342,0.32831876092593004
30,Rocky coastal 1,Eristalis similis||Salvia rosmarinus,Eristalis similis,Salvia rosmarinus,0.6198446409376079,0,0,0,1,0,possibly forbidden,6,4,0.03208556149732621,0.11925133689839573,0.06443850267379679,0.12245989304812835,2.0710814134066116e-4,0.0019159674953132015,0.008409282862256392,0.0777946850311209,0.0021376792880070054,0.019775775132320126,0.08679692495559319,0.8029625770940486,0.11924273787483053,possibly forbidden,0.8029625770940486,0.35186190284515206
31,Rocky coastal 1,Eristalis similis||Sedum sediforme,Eristalis similis,Sedum sediforme,0.6312953138424333,0,0,0,2,0,possibly forbidden,6,7,0.05614973262032086,0.13368983957219252,0.07526737967914439,0.1393048128342246,2.4894575953109447e-4,0.0025634433273914884,0.008553601314558863,0.08807811089561554,0.0022544280583623334,0.0232142880207254,0.07746056345730944,0.7976266191665058,0.11429526993787864,possibly forbidden,0.7976266191665058,0.36147670200134074
32,Rocky coastal 1,Eristalis similis||Teucrium capitatum,Eristalis similis,Teucrium capitatum,0.7448081573464951,1,1,1,3,1,recurrent,6,33,0.2647058823529412,0.2588235294117647,0.16911764705882354,0.2852941176470588,0.13351239739393628,0.10552541503581367,0.04967036990757573,0.03925842469904875,0.27357903975084763,0.21623116862793101,0.10177910342879613,0.08044408115605083,0.8802974941449004,model-elusive,0.27357903975084763,0.9153457014255856
33,Rocky coastal 1,Eupeodes corollae||Allium sp.,Eupeodes corollae,Allium sp.,0.7847108444849915,1,1,0,1,0,locally unique,12,2,0.03208556149732621,0.11925133689839573,0.06443850267379679,0.12245989304812835,0.007393396224658901,0.068396668304399,0.008128231679420228,0.07519466686019012,0.0390729386488117,0.3614656570856517,0.04295642869430641,0.39739201250256184,0.527413320637248,possibly forbidden,0.39739201250256184,0.697249959228247
34,Rocky coastal 1,Eupeodes corollae||Astragalus balearicus,Eupeodes corollae,Astragalus balearicus,0.7213385633361189,1,1,0,0,0,locally unique,12,0,0,0.1,0.05,0.1,0.005511421704679546,0.04960279534211593,0.007929438510374214,0.07136494659336792,0.03549355577813629,0.3194420020032266,0.05106558400680995,0.45959025606128945,0.46904479734534266,possibly forbidden,0.45959025606128945,0.6716427317608449
35,Rocky coastal 1,Eupeodes corollae||Daucus carota,Eupeodes corollae,Daucus carota,0.9217717349699458,1,1,1,2,1,recurrent,12,22,0.35294117647058826,0.31176470588235294,0.20882352941176474,0.3470588235294118,0.20635400850161956,0.09487831102659999,0.059201407682069294,0.02721987138538107,0.3259614639953885,0.14987192828579157,0.09351588398382721,0.0429971251393227,0.9297830034752962,model-elusive,0.3259614639953885,0.875860762738931
36,Rocky coastal 1,Eupeodes corollae||Dorycnium fulgurans,Eupeodes corollae,Dorycnium fulgurans,0.7213385633361189,1,1,0,0,0,locally unique,12,0,0,0.1,0.05,0.1,0.005511421704679546,0.04960279534211593,0.007929438510374214,0.07136494659336792,0.03549355577813629,0.3194420020032266,0.05106558400680995,0.45959025606128945,0.46904479734534266,possibly forbidden,0.45959025606128945,0.6716427317608449
37,Rocky coastal 1,Eupeodes corollae||Euphorbia dendroides,Eupeodes corollae,Euphorbia dendroides,0.7498434840372508,1,1,1,1,1,recurrent,12,16,0.25668449197860965,0.2540106951871658,0.16550802139037435,0.2796791443850268,0.15686040291075581,0.07647939333000814,0.05988825215989374,0.02919932059201131,0.32963800881161354,0.16071943246739817,0.1258535859073809,0.06136160382093831,0.9094390755870504,model-elusive,0.32963800881161354,0.889995591408223
38,Rocky coastal 1,Eupeodes corollae||Helichrysum stoechas,Eupeodes corollae,Helichrysum stoechas,0.7763366747732686,1,1,1,1,1,recurrent,12,17,0.27272727272727276,0.26363636363636367,0.17272727272727273,0.29090909090909095,0.16745886046051758,0.07727125344046097,0.060732493932151806,0.028024052700448287,0.3346867431824689,0.15443592584169377,0.12138121890715585,0.056009451535102873,0.9159664957644489,model-elusive,0.3346867431824689,0.884673352144667
39,Rocky coastal 1,Eupeodes corollae||Lonicera implexa,Eupeodes corollae,Lonicera implexa,0.7319314955761166,1,0,0,1,0,phantom,12,2,0.03208556149732621,0.11925133689839573,0.06443850267379679,0.12245989304812835,3.7308607564967295e-4,0.0034514374436056794,0.015148541828429455,0.14013989772098348,0.0019717013536979934,0.018240305184027646,0.08005766598942012,0.740617364404186,0.11924273787483053,possibly forbidden,0.740617364404186,0.4189693476944412
40,Rocky coastal 1,Eupeodes corollae||Ruta chalepensis,Eupeodes corollae,Ruta chalepensis,0.7414144610695147,1,0,0,1,0,phantom,12,2,0.03208556149732621,0.11925133689839573,0.06443850267379679,0.12245989304812835,3.7308607564967295e-4,0.0034514374436056794,0.015148541828429455,0.14013989772098348,0.0019717013536979934,0.018240305184027646,0.08005766598942012,0.740617364404186,0.11924273787483053,possibly forbidden,0.740617364404186,0.4189693476944412
41,Rocky coastal 1,Eupeodes corollae||Salvia rosmarinus,Eupeodes corollae,Salvia rosmarinus,0.7506762361044277,1,0,0,1,0,phantom,12,4,0.06417112299465241,0.13850267379679146,0.07887700534759359,0.1449197860962567,6.32514932368783e-4,0.004818011393560762,0.020657267955300054,0.15735115058191995,0.0028152042989862485,0.0214440571970699,0.09194159153726522,0.7003402021035291,0.14230864731455095,possibly forbidden,0.7003402021035291,0.46613639731262624
42,Rocky coastal 1,Eupeodes corollae||Sedum sediforme,Eupeodes corollae,Sedum sediforme,0.7597137923216393,1,0,0,2,0,phantom,12,7,0.11229946524064172,0.16737967914438504,0.10053475935828877,0.17860962566844923,9.727940012044529e-4,0.007455922185321898,0.02434018730847741,0.18655392850230548,0.003462649369399057,0.02653927164572151,0.08663862454990688,0.6640366224376634,0.14940944906003117,possibly forbidden,0.6640366224376634,0.5033376568910102
43,Rocky coastal 1,Eupeodes corollae||Teucrium capitatum,Eupeodes corollae,Teucrium capitatum,0.8434921428855564,1,1,3,3,1,recurrent,12,33,0.5294117647058824,0.41764705882352937,0.2882352941176471,0.47058823529411764,0.41851512219808534,0.0031941792273161625,0.0782574401552654,5.972742117752564e-4,0.41757198952834323,0.0031869810769447468,0.07808108536054933,5.959282417205519e-4,0.9988067975465041,recurrent,0.41851512219808534,0.5642052418215278
44,Rocky coastal 1,Lasioglossum sp.||Allium sp.,Lasioglossum sp.,Allium sp.,0.8172427929090178,1,1,0,1,0,locally unique,14,2,0.0374331550802139,0.12245989304812835,0.06684491978609626,0.12620320855614975,0.007982524584914545,0.07135069060870722,0.00843822061266377,0.07542386644946786,0.04093141150623984,0.36585975370230095,0.04326805092841108,0.3867454816072947,0.5378306519432374,possibly forbidden,0.3867454816072947,0.7041007166258813
45,Rocky coastal 1,Lasioglossum sp.||Astragalus balearicus,Lasioglossum sp.,Astragalus balearicus,0.8028881917961359,1,0,0,0,0,phantom,14,0,0,0.1,0.05,0.1,2.4827972834515373e-4,0.0022345175551063833,0.01319258048670861,0.11873322438037748,0.0015989214505427898,0.014390293054885107,0.08496021833440347,0.764641965009631,0.11662481060999152,possibly forbidden,0.764641965009631,0.39039159114954464
46,Rocky coastal 1,Lasioglossum sp.||Daucus carota,Lasioglossum sp.,Daucus carota,0.935300295577114,1,1,2,2,1,recurrent,14,22,0.4117647058823529,0.34705882352941175,0.23529411764705882,0.3882352941176471,0.32375962012708487,0.01828279071909877,0.0796766810804083,0.004499363091708844,0.4358499564061119,0.02461256142681839,0.1072619184623712,0.006057108686397647,0.9894435282218935,model-elusive,0.4358499564061119,0.6673360103048468
47,Rocky coastal 1,Lasioglossum sp.||Dorycnium fulgurans,Lasioglossum sp.,Dorycnium fulgurans,0.7605241832582977,1,1,0,0,0,locally unique,14,0,0,0.1,0.05,0.1,0.005511421704679546,0.04960279534211593,0.007929438510374214,0.07136494659336792,0.03549355577813629,0.3194420020032266,0.05106558400680995,0.45959025606128945,0.46904479734534266,possibly forbidden,0.45959025606128945,0.6716427317608449
48,Rocky coastal 1,Lasioglossum sp.||Euphorbia dendroides,Lasioglossum sp.,Euphorbia dendroides,0.8250741382175151,1,0,1,1,1,possibly missing,14,16,0.2994652406417112,0.2796791443850267,0.18475935828877005,0.30962566844919787,0.01854168299466228,0.007826399836623537,0.2288038978208674,0.09657757545739346,0.03417105728492394,0.014423521167359564,0.421669980103829,0.1779858853343408,0.7254365392082658,locally absent,0.421669980103829,0.7323859015158523
49,Rocky coastal 1,Lasioglossum sp.||Helichrysum stoechas,Lasioglossum sp.,Helichrysum stoechas,0.8098273608687974,1,1,1,1,1,recurrent,14,17,0.3181818181818182,0.2909090909090909,0.19318181818181818,0.32272727272727275,0.1981379771902503,0.07871560646374043,0.06266172478226856,0.024894044737138722,0.345585655215995,0.13729313694050732,0.10929249164107345,0.04341936302902614,0.9316865922338351,model-elusive,0.345585655215995,0.8676803250843216
50,Rocky coastal 1,Lasioglossum sp.||Lonicera implexa,Lasioglossum sp.,Lonicera implexa,0.7701022741910281,1,0,0,1,0,phantom,14,2,0.0374331550802139,0.12245989304812835,0.06684491978609626,0.12620320855614975,4.1009885459503516e-4,0.0036656118226673544,0.016010646342983277,0.1431089452355077,0.002102834109322909,0.018795891492683896,0.082096628325328,0.7338093438169119,0.12308171094758036,possibly forbidden,0.7338093438169119,0.4271278503654783
51,Rocky coastal 1,Lasioglossum sp.||Ruta chalepensis,Lasioglossum sp.,Ruta chalepensis,0.7328026306801506,1,1,1,1,1,recurrent,14,2,0.0374331550802139,0.12245989304812835,0.06684491978609626,0.12620320855614975,0.034332891780660575,0.04500032341296119,0.036292843452486026,0.0475692436096456,0.17604627542634263,0.23074488978219815,0.18609617725357133,0.2439173552821345,0.7085134011082199,possibly forbidden,0.2439173552821345,0.8760872445560449
52,Rocky coastal 1,Lasioglossum sp.||Salvia rosmarinus,Lasioglossum sp.,Salvia rosmarinus,0.7422656310328029,1,1,0,1,0,locally unique,14,4,0.0748663101604278,0.1449197860962567,0.08368983957219252,0.15240641711229946,0.012799522867656244,0.09189588280172213,0.010611792272501782,0.07618877899380731,0.054040120828643824,0.3879882603131209,0.044803430764093266,0.32167221115845457,0.6021390098477382,weakly supported,0.3879882603131209,0.7446966644925822
53,Rocky coastal 1,Lasioglossum sp.||Sedum sediforme,Lasioglossum sp.,Sedum sediforme,0.7515071374991107,1,1,2,2,1,recurrent,14,7,0.13101604278074866,0.17860962566844918,0.1089572192513369,0.19171122994652406,0.1250392473949299,0.0188927746727742,0.07743086101579787,0.011699397112251667,0.41146647669696074,0.06217042721860771,0.2548016261578544,0.038499189730823544,0.9498014131569248,model-elusive,0.41146647669696074,0.767980306708544
54,Rocky coastal 1,Lasioglossum sp.||Teucrium capitatum,Lasioglossum sp.,Teucrium capitatum,0.86862878034965,1,1,3,3,1,recurrent,14,33,0.6176470588235294,0.47058823529411764,0.32794117647058824,0.5323529411764707,0.47675198012349607,0.002841231746082229,0.07398250549276379,4.4090313627285517e-4,0.3837853439994144,0.0022871915555961945,0.05955591692167487,3.549270246996485e-4,0.9992041698390275,recurrent,0.47675198012349607,0.5377089087455014
55,Rocky coastal 1,Meligethes sp.||Allium sp.,Meligethes sp.,Allium sp.,0.5673656653007516,0,1,0,1,0,weakly supported,7,2,0.01871657754010695,0.11122994652406418,0.05842245989304813,0.11310160427807488,0.0033278400122065295,0.03368878981722293,0.004061288890334978,0.041113727616610696,0.03716094638570926,0.3761921569562385,0.04535114012603812,0.45910411019563907,0.4997821621877503,possibly forbidden,0.45910411019563907,0.6129586663191351
56,Rocky coastal 1,Meligethes sp.||Astragalus balearicus,Meligethes sp.,Astragalus balearicus,0.5443277588267654,0,0,0,0,0,possibly forbidden,7,0,0,0.1,0.05,0.1,1.3604729634078634e-4,0.001224425667067077,0.007229003023878795,0.06506102721490915,0.001711153882547157,0.015400384942924413,0.09092379579723325,0.8183141621750993,0.11662481060999152,possibly forbidden,0.8183141621750993,0.32705667785405723
57,Rocky coastal 1,Meligethes sp.||Daucus carota,Meligethes sp.,Daucus carota,0.8091419572120482,1,1,0,2,0,locally unique,7,22,0.20588235294117646,0.22352941176470587,0.1426470588235294,0.24411764705882355,0.03200427599142542,0.1651576793663094,0.014565655028264905,0.07516588669473304,0.07955027758710798,0.41051824583541624,0.036204596568501266,0.18683338292824173,0.7380007303770253,weakly supported,0.41051824583541624,0.8002871305531897
58,Rocky coastal 1,Meligethes sp.||Dorycnium fulgurans,Meligethes sp.,Dorycnium fulgurans,0.5443277588267654,0,0,0,0,0,possibly forbidden,7,0,0,0.1,0.05,0.1,1.3604729634078634e-4,0.001224425667067077,0.007229003023878795,0.06506102721490915,0.001711153882547157,0.015400384942924413,0.09092379579723325,0.8183141621750993,0.11662481060999152,possibly forbidden,0.8183141621750993,0.32705667785405723
59,Rocky coastal 1,Meligethes sp.||Euphorbia dendroides,Meligethes sp.,Euphorbia dendroides,0.5804070144486762,0,0,1,1,1,locally absent,7,16,0.1497326203208556,0.18983957219251335,0.11737967914438503,0.20481283422459895,0.0037570846128780746,0.0027613939666113665,0.07900723623249493,0.05806898910480582,0.02240742222753589,0.016469078267319567,0.4712027233094516,0.3463260722789027,0.5956049386162915,locally absent,0.4712027233094516,0.6143942405165255
60,Rocky coastal 1,Meligethes sp.||Helichrysum stoechas,Meligethes sp.,Helichrysum stoechas,0.6156467081084659,0,0,1,1,1,locally absent,7,17,0.1590909090909091,0.19545454545454544,0.1215909090909091,0.21136363636363636,0.004093127024334033,0.0028911255383360077,0.08269625239354833,0.058411392023331565,0.02354597482942408,0.01663138445243847,0.4757154776214158,0.3360152661171717,0.6055733418594967,locally absent,0.4757154776214158,0.6192624564507967
61,Rocky coastal 1,Meligethes sp.||Lonicera implexa,Meligethes sp.,Lonicera implexa,0.5,0,0,0,1,0,possibly forbidden,7,2,0.01871657754010695,0.11122994652406418,0.05842245989304813,0.11310160427807488,1.6038064626559836e-4,0.0016235846263563723,0.007228748256275908,0.07317893280747725,0.001790920409430856,0.0181300606493659,0.0807211661023165,0.8171662065025116,0.10965486069001118,possibly forbidden,0.8171662065025116,0.33230136665367266
62,Rocky coastal 1,Meligethes sp.||Ruta chalepensis,Meligethes sp.,Ruta chalepensis,0.5077771517212307,0,0,0,1,0,possibly forbidden,7,2,0.01871657754010695,0.11122994652406418,0.05842245989304813,0.11310160427807488,1.6038064626559836e-4,0.0016235846263563723,0.007228748256275908,0.07317893280747725,0.001790920409430856,0.0181300606493659,0.0807211661023165,0.8171662065025116,0.10965486069001118,possibly forbidden,0.8171662065025116,0.33230136665367266
63,Rocky coastal 1,Meligethes sp.||Salvia rosmarinus,Meligethes sp.,Salvia rosmarinus,0.5199893412858596,0,0,0,1,0,possibly forbidden,7,4,0.0374331550802139,0.12245989304812835,0.06684491978609626,0.12620320855614975,2.2814748665749978e-4,0.002039264716380162,0.00890709320932092,0.0796148192267644,0.002284785477260445,0.02042223859897109,0.08920018145899036,0.7973034698256551,0.12308171094758047,possibly forbidden,0.7973034698256551,0.3595277774126947
64,Rocky coastal 1,Meligethes sp.||Sedum sediforme,Meligethes sp.,Sedum sediforme,0.5321776900098669,0,0,0,2,0,possibly forbidden,7,7,0.06550802139037433,0.1393048128342246,0.07947860962566845,0.14585561497326205,2.8889349416848703e-4,0.0028195618994608118,0.009357423285638442,0.09132720087467978,0.0024944663927335266,0.02434565866801754,0.08079717397510497,0.7885696214101965,0.12010317771512369,possibly forbidden,0.7885696214101965,0.3737467659752045
65,Rocky coastal 1,Meligethes sp.||Teucrium capitatum,Meligethes sp.,Teucrium capitatum,0.7132274762460605,1,0,1,3,1,possibly missing,7,33,0.3088235294117647,0.2852941176470588,0.1889705882352941,0.31617647058823534,0.016369789810273924,0.011170137813210272,0.19648091960854414,0.13407129689083044,0.029344113940313714,0.02002333570062889,0.3522072402219965,0.24033316601420207,0.6255955370949675,locally absent,0.3522072402219965,0.7688021780529629
66,Rocky coastal 1,Musca domestica||Allium sp.,Musca domestica,Allium sp.,0.6637386937827475,0,1,0,1,0,weakly supported,8,2,0.0213903743315508,0.11283422459893049,0.059625668449197866,0.11497326203208556,0.0034757495924499504,0.034540282537467715,0.00415088955774045,0.04124949001435985,0.0381917055465472,0.3795303042057419,0.04561017631702235,0.4532514022286706,0.5054991077569695,possibly forbidden,0.4532514022286706,0.6165547000383175
67,Rocky coastal 1,Musca domestica||Astragalus balearicus,Musca domestica,Astragalus balearicus,0.6425999521760064,0,0,0,0,0,possibly forbidden,8,0,0,0.1,0.05,0.1,1.3604729634078634e-4,0.001224425667067077,0.007229003023878795,0.06506102721490915,0.001711153882547157,0.015400384942924413,0.09092379579723325,0.8183141621750993,0.11662481060999152,possibly forbidden,0.8183141621750993,0.32705667785405723
68,Rocky coastal 1,Musca domestica||Daucus carota,Musca domestica,Daucus carota,0.8645179967235747,1,1,2,2,1,recurrent,8,22,0.23529411764705882,0.2411764705882353,0.15588235294117647,0.26470588235294124,0.1983742643480858,0.019747550397500355,0.0813423188645979,0.008097378692276376,0.44661627059570674,0.04445928175671381,0.1831326417884915,0.01823029355662743,0.9736723277510962,model-elusive,0.44661627059570674,0.7327819257839286
69,Rocky coastal 1,Musca domestica||Dorycnium fulgurans,Musca domestica,Dorycnium fulgurans,0.6425999521760064,0,0,0,0,0,possibly forbidden,8,0,0,0.1,0.05,0.1,1.3604729634078634e-4,0.001224425667067077,0.007229003023878795,0.06506102721490915,0.001711153882547157,0.015400384942924413,0.09092379579723325,0.8183141621750993,0.11662481060999152,possibly forbidden,0.8183141621750993,0.32705667785405723
70,Rocky coastal 1,Musca domestica||Euphorbia dendroides,Musca domestica,Euphorbia dendroides,0.6755363159588551,0,0,1,1,1,locally absent,8,16,0.1711229946524064,0.20267379679144384,0.1270053475935829,0.2197860962566845,0.004551344373401234,0.003058569605866857,0.08749115769300267,0.058795330290936754,0.02502273478206426,0.016815641661256066,0.4810156857218254,0.3232495358716467,0.6179551338374165,locally absent,0.4810156857218254,0.6252055260259353
71,Rocky coastal 1,Musca domestica||Helichrysum stoechas,Musca domestica,Helichrysum stoechas,0.7068222142120768,1,0,1,1,1,possibly missing,8,17,0.18181818181818182,0.2090909090909091,0.13181818181818183,0.2272727272727273,0.008452369646036911,0.00544029687911104,0.15568570621295236,0.1002057999237702,0.02287774717527323,0.014725070219460543,0.4213893114830578,0.271223698460338,0.6285705016158918,locally absent,0.4213893114830578,0.6998972821006477
72,Rocky coastal 1,Musca domestica||Lonicera implexa,Musca domestica,Lonicera implexa,0.5965501409530116,0,0,0,1,0,possibly forbidden,8,2,0.0213903743315508,0.11283422459893049,0.059625668449197866,0.11497326203208556,1.6908078890471716e-4,0.0016802413594790527,0.007457558361285682,0.0741095311923485,0.0018578679308353684,0.018462573767611883,0.08194401393273416,0.8143191326668007,0.1115713361408508,possibly forbidden,0.8143191326668007,0.3362600101702769
73,Rocky coastal 1,Musca domestica||Ruta chalepensis,Musca domestica,Ruta chalepensis,0.608259023643,0,0,0,1,0,possibly forbidden,8,2,0.0213903743315508,0.11283422459893049,0.059625668449197866,0.11497326203208556,1.6908078890471716e-4,0.0016802413594790527,0.007457558361285682,0.0741095311923485,0.0018578679308353684,0.018462573767611883,0.08194401393273416,0.8143191326668007,0.1115713361408508,possibly forbidden,0.8143191326668007,0.3362600101702769
74,Rocky coastal 1,Musca domestica||Salvia rosmarinus,Musca domestica,Salvia rosmarinus,0.6198446409376079,0,0,0,1,0,possibly forbidden,8,4,0.0427807486631016,0.12566844919786097,0.06925133689839572,0.12994652406417112,2.5060651401684504e-4,0.0021661648374019385,0.009419579255578394,0.08141991618455345,0.0024366822081127756,0.0210619238683557,0.09158788737005157,0.7916572397619294,0.12692284405351717,possibly forbidden,0.7916572397619294,0.36710681080210195
75,Rocky coastal 1,Musca domestica||Sedum sediforme,Musca domestica,Sedum sediforme,0.5717240895669966,0,1,0,2,0,weakly supported,8,7,0.0748663101604278,0.1449197860962567,0.08368983957219252,0.15240641711229946,0.005758430505356143,0.05337332644014539,0.004774183301230069,0.044250606755544035,0.047483196238099185,0.4401088336275424,0.03936723424170997,0.36488418889037283,0.5908652043540832,weakly supported,0.4401088336275424,0.6495555908853099
76,Rocky coastal 1,Musca domestica||Teucrium capitatum,Musca domestica,Teucrium capitatum,0.7448081573464951,1,1,2,3,1,recurrent,8,33,0.3529411764705882,0.31176470588235294,0.20882352941176469,0.34705882352941175,0.2771124336316592,0.024119885896560368,0.07950146583689686,0.006919813230553538,0.43773307440834924,0.038100317872830844,0.12558231546915105,0.01093069365399891,0.9821494931154475,model-elusive,0.43773307440834924,0.710395423282885
77,Rocky coastal 1,Podarcis lilfordi||Allium sp.,Podarcis lilfordi,Allium sp.,0.7847108444849915,1,1,0,1,0,locally unique,7,2,0.01871657754010695,0.11122994652406418,0.05842245989304813,0.11310160427807488,0.0060273018284203875,0.06101630598761376,0.00735570636348856,0.07446417037111949,0.034461484569495396,0.3488646407858476,0.042056722652884536,0.42575366744113025,0.4997821621877503,possibly forbidden,0.42575366744113025,0.678669982728448
78,Rocky coastal 1,Podarcis lilfordi||Astragalus balearicus,Podarcis lilfordi,Astragalus balearicus,0.7213385633361189,1,1,0,0,0,locally unique,7,0,0,0.1,0.05,0.1,0.005511421704679546,0.04960279534211593,0.007929438510374214,0.07136494659336792,0.03549355577813629,0.3194420020032266,0.05106558400680995,0.45959025606128945,0.46904479734534266,possibly forbidden,0.45959025606128945,0.6716427317608449
79,Rocky coastal 1,Podarcis lilfordi||Daucus carota,Podarcis lilfordi,Daucus carota,0.9217717349699458,1,1,1,2,1,recurrent,7,22,0.20588235294117646,0.22352941176470587,0.1426470588235294,0.24411764705882355,0.11223267842251917,0.08492927693521567,0.05107887699876681,0.03865266472423114,0.27896712068250035,0.21110140274002387,0.12696237356465406,0.09607560593208893,0.8652717293436799,model-elusive,0.27896712068250035,0.9157136702757118
80,Rocky coastal 1,Podarcis lilfordi||Dorycnium fulgurans,Podarcis lilfordi,Dorycnium fulgurans,0.7213385633361189,1,1,0,0,0,locally unique,7,0,0,0.1,0.05,0.1,0.005511421704679546,0.04960279534211593,0.007929438510374214,0.07136494659336792,0.03549355577813629,0.3194420020032266,0.05106558400680995,0.45959025606128945,0.46904479734534266,possibly forbidden,0.45959025606128945,0.6716427317608449
81,Rocky coastal 1,Podarcis lilfordi||Euphorbia dendroides,Podarcis lilfordi,Euphorbia dendroides,0.7498434840372508,1,1,1,1,1,recurrent,7,16,0.1497326203208556,0.18983957219251335,0.11737967914438503,0.20481283422459895,0.09059883470604145,0.0665886189205721,0.05158563826190396,0.037914576044401904,0.27666246970045827,0.20334225958073684,0.1575275237139569,0.11578007907192857,0.8463053448836695,model-elusive,0.27666246970045827,0.9113594604596883
82,Rocky coastal 1,Podarcis lilfordi||Helichrysum stoechas,Podarcis lilfordi,Helichrysum stoechas,0.7763366747732686,1,1,0,1,0,locally unique,7,17,0.1590909090909091,0.19545454545454544,0.1215909090909091,0.21136363636363636,0.028165337067583927,0.1356686008931317,0.015407630746446712,0.07421646335822588,0.08295892614107901,0.3996018728322041,0.04538204169317747,0.21859912726815126,0.7071844093736228,weakly supported,0.3996018728322041,0.8053414017659325
83,Rocky coastal 1,Podarcis lilfordi||Lonicera implexa,Podarcis lilfordi,Lonicera implexa,0.7319314955761166,1,0,0,1,0,phantom,7,2,0.01871657754010695,0.11122994652406418,0.05842245989304813,0.11310160427807488,2.9047747455832095e-4,0.0029405964683213493,0.013092530717350627,0.13253987989041194,0.0016608235811381336,0.016813048807400928,0.07485738364124181,0.757805259419577,0.10965486069001107,possibly forbidden,0.757805259419577,0.39801268306298543
84,Rocky coastal 1,Podarcis lilfordi||Ruta chalepensis,Podarcis lilfordi,Ruta chalepensis,0.7414144610695147,1,0,0,1,0,phantom,7,2,0.01871657754010695,0.11122994652406418,0.05842245989304813,0.11310160427807488,2.9047747455832095e-4,0.0029405964683213493,0.013092530717350627,0.13253987989041194,0.0016608235811381336,0.016813048807400928,0.07485738364124181,0.757805259419577,0.10965486069001107,possibly forbidden,0.757805259419577,0.39801268306298543
85,Rocky coastal 1,Podarcis lilfordi||Salvia rosmarinus,Podarcis lilfordi,Salvia rosmarinus,0.7506762361044277,1,0,1,1,1,possibly missing,7,4,0.0374331550802139,0.12245989304812835,0.06684491978609626,0.12620320855614975,0.0017638379242567574,0.002311872753005633,0.06886189730888985,0.09025769426960116,0.009044303608472769,0.011854421993534033,0.3530981490714412,0.4628078230707986,0.44693448265960023,possibly forbidden,0.4628078230707986,0.5991143782956421
86,Rocky coastal 1,Podarcis lilfordi||Sedum sediforme,Podarcis lilfordi,Sedum sediforme,0.7597137923216393,1,0,0,2,0,phantom,7,7,0.06550802139037433,0.1393048128342246,0.07947860962566845,0.14585561497326205,5.134344259526415e-4,0.0050110513892130245,0.016630430764410505,0.16231078200606874,0.0022699254609493714,0.022154169178265324,0.07352416649633291,0.7175860402788075,0.1201031777151238,possibly forbidden,0.7175860402788075,0.4433614857005066
87,Rocky coastal 1,Podarcis lilfordi||Teucrium capitatum,Podarcis lilfordi,Teucrium capitatum,0.8434921428855564,1,1,0,3,0,locally unique,7,33,0.3088235294117647,0.2852941176470588,0.1889705882352941,0.31617647058823534,0.04780517992624361,0.2224554505551225,0.015536118987613232,0.0722953946538794,0.08569448129459015,0.39876859528375996,0.027849694531610205,0.12959508476718096,0.7981095205789397,weakly supported,0.39876859528375996,0.8060030474535678
88,Rocky coastal 1,Pyrellia vivida||Allium sp.,Pyrellia vivida,Allium sp.,0.6166978364195208,0,1,0,1,0,weakly supported,7,2,0.01871657754010695,0.11122994652406418,0.05842245989304813,0.11310160427807488,0.0033278400122065295,0.03368878981722293,0.004061288890334978,0.041113727616610696,0.03716094638570926,0.3761921569562385,0.04535114012603812,0.45910411019563907,0.4997821621877503,possibly forbidden,0.45910411019563907,0.6129586663191351
89,Rocky coastal 1,Pyrellia vivida||Astragalus balearicus,Pyrellia vivida,Astragalus balearicus,0.5944089606331424,0,0,0,0,0,possibly forbidden,7,0,0,0.1,0.05,0.1,1.3604729634078634e-4,0.001224425667067077,0.007229003023878795,0.06506102721490915,0.001711153882547157,0.015400384942924413,0.09092379579723325,0.8183141621750993,0.11662481060999152,possibly forbidden,0.8183141621750993,0.32705667785405723
90,Rocky coastal 1,Pyrellia vivida||Daucus carota,Pyrellia vivida,Daucus carota,0.8387408229600046,1,1,2,2,1,recurrent,7,22,0.20588235294117646,0.22352941176470587,0.1426470588235294,0.24411764705882355,0.1774691208500233,0.0196928345077115,0.08076901952612378,0.008962522196874148,0.44111973757949674,0.04894878584302749,0.2007606085344074,0.022277370962335605,0.9687601068407903,model-elusive,0.44111973757949674,0.7432129826652721
91,Rocky coastal 1,Pyrellia vivida||Dorycnium fulgurans,Pyrellia vivida,Dorycnium fulgurans,0.5944089606331424,0,0,0,0,0,possibly forbidden,7,0,0,0.1,0.05,0.1,1.3604729634078634e-4,0.001224425667067077,0.007229003023878795,0.06506102721490915,0.001711153882547157,0.015400384942924413,0.09092379579723325,0.8183141621750993,0.11662481060999152,possibly forbidden,0.8183141621750993,0.32705667785405723
92,Rocky coastal 1,Pyrellia vivida||Euphorbia dendroides,Pyrellia vivida,Euphorbia dendroides,0.5695462245868369,0,1,1,1,1,model-elusive,7,16,0.1497326203208556,0.18983957219251335,0.11737967914438503,0.20481283422459895,0.052736778266345485,0.038760644576394526,0.030027542579027528,0.02206973849502266,0.3145245261401542,0.2311702339249144,0.1790856193968333,0.13162491662130782,0.8463053448836695,model-elusive,0.3145245261401542,0.840556220007268
93,Rocky coastal 1,Pyrellia vivida||Helichrysum stoechas,Pyrellia vivida,Helichrysum stoechas,0.6627460191481467,0,0,1,1,1,locally absent,7,17,0.1590909090909091,0.19545454545454544,0.1215909090909091,0.21136363636363636,0.004093127024334033,0.0028911255383360077,0.08269625239354833,0.058411392023331565,0.02354597482942408,0.01663138445243847,0.4757154776214158,0.3360152661171717,0.6055733418594967,locally absent,0.4757154776214158,0.6192624564507967
94,Rocky coastal 1,Pyrellia vivida||Lonicera implexa,Pyrellia vivida,Lonicera implexa,0.546531628005847,0,0,0,1,0,possibly forbidden,7,2,0.01871657754010695,0.11122994652406418,0.05842245989304813,0.11310160427807488,1.6038064626559836e-4,0.0016235846263563723,0.007228748256275908,0.07317893280747725,0.001790920409430856,0.0181300606493659,0.0807211661023165,0.8171662065025116,0.10965486069001118,possibly forbidden,0.8171662065025116,0.33230136665367266
95,Rocky coastal 1,Pyrellia vivida||Ruta chalepensis,Pyrellia vivida,Ruta chalepensis,0.5586180937800139,0,0,0,1,0,possibly forbidden,7,2,0.01871657754010695,0.11122994652406418,0.05842245989304813,0.11310160427807488,1.6038064626559836e-4,0.0016235846263563723,0.007228748256275908,0.07317893280747725,0.001790920409430856,0.0181300606493659,0.0807211661023165,0.8171662065025116,0.10965486069001118,possibly forbidden,0.8171662065025116,0.33230136665367266
96,Rocky coastal 1,Pyrellia vivida||Salvia rosmarinus,Pyrellia vivida,Salvia rosmarinus,0.5706354970812096,0,0,0,1,0,possibly forbidden,7,4,0.0374331550802139,0.12245989304812835,0.06684491978609626,0.12620320855614975,2.2814748665749978e-4,0.002039264716380162,0.00890709320932092,0.0796148192267644,0.002284785477260445,0.02042223859897109,0.08920018145899036,0.7973034698256551,0.12308171094758047,possibly forbidden,0.7973034698256551,0.3595277774126947
97,Rocky coastal 1,Pyrellia vivida||Sedum sediforme,Pyrellia vivida,Sedum sediforme,0.5825702032504416,0,0,0,2,0,possibly forbidden,7,7,0.06550802139037433,0.1393048128342246,0.07947860962566845,0.14585561497326205,2.8889349416848703e-4,0.0028195618994608118,0.009357423285638442,0.09132720087467978,0.0024944663927335266,0.02434565866801754,0.08079717397510497,0.7885696214101965,0.12010317771512369,possibly forbidden,0.7885696214101965,0.3737467659752045
98,Rocky coastal 1,Pyrellia vivida||Teucrium capitatum,Pyrellia vivida,Teucrium capitatum,0.7531633837576246,1,0,1,3,1,possibly missing,7,33,0.3088235294117647,0.2852941176470588,0.1889705882352941,0.31617647058823534,0.016369789810273924,0.011170137813210272,0.19648091960854414,0.13407129689083044,0.029344113940313714,0.02002333570062889,0.3522072402219965,0.24033316601420207,0.6255955370949675,locally absent,0.3522072402219965,0.7688021780529629
99,Rocky coastal 1,Sarcophaga sp.||Allium sp.,Sarcophaga sp.,Allium sp.,0.5673656653007516,0,1,0,1,0,weakly supported,6,2,0.016042780748663103,0.10962566844919787,0.0572192513368984,0.11122994652406418,0.003183573987666175,0.03283979966064485,0.003971994831038118,0.04097266625803527,0.03613532510617907,0.3727498848013656,0.04508433763301483,0.46506241772205603,0.49396491601990866,possibly forbidden,0.46506241772205603,0.609276331083526
100,Rocky coastal 1,Sarcophaga sp.||Astragalus balearicus,Sarcophaga sp.,Astragalus balearicus,0.5443277588267654,0,0,0,0,0,possibly forbidden,6,0,0,0.1,0.05,0.1,1.3604729634078634e-4,0.001224425667067077,0.007229003023878795,0.06506102721490915,0.001711153882547157,0.015400384942924413,0.09092379579723325,0.8183141621750993,0.11662481060999152,possibly forbidden,0.8183141621750993,0.32705667785405723
101,Rocky coastal 1,Sarcophaga sp.||Daucus carota,Sarcophaga sp.,Daucus carota,0.8091419572120482,1,1,2,2,1,recurrent,6,22,0.17647058823529413,0.20588235294117646,0.12941176470588237,0.22352941176470592,0.15669384865177896,0.01950620053238605,0.07982081812035445,0.009936579503991084,0.4324750222789101,0.053837113469385516,0.22030545801217835,0.027424959431015403,0.9626384610649935,model-elusive,0.4324750222789101,0.7533455286940496
102,Rocky coastal 1,Sarcophaga sp.||Dorycnium fulgurans,Sarcophaga sp.,Dorycnium fulgurans,0.5443277588267654,0,0,0,0,0,possibly forbidden,6,0,0,0.1,0.05,0.1,1.3604729634078634e-4,0.001224425667067077,0.007229003023878795,0.06506102721490915,0.001711153882547157,0.015400384942924413,0.09092379579723325,0.8183141621750993,0.11662481060999152,possibly forbidden,0.8183141621750993,0.32705667785405723
103,Rocky coastal 1,Sarcophaga sp.||Euphorbia dendroides,Sarcophaga sp.,Euphorbia dendroides,0.5804070144486762,0,0,1,1,1,locally absent,6,16,0.12834224598930483,0.17700534759358288,0.10775401069518717,0.1898395721925134,0.003053851903474903,0.0024671607832905088,0.07071865994624175,0.057132536213591406,0.019843361315715072,0.01603115160597326,0.45951669086496516,0.3712365873667479,0.5716308764196607,locally absent,0.45951669086496516,0.6023692867308463
104,Rocky coastal 1,Sarcophaga sp.||Helichrysum stoechas,Sarcophaga sp.,Helichrysum stoechas,0.6156467081084659,0,0,0,1,0,possibly forbidden,6,17,0.13636363636363638,0.18181818181818182,0.11136363636363637,0.1954545454545455,9.319314334961104e-4,0.004952296497406781,0.020796944259274967,0.11051524877275357,0.005860748921831128,0.031144100643629588,0.13078823641314222,0.6950104930584656,0.19447425816878083,possibly forbidden,0.6950104930584656,0.4875496844889164
105,Rocky coastal 1,Sarcophaga sp.||Lonicera implexa,Sarcophaga sp.,Lonicera implexa,0.5,0,0,0,1,0,possibly forbidden,6,2,0.016042780748663103,0.10962566844919787,0.0572192513368984,0.11122994652406418,1.5199054155536589e-4,0.0015678413488515153,0.007003578277148926,0.07224462456982861,0.0017251766892949234,0.017795866241887556,0.07949448604989896,0.8200164362815342,0.10773893914863719,possibly forbidden,0.8200164362815342,0.32831876092593004
106,Rocky coastal 1,Sarcophaga sp.||Ruta chalepensis,Sarcophaga sp.,Ruta chalepensis,0.5077771517212307,0,0,0,1,0,possibly forbidden,6,2,0.016042780748663103,0.10962566844919787,0.0572192513368984,0.11122994652406418,1.5199054155536589e-4,0.0015678413488515153,0.007003578277148926,0.07224462456982861,0.0017251766892949234,0.017795866241887556,0.07949448604989896,0.8200164362815342,0.10773893914863719,possibly forbidden,0.8200164362815342,0.32831876092593004
107,Rocky coastal 1,Sarcophaga sp.||Salvia rosmarinus,Sarcophaga sp.,Salvia rosmarinus,0.5199893412858596,0,0,0,1,0,possibly forbidden,6,4,0.03208556149732621,0.11925133689839573,0.06443850267379679,0.12245989304812835,2.0710814134066116e-4,0.0019159674953132015,0.008409282862256392,0.0777946850311209,0.0021376792880070054,0.019775775132320126,0.08679692495559319,0.8029625770940486,0.11924273787483053,possibly forbidden,0.8029625770940486,0.35186190284515206
108,Rocky coastal 1,Sarcophaga sp.||Sedum sediforme,Sarcophaga sp.,Sedum sediforme,0.5321776900098669,0,0,0,2,0,possibly forbidden,6,7,0.05614973262032086,0.13368983957219252,0.07526737967914439,0.1393048128342246,2.4894575953109447e-4,0.0025634433273914884,0.008553601314558863,0.08807811089561554,0.0022544280583623334,0.0232142880207254,0.07746056345730944,0.7976266191665058,0.11429526993787864,possibly forbidden,0.7976266191665058,0.36147670200134074
109,Rocky coastal 1,Sarcophaga sp.||Teucrium capitatum,Sarcophaga sp.,Teucrium capitatum,0.7132274762460605,1,0,2,3,1,possibly missing,6,33,0.2647058823529412,0.2588235294117647,0.16911764705882354,0.2852941176470588,0.01993921619942773,0.0023109518201216792,0.2739640513240081,0.031752387692816963,0.04085726664864554,0.0047353503659584234,0.5613772469857402,0.06506352896328133,0.9031840833439018,locally absent,0.5613772469857402,0.583925656540327
110,Rocky coastal 1,Sphaerophoria sp.||Allium sp.,Sphaerophoria sp.,Allium sp.,0.5166605055218174,0,1,0,1,0,weakly supported,4,2,0.0106951871657754,0.10641711229946524,0.054812834224598934,0.10748663101604279,0.0029058880079835224,0.03114992598050379,0.003794369514104185,0.04067408282160327,0.03410035406228674,0.36554179033427725,0.04452661063283252,0.47730697864640864,0.4820189385319881,possibly forbidden,0.47730697864640864,0.6016378958807326
111,Rocky coastal 1,Sphaerophoria sp.||Astragalus balearicus,Sphaerophoria sp.,Astragalus balearicus,0.5,0,0,0,0,0,possibly forbidden,4,0,0,0.1,0.05,0.1,1.3604729634078634e-4,0.001224425667067077,0.007229003023878795,0.06506102721490915,0.001711153882547157,0.015400384942924413,0.09092379579723325,0.8183141621750993,0.11662481060999152,possibly forbidden,0.8183141621750993,0.32705667785405723
112,Rocky coastal 1,Sphaerophoria sp.||Daucus carota,Sphaerophoria sp.,Daucus carota,0.8159114437290708,1,0,1,2,1,possibly missing,4,22,0.11764705882352941,0.17058823529411765,0.10294117647058823,0.1823529411764706,0.00419882298532969,0.004601121912834932,0.10232794462915276,0.1121322213328756,0.014608043002294143,0.016007673339964106,0.35600715264772365,0.39011702014982513,0.4977507585172992,possibly forbidden,0.39011702014982513,0.6680581032385416
113,Rocky coastal 1,Sphaerophoria sp.||Dorycnium fulgurans,Sphaerophoria sp.,Dorycnium fulgurans,0.5,0,0,0,0,0,possibly forbidden,4,0,0,0.1,0.05,0.1,1.3604729634078634e-4,0.001224425667067077,0.007229003023878795,0.06506102721490915,0.001711153882547157,0.015400384942924413,0.09092379579723325,0.8183141621750993,0.11662481060999152,possibly forbidden,0.8183141621750993,0.32705667785405723
114,Rocky coastal 1,Sphaerophoria sp.||Euphorbia dendroides,Sphaerophoria sp.,Euphorbia dendroides,0.5299640567466664,0,0,0,1,0,possibly forbidden,4,16,0.0855614973262032,0.15133689839572192,0.08850267379679144,0.15989304812834226,4.878578803647687e-4,0.003309147977875847,0.014051646704752178,0.09531254931065056,0.00382331832037508,0.02593363066962267,0.11012206718388566,0.7469597819524733,0.15772766873687616,possibly forbidden,0.7469597819524733,0.4248531210918736
115,Rocky coastal 1,Sphaerophoria sp.||Helichrysum stoechas,Sphaerophoria sp.,Helichrysum stoechas,0.5662743988295947,0,0,0,1,0,possibly forbidden,4,17,0.09090909090909091,0.15454545454545454,0.09090909090909091,0.16363636363636364,5.255487669797903e-4,0.003467737466953902,0.014697650348457285,0.0969797590477333,0.004017942253946697,0.026511657470226668,0.11236694685475652,0.7414327577909459,0.16158748316132088,possibly forbidden,0.7414327577909459,0.4317362562269655
116,Rocky coastal 1,Sphaerophoria sp.||Lonicera implexa,Sphaerophoria sp.,Lonicera implexa,0.5,0,0,0,1,0,possibly forbidden,4,2,0.0106951871657754,0.10641711229946524,0.054812834224598934,0.10748663101604279,1.3611548128255411e-4,0.0014591020559303859,0.006564142040805153,0.07036490674617667,0.0015973038507821182,0.01712244125841714,0.07702966084433713,0.8257263277222688,0.10390876553155448,possibly forbidden,0.8257263277222688,0.320280173187666
117,Rocky coastal 1,Sphaerophoria sp.||Ruta chalepensis,Sphaerophoria sp.,Ruta chalepensis,0.5,0,0,1,1,1,locally absent,4,2,0.0106951871657754,0.10641711229946524,0.054812834224598934,0.10748663101604279,6.202481688364225e-4,9.749693683765175e-4,0.02991134470839507,0.04701770407858676,0.007278560669130559,0.011441184440068702,0.3510071421311164,0.5517488464354897,0.40123344948592354,possibly forbidden,0.5517488464354897,0.5013984283127702
118,Rocky coastal 1,Sphaerophoria sp.||Salvia rosmarinus,Sphaerophoria sp.,Salvia rosmarinus,0.5,0,0,0,1,0,possibly forbidden,4,4,0.0213903743315508,0.11283422459893049,0.059625668449197866,0.11497326203208556,1.6908078890471716e-4,0.0016802413594790527,0.007457558361285682,0.0741095311923485,0.0018578679308353684,0.018462573767611883,0.08194401393273416,0.8143191326668007,0.1115713361408508,possibly forbidden,0.8143191326668007,0.3362600101702769
119,Rocky coastal 1,Sphaerophoria sp.||Sedum sediforme,Sphaerophoria sp.,Sedum sediforme,0.5,0,0,0,2,0,possibly forbidden,4,7,0.0374331550802139,0.12245989304812835,0.06684491978609626,0.12620320855614975,1.8082587455063812e-4,0.0020865863284870237,0.007059612809574469,0.08146229962651085,0.0018108826800553137,0.02089614139617622,0.0706985689770575,0.815805082307588,0.10273261806590117,possibly forbidden,0.815805082307588,0.33630736799518834
120,Rocky coastal 1,Sphaerophoria sp.||Teucrium capitatum,Sphaerophoria sp.,Teucrium capitatum,0.6696642005003676,0,0,0,3,0,possibly forbidden,4,33,0.1764705882352941,0.20588235294117646,0.12941176470588234,0.2235294117647059,9.320197358466144e-4,0.006965768619708743,0.01753472799455001,0.13105179356380747,0.005023975062349763,0.037548397839157595,0.09451949651010762,0.7064238206744723,0.16252438576172024,possibly forbidden,0.7064238206744723,0.4792790397181341
121,Rocky coastal 1,Vanessa atalanta||Allium sp.,Vanessa atalanta,Allium sp.,0.6166978364195208,0,1,0,0,0,weakly supported,3,2,0.008021390374331552,0.10481283422459893,0.0536096256684492,0.10561497326203209,0.00349393123166526,0.029587848025114667,0.004670539884037805,0.03955178711925686,0.04170329567773862,0.3531582887140143,0.05574720646859041,0.4720871028795821,0.488361110001161,possibly forbidden,0.4720871028795821,0.6213734669622721
122,Rocky coastal 1,Vanessa atalanta||Astragalus balearicus,Vanessa atalanta,Astragalus balearicus,0.5944089606331424,0,0,0,0,0,possibly forbidden,3,0,0,0.1,0.05,0.1,1.3604729634078634e-4,0.001224425667067077,0.007229003023878795,0.06506102721490915,0.001711153882547157,0.015400384942924413,0.09092379579723325,0.8183141621750993,0.11662481060999152,possibly forbidden,0.8183141621750993,0.32705667785405723
123,Rocky coastal 1,Vanessa atalanta||Daucus carota,Vanessa atalanta,Daucus carota,0.8387408229600046,1,1,1,1,1,recurrent,3,22,0.08823529411764706,0.15294117647058825,0.08970588235294119,0.16176470588235295,0.057516879003348016,0.056421247440620013,0.044195832478939504,0.04335395180244893,0.2279438158655762,0.22360174370313413,0.17515148379345874,0.17181504591247454,0.7848310022850765,model-elusive,0.2279438158655762,0.9041395854377864
124,Rocky coastal 1,Vanessa atalanta||Dorycnium fulgurans,Vanessa atalanta,Dorycnium fulgurans,0.5944089606331424,0,0,0,0,0,possibly forbidden,3,0,0,0.1,0.05,0.1,1.3604729634078634e-4,0.001224425667067077,0.007229003023878795,0.06506102721490915,0.001711153882547157,0.015400384942924413,0.09092379579723325,0.8183141621750993,0.11662481060999152,possibly forbidden,0.8183141621750993,0.32705667785405723
125,Rocky coastal 1,Vanessa atalanta||Euphorbia dendroides,Vanessa atalanta,Euphorbia dendroides,0.6292239222450218,0,0,0,0,0,possibly forbidden,3,16,0.06417112299465241,0.13850267379679146,0.07887700534759359,0.1449197860962567,4.4420608369764977e-4,0.0026209798075001547,0.014507300347759619,0.08559842529914254,0.0038613300124296893,0.022783271918358203,0.12610694965236974,0.7440775368787425,0.17032403782211503,possibly forbidden,0.7440775368787425,0.42296044564594903
126,Rocky coastal 1,Vanessa atalanta||Helichrysum stoechas,Vanessa atalanta,Helichrysum stoechas,0.6627460191481467,0,0,0,0,0,possibly forbidden,3,17,0.06818181818181819,0.14090909090909093,0.08068181818181819,0.14772727272727273,4.721325454913608e-4,0.002723841608604005,0.01504488947197262,0.08679743926138049,0.004022728210182351,0.02320804736643664,0.12818752249962642,0.7395433990363062,0.17365916170231332,possibly forbidden,0.7395433990363062,0.42847236423003693
127,Rocky coastal 1,Vanessa atalanta||Lonicera implexa,Vanessa atalanta,Lonicera implexa,0.546531628005847,0,0,0,0,0,possibly forbidden,3,2,0.008021390374331552,0.10481283422459893,0.0536096256684492,0.10561497326203209,1.6209021180924087e-4,0.001372637363295976,0.008002380903893823,0.06776699778107555,0.0019346963581553607,0.01638369447602451,0.09551580578817365,0.8088616971175718,0.12337130510135264,possibly forbidden,0.8088616971175718,0.3399230488338188
128,Rocky coastal 1,Vanessa atalanta||Ruta chalepensis,Vanessa atalanta,Ruta chalepensis,0.5586180937800139,0,0,0,0,0,possibly forbidden,3,2,0.008021390374331552,0.10481283422459893,0.0536096256684492,0.10561497326203209,1.6209021180924087e-4,0.001372637363295976,0.008002380903893823,0.06776699778107555,0.0019346963581553607,0.01638369447602451,0.09551580578817365,0.8088616971175718,0.12337130510135264,possibly forbidden,0.8088616971175718,0.3399230488338188
129,Rocky coastal 1,Vanessa atalanta||Salvia rosmarinus,Vanessa atalanta,Salvia rosmarinus,0.5706354970812096,0,0,0,1,0,possibly forbidden,3,4,0.016042780748663103,0.10962566844919787,0.0572192513368984,0.11122994652406418,1.5199054155536589e-4,0.0015678413488515153,0.007003578277148926,0.07224462456982861,0.0017251766892949234,0.017795866241887556,0.07949448604989896,0.8200164362815342,0.10773893914863719,possibly forbidden,0.8200164362815342,0.32831876092593004
130,Rocky coastal 1,Vanessa atalanta||Sedum sediforme,Vanessa atalanta,Sedum sediforme,0.5825702032504416,0,0,0,1,0,possibly forbidden,3,7,0.02807486631016043,0.11684491978609626,0.0626336898395722,0.1196524064171123,1.9222893940532208e-4,0.0018258680148672262,0.008045536379086964,0.0764197502336053,0.0020304979183670456,0.019286488365748262,0.08498431568327178,0.8072153144656481,0.11636493530074665,possibly forbidden,0.8072153144656481,0.34605409092885814
131,Rocky coastal 1,Vanessa atalanta||Teucrium capitatum,Vanessa atalanta,Teucrium capitatum,0.7040516272240208,1,1,1,2,1,recurrent,3,33,0.1323529411764706,0.17941176470588235,0.10955882352941176,0.19264705882352942,0.07157244554727527,0.07330438826284934,0.044048276890504307,0.04511417720606231,0.2342413611320989,0.23990964053762692,0.14416062292492263,0.14764908749866035,0.8072367352952774,weakly supported,0.23990964053762692,0.9145363835562487
132,Rocky coastal 1,Anthophora balearica||Allium sp.,Anthophora balearica,Allium sp.,0.6735849586345595,0,0,0,0,0,possibly forbidden,7,2,0.01871657754010695,0.11122994652406418,0.05842245989304813,0.11310160427807488,2.0176933430991813e-4,0.0015821959383120528,0.009094237724590264,0.0713134433391629,0.0022530949165430574,0.01766788614225371,0.10155250230263164,0.7963348703021965,0.13235168635864059,possibly forbidden,0.7963348703021965,0.3566550418530246
133,Rocky coastal 1,Anthophora balearica||Astragalus balearicus,Anthophora balearica,Astragalus balearicus,0.5332840391903567,0,1,0,0,0,weakly supported,7,0,0,0.1,0.05,0.1,0.003020037225404095,0.027180335028636857,0.004345013094815487,0.03910511785333938,0.03798494025741174,0.3418644623167057,0.05465000942236868,0.4918500848013181,0.46904479734534255,possibly forbidden,0.4918500848013181,0.6083078184653574
134,Rocky coastal 1,Anthophora balearica||Daucus carota,Anthophora balearica,Daucus carota,0.8696398042792067,1,0,0,1,0,phantom,7,22,0.20588235294117646,0.22352941176470587,0.1426470588235294,0.24411764705882355,0.0032236688405003137,0.012886154065698626,0.05418538105820781,0.21659829311632603,0.008012796514422535,0.03203000540400319,0.1346839436548576,0.5383797573459839,0.24502194953769008,possibly forbidden,0.5383797573459839,0.6329310525981318
135,Rocky coastal 1,Anthophora balearica||Dorycnium fulgurans,Anthophora balearica,Dorycnium fulgurans,0.5944089606331424,0,0,0,0,0,possibly forbidden,7,0,0,0.1,0.05,0.1,1.3604729634078634e-4,0.001224425667067077,0.007229003023878795,0.06506102721490915,0.001711153882547157,0.015400384942924413,0.09092379579723325,0.8183141621750993,0.11662481060999152,possibly forbidden,0.8183141621750993,0.32705667785405723
136,Rocky coastal 1,Anthophora balearica||Euphorbia dendroides,Anthophora balearica,Euphorbia dendroides,0.5695462245868369,0,1,0,0,0,weakly supported,7,16,0.1497326203208556,0.18983957219251335,0.11737967914438503,0.20481283422459895,0.01873984649666814,0.07275757634607186,0.010670191792171777,0.04142708928187842,0.1117652904304392,0.43392946963462947,0.06363750550531982,0.24707303051282134,0.7114998802053003,weakly supported,0.43392946963462947,0.7566717774103181
137,Rocky coastal 1,Anthophora balearica||Helichrysum stoechas,Anthophora balearica,Helichrysum stoechas,0.6627460191481467,0,0,0,0,0,possibly forbidden,7,17,0.1590909090909091,0.19545454545454544,0.1215909090909091,0.21136363636363636,0.0014762170189279859,0.0055080355437420545,0.02982502484265871,0.11128261957422118,0.008492032757302766,0.03168532652455978,0.17157036174474688,0.6401603819938406,0.24855699843193824,possibly forbidden,0.6401603819938406,0.5411136327676649
138,Rocky coastal 1,Anthophora balearica||Lonicera implexa,Anthophora balearica,Lonicera implexa,0.546531628005847,0,0,0,0,0,possibly forbidden,7,2,0.01871657754010695,0.11122994652406418,0.05842245989304813,0.11310160427807488,2.0176933430991813e-4,0.0015821959383120528,0.009094237724590264,0.0713134433391629,0.0022530949165430574,0.01766788614225371,0.10155250230263164,0.7963348703021965,0.13235168635864059,possibly forbidden,0.7963348703021965,0.3566550418530246
139,Rocky coastal 1,Anthophora balearica||Ruta chalepensis,Anthophora balearica,Ruta chalepensis,0.5586180937800139,0,0,0,0,0,possibly forbidden,7,2,0.01871657754010695,0.11122994652406418,0.05842245989304813,0.11310160427807488,2.0176933430991813e-4,0.0015821959383120528,0.009094237724590264,0.0713134433391629,0.0022530949165430574,0.01766788614225371,0.10155250230263164,0.7963348703021965,0.13235168635864059,possibly forbidden,0.7963348703021965,0.3566550418530246
140,Rocky coastal 1,Anthophora balearica||Salvia rosmarinus,Anthophora balearica,Salvia rosmarinus,0.5088879536963726,0,1,1,1,1,model-elusive,7,4,0.0374331550802139,0.12245989304812835,0.06684491978609626,0.12620320855614975,0.019100182508864954,0.025034721678459503,0.020190548997058883,0.02646387145473965,0.19127898469813825,0.25071049151669983,0.20219847170899846,0.2650227274370404,0.7085134011082199,possibly forbidden,0.2650227274370404,0.8084871716032613
141,Rocky coastal 1,Anthophora balearica||Sedum sediforme,Anthophora balearica,Sedum sediforme,0.5825702032504416,0,0,0,1,0,possibly forbidden,7,7,0.06550802139037433,0.1393048128342246,0.07947860962566845,0.14585561497326205,3.631342040564425e-4,0.0027453211895728563,0.011762121769581186,0.08892250239073703,0.0031355017899521932,0.02370462327079887,0.10156067219827386,0.7678061231870275,0.14327137442223548,possibly forbidden,0.7678061231870275,0.39839795631428654
142,Rocky coastal 1,Anthophora balearica||Teucrium capitatum,Anthophora balearica,Teucrium capitatum,0.7531633837576246,1,0,0,2,0,phantom,7,33,0.3088235294117647,0.2852941176470588,0.1889705882352941,0.31617647058823534,0.00598103369093922,0.02155889393254498,0.07178827666240867,0.25876393983696594,0.010721465342067131,0.03864598429887548,0.1286860365573157,0.463854369678883,0.27738169048415107,possibly forbidden,0.463854369678883,0.695751412027458
143,Rocky coastal 1,Vanessa cardui||Allium sp.,Vanessa cardui,Allium sp.,0.7168498039598121,1,0,0,1,0,phantom,4,2,0.0106951871657754,0.10641711229946524,0.054812834224598934,0.10748663101604279,2.4733067753068995e-4,0.0026512832829834686,0.011927472783127935,0.12785760955279582,0.0014860886545339823,0.015930260031364055,0.07166633010201436,0.7682336249156497,0.10390876553155448,possibly forbidden,0.7682336249156497,0.38503562737970126
144,Rocky coastal 1,Vanessa cardui||Astragalus balearicus,Vanessa cardui,Astragalus balearicus,0.5836506144991815,0,1,0,0,0,weakly supported,4,0,0,0.1,0.05,0.1,0.003020037225404095,0.027180335028636857,0.004345013094815487,0.03910511785333938,0.03798494025741174,0.3418644623167057,0.05465000942236868,0.4918500848013181,0.46904479734534255,possibly forbidden,0.4918500848013181,0.6083078184653574
145,Rocky coastal 1,Vanessa cardui||Daucus carota,Vanessa cardui,Daucus carota,0.8645179967235747,1,1,0,2,0,locally unique,4,22,0.11764705882352941,0.17058823529411765,0.10294117647058823,0.1823529411764706,0.015874710942367986,0.11863003720533295,0.010475211820021682,0.07828015089247034,0.055229396644091294,0.41272344438287567,0.03644410475499038,0.27234294335784964,0.64937690574968,weakly supported,0.41272344438287567,0.7530743747235069
146,Rocky coastal 1,Vanessa cardui||Dorycnium fulgurans,Vanessa cardui,Dorycnium fulgurans,0.6425999521760064,0,0,0,0,0,possibly forbidden,4,0,0,0.1,0.05,0.1,1.3604729634078634e-4,0.001224425667067077,0.007229003023878795,0.06506102721490915,0.001711153882547157,0.015400384942924413,0.09092379579723325,0.8183141621750993,0.11662481060999152,possibly forbidden,0.8183141621750993,0.32705667785405723
147,Rocky coastal 1,Vanessa cardui||Euphorbia dendroides,Vanessa cardui,Euphorbia dendroides,0.6755363159588551,0,0,0,1,0,possibly forbidden,4,16,0.0855614973262032,0.15133689839572192,0.08850267379679144,0.15989304812834226,4.878578803647687e-4,0.003309147977875847,0.014051646704752178,0.09531254931065056,0.00382331832037508,0.02593363066962267,0.11012206718388566,0.7469597819524733,0.15772766873687616,possibly forbidden,0.7469597819524733,0.4248531210918736
148,Rocky coastal 1,Vanessa cardui||Helichrysum stoechas,Vanessa cardui,Helichrysum stoechas,0.6527413569654782,0,1,0,1,0,weakly supported,4,17,0.09090909090909091,0.15454545454545454,0.09090909090909091,0.16363636363636364,0.008663202128192809,0.05716255558237133,0.006559996987244266,0.04328494093231587,0.06623219018357124,0.43702099947428563,0.050152698925131974,0.3309234157868869,0.6257916432807973,weakly supported,0.43702099947428563,0.6882686763031213
149,Rocky coastal 1,Vanessa cardui||Lonicera implexa,Vanessa cardui,Lonicera implexa,0.5965501409530116,0,0,0,1,0,possibly forbidden,4,2,0.0106951871657754,0.10641711229946524,0.054812834224598934,0.10748663101604279,1.3611548128255411e-4,0.0014591020559303859,0.006564142040805153,0.07036490674617667,0.0015973038507821182,0.01712244125841714,0.07702966084433713,0.8257263277222688,0.10390876553155448,possibly forbidden,0.8257263277222688,0.320280173187666
150,Rocky coastal 1,Vanessa cardui||Ruta chalepensis,Vanessa cardui,Ruta chalepensis,0.608259023643,0,0,0,1,0,possibly forbidden,4,2,0.0106951871657754,0.10641711229946524,0.054812834224598934,0.10748663101604279,1.3611548128255411e-4,0.0014591020559303859,0.006564142040805153,0.07036490674617667,0.0015973038507821182,0.01712244125841714,0.07702966084433713,0.8257263277222688,0.10390876553155448,possibly forbidden,0.8257263277222688,0.320280173187666
151,Rocky coastal 1,Vanessa cardui||Salvia rosmarinus,Vanessa cardui,Salvia rosmarinus,0.6198446409376079,0,0,0,1,0,possibly forbidden,4,4,0.0213903743315508,0.11283422459893049,0.059625668449197866,0.11497326203208556,1.6908078890471716e-4,0.0016802413594790527,0.007457558361285682,0.0741095311923485,0.0018578679308353684,0.018462573767611883,0.08194401393273416,0.8143191326668007,0.1115713361408508,possibly forbidden,0.8143191326668007,0.3362600101702769
152,Rocky coastal 1,Vanessa cardui||Sedum sediforme,Vanessa cardui,Sedum sediforme,0.6312953138424333,0,0,0,2,0,possibly forbidden,4,7,0.0374331550802139,0.12245989304812835,0.06684491978609626,0.12620320855614975,1.8082587455063812e-4,0.0020865863284870237,0.007059612809574469,0.08146229962651085,0.0018108826800553137,0.02089614139617622,0.0706985689770575,0.815805082307588,0.10273261806590117,possibly forbidden,0.815805082307588,0.33630736799518834
153,Rocky coastal 1,Vanessa cardui||Teucrium capitatum,Vanessa cardui,Teucrium capitatum,0.7448081573464951,1,1,2,3,1,recurrent,4,33,0.1764705882352941,0.20588235294117646,0.12941176470588234,0.2235294117647059,0.15180388776665646,0.024396161417508565,0.07732984172411812,0.012427555900227434,0.41897873023597193,0.06733340551232367,0.21343036315856606,0.03430005428462773,0.9532723898151448,model-elusive,0.41897873023597193,0.7793940750181507
154,Rocky coastal 1,Acanthiophilus helianthi||Allium sp.,Acanthiophilus helianthi,Allium sp.,0.5782407312735509,0,0,0,0,0,possibly forbidden,0,2,0,0.1,0.05,0.1,1.3604729634078634e-4,0.001224425667067077,0.007229003023878795,0.06506102721490915,0.001711153882547157,0.015400384942924413,0.09092379579723325,0.8183141621750993,0.11662481060999152,possibly forbidden,0.8183141621750993,0.32705667785405723
155,Rocky coastal 1,Acanthiophilus helianthi||Astragalus balearicus,Acanthiophilus helianthi,Astragalus balearicus,0.5,0,0,0,0,0,possibly forbidden,0,0,0,0.1,0.05,0.1,1.3604729634078634e-4,0.001224425667067077,0.007229003023878795,0.06506102721490915,0.001711153882547157,0.015400384942924413,0.09092379579723325,0.8183141621750993,0.11662481060999152,possibly forbidden,0.8183141621750993,0.32705667785405723
156,Rocky coastal 1,Acanthiophilus helianthi||Daucus carota,Acanthiophilus helianthi,Daucus carota,0.775564018932736,1,1,0,0,0,locally unique,0,22,0,0.1,0.05,0.1,0.005511421704679546,0.04960279534211593,0.007929438510374214,0.07136494659336792,0.03549355577813629,0.3194420020032266,0.05106558400680995,0.45959025606128945,0.46904479734534266,possibly forbidden,0.45959025606128945,0.6716427317608449
157,Rocky coastal 1,Acanthiophilus helianthi||Dorycnium fulgurans,Acanthiophilus helianthi,Dorycnium fulgurans,0.5,0,0,0,0,0,possibly forbidden,0,0,0,0.1,0.05,0.1,1.3604729634078634e-4,0.001224425667067077,0.007229003023878795,0.06506102721490915,0.001711153882547157,0.015400384942924413,0.09092379579723325,0.8183141621750993,0.11662481060999152,possibly forbidden,0.8183141621750993,0.32705667785405723
158,Rocky coastal 1,Acanthiophilus helianthi||Euphorbia dendroides,Acanthiophilus helianthi,Euphorbia dendroides,0.5299640567466664,0,0,0,0,0,possibly forbidden,0,16,0,0.1,0.05,0.1,1.3604729634078634e-4,0.001224425667067077,0.007229003023878795,0.06506102721490915,0.001711153882547157,0.015400384942924413,0.09092379579723325,0.8183141621750993,0.11662481060999152,possibly forbidden,0.8183141621750993,0.32705667785405723
159,Rocky coastal 1,Acanthiophilus helianthi||Helichrysum stoechas,Acanthiophilus helianthi,Helichrysum stoechas,0.5662743988295947,0,0,0,0,0,possibly forbidden,0,17,0,0.1,0.05,0.1,1.3604729634078634e-4,0.001224425667067077,0.007229003023878795,0.06506102721490915,0.001711153882547157,0.015400384942924413,0.09092379579723325,0.8183141621750993,0.11662481060999152,possibly forbidden,0.8183141621750993,0.32705667785405723
160,Rocky coastal 1,Acanthiophilus helianthi||Lonicera implexa,Acanthiophilus helianthi,Lonicera implexa,0.5,0,0,0,0,0,possibly forbidden,0,2,0,0.1,0.05,0.1,1.3604729634078634e-4,0.001224425667067077,0.007229003023878795,0.06506102721490915,0.001711153882547157,0.015400384942924413,0.09092379579723325,0.8183141621750993,0.11662481060999152,possibly forbidden,0.8183141621750993,0.32705667785405723
161,Rocky coastal 1,Acanthiophilus helianthi||Ruta chalepensis,Acanthiophilus helianthi,Ruta chalepensis,0.5,0,0,0,0,0,possibly forbidden,0,2,0,0.1,0.05,0.1,1.3604729634078634e-4,0.001224425667067077,0.007229003023878795,0.06506102721490915,0.001711153882547157,0.015400384942924413,0.09092379579723325,0.8183141621750993,0.11662481060999152,possibly forbidden,0.8183141621750993,0.32705667785405723
162,Rocky coastal 1,Acanthiophilus helianthi||Salvia rosmarinus,Acanthiophilus helianthi,Salvia rosmarinus,0.5,0,0,0,0,0,possibly forbidden,0,4,0,0.1,0.05,0.1,1.3604729634078634e-4,0.001224425667067077,0.007229003023878795,0.06506102721490915,0.001711153882547157,0.015400384942924413,0.09092379579723325,0.8183141621750993,0.11662481060999152,possibly forbidden,0.8183141621750993,0.32705667785405723
163,Rocky coastal 1,Acanthiophilus helianthi||Sedum sediforme,Acanthiophilus helianthi,Sedum sediforme,0.5,0,0,0,0,0,possibly forbidden,0,7,0,0.1,0.05,0.1,1.3604729634078634e-4,0.001224425667067077,0.007229003023878795,0.06506102721490915,0.001711153882547157,0.015400384942924413,0.09092379579723325,0.8183141621750993,0.11662481060999152,possibly forbidden,0.8183141621750993,0.32705667785405723
164,Rocky coastal 1,Acanthiophilus helianthi||Teucrium capitatum,Acanthiophilus helianthi,Teucrium capitatum,0.6696642005003676,0,0,0,0,0,possibly forbidden,0,33,0,0.1,0.05,0.1,1.3604729634078634e-4,0.001224425667067077,0.007229003023878795,0.06506102721490915,0.001711153882547157,0.015400384942924413,0.09092379579723325,0.8183141621750993,0.11662481060999152,possibly forbidden,0.8183141621750993,0.32705667785405723
165,Rocky coastal 1,Agromyzidae sp||Allium sp.,Agromyzidae sp,Allium sp.,0.5782407312735509,0,0,0,0,0,possibly forbidden,0,2,0,0.1,0.05,0.1,1.3604729634078634e-4,0.001224425667067077,0.007229003023878795,0.06506102721490915,0.001711153882547157,0.015400384942924413,0.09092379579723325,0.8183141621750993,0.11662481060999152,possibly forbidden,0.8183141621750993,0.32705667785405723
166,Rocky coastal 1,Agromyzidae sp||Astragalus balearicus,Agromyzidae sp,Astragalus balearicus,0.5,0,0,0,0,0,possibly forbidden,0,0,0,0.1,0.05,0.1,1.3604729634078634e-4,0.001224425667067077,0.007229003023878795,0.06506102721490915,0.001711153882547157,0.015400384942924413,0.09092379579723325,0.8183141621750993,0.11662481060999152,possibly forbidden,0.8183141621750993,0.32705667785405723
167,Rocky coastal 1,Agromyzidae sp||Daucus carota,Agromyzidae sp,Daucus carota,0.775564018932736,1,1,0,0,0,locally unique,0,22,0,0.1,0.05,0.1,0.005511421704679546,0.04960279534211593,0.007929438510374214,0.07136494659336792,0.03549355577813629,0.3194420020032266,0.05106558400680995,0.45959025606128945,0.46904479734534266,possibly forbidden,0.45959025606128945,0.6716427317608449
168,Rocky coastal 1,Agromyzidae sp||Dorycnium fulgurans,Agromyzidae sp,Dorycnium fulgurans,0.5,0,0,0,0,0,possibly forbidden,0,0,0,0.1,0.05,0.1,1.3604729634078634e-4,0.001224425667067077,0.007229003023878795,0.06506102721490915,0.001711153882547157,0.015400384942924413,0.09092379579723325,0.8183141621750993,0.11662481060999152,possibly forbidden,0.8183141621750993,0.32705667785405723
169,Rocky coastal 1,Agromyzidae sp||Euphorbia dendroides,Agromyzidae sp,Euphorbia dendroides,0.5299640567466664,0,0,0,0,0,possibly forbidden,0,16,0,0.1,0.05,0.1,1.3604729634078634e-4,0.001224425667067077,0.007229003023878795,0.06506102721490915,0.001711153882547157,0.015400384942924413,0.09092379579723325,0.8183141621750993,0.11662481060999152,possibly forbidden,0.8183141621750993,0.32705667785405723
170,Rocky coastal 1,Agromyzidae sp||Helichrysum stoechas,Agromyzidae sp,Helichrysum stoechas,0.5662743988295947,0,0,0,0,0,possibly forbidden,0,17,0,0.1,0.05,0.1,1.3604729634078634e-4,0.001224425667067077,0.007229003023878795,0.06506102721490915,0.001711153882547157,0.015400384942924413,0.09092379579723325,0.8183141621750993,0.11662481060999152,possibly forbidden,0.8183141621750993,0.32705667785405723
171,Rocky coastal 1,Agromyzidae sp||Lonicera implexa,Agromyzidae sp,Lonicera implexa,0.5,0,0,0,0,0,possibly forbidden,0,2,0,0.1,0.05,0.1,1.3604729634078634e-4,0.001224425667067077,0.007229003023878795,0.06506102721490915,0.001711153882547157,0.015400384942924413,0.09092379579723325,0.8183141621750993,0.11662481060999152,possibly forbidden,0.8183141621750993,0.32705667785405723
172,Rocky coastal 1,Agromyzidae sp||Ruta chalepensis,Agromyzidae sp,Ruta chalepensis,0.5,0,0,0,0,0,possibly forbidden,0,2,0,0.1,0.05,0.1,1.3604729634078634e-4,0.001224425667067077,0.007229003023878795,0.06506102721490915,0.001711153882547157,0.015400384942924413,0.09092379579723325,0.8183141621750993,0.11662481060999152,possibly forbidden,0.8183141621750993,0.32705667785405723
173,Rocky coastal 1,Agromyzidae sp||Salvia rosmarinus,Agromyzidae sp,Salvia rosmarinus,0.5,0,0,0,0,0,possibly forbidden,0,4,0,0.1,0.05,0.1,1.3604729634078634e-4,0.001224425667067077,0.007229003023878795,0.06506102721490915,0.001711153882547157,0.015400384942924413,0.09092379579723325,0.8183141621750993,0.11662481060999152,possibly forbidden,0.8183141621750993,0.32705667785405723
174,Rocky coastal 1,Agromyzidae sp||Sedum sediforme,Agromyzidae sp,Sedum sediforme,0.5,0,0,0,0,0,possibly forbidden,0,7,0,0.1,0.05,0.1,1.3604729634078634e-4,0.001224425667067077,0.007229003023878795,0.06506102721490915,0.001711153882547157,0.015400384942924413,0.09092379579723325,0.8183141621750993,0.11662481060999152,possibly forbidden,0.8183141621750993,0.32705667785405723
175,Rocky coastal 1,Agromyzidae sp||Teucrium capitatum,Agromyzidae sp,Teucrium capitatum,0.6696642005003676,0,0,0,0,0,possibly forbidden,0,33,0,0.1,0.05,0.1,1.3604729634078634e-4,0.001224425667067077,0.007229003023878795,0.06506102721490915,0.001711153882547157,0.015400384942924413,0.09092379579723325,0.8183141621750993,0.11662481060999152,possibly forbidden,0.8183141621750993,0.32705667785405723
176,Rocky coastal 1,Ancistrocerus ebusianus||Allium sp.,Ancistrocerus ebusianus,Allium sp.,0.7564535198449244,1,0,0,1,0,phantom,5,2,0.013368983957219253,0.10802139037433156,0.05601604278074867,0.10935828877005349,2.612004685910798e-4,0.00274626943539877,0.01231008439089351,0.12942859058502035,0.00154334132979532,0.01622673628905322,0.07273594154027878,0.764747835960969,0.10582357345401072,possibly forbidden,0.764747835960969,0.38939607722989683
177,Rocky coastal 1,Ancistrocerus ebusianus||Astragalus balearicus,Ancistrocerus ebusianus,Astragalus balearicus,0.6880698475115635,0,0,0,0,0,possibly forbidden,5,0,0,0.1,0.05,0.1,1.3604729634078634e-4,0.001224425667067077,0.007229003023878795,0.06506102721490915,0.001711153882547157,0.015400384942924413,0.09092379579723325,0.8183141621750993,0.11662481060999152,possibly forbidden,0.8183141621750993,0.32705667785405723
178,Rocky coastal 1,Ancistrocerus ebusianus||Daucus carota,Ancistrocerus ebusianus,Daucus carota,0.8867311595956754,1,1,0,2,0,locally unique,5,22,0.14705882352941177,0.18823529411764706,0.1161764705882353,0.20294117647058824,0.020580003231335284,0.13471047665674518,0.01185544914323742,0.07760218436864129,0.06350645997136214,0.4156940792166063,0.036583940147840145,0.2394674072642323,0.6829304083671264,weakly supported,0.4156940792166063,0.7714445298236595
179,Rocky coastal 1,Ancistrocerus ebusianus||Dorycnium fulgurans,Ancistrocerus ebusianus,Dorycnium fulgurans,0.6323292044775172,0,1,0,0,0,weakly supported,5,0,0,0.1,0.05,0.1,0.003020037225404095,0.027180335028636857,0.004345013094815487,0.03910511785333938,0.03798494025741174,0.3418644623167057,0.05465000942236868,0.4918500848013181,0.46904479734534255,possibly forbidden,0.4918500848013181,0.6083078184653574
180,Rocky coastal 1,Ancistrocerus ebusianus||Euphorbia dendroides,Ancistrocerus ebusianus,Euphorbia dendroides,0.7186505504123439,1,0,0,1,0,phantom,5,16,0.10695187165775402,0.16417112299465242,0.09812834224598932,0.17486631016042783,0.0011373338535556423,0.006928257281387582,0.029232982953615642,0.17807755073137638,0.004143352919439776,0.025239919609992265,0.10649693129781691,0.6487436713528157,0.17317877791580782,possibly forbidden,0.6487436713528157,0.5229946601047423
181,Rocky coastal 1,Ancistrocerus ebusianus||Helichrysum stoechas,Ancistrocerus ebusianus,Helichrysum stoechas,0.6975283327812026,0,1,1,1,1,model-elusive,5,17,0.11363636363636363,0.16818181818181818,0.10113636363636364,0.17954545454545456,0.04050650512959578,0.03504048317267348,0.027260664857010095,0.02358206083545885,0.2799824322160661,0.24220109025261546,0.18842670395960892,0.16300005957697125,0.81341787958757,model-elusive,0.2799824322160661,0.8386454573529563
182,Rocky coastal 1,Ancistrocerus ebusianus||Lonicera implexa,Ancistrocerus ebusianus,Lonicera implexa,0.644638819660322,0,0,0,1,0,possibly forbidden,5,2,0.013368983957219253,0.10802139037433156,0.05601604278074867,0.10935828877005349,1.4390422382098687e-4,0.0015130132562015484,0.006782044262775392,0.07130661353268994,0.0016606375745654132,0.017459992468250446,0.07826398166839689,0.8228698130132994,0.10582357345401061,possibly forbidden,0.8228698130132994,0.3243118239807983
183,Rocky coastal 1,Ancistrocerus ebusianus||Ruta chalepensis,Ancistrocerus ebusianus,Ruta chalepensis,0.5976193605998601,0,1,0,1,0,weakly supported,5,2,0.013368983957219253,0.10802139037433156,0.05601604278074867,0.10935828877005349,0.0030429304526133523,0.03199346058271804,0.003883018033983027,0.040826166206173437,0.03511505438982199,0.3692007181813566,0.044809564853140325,0.4711290873001933,0.4880447464936333,possibly forbidden,0.4711290873001933,0.6055040314175416
184,Rocky coastal 1,Ancistrocerus ebusianus||Salvia rosmarinus,Ancistrocerus ebusianus,Salvia rosmarinus,0.6667080221006317,0,0,0,1,0,possibly forbidden,5,4,0.026737967914438505,0.11604278074866312,0.06203208556149733,0.11871657754010696,1.874363889808876e-4,0.0017962881661942806,0.007926115536538115,0.07595957017515856,0.0019953710671127057,0.019122548479028178,0.08437818132429623,0.8086344888626911,0.1154059409621504,possibly forbidden,0.8086344888626911,0.3441068225758139
185,Rocky coastal 1,Ancistrocerus ebusianus||Sedum sediforme,Ancistrocerus ebusianus,Sedum sediforme,0.6774815933260384,0,0,0,2,0,possibly forbidden,5,7,0.04679144385026738,0.12807486631016043,0.07105614973262032,0.13275401069518716,2.1300504150626332e-4,0.0023191042200091843,0.007787760115902012,0.08478967080540441,0.0020265709368532145,0.0220644036336861,0.07409424773454275,0.806705237512096,0.10850509168249955,possibly forbidden,0.806705237512096,0.34899992491721454
186,Rocky coastal 1,Ancistrocerus ebusianus||Teucrium capitatum,Ancistrocerus ebusianus,Teucrium capitatum,0.7816922777463517,1,1,1,3,1,recurrent,5,33,0.22058823529411764,0.2323529411764706,0.14926470588235294,0.25441176470588234,0.10788889196328343,0.09975611433891383,0.046562816960047215,0.04305286307128948,0.2550548033299091,0.2358285052396905,0.11007685690453695,0.10177914819232943,0.8551679887363811,model-elusive,0.2550548033299091,0.9199640504005194
187,Rocky coastal 1,Anthomyia confusanea||Allium sp.,Anthomyia confusanea,Allium sp.,0.5782407312735509,0,0,0,1,0,possibly forbidden,5,2,0.013368983957219253,0.10802139037433156,0.05601604278074867,0.10935828877005349,1.4390422382098687e-4,0.0015130132562015484,0.006782044262775392,0.07130661353268994,0.0016606375745654132,0.017459992468250446,0.07826398166839689,0.8228698130132994,0.10582357345401061,possibly forbidden,0.8228698130132994,0.3243118239807983
188,Rocky coastal 1,Anthomyia confusanea||Astragalus balearicus,Anthomyia confusanea,Astragalus balearicus,0.5,0,0,0,0,0,possibly forbidden,5,0,0,0.1,0.05,0.1,1.3604729634078634e-4,0.001224425667067077,0.007229003023878795,0.06506102721490915,0.001711153882547157,0.015400384942924413,0.09092379579723325,0.8183141621750993,0.11662481060999152,possibly forbidden,0.8183141621750993,0.32705667785405723
189,Rocky coastal 1,Anthomyia confusanea||Daucus carota,Anthomyia confusanea,Daucus carota,0.775564018932736,1,1,1,2,1,recurrent,5,22,0.14705882352941177,0.18823529411764706,0.1161764705882353,0.20294117647058824,0.07923590966073622,0.07605457022734423,0.0456451481927228,0.043812485319155915,0.2445088112280886,0.23469172795987978,0.14085331979804377,0.13519802761402866,0.8209894870668154,model-elusive,0.2445088112280886,0.9165686495724914
190,Rocky coastal 1,Anthomyia confusanea||Dorycnium fulgurans,Anthomyia confusanea,Dorycnium fulgurans,0.5,0,0,0,0,0,possibly forbidden,5,0,0,0.1,0.05,0.1,1.3604729634078634e-4,0.001224425667067077,0.007229003023878795,0.06506102721490915,0.001711153882547157,0.015400384942924413,0.09092379579723325,0.8183141621750993,0.11662481060999152,possibly forbidden,0.8183141621750993,0.32705667785405723
191,Rocky coastal 1,Anthomyia confusanea||Euphorbia dendroides,Anthomyia confusanea,Euphorbia dendroides,0.5299640567466664,0,0,0,1,0,possibly forbidden,5,16,0.10695187165775402,0.16417112299465242,0.09812834224598932,0.17486631016042783,6.507285057886637e-4,0.003964020322038364,0.016725726801924596,0.10188753121140101,0.004629958267206756,0.028204156569341485,0.11900418744950797,0.7249336908727911,0.17317877791580782,possibly forbidden,0.7249336908727911,0.4519729688034145
192,Rocky coastal 1,Anthomyia confusanea||Helichrysum stoechas,Anthomyia confusanea,Helichrysum stoechas,0.5662743988295947,0,0,0,1,0,possibly forbidden,5,17,0.11363636363636363,0.16818181818181818,0.10113636363636364,0.17954545454545456,7.085279637277697e-4,0.00417979491255022,0.017610770691317633,0.10389062042714256,0.004897370976412777,0.028890893994335285,0.12172628558250853,0.7180957354520052,0.1780136441208522,possibly forbidden,0.7180957354520052,0.4602277684515378
193,Rocky coastal 1,Anthomyia confusanea||Lonicera implexa,Anthomyia confusanea,Lonicera implexa,0.5,0,0,0,1,0,possibly forbidden,5,2,0.013368983957219253,0.10802139037433156,0.05601604278074867,0.10935828877005349,1.4390422382098687e-4,0.0015130132562015484,0.006782044262775392,0.07130661353268994,0.0016606375745654132,0.017459992468250446,0.07826398166839689,0.8228698130132994,0.10582357345401061,possibly forbidden,0.8228698130132994,0.3243118239807983
194,Rocky coastal 1,Anthomyia confusanea||Ruta chalepensis,Anthomyia confusanea,Ruta chalepensis,0.5,0,0,0,1,0,possibly forbidden,5,2,0.013368983957219253,0.10802139037433156,0.05601604278074867,0.10935828877005349,1.4390422382098687e-4,0.0015130132562015484,0.006782044262775392,0.07130661353268994,0.0016606375745654132,0.017459992468250446,0.07826398166839689,0.8228698130132994,0.10582357345401061,possibly forbidden,0.8228698130132994,0.3243118239807983
195,Rocky coastal 1,Anthomyia confusanea||Salvia rosmarinus,Anthomyia confusanea,Salvia rosmarinus,0.5,0,0,0,1,0,possibly forbidden,5,4,0.026737967914438505,0.11604278074866312,0.06203208556149733,0.11871657754010696,1.874363889808876e-4,0.0017962881661942806,0.007926115536538115,0.07595957017515856,0.0019953710671127057,0.019122548479028178,0.08437818132429623,0.8086344888626911,0.1154059409621504,possibly forbidden,0.8086344888626911,0.3441068225758139
196,Rocky coastal 1,Anthomyia confusanea||Sedum sediforme,Anthomyia confusanea,Sedum sediforme,0.5,0,0,1,2,1,locally absent,5,7,0.04679144385026738,0.12807486631016043,0.07105614973262032,0.13275401069518716,9.75188805310088e-4,0.0015569204562053598,0.03565425695919371,0.05692317396211271,0.009278133873314543,0.014812840697224775,0.33922145888022925,0.5415780263664096,0.4014987996714777,possibly forbidden,0.5415780263664096,0.5306819904722876
197,Rocky coastal 1,Anthomyia confusanea||Teucrium capitatum,Anthomyia confusanea,Teucrium capitatum,0.6696642005003676,0,0,1,3,1,locally absent,5,33,0.22058823529411764,0.2323529411764706,0.14926470588235294,0.25441176470588234,0.005460648178804289,0.005049018802369061,0.08703950400077362,0.08047837506810628,0.02521240382893953,0.023311866433612945,0.4018708131492594,0.371577370538135,0.5479442543937587,locally absent,0.4018708131492594,0.6660780478382043
198,Rocky coastal 1,Anthomyiidae sp.||Allium sp.,Anthomyiidae sp.,Allium sp.,0.6271477665779155,0,0,0,1,0,possibly forbidden,4,2,0.0106951871657754,0.10641711229946524,0.054812834224598934,0.10748663101604279,1.3611548128255411e-4,0.0014591020559303859,0.006564142040805153,0.07036490674617667,0.0015973038507821182,0.01712244125841714,0.07702966084433713,0.8257263277222688,0.10390876553155448,possibly forbidden,0.8257263277222688,0.320280173187666
199,Rocky coastal 1,Anthomyiidae sp.||Astragalus balearicus,Anthomyiidae sp.,Astragalus balearicus,0.5443277588267654,0,0,0,0,0,possibly forbidden,4,0,0,0.1,0.05,0.1,1.3604729634078634e-4,0.001224425667067077,0.007229003023878795,0.06506102721490915,0.001711153882547157,0.015400384942924413,0.09092379579723325,0.8183141621750993,0.11662481060999152,possibly forbidden,0.8183141621750993,0.32705667785405723
200,Rocky coastal 1,Anthomyiidae sp.||Daucus carota,Anthomyiidae sp.,Daucus carota,0.8091419572120482,1,1,0,2,0,locally unique,4,22,0.11764705882352941,0.17058823529411765,0.10294117647058823,0.1823529411764706,0.015874710942367986,0.11863003720533295,0.010475211820021682,0.07828015089247034,0.055229396644091294,0.41272344438287567,0.03644410475499038,0.27234294335784964,0.64937690574968,weakly supported,0.41272344438287567,0.7530743747235069
201,Rocky coastal 1,Anthomyiidae sp.||Dorycnium fulgurans,Anthomyiidae sp.,Dorycnium fulgurans,0.5443277588267654,0,0,0,0,0,possibly forbidden,4,0,0,0.1,0.05,0.1,1.3604729634078634e-4,0.001224425667067077,0.007229003023878795,0.06506102721490915,0.001711153882547157,0.015400384942924413,0.09092379579723325,0.8183141621750993,0.11662481060999152,possibly forbidden,0.8183141621750993,0.32705667785405723
202,Rocky coastal 1,Anthomyiidae sp.||Euphorbia dendroides,Anthomyiidae sp.,Euphorbia dendroides,0.5188799131832045,0,1,1,1,1,model-elusive,4,16,0.0855614973262032,0.15133689839572192,0.08850267379679144,0.15989304812834226,0.03187437966942741,0.03170384523724471,0.024857986131346987,0.02472499083562424,0.24979795273491184,0.24846148274014337,0.1948108201358717,0.19376854251542966,0.7815064666489461,model-elusive,0.24979795273491184,0.8327703838947529
203,Rocky coastal 1,Anthomyiidae sp.||Helichrysum stoechas,Anthomyiidae sp.,Helichrysum stoechas,0.6156467081084659,0,0,0,1,0,possibly forbidden,4,17,0.09090909090909091,0.15454545454545454,0.09090909090909091,0.16363636363636364,5.255487669797903e-4,0.003467737466953902,0.014697650348457285,0.0969797590477333,0.004017942253946697,0.026511657470226668,0.11236694685475652,0.7414327577909459,0.16158748316132088,possibly forbidden,0.7414327577909459,0.4317362562269655
204,Rocky coastal 1,Anthomyiidae sp.||Lonicera implexa,Anthomyiidae sp.,Lonicera implexa,0.5,0,0,0,1,0,possibly forbidden,4,2,0.0106951871657754,0.10641711229946524,0.054812834224598934,0.10748663101604279,1.3611548128255411e-4,0.0014591020559303859,0.006564142040805153,0.07036490674617667,0.0015973038507821182,0.01712244125841714,0.07702966084433713,0.8257263277222688,0.10390876553155448,possibly forbidden,0.8257263277222688,0.320280173187666
205,Rocky coastal 1,Anthomyiidae sp.||Ruta chalepensis,Anthomyiidae sp.,Ruta chalepensis,0.5077771517212307,0,0,0,1,0,possibly forbidden,4,2,0.0106951871657754,0.10641711229946524,0.054812834224598934,0.10748663101604279,1.3611548128255411e-4,0.0014591020559303859,0.006564142040805153,0.07036490674617667,0.0015973038507821182,0.01712244125841714,0.07702966084433713,0.8257263277222688,0.10390876553155448,possibly forbidden,0.8257263277222688,0.320280173187666
206,Rocky coastal 1,Anthomyiidae sp.||Salvia rosmarinus,Anthomyiidae sp.,Salvia rosmarinus,0.5199893412858596,0,0,1,1,1,locally absent,4,4,0.0213903743315508,0.11283422459893049,0.059625668449197866,0.11497326203208556,7.526078729612464e-4,0.0010967142754225235,0.03319488377200841,0.04837220578162578,0.008269691907203476,0.01205074979124378,0.36474699714451847,0.5315161494550164,0.42011164476335783,possibly forbidden,0.5315161494550164,0.5141462562114975
207,Rocky coastal 1,Anthomyiidae sp.||Sedum sediforme,Anthomyiidae sp.,Sedum sediforme,0.5321776900098669,0,0,0,2,0,possibly forbidden,4,7,0.0374331550802139,0.12245989304812835,0.06684491978609626,0.12620320855614975,1.8082587455063812e-4,0.0020865863284870237,0.007059612809574469,0.08146229962651085,0.0018108826800553137,0.02089614139617622,0.0706985689770575,0.815805082307588,0.10273261806590117,possibly forbidden,0.815805082307588,0.33630736799518834
208,Rocky coastal 1,Anthomyiidae sp.||Teucrium capitatum,Anthomyiidae sp.,Teucrium capitatum,0.7132274762460605,1,0,0,3,0,phantom,4,33,0.1764705882352941,0.20588235294117646,0.12941176470588234,0.2235294117647059,0.0015840411697330787,0.011838874058209131,0.02980165545336638,0.22273287612720202,0.0043719536284632975,0.032675292400657203,0.08225256905129125,0.6147427381110777,0.16252438576172024,possibly forbidden,0.6147427381110777,0.5492029251023873
209,Rocky coastal 1,Camponotus sp||Allium sp.,Camponotus sp,Allium sp.,0.5782407312735509,0,0,0,0,0,possibly forbidden,1,2,0.00267379679144385,0.10160427807486631,0.05120320855614974,0.1018716577540107,1.4438878552864288e-4,0.0012729709464323132,0.007482459670613671,0.06596740691231316,0.001784209249095358,0.015730075768271144,0.09246060004877302,0.8151578886189726,0.11887470446871418,possibly forbidden,0.8151578886189726,0.33137669567629774
210,Rocky coastal 1,Camponotus sp||Astragalus balearicus,Camponotus sp,Astragalus balearicus,0.5,0,0,0,0,0,possibly forbidden,1,0,0,0.1,0.05,0.1,1.3604729634078634e-4,0.001224425667067077,0.007229003023878795,0.06506102721490915,0.001711153882547157,0.015400384942924413,0.09092379579723325,0.8183141621750993,0.11662481060999152,possibly forbidden,0.8183141621750993,0.32705667785405723
211,Rocky coastal 1,Camponotus sp||Daucus carota,Camponotus sp,Daucus carota,0.775564018932736,1,1,1,1,1,recurrent,1,22,0.029411764705882353,0.11764705882352941,0.06323529411764706,0.12058823529411766,0.031096828121057917,0.04293076486231909,0.034882874260222074,0.04815759558362604,0.16688631091634418,0.23039510476111247,0.18720475852985846,0.2584457629654598,0.6933966414509142,possibly forbidden,0.2584457629654598,0.8687864726947027
212,Rocky coastal 1,Camponotus sp||Dorycnium fulgurans,Camponotus sp,Dorycnium fulgurans,0.5,0,0,0,0,0,possibly forbidden,1,0,0,0.1,0.05,0.1,1.3604729634078634e-4,0.001224425667067077,0.007229003023878795,0.06506102721490915,0.001711153882547157,0.015400384942924413,0.09092379579723325,0.8183141621750993,0.11662481060999152,possibly forbidden,0.8183141621750993,0.32705667785405723
213,Rocky coastal 1,Camponotus sp||Euphorbia dendroides,Camponotus sp,Euphorbia dendroides,0.5299640567466664,0,0,0,0,0,possibly forbidden,1,16,0.0213903743315508,0.11283422459893049,0.059625668449197866,0.11497326203208556,2.1262259994786657e-4,0.0016366995484359034,0.009378034360444572,0.07218905519318962,0.0023363074680032942,0.01798413423044396,0.10304629760368983,0.793216848995845,0.13459409581096538,possibly forbidden,0.793216848995845,0.3607656050878819
214,Rocky coastal 1,Camponotus sp||Helichrysum stoechas,Camponotus sp,Helichrysum stoechas,0.5662743988295947,0,0,0,0,0,possibly forbidden,1,17,0.022727272727272728,0.11363636363636365,0.060227272727272727,0.11590909090909092,2.1819432164291188e-4,0.0016642664925312295,0.009521557054329761,0.07262520968890739,0.00237845363033112,0.018141538474486383,0.10379088590278714,0.7916598944349841,0.13571489587610852,possibly forbidden,0.7916598944349841,0.362810320442508
215,Rocky coastal 1,Camponotus sp||Lonicera implexa,Camponotus sp,Lonicera implexa,0.5,0,0,0,0,0,possibly forbidden,1,2,0.00267379679144385,0.10160427807486631,0.05120320855614974,0.1018716577540107,1.4438878552864288e-4,0.0012729709464323132,0.007482459670613671,0.06596740691231316,0.001784209249095358,0.015730075768271144,0.09246060004877302,0.8151578886189726,0.11887470446871418,possibly forbidden,0.8151578886189726,0.33137669567629774
216,Rocky coastal 1,Camponotus sp||Ruta chalepensis,Camponotus sp,Ruta chalepensis,0.5,0,0,0,0,0,possibly forbidden,1,2,0.00267379679144385,0.10160427807486631,0.05120320855614974,0.1018716577540107,1.4438878552864288e-4,0.0012729709464323132,0.007482459670613671,0.06596740691231316,0.001784209249095358,0.015730075768271144,0.09246060004877302,0.8151578886189726,0.11887470446871418,possibly forbidden,0.8151578886189726,0.33137669567629774
217,Rocky coastal 1,Camponotus sp||Salvia rosmarinus,Camponotus sp,Salvia rosmarinus,0.5,0,0,0,1,0,possibly forbidden,1,4,0.0053475935828877,0.10320855614973262,0.052406417112299465,0.10374331550802139,1.2140606921639315e-4,0.001354037054916729,0.00613921622939069,0.06847043410922579,0.0014742556260121502,0.01644231428399107,0.07454960138238474,0.8314487352448625,0.10008083064591167,possibly forbidden,0.8314487352448625,0.31214112690017864
218,Rocky coastal 1,Camponotus sp||Sedum sediforme,Camponotus sp,Sedum sediforme,0.5,0,0,0,1,0,possibly forbidden,1,7,0.009358288770053475,0.10561497326203209,0.05421122994652407,0.10655080213903743,1.3233077018764972e-4,0.0014324908181363159,0.006456551545077386,0.06989266964918178,0.001566089250923498,0.01695303721990478,0.07641107172912753,0.8271557590174611,0.10295157133335708,possibly forbidden,0.8271557590174611,0.31825495661895226
219,Rocky coastal 1,Camponotus sp||Teucrium capitatum,Camponotus sp,Teucrium capitatum,0.6696642005003676,0,0,0,1,0,possibly forbidden,1,33,0.044117647058823525,0.1264705882352941,0.06985294117647059,0.13088235294117648,2.5644926270049375e-4,0.0021984510290873915,0.009549997655822998,0.08186883422139711,0.002475404012705546,0.021220784344758763,0.0921823766214606,0.7902477028520671,0.12788346292653574,possibly forbidden,0.7902477028520671,0.36898826307361804
220,Rocky coastal 1,Cheilosia latifrons||Allium sp.,Cheilosia latifrons,Allium sp.,0.6271477665779155,0,0,0,0,0,possibly forbidden,1,2,0.00267379679144385,0.10160427807486631,0.05120320855614974,0.1018716577540107,1.4438878552864288e-4,0.0012729709464323132,0.007482459670613671,0.06596740691231316,0.001784209249095358,0.015730075768271144,0.09246060004877302,0.8151578886189726,0.11887470446871418,possibly forbidden,0.8151578886189726,0.33137669567629774
221,Rocky coastal 1,Cheilosia latifrons||Astragalus balearicus,Cheilosia latifrons,Astragalus balearicus,0.5443277588267654,0,0,0,0,0,possibly forbidden,1,0,0,0.1,0.05,0.1,1.3604729634078634e-4,0.001224425667067077,0.007229003023878795,0.06506102721490915,0.001711153882547157,0.015400384942924413,0.09092379579723325,0.8183141621750993,0.11662481060999152,possibly forbidden,0.8183141621750993,0.32705667785405723
222,Rocky coastal 1,Cheilosia latifrons||Daucus carota,Cheilosia latifrons,Daucus carota,0.8091419572120482,1,1,0,1,0,locally unique,1,22,0.029411764705882353,0.11764705882352941,0.06323529411764706,0.12058823529411766,0.007108009958166249,0.06691958302521075,0.007973411842708682,0.07506705800113944,0.038146320108825536,0.3591350955686311,0.04279064355586994,0.4028598779394484,0.5220730640594122,possibly forbidden,0.4028598779394484,0.6937060542469046
223,Rocky coastal 1,Cheilosia latifrons||Dorycnium fulgurans,Cheilosia latifrons,Dorycnium fulgurans,0.5443277588267654,0,0,0,0,0,possibly forbidden,1,0,0,0.1,0.05,0.1,1.3604729634078634e-4,0.001224425667067077,0.007229003023878795,0.06506102721490915,0.001711153882547157,0.015400384942924413,0.09092379579723325,0.8183141621750993,0.11662481060999152,possibly forbidden,0.8183141621750993,0.32705667785405723
224,Rocky coastal 1,Cheilosia latifrons||Euphorbia dendroides,Cheilosia latifrons,Euphorbia dendroides,0.5804070144486762,0,0,0,0,0,possibly forbidden,1,16,0.0213903743315508,0.11283422459893049,0.059625668449197866,0.11497326203208556,2.1262259994786657e-4,0.0016366995484359034,0.009378034360444572,0.07218905519318962,0.0023363074680032942,0.01798413423044396,0.10304629760368983,0.793216848995845,0.13459409581096538,possibly forbidden,0.793216848995845,0.3607656050878819
225,Rocky coastal 1,Cheilosia latifrons||Helichrysum stoechas,Cheilosia latifrons,Helichrysum stoechas,0.6156467081084659,0,0,0,0,0,possibly forbidden,1,17,0.022727272727272728,0.11363636363636365,0.060227272727272727,0.11590909090909092,2.1819432164291188e-4,0.0016642664925312295,0.009521557054329761,0.07262520968890739,0.00237845363033112,0.018141538474486383,0.10379088590278714,0.7916598944349841,0.13571489587610852,possibly forbidden,0.7916598944349841,0.362810320442508
226,Rocky coastal 1,Cheilosia latifrons||Lonicera implexa,Cheilosia latifrons,Lonicera implexa,0.5,0,0,0,0,0,possibly forbidden,1,2,0.00267379679144385,0.10160427807486631,0.05120320855614974,0.1018716577540107,1.4438878552864288e-4,0.0012729709464323132,0.007482459670613671,0.06596740691231316,0.001784209249095358,0.015730075768271144,0.09246060004877302,0.8151578886189726,0.11887470446871418,possibly forbidden,0.8151578886189726,0.33137669567629774
227,Rocky coastal 1,Cheilosia latifrons||Ruta chalepensis,Cheilosia latifrons,Ruta chalepensis,0.5077771517212307,0,0,0,0,0,possibly forbidden,1,2,0.00267379679144385,0.10160427807486631,0.05120320855614974,0.1018716577540107,1.4438878552864288e-4,0.0012729709464323132,0.007482459670613671,0.06596740691231316,0.001784209249095358,0.015730075768271144,0.09246060004877302,0.8151578886189726,0.11887470446871418,possibly forbidden,0.8151578886189726,0.33137669567629774
228,Rocky coastal 1,Cheilosia latifrons||Salvia rosmarinus,Cheilosia latifrons,Salvia rosmarinus,0.5199893412858596,0,0,0,1,0,possibly forbidden,1,4,0.0053475935828877,0.10320855614973262,0.052406417112299465,0.10374331550802139,1.2140606921639315e-4,0.001354037054916729,0.00613921622939069,0.06847043410922579,0.0014742556260121502,0.01644231428399107,0.07454960138238474,0.8314487352448625,0.10008083064591167,possibly forbidden,0.8314487352448625,0.31214112690017864
229,Rocky coastal 1,Cheilosia latifrons||Sedum sediforme,Cheilosia latifrons,Sedum sediforme,0.5321776900098669,0,0,0,1,0,possibly forbidden,1,7,0.009358288770053475,0.10561497326203209,0.05421122994652407,0.10655080213903743,1.3233077018764972e-4,0.0014324908181363159,0.006456551545077386,0.06989266964918178,0.001566089250923498,0.01695303721990478,0.07641107172912753,0.8271557590174611,0.10295157133335708,possibly forbidden,0.8271557590174611,0.31825495661895226
230,Rocky coastal 1,Cheilosia latifrons||Teucrium capitatum,Cheilosia latifrons,Teucrium capitatum,0.6597594065089132,0,1,1,1,1,model-elusive,1,33,0.044117647058823525,0.1264705882352941,0.06985294117647059,0.13088235294117648,0.02070939924356331,0.026033357128595096,0.02088140003436017,0.02624957576248942,0.19989969730624263,0.2512897717923396,0.2015599533866991,0.25337684534571064,0.7203735788918,possibly forbidden,0.25337684534571064,0.8132928716721518
231,Rocky coastal 1,Chrysopa viridana||Allium sp.,Chrysopa viridana,Allium sp.,0.5782407312735509,0,0,0,0,0,possibly forbidden,0,2,0,0.1,0.05,0.1,1.3604729634078634e-4,0.001224425667067077,0.007229003023878795,0.06506102721490915,0.001711153882547157,0.015400384942924413,0.09092379579723325,0.8183141621750993,0.11662481060999152,possibly forbidden,0.8183141621750993,0.32705667785405723
232,Rocky coastal 1,Chrysopa viridana||Astragalus balearicus,Chrysopa viridana,Astragalus balearicus,0.5,0,0,0,0,0,possibly forbidden,0,0,0,0.1,0.05,0.1,1.3604729634078634e-4,0.001224425667067077,0.007229003023878795,0.06506102721490915,0.001711153882547157,0.015400384942924413,0.09092379579723325,0.8183141621750993,0.11662481060999152,possibly forbidden,0.8183141621750993,0.32705667785405723
233,Rocky coastal 1,Chrysopa viridana||Daucus carota,Chrysopa viridana,Daucus carota,0.775564018932736,1,1,0,0,0,locally unique,0,22,0,0.1,0.05,0.1,0.005511421704679546,0.04960279534211593,0.007929438510374214,0.07136494659336792,0.03549355577813629,0.3194420020032266,0.05106558400680995,0.45959025606128945,0.46904479734534266,possibly forbidden,0.45959025606128945,0.6716427317608449
234,Rocky coastal 1,Chrysopa viridana||Dorycnium fulgurans,Chrysopa viridana,Dorycnium fulgurans,0.5,0,0,0,0,0,possibly forbidden,0,0,0,0.1,0.05,0.1,1.3604729634078634e-4,0.001224425667067077,0.007229003023878795,0.06506102721490915,0.001711153882547157,0.015400384942924413,0.09092379579723325,0.8183141621750993,0.11662481060999152,possibly forbidden,0.8183141621750993,0.32705667785405723
235,Rocky coastal 1,Chrysopa viridana||Euphorbia dendroides,Chrysopa viridana,Euphorbia dendroides,0.5299640567466664,0,0,0,0,0,possibly forbidden,0,16,0,0.1,0.05,0.1,1.3604729634078634e-4,0.001224425667067077,0.007229003023878795,0.06506102721490915,0.001711153882547157,0.015400384942924413,0.09092379579723325,0.8183141621750993,0.11662481060999152,possibly forbidden,0.8183141621750993,0.32705667785405723
236,Rocky coastal 1,Chrysopa viridana||Helichrysum stoechas,Chrysopa viridana,Helichrysum stoechas,0.5662743988295947,0,0,0,0,0,possibly forbidden,0,17,0,0.1,0.05,0.1,1.3604729634078634e-4,0.001224425667067077,0.007229003023878795,0.06506102721490915,0.001711153882547157,0.015400384942924413,0.09092379579723325,0.8183141621750993,0.11662481060999152,possibly forbidden,0.8183141621750993,0.32705667785405723
237,Rocky coastal 1,Chrysopa viridana||Lonicera implexa,Chrysopa viridana,Lonicera implexa,0.5,0,0,0,0,0,possibly forbidden,0,2,0,0.1,0.05,0.1,1.3604729634078634e-4,0.001224425667067077,0.007229003023878795,0.06506102721490915,0.001711153882547157,0.015400384942924413,0.09092379579723325,0.8183141621750993,0.11662481060999152,possibly forbidden,0.8183141621750993,0.32705667785405723
238,Rocky coastal 1,Chrysopa viridana||Ruta chalepensis,Chrysopa viridana,Ruta chalepensis,0.5,0,0,0,0,0,possibly forbidden,0,2,0,0.1,0.05,0.1,1.3604729634078634e-4,0.001224425667067077,0.007229003023878795,0.06506102721490915,0.001711153882547157,0.015400384942924413,0.09092379579723325,0.8183141621750993,0.11662481060999152,possibly forbidden,0.8183141621750993,0.32705667785405723
239,Rocky coastal 1,Chrysopa viridana||Salvia rosmarinus,Chrysopa viridana,Salvia rosmarinus,0.5,0,0,0,0,0,possibly forbidden,0,4,0,0.1,0.05,0.1,1.3604729634078634e-4,0.001224425667067077,0.007229003023878795,0.06506102721490915,0.001711153882547157,0.015400384942924413,0.09092379579723325,0.8183141621750993,0.11662481060999152,possibly forbidden,0.8183141621750993,0.32705667785405723
240,Rocky coastal 1,Chrysopa viridana||Sedum sediforme,Chrysopa viridana,Sedum sediforme,0.5,0,0,0,0,0,possibly forbidden,0,7,0,0.1,0.05,0.1,1.3604729634078634e-4,0.001224425667067077,0.007229003023878795,0.06506102721490915,0.001711153882547157,0.015400384942924413,0.09092379579723325,0.8183141621750993,0.11662481060999152,possibly forbidden,0.8183141621750993,0.32705667785405723
241,Rocky coastal 1,Chrysopa viridana||Teucrium capitatum,Chrysopa viridana,Teucrium capitatum,0.6696642005003676,0,0,0,0,0,possibly forbidden,0,33,0,0.1,0.05,0.1,1.3604729634078634e-4,0.001224425667067077,0.007229003023878795,0.06506102721490915,0.001711153882547157,0.015400384942924413,0.09092379579723325,0.8183141621750993,0.11662481060999152,possibly forbidden,0.8183141621750993,0.32705667785405723
242,Rocky coastal 1,Crematogaster sp.||Allium sp.,Crematogaster sp.,Allium sp.,0.5782407312735509,0,0,0,0,0,possibly forbidden,1,2,0.00267379679144385,0.10160427807486631,0.05120320855614974,0.1018716577540107,1.4438878552864288e-4,0.0012729709464323132,0.007482459670613671,0.06596740691231316,0.001784209249095358,0.015730075768271144,0.09246060004877302,0.8151578886189726,0.11887470446871418,possibly forbidden,0.8151578886189726,0.33137669567629774
243,Rocky coastal 1,Crematogaster sp.||Astragalus balearicus,Crematogaster sp.,Astragalus balearicus,0.5,0,0,0,0,0,possibly forbidden,1,0,0,0.1,0.05,0.1,1.3604729634078634e-4,0.001224425667067077,0.007229003023878795,0.06506102721490915,0.001711153882547157,0.015400384942924413,0.09092379579723325,0.8183141621750993,0.11662481060999152,possibly forbidden,0.8183141621750993,0.32705667785405723
244,Rocky coastal 1,Crematogaster sp.||Daucus carota,Crematogaster sp.,Daucus carota,0.775564018932736,1,1,1,1,1,recurrent,1,22,0.029411764705882353,0.11764705882352941,0.06323529411764706,0.12058823529411766,0.031096828121057917,0.04293076486231909,0.034882874260222074,0.04815759558362604,0.16688631091634418,0.23039510476111247,0.18720475852985846,0.2584457629654598,0.6933966414509142,possibly forbidden,0.2584457629654598,0.8687864726947027
245,Rocky coastal 1,Crematogaster sp.||Dorycnium fulgurans,Crematogaster sp.,Dorycnium fulgurans,0.5,0,0,0,0,0,possibly forbidden,1,0,0,0.1,0.05,0.1,1.3604729634078634e-4,0.001224425667067077,0.007229003023878795,0.06506102721490915,0.001711153882547157,0.015400384942924413,0.09092379579723325,0.8183141621750993,0.11662481060999152,possibly forbidden,0.8183141621750993,0.32705667785405723
246,Rocky coastal 1,Crematogaster sp.||Euphorbia dendroides,Crematogaster sp.,Euphorbia dendroides,0.5299640567466664,0,0,0,0,0,possibly forbidden,1,16,0.0213903743315508,0.11283422459893049,0.059625668449197866,0.11497326203208556,2.1262259994786657e-4,0.0016366995484359034,0.009378034360444572,0.07218905519318962,0.0023363074680032942,0.01798413423044396,0.10304629760368983,0.793216848995845,0.13459409581096538,possibly forbidden,0.793216848995845,0.3607656050878819
247,Rocky coastal 1,Crematogaster sp.||Helichrysum stoechas,Crematogaster sp.,Helichrysum stoechas,0.5662743988295947,0,0,0,0,0,possibly forbidden,1,17,0.022727272727272728,0.11363636363636365,0.060227272727272727,0.11590909090909092,2.1819432164291188e-4,0.0016642664925312295,0.009521557054329761,0.07262520968890739,0.00237845363033112,0.018141538474486383,0.10379088590278714,0.7916598944349841,0.13571489587610852,possibly forbidden,0.7916598944349841,0.362810320442508
248,Rocky coastal 1,Crematogaster sp.||Lonicera implexa,Crematogaster sp.,Lonicera implexa,0.5,0,0,0,0,0,possibly forbidden,1,2,0.00267379679144385,0.10160427807486631,0.05120320855614974,0.1018716577540107,1.4438878552864288e-4,0.0012729709464323132,0.007482459670613671,0.06596740691231316,0.001784209249095358,0.015730075768271144,0.09246060004877302,0.8151578886189726,0.11887470446871418,possibly forbidden,0.8151578886189726,0.33137669567629774
249,Rocky coastal 1,Crematogaster sp.||Ruta chalepensis,Crematogaster sp.,Ruta chalepensis,0.5,0,0,0,0,0,possibly forbidden,1,2,0.00267379679144385,0.10160427807486631,0.05120320855614974,0.1018716577540107,1.4438878552864288e-4,0.0012729709464323132,0.007482459670613671,0.06596740691231316,0.001784209249095358,0.015730075768271144,0.09246060004877302,0.8151578886189726,0.11887470446871418,possibly forbidden,0.8151578886189726,0.33137669567629774
250,Rocky coastal 1,Crematogaster sp.||Salvia rosmarinus,Crematogaster sp.,Salvia rosmarinus,0.5,0,0,0,1,0,possibly forbidden,1,4,0.0053475935828877,0.10320855614973262,0.052406417112299465,0.10374331550802139,1.2140606921639315e-4,0.001354037054916729,0.00613921622939069,0.06847043410922579,0.0014742556260121502,0.01644231428399107,0.07454960138238474,0.8314487352448625,0.10008083064591167,possibly forbidden,0.8314487352448625,0.31214112690017864
251,Rocky coastal 1,Crematogaster sp.||Sedum sediforme,Crematogaster sp.,Sedum sediforme,0.5,0,0,0,1,0,possibly forbidden,1,7,0.009358288770053475,0.10561497326203209,0.05421122994652407,0.10655080213903743,1.3233077018764972e-4,0.0014324908181363159,0.006456551545077386,0.06989266964918178,0.001566089250923498,0.01695303721990478,0.07641107172912753,0.8271557590174611,0.10295157133335708,possibly forbidden,0.8271557590174611,0.31825495661895226
252,Rocky coastal 1,Crematogaster sp.||Teucrium capitatum,Crematogaster sp.,Teucrium capitatum,0.6696642005003676,0,0,0,1,0,possibly forbidden,1,33,0.044117647058823525,0.1264705882352941,0.06985294117647059,0.13088235294117648,2.5644926270049375e-4,0.0021984510290873915,0.009549997655822998,0.08186883422139711,0.002475404012705546,0.021220784344758763,0.0921823766214606,0.7902477028520671,0.12788346292653574,possibly forbidden,0.7902477028520671,0.36898826307361804
253,Rocky coastal 1,Dasytes nigroaeneus||Allium sp.,Dasytes nigroaeneus,Allium sp.,0.5782407312735509,0,0,0,1,0,possibly forbidden,8,2,0.0213903743315508,0.11283422459893049,0.059625668449197866,0.11497326203208556,1.6908078890471716e-4,0.0016802413594790527,0.007457558361285682,0.0741095311923485,0.0018578679308353684,0.018462573767611883,0.08194401393273416,0.8143191326668007,0.1115713361408508,possibly forbidden,0.8143191326668007,0.3362600101702769
254,Rocky coastal 1,Dasytes nigroaeneus||Astragalus balearicus,Dasytes nigroaeneus,Astragalus balearicus,0.5,0,0,0,0,0,possibly forbidden,8,0,0,0.1,0.05,0.1,1.3604729634078634e-4,0.001224425667067077,0.007229003023878795,0.06506102721490915,0.001711153882547157,0.015400384942924413,0.09092379579723325,0.8183141621750993,0.11662481060999152,possibly forbidden,0.8183141621750993,0.32705667785405723
255,Rocky coastal 1,Dasytes nigroaeneus||Daucus carota,Dasytes nigroaeneus,Daucus carota,0.775564018932736,1,1,0,2,0,locally unique,8,22,0.23529411764705882,0.2411764705882353,0.15588235294117647,0.26470588235294124,0.038746277277332,0.17937553746825416,0.01588770625799816,0.07355199129887614,0.08723267563933966,0.40384287671308094,0.03576929769890123,0.1655936376462177,0.7608543710549062,weakly supported,0.40384287671308094,0.811657453430918
256,Rocky coastal 1,Dasytes nigroaeneus||Dorycnium fulgurans,Dasytes nigroaeneus,Dorycnium fulgurans,0.5,0,0,0,0,0,possibly forbidden,8,0,0,0.1,0.05,0.1,1.3604729634078634e-4,0.001224425667067077,0.007229003023878795,0.06506102721490915,0.001711153882547157,0.015400384942924413,0.09092379579723325,0.8183141621750993,0.11662481060999152,possibly forbidden,0.8183141621750993,0.32705667785405723
257,Rocky coastal 1,Dasytes nigroaeneus||Euphorbia dendroides,Dasytes nigroaeneus,Euphorbia dendroides,0.5299640567466664,0,0,1,1,1,locally absent,8,16,0.1711229946524064,0.20267379679144384,0.1270053475935829,0.2197860962566845,0.004551344373401234,0.003058569605866857,0.08749115769300267,0.058795330290936754,0.02502273478206426,0.016815641661256066,0.4810156857218254,0.3232495358716467,0.6179551338374165,locally absent,0.4810156857218254,0.6252055260259353
258,Rocky coastal 1,Dasytes nigroaeneus||Helichrysum stoechas,Dasytes nigroaeneus,Helichrysum stoechas,0.5662743988295947,0,0,1,1,1,locally absent,8,17,0.18181818181818182,0.2090909090909091,0.13181818181818183,0.2272727272727273,0.004983908522609824,0.0032078509479341257,0.09179950126850785,0.05908597957368987,0.02634620829870032,0.01695751615063746,0.4852755164275022,0.3123435188104183,0.6285705016158918,locally absent,0.4852755164275022,0.630211507536828
259,Rocky coastal 1,Dasytes nigroaeneus||Lonicera implexa,Dasytes nigroaeneus,Lonicera implexa,0.5,0,0,0,1,0,possibly forbidden,8,2,0.0213903743315508,0.11283422459893049,0.059625668449197866,0.11497326203208556,1.6908078890471716e-4,0.0016802413594790527,0.007457558361285682,0.0741095311923485,0.0018578679308353684,0.018462573767611883,0.08194401393273416,0.8143191326668007,0.1115713361408508,possibly forbidden,0.8143191326668007,0.3362600101702769
260,Rocky coastal 1,Dasytes nigroaeneus||Ruta chalepensis,Dasytes nigroaeneus,Ruta chalepensis,0.5,0,0,0,1,0,possibly forbidden,8,2,0.0213903743315508,0.11283422459893049,0.059625668449197866,0.11497326203208556,1.6908078890471716e-4,0.0016802413594790527,0.007457558361285682,0.0741095311923485,0.0018578679308353684,0.018462573767611883,0.08194401393273416,0.8143191326668007,0.1115713361408508,possibly forbidden,0.8143191326668007,0.3362600101702769
261,Rocky coastal 1,Dasytes nigroaeneus||Salvia rosmarinus,Dasytes nigroaeneus,Salvia rosmarinus,0.5,0,0,0,1,0,possibly forbidden,8,4,0.0427807486631016,0.12566844919786097,0.06925133689839572,0.12994652406417112,2.5060651401684504e-4,0.0021661648374019385,0.009419579255578394,0.08141991618455345,0.0024366822081127756,0.0210619238683557,0.09158788737005157,0.7916572397619294,0.12692284405351717,possibly forbidden,0.7916572397619294,0.36710681080210195
262,Rocky coastal 1,Dasytes nigroaeneus||Sedum sediforme,Dasytes nigroaeneus,Sedum sediforme,0.5,0,0,1,2,1,locally absent,8,7,0.0748663101604278,0.1449197860962567,0.08368983957219252,0.15240641711229946,0.0014498926771489376,0.0019706220193136123,0.04439565964469628,0.0603403726611168,0.011955608120860375,0.016249467969988194,0.3660802743157525,0.49755810259112326,0.44210152474776,possibly forbidden,0.49755810259112326,0.5600089579998385
263,Rocky coastal 1,Dasytes nigroaeneus||Teucrium capitatum,Dasytes nigroaeneus,Teucrium capitatum,0.6696642005003676,0,0,1,3,1,locally absent,8,33,0.3529411764705882,0.31176470588235294,0.20882352941176469,0.34705882352941175,0.013247439334766532,0.00786328183366108,0.14036562398542368,0.08331681567006292,0.040869429331739,0.02425886490930832,0.4330393825637264,0.257039162371312,0.659644021958625,locally absent,0.4330393825637264,0.7264221746187477
264,Rocky coastal 1,Eristalis tenax||Allium sp.,Eristalis tenax,Allium sp.,0.5782407312735509,0,0,0,0,0,possibly forbidden,0,2,0,0.1,0.05,0.1,1.3604729634078634e-4,0.001224425667067077,0.007229003023878795,0.06506102721490915,0.001711153882547157,0.015400384942924413,0.09092379579723325,0.8183141621750993,0.11662481060999152,possibly forbidden,0.8183141621750993,0.32705667785405723
265,Rocky coastal 1,Eristalis tenax||Astragalus balearicus,Eristalis tenax,Astragalus balearicus,0.5,0,0,0,0,0,possibly forbidden,0,0,0,0.1,0.05,0.1,1.3604729634078634e-4,0.001224425667067077,0.007229003023878795,0.06506102721490915,0.001711153882547157,0.015400384942924413,0.09092379579723325,0.8183141621750993,0.11662481060999152,possibly forbidden,0.8183141621750993,0.32705667785405723
266,Rocky coastal 1,Eristalis tenax||Daucus carota,Eristalis tenax,Daucus carota,0.775564018932736,1,1,0,0,0,locally unique,0,22,0,0.1,0.05,0.1,0.005511421704679546,0.04960279534211593,0.007929438510374214,0.07136494659336792,0.03549355577813629,0.3194420020032266,0.05106558400680995,0.45959025606128945,0.46904479734534266,possibly forbidden,0.45959025606128945,0.6716427317608449
267,Rocky coastal 1,Eristalis tenax||Dorycnium fulgurans,Eristalis tenax,Dorycnium fulgurans,0.5,0,0,0,0,0,possibly forbidden,0,0,0,0.1,0.05,0.1,1.3604729634078634e-4,0.001224425667067077,0.007229003023878795,0.06506102721490915,0.001711153882547157,0.015400384942924413,0.09092379579723325,0.8183141621750993,0.11662481060999152,possibly forbidden,0.8183141621750993,0.32705667785405723
268,Rocky coastal 1,Eristalis tenax||Euphorbia dendroides,Eristalis tenax,Euphorbia dendroides,0.5299640567466664,0,0,0,0,0,possibly forbidden,0,16,0,0.1,0.05,0.1,1.3604729634078634e-4,0.001224425667067077,0.007229003023878795,0.06506102721490915,0.001711153882547157,0.015400384942924413,0.09092379579723325,0.8183141621750993,0.11662481060999152,possibly forbidden,0.8183141621750993,0.32705667785405723
269,Rocky coastal 1,Eristalis tenax||Helichrysum stoechas,Eristalis tenax,Helichrysum stoechas,0.5662743988295947,0,0,0,0,0,possibly forbidden,0,17,0,0.1,0.05,0.1,1.3604729634078634e-4,0.001224425667067077,0.007229003023878795,0.06506102721490915,0.001711153882547157,0.015400384942924413,0.09092379579723325,0.8183141621750993,0.11662481060999152,possibly forbidden,0.8183141621750993,0.32705667785405723
270,Rocky coastal 1,Eristalis tenax||Lonicera implexa,Eristalis tenax,Lonicera implexa,0.5,0,0,0,0,0,possibly forbidden,0,2,0,0.1,0.05,0.1,1.3604729634078634e-4,0.001224425667067077,0.007229003023878795,0.06506102721490915,0.001711153882547157,0.015400384942924413,0.09092379579723325,0.8183141621750993,0.11662481060999152,possibly forbidden,0.8183141621750993,0.32705667785405723
271,Rocky coastal 1,Eristalis tenax||Ruta chalepensis,Eristalis tenax,Ruta chalepensis,0.5,0,0,0,0,0,possibly forbidden,0,2,0,0.1,0.05,0.1,1.3604729634078634e-4,0.001224425667067077,0.007229003023878795,0.06506102721490915,0.001711153882547157,0.015400384942924413,0.09092379579723325,0.8183141621750993,0.11662481060999152,possibly forbidden,0.8183141621750993,0.32705667785405723
272,Rocky coastal 1,Eristalis tenax||Salvia rosmarinus,Eristalis tenax,Salvia rosmarinus,0.5,0,0,0,0,0,possibly forbidden,0,4,0,0.1,0.05,0.1,1.3604729634078634e-4,0.001224425667067077,0.007229003023878795,0.06506102721490915,0.001711153882547157,0.015400384942924413,0.09092379579723325,0.8183141621750993,0.11662481060999152,possibly forbidden,0.8183141621750993,0.32705667785405723
273,Rocky coastal 1,Eristalis tenax||Sedum sediforme,Eristalis tenax,Sedum sediforme,0.5,0,0,0,0,0,possibly forbidden,0,7,0,0.1,0.05,0.1,1.3604729634078634e-4,0.001224425667067077,0.007229003023878795,0.06506102721490915,0.001711153882547157,0.015400384942924413,0.09092379579723325,0.8183141621750993,0.11662481060999152,possibly forbidden,0.8183141621750993,0.32705667785405723
274,Rocky coastal 1,Eristalis tenax||Teucrium capitatum,Eristalis tenax,Teucrium capitatum,0.6696642005003676,0,0,0,0,0,possibly forbidden,0,33,0,0.1,0.05,0.1,1.3604729634078634e-4,0.001224425667067077,0.007229003023878795,0.06506102721490915,0.001711153882547157,0.015400384942924413,0.09092379579723325,0.8183141621750993,0.11662481060999152,possibly forbidden,0.8183141621750993,0.32705667785405723
275,Rocky coastal 1,Eumenes dubius||Allium sp.,Eumenes dubius,Allium sp.,0.6271477665779155,0,0,0,0,0,possibly forbidden,2,2,0.0053475935828877,0.10320855614973262,0.052406417112299465,0.10374331550802139,1.5306736154108323e-4,0.0013223757625920388,0.007740252495022244,0.06686939784359423,0.001858724364994987,0.016057845545008234,0.09399127128646309,0.8120070653407842,0.1211235368156216,possibly forbidden,0.8120070653407842,0.33566531126818433
276,Rocky coastal 1,Eumenes dubius||Astragalus balearicus,Eumenes dubius,Astragalus balearicus,0.5443277588267654,0,0,0,0,0,possibly forbidden,2,0,0,0.1,0.05,0.1,1.3604729634078634e-4,0.001224425667067077,0.007229003023878795,0.06506102721490915,0.001711153882547157,0.015400384942924413,0.09092379579723325,0.8183141621750993,0.11662481060999152,possibly forbidden,0.8183141621750993,0.32705667785405723
277,Rocky coastal 1,Eumenes dubius||Daucus carota,Eumenes dubius,Daucus carota,0.8091419572120482,1,1,0,1,0,locally unique,2,22,0.058823529411764705,0.13529411764705884,0.07647058823529412,0.1411764705882353,0.01058568630152257,0.08313396628318405,0.009680560700907722,0.07602562403495981,0.04841187201896322,0.38019933913509507,0.04427243093881799,0.3476905205865496,0.5762838553784906,weakly supported,0.38019933913509507,0.7287107026977446
278,Rocky coastal 1,Eumenes dubius||Dorycnium fulgurans,Eumenes dubius,Dorycnium fulgurans,0.5443277588267654,0,0,0,0,0,possibly forbidden,2,0,0,0.1,0.05,0.1,1.3604729634078634e-4,0.001224425667067077,0.007229003023878795,0.06506102721490915,0.001711153882547157,0.015400384942924413,0.09092379579723325,0.8183141621750993,0.11662481060999152,possibly forbidden,0.8183141621750993,0.32705667785405723
279,Rocky coastal 1,Eumenes dubius||Euphorbia dendroides,Eumenes dubius,Euphorbia dendroides,0.5188799131832045,0,1,0,0,0,weakly supported,2,16,0.0427807486631016,0.12566844919786097,0.06925133689839572,0.12994652406417112,0.006005943162227716,0.04021263178989504,0.006112384554535281,0.0409253072848926,0.058396625896776015,0.3909930466421999,0.059431570450632104,0.39792249021884135,0.5611522024962661,possibly forbidden,0.39792249021884135,0.6681607580016359
280,Rocky coastal 1,Eumenes dubius||Helichrysum stoechas,Eumenes dubius,Helichrysum stoechas,0.6156467081084659,0,0,0,0,0,possibly forbidden,2,17,0.045454545454545456,0.1272727272727273,0.07045454545454546,0.13181818181818183,3.28668345033343e-4,0.002164677720736845,0.01212702805046351,0.07987111578063898,0.0031496167935759576,0.020744027847345095,0.11621286862910903,0.7654019968330973,0.15472688738626372,possibly forbidden,0.7654019968330973,0.39654203298133717
281,Rocky coastal 1,Eumenes dubius||Lonicera implexa,Eumenes dubius,Lonicera implexa,0.5,0,0,0,0,0,possibly forbidden,2,2,0.0053475935828877,0.10320855614973262,0.052406417112299465,0.10374331550802139,1.5306736154108323e-4,0.0013223757625920388,0.007740252495022244,0.06686939784359423,0.001858724364994987,0.016057845545008234,0.09399127128646309,0.8120070653407842,0.1211235368156216,possibly forbidden,0.8120070653407842,0.33566531126818433
282,Rocky coastal 1,Eumenes dubius||Ruta chalepensis,Eumenes dubius,Ruta chalepensis,0.5077771517212307,0,0,0,0,0,possibly forbidden,2,2,0.0053475935828877,0.10320855614973262,0.052406417112299465,0.10374331550802139,1.5306736154108323e-4,0.0013223757625920388,0.007740252495022244,0.06686939784359423,0.001858724364994987,0.016057845545008234,0.09399127128646309,0.8120070653407842,0.1211235368156216,possibly forbidden,0.8120070653407842,0.33566531126818433
283,Rocky coastal 1,Eumenes dubius||Salvia rosmarinus,Eumenes dubius,Salvia rosmarinus,0.5199893412858596,0,0,0,1,0,possibly forbidden,2,4,0.0106951871657754,0.10641711229946524,0.054812834224598934,0.10748663101604279,1.3611548128255411e-4,0.0014591020559303859,0.006564142040805153,0.07036490674617667,0.0015973038507821182,0.01712244125841714,0.07702966084433713,0.8257263277222688,0.10390876553155448,possibly forbidden,0.8257263277222688,0.320280173187666
284,Rocky coastal 1,Eumenes dubius||Sedum sediforme,Eumenes dubius,Sedum sediforme,0.5321776900098669,0,0,0,1,0,possibly forbidden,2,7,0.01871657754010695,0.11122994652406418,0.05842245989304813,0.11310160427807488,1.6038064626559836e-4,0.0016235846263563723,0.007228748256275908,0.07317893280747725,0.001790920409430856,0.0181300606493659,0.0807211661023165,0.8171662065025116,0.10965486069001118,possibly forbidden,0.8171662065025116,0.33230136665367266
285,Rocky coastal 1,Eumenes dubius||Teucrium capitatum,Eumenes dubius,Teucrium capitatum,0.7132274762460605,1,0,0,2,0,phantom,2,33,0.08823529411764705,0.15294117647058825,0.08970588235294118,0.16176470588235295,7.117243198064859e-4,0.006146525824414419,0.020197960103278224,0.17443170047785733,0.0028206182274177036,0.024359154651833137,0.08004606957853032,0.6912862468168623,0.13428205270528037,possibly forbidden,0.6912862468168623,0.47333398166810237
286,Rocky coastal 1,Exoprosopa cf. bowdeni||Allium sp.,Exoprosopa cf. bowdeni,Allium sp.,0.6735849586345595,0,0,0,1,0,possibly forbidden,6,2,0.016042780748663103,0.10962566844919787,0.0572192513368984,0.11122994652406418,1.5199054155536589e-4,0.0015678413488515153,0.007003578277148926,0.07224462456982861,0.0017251766892949234,0.017795866241887556,0.07949448604989896,0.8200164362815342,0.10773893914863719,possibly forbidden,0.8200164362815342,0.32831876092593004
287,Rocky coastal 1,Exoprosopa cf. bowdeni||Astragalus balearicus,Exoprosopa cf. bowdeni,Astragalus balearicus,0.5944089606331424,0,0,0,0,0,possibly forbidden,6,0,0,0.1,0.05,0.1,1.3604729634078634e-4,0.001224425667067077,0.007229003023878795,0.06506102721490915,0.001711153882547157,0.015400384942924413,0.09092379579723325,0.8183141621750993,0.11662481060999152,possibly forbidden,0.8183141621750993,0.32705667785405723
288,Rocky coastal 1,Exoprosopa cf. bowdeni||Daucus carota,Exoprosopa cf. bowdeni,Daucus carota,0.8387408229600046,1,1,0,2,0,locally unique,6,22,0.17647058823529413,0.20588235294117646,0.12941176470588237,0.22352941176470592,0.02595260844486797,0.15024744073929708,0.013220419667080926,0.07653697795726462,0.07162919930783561,0.4146829364404601,0.03648835828114337,0.21124205916205038,0.712220962880685,weakly supported,0.4146829364404601,0.7870054956510574
289,Rocky coastal 1,Exoprosopa cf. bowdeni||Dorycnium fulgurans,Exoprosopa cf. bowdeni,Dorycnium fulgurans,0.5944089606331424,0,0,0,0,0,possibly forbidden,6,0,0,0.1,0.05,0.1,1.3604729634078634e-4,0.001224425667067077,0.007229003023878795,0.06506102721490915,0.001711153882547157,0.015400384942924413,0.09092379579723325,0.8183141621750993,0.11662481060999152,possibly forbidden,0.8183141621750993,0.32705667785405723
290,Rocky coastal 1,Exoprosopa cf. bowdeni||Euphorbia dendroides,Exoprosopa cf. bowdeni,Euphorbia dendroides,0.6292239222450218,0,0,0,1,0,possibly forbidden,6,16,0.12834224598930483,0.17700534759358288,0.10775401069518717,0.1898395721925134,8.481635641637655e-4,0.0046728491226016465,0.019641093467773877,0.1082101026920593,0.0055112089880243915,0.030363303933663943,0.12762416994527023,0.7031291082864429,0.18866078902149774,possibly forbidden,0.7031291082864429,0.4780353437588213
291,Rocky coastal 1,Exoprosopa cf. bowdeni||Helichrysum stoechas,Exoprosopa cf. bowdeni,Helichrysum stoechas,0.60507741930243375,0,1,1,1,1,model-elusive,6,17,0.13636363636363638,0.18181818181818182,0.11136363636363637,0.1954545454545455,0.04806631199592129,0.03745508725129139,0.029043347490186198,0.022631674225532573,0.3022803782352192,0.2355482971548603,0.18264838095536348,0.1423265226916256,0.8350418030828418,model-elusive,0.3022803782352192,0.8404522801403073
292,Rocky coastal 1,Exoprosopa cf. bowdeni||Lonicera implexa,Exoprosopa cf. bowdeni,Lonicera implexa,0.546531628005847,0,0,0,1,0,possibly forbidden,6,2,0.016042780748663103,0.10962566844919787,0.0572192513368984,0.11122994652406418,1.5199054155536589e-4,0.0015678413488515153,0.007003578277148926,0.07224462456982861,0.0017251766892949234,0.017795866241887556,0.07949448604989896,0.8200164362815342,0.10773893914863719,possibly forbidden,0.8200164362815342,0.32831876092593004
293,Rocky coastal 1,Exoprosopa cf. bowdeni||Ruta chalepensis,Exoprosopa cf. bowdeni,Ruta chalepensis,0.5586180937800139,0,0,0,1,0,possibly forbidden,6,2,0.016042780748663103,0.10962566844919787,0.0572192513368984,0.11122994652406418,1.5199054155536589e-4,0.0015678413488515153,0.007003578277148926,0.07224462456982861,0.0017251766892949234,0.017795866241887556,0.07949448604989896,0.8200164362815342,0.10773893914863719,possibly forbidden,0.8200164362815342,0.32831876092593004
294,Rocky coastal 1,Exoprosopa cf. bowdeni||Salvia rosmarinus,Exoprosopa cf. bowdeni,Salvia rosmarinus,0.5706354970812096,0,0,0,1,0,possibly forbidden,6,4,0.03208556149732621,0.11925133689839573,0.06443850267379679,0.12245989304812835,2.0710814134066116e-4,0.0019159674953132015,0.008409282862256392,0.0777946850311209,0.0021376792880070054,0.019775775132320126,0.08679692495559319,0.8029625770940486,0.11924273787483053,possibly forbidden,0.8029625770940486,0.35186190284515206
295,Rocky coastal 1,Exoprosopa cf. bowdeni||Sedum sediforme,Exoprosopa cf. bowdeni,Sedum sediforme,0.5825702032504416,0,0,0,2,0,possibly forbidden,6,7,0.05614973262032086,0.13368983957219252,0.07526737967914439,0.1393048128342246,2.4894575953109447e-4,0.0025634433273914884,0.008553601314558863,0.08807811089561554,0.0022544280583623334,0.0232142880207254,0.07746056345730944,0.7976266191665058,0.11429526993787864,possibly forbidden,0.7976266191665058,0.36147670200134074
296,Rocky coastal 1,Exoprosopa cf. bowdeni||Teucrium capitatum,Exoprosopa cf. bowdeni,Teucrium capitatum,0.7040516272240208,1,1,2,3,1,recurrent,6,33,0.2647058823529412,0.2588235294117647,0.16911764705882354,0.2852941176470588,0.21421081484361568,0.024826997586134276,0.07969245267982011,0.0092363419268043645,0.43893743332500884,0.05087277505376971,0.1632970803093769,0.018926104275470042,0.9718375537977256,model-elusive,0.43893743332500884,0.7456894951154301
297,Rocky coastal 1,Hydrellia sp||Allium sp.,Hydrellia sp,Allium sp.,0.6735849586345595,0,0,0,0,0,possibly forbidden,2,2,0.0053475935828877,0.10320855614973262,0.052406417112299465,0.10374331550802139,1.5306736154108323e-4,0.0013223757625920388,0.007740252495022244,0.06686939784359423,0.001858724364994987,0.016057845545008234,0.09399127128646309,0.8120070653407842,0.1211235368156216,possibly forbidden,0.8120070653407842,0.33566531126818433
298,Rocky coastal 1,Hydrellia sp||Astragalus balearicus,Hydrellia sp,Astragalus balearicus,0.5944089606331424,0,0,0,0,0,possibly forbidden,2,0,0,0.1,0.05,0.1,1.3604729634078634e-4,0.001224425667067077,0.007229003023878795,0.06506102721490915,0.001711153882547157,0.015400384942924413,0.09092379579723325,0.8183141621750993,0.11662481060999152,possibly forbidden,0.8183141621750993,0.32705667785405723
299,Rocky coastal 1,Hydrellia sp||Daucus carota,Hydrellia sp,Daucus carota,0.8387408229600046,1,1,0,0,0,locally unique,2,22,0.058823529411764705,0.13529411764705884,0.07647058823529412,0.1411764705882353,0.013231009776664464,0.08048864280804215,0.012099696668593063,0.07360648806727446,0.060509818045278815,0.3681013931087795,0.05533594609769894,0.3366270054276686,0.5897665065050569,weakly supported,0.3681013931087795,0.7548972198587496
300,Rocky coastal 1,Hydrellia sp||Dorycnium fulgurans,Hydrellia sp,Dorycnium fulgurans,0.5332840391903567,0,1,0,0,0,weakly supported,2,0,0,0.1,0.05,0.1,0.003020037225404095,0.027180335028636857,0.004345013094815487,0.03910511785333938,0.03798494025741174,0.3418644623167057,0.05465000942236868,0.4918500848013181,0.46904479734534255,possibly forbidden,0.4918500848013181,0.6083078184653574
301,Rocky coastal 1,Hydrellia sp||Euphorbia dendroides,Hydrellia sp,Euphorbia dendroides,0.6292239222450218,0,0,0,0,0,possibly forbidden,2,16,0.0427807486631016,0.12566844919786097,0.06925133689839572,0.12994652406417112,3.140510365747403e-4,0.0021027203148440434,0.011804276680188255,0.07903521875994358,0.003053562179990289,0.020445043896478193,0.11477463416741783,0.7684704929645632,0.15249428827549327,possibly forbidden,0.7684704929645632,0.3926708295244969
302,Rocky coastal 1,Hydrellia sp||Helichrysum stoechas,Hydrellia sp,Helichrysum stoechas,0.6627460191481467,0,0,0,0,0,possibly forbidden,2,17,0.045454545454545456,0.1272727272727273,0.07045454545454546,0.13181818181818183,3.28668345033343e-4,0.002164677720736845,0.01212702805046351,0.07987111578063898,0.0031496167935759576,0.020744027847345095,0.11621286862910903,0.7654019968330973,0.15472688738626372,possibly forbidden,0.7654019968330973,0.39654203298133717
303,Rocky coastal 1,Hydrellia sp||Lonicera implexa,Hydrellia sp,Lonicera implexa,0.546531628005847,0,0,0,0,0,possibly forbidden,2,2,0.0053475935828877,0.10320855614973262,0.052406417112299465,0.10374331550802139,1.5306736154108323e-4,0.0013223757625920388,0.007740252495022244,0.06686939784359423,0.001858724364994987,0.016057845545008234,0.09399127128646309,0.8120070653407842,0.1211235368156216,possibly forbidden,0.8120070653407842,0.33566531126818433
304,Rocky coastal 1,Hydrellia sp||Ruta chalepensis,Hydrellia sp,Ruta chalepensis,0.5586180937800139,0,0,0,0,0,possibly forbidden,2,2,0.0053475935828877,0.10320855614973262,0.052406417112299465,0.10374331550802139,1.5306736154108323e-4,0.0013223757625920388,0.007740252495022244,0.06686939784359423,0.001858724364994987,0.016057845545008234,0.09399127128646309,0.8120070653407842,0.1211235368156216,possibly forbidden,0.8120070653407842,0.33566531126818433
305,Rocky coastal 1,Hydrellia sp||Salvia rosmarinus,Hydrellia sp,Salvia rosmarinus,0.5706354970812096,0,0,0,0,0,possibly forbidden,2,4,0.0106951871657754,0.10641711229946524,0.054812834224598934,0.10748663101604279,1.7146455881272778e-4,0.0014237529784002121,0.00826884428138147,0.06866020450560036,0.0020121223352668727,0.016707622773932385,0.09703419984058173,0.8057217887260242,0.12561800676837542,possibly forbidden,0.8057217887260242,0.3441504130691407
306,Rocky coastal 1,Hydrellia sp||Sedum sediforme,Hydrellia sp,Sedum sediforme,0.5210985760473904,0,1,0,0,0,weakly supported,2,7,0.01871657754010695,0.11122994652406418,0.05842245989304813,0.11310160427807488,0.004186640218676114,0.032829989610753355,0.005109366840224068,0.040065649666721596,0.04675089912129517,0.36660220422065254,0.05705469809787954,0.44740055222379765,0.5125337981094807,possibly forbidden,0.44740055222379765,0.6373123415184873
307,Rocky coastal 1,Hydrellia sp||Teucrium capitatum,Hydrellia sp,Teucrium capitatum,0.7531633837576246,1,0,0,1,0,phantom,2,33,0.08823529411764705,0.15294117647058825,0.08970588235294118,0.16176470588235295,8.918866640420217e-4,0.0059663634801788825,0.025310770976414935,0.16931888960472063,0.0035346154562649968,0.023645157422985848,0.10030853236191518,0.6710237840334775,0.15965732636180185,possibly forbidden,0.6710237840334775,0.49890412479285734
308,Rocky coastal 1,Hylaeus imparilis||Allium sp.,Hylaeus imparilis,Allium sp.,0.6271477665779155,0,0,0,1,0,possibly forbidden,3,2,0.008021390374331552,0.10481283422459893,0.0536096256684492,0.10561497326203209,1.2861814111254918e-4,0.0014061094339926678,0.006349867427804215,0.06941951125716515,0.0015351762850184321,0.016783214549161436,0.0757915314578038,0.8285859714479418,0.10199451729489306,possibly forbidden,0.8285859714479418,0.31622341154876005
309,Rocky coastal 1,Hylaeus imparilis||Astragalus balearicus,Hylaeus imparilis,Astragalus balearicus,0.5443277588267654,0,0,0,0,0,possibly forbidden,3,0,0,0.1,0.05,0.1,1.3604729634078634e-4,0.001224425667067077,0.007229003023878795,0.06506102721490915,0.001711153882547157,0.015400384942924413,0.09092379579723325,0.8183141621750993,0.11662481060999152,possibly forbidden,0.8183141621750993,0.32705667785405723
310,Rocky coastal 1,Hylaeus imparilis||Daucus carota,Hylaeus imparilis,Daucus carota,0.8091419572120482,1,1,0,1,0,locally unique,3,22,0.08823529411764706,0.15294117647058825,0.08970588235294119,0.16176470588235295,0.014817175425853866,0.09912095101811416,0.011385482214603088,0.07616430206678534,0.05872160599538396,0.39282395357332633,0.04512154182279624,0.301844987883137,0.6219907100500777,weakly supported,0.39282395357332633,0.7566830840371361
311,Rocky coastal 1,Hylaeus imparilis||Dorycnium fulgurans,Hylaeus imparilis,Dorycnium fulgurans,0.5443277588267654,0,0,0,0,0,possibly forbidden,3,0,0,0.1,0.05,0.1,1.3604729634078634e-4,0.001224425667067077,0.007229003023878795,0.06506102721490915,0.001711153882547157,0.015400384942924413,0.09092379579723325,0.8183141621750993,0.11662481060999152,possibly forbidden,0.8183141621750993,0.32705667785405723
312,Rocky coastal 1,Hylaeus imparilis||Euphorbia dendroides,Hylaeus imparilis,Euphorbia dendroides,0.5804070144486762,0,0,0,1,0,possibly forbidden,3,16,0.06417112299465241,0.13850267379679146,0.07887700534759359,0.1449197860962567,3.5570433582633585e-4,0.002709481555371469,0.011616926971998402,0.08848879867490377,0.003092014895528696,0.023552587035259195,0.10098193252056686,0.7692025540105454,0.14230864731455084,possibly forbidden,0.7692025540105454,0.39659691662932833
313,Rocky coastal 1,Hylaeus imparilis||Helichrysum stoechas,Hylaeus imparilis,Helichrysum stoechas,0.6156467081084659,0,0,1,1,1,locally absent,3,17,0.06818181818181819,0.14090909090909093,0.08068181818181819,0.14772727272727273,0.0015276012693396686,0.0016683728847556964,0.04867826307237896,0.05316406566097413,0.013015677014359727,0.014215098562259264,0.41475518676676315,0.4529757347691694,0.4938601995698565,possibly forbidden,0.4529757347691694,0.5599645655911506
314,Rocky coastal 1,Hylaeus imparilis||Lonicera implexa,Hylaeus imparilis,Lonicera implexa,0.5,0,0,0,1,0,possibly forbidden,3,2,0.008021390374331552,0.10481283422459893,0.0536096256684492,0.10561497326203209,1.2861814111254918e-4,0.0014061094339926678,0.006349867427804215,0.06941951125716515,0.0015351762850184321,0.016783214549161436,0.0757915314578038,0.8285859714479418,0.10199451729489306,possibly forbidden,0.8285859714479418,0.31622341154876005
315,Rocky coastal 1,Hylaeus imparilis||Ruta chalepensis,Hylaeus imparilis,Ruta chalepensis,0.5077771517212307,0,0,0,1,0,possibly forbidden,3,2,0.008021390374331552,0.10481283422459893,0.0536096256684492,0.10561497326203209,1.2861814111254918e-4,0.0014061094339926678,0.006349867427804215,0.06941951125716515,0.0015351762850184321,0.016783214549161436,0.0757915314578038,0.8285859714479418,0.10199451729489306,possibly forbidden,0.8285859714479418,0.31622341154876005
316,Rocky coastal 1,Hylaeus imparilis||Salvia rosmarinus,Hylaeus imparilis,Salvia rosmarinus,0.5199893412858596,0,0,0,0,0,possibly forbidden,3,4,0.016042780748663103,0.10962566844919787,0.0572192513368984,0.11122994652406418,1.9129680920033758e-4,0.0015285350812065436,0.0088147733647975,0.07043342948218002,0.0021713245613293884,0.01734971836985309,0.10005255178873694,0.7994583705426961,0.1301081999751239,possibly forbidden,0.7994583705426961,0.35251594907308464
317,Rocky coastal 1,Hylaeus imparilis||Sedum sediforme,Hylaeus imparilis,Sedum sediforme,0.5321776900098669,0,0,0,1,0,possibly forbidden,3,7,0.02807486631016043,0.11684491978609626,0.0626336898395722,0.1196524064171123,1.9222893940532208e-4,0.0018258680148672262,0.008045536379086964,0.0764197502336053,0.0020304979183670456,0.019286488365748262,0.08498431568327178,0.8072153144656481,0.11636493530074665,possibly forbidden,0.8072153144656481,0.34605409092885814
318,Rocky coastal 1,Hylaeus imparilis||Teucrium capitatum,Hylaeus imparilis,Teucrium capitatum,0.6597594065089132,0,1,1,2,1,model-elusive,3,33,0.1323529411764706,0.17941176470588235,0.10955882352941176,0.19264705882352942,0.04137138954485281,0.04237251331821971,0.025461452491698,0.02607758034416609,0.2644424171345214,0.27084151548225655,0.16274744732372895,0.16668568436055659,0.8072367352952773,weakly supported,0.27084151548225655,0.8434577691247943
319,Rocky coastal 1,Lasiommata megera||Allium sp.,Lasiommata megera,Allium sp.,0.5782407312735509,0,0,0,0,0,possibly forbidden,1,2,0.00267379679144385,0.10160427807486631,0.05120320855614974,0.1018716577540107,1.4438878552864288e-4,0.0012729709464323132,0.007482459670613671,0.06596740691231316,0.001784209249095358,0.015730075768271144,0.09246060004877302,0.8151578886189726,0.11887470446871418,possibly forbidden,0.8151578886189726,0.33137669567629774
320,Rocky coastal 1,Lasiommata megera||Astragalus balearicus,Lasiommata megera,Astragalus balearicus,0.5,0,0,0,0,0,possibly forbidden,1,0,0,0.1,0.05,0.1,1.3604729634078634e-4,0.001224425667067077,0.007229003023878795,0.06506102721490915,0.001711153882547157,0.015400384942924413,0.09092379579723325,0.8183141621750993,0.11662481060999152,possibly forbidden,0.8183141621750993,0.32705667785405723
321,Rocky coastal 1,Lasiommata megera||Daucus carota,Lasiommata megera,Daucus carota,0.775564018932736,1,1,0,0,0,locally unique,1,22,0.029411764705882353,0.11764705882352941,0.06323529411764706,0.12058823529411766,0.00892685680093664,0.06510073618244037,0.010013703716464038,0.07302676612738407,0.04790746483169331,0.34937395084576334,0.053740209945023674,0.3919103115502946,0.5350629223223213,possibly forbidden,0.3919103115502946,0.7186406503911594
322,Rocky coastal 1,Lasiommata megera||Dorycnium fulgurans,Lasiommata megera,Dorycnium fulgurans,0.5,0,0,0,0,0,possibly forbidden,1,0,0,0.1,0.05,0.1,1.3604729634078634e-4,0.001224425667067077,0.007229003023878795,0.06506102721490915,0.001711153882547157,0.015400384942924413,0.09092379579723325,0.8183141621750993,0.11662481060999152,possibly forbidden,0.8183141621750993,0.32705667785405723
323,Rocky coastal 1,Lasiommata megera||Euphorbia dendroides,Lasiommata megera,Euphorbia dendroides,0.5299640567466664,0,0,0,0,0,possibly forbidden,1,16,0.0213903743315508,0.11283422459893049,0.059625668449197866,0.11497326203208556,2.1262259994786657e-4,0.0016366995484359034,0.009378034360444572,0.07218905519318962,0.0023363074680032942,0.01798413423044396,0.10304629760368983,0.793216848995845,0.13459409581096538,possibly forbidden,0.793216848995845,0.3607656050878819
324,Rocky coastal 1,Lasiommata megera||Helichrysum stoechas,Lasiommata megera,Helichrysum stoechas,0.5662743988295947,0,0,0,0,0,possibly forbidden,1,17,0.022727272727272728,0.11363636363636365,0.060227272727272727,0.11590909090909092,2.1819432164291188e-4,0.0016642664925312295,0.009521557054329761,0.07262520968890739,0.00237845363033112,0.018141538474486383,0.10379088590278714,0.7916598944349841,0.13571489587610852,possibly forbidden,0.7916598944349841,0.362810320442508
325,Rocky coastal 1,Lasiommata megera||Lonicera implexa,Lasiommata megera,Lonicera implexa,0.5,0,0,0,0,0,possibly forbidden,1,2,0.00267379679144385,0.10160427807486631,0.05120320855614974,0.1018716577540107,1.4438878552864288e-4,0.0012729709464323132,0.007482459670613671,0.06596740691231316,0.001784209249095358,0.015730075768271144,0.09246060004877302,0.8151578886189726,0.11887470446871418,possibly forbidden,0.8151578886189726,0.33137669567629774
326,Rocky coastal 1,Lasiommata megera||Ruta chalepensis,Lasiommata megera,Ruta chalepensis,0.5,0,0,0,0,0,possibly forbidden,1,2,0.00267379679144385,0.10160427807486631,0.05120320855614974,0.1018716577540107,1.4438878552864288e-4,0.0012729709464323132,0.007482459670613671,0.06596740691231316,0.001784209249095358,0.015730075768271144,0.09246060004877302,0.8151578886189726,0.11887470446871418,possibly forbidden,0.8151578886189726,0.33137669567629774
327,Rocky coastal 1,Lasiommata megera||Salvia rosmarinus,Lasiommata megera,Salvia rosmarinus,0.5,0,0,0,0,0,possibly forbidden,1,4,0.0053475935828877,0.10320855614973262,0.052406417112299465,0.10374331550802139,1.5306736154108323e-4,0.0013223757625920388,0.007740252495022244,0.06686939784359423,0.001858724364994987,0.016057845545008234,0.09399127128646309,0.8120070653407842,0.1211235368156216,possibly forbidden,0.8120070653407842,0.33566531126818433
328,Rocky coastal 1,Lasiommata megera||Sedum sediforme,Lasiommata megera,Sedum sediforme,0.5,0,0,0,0,0,possibly forbidden,1,7,0.009358288770053475,0.10561497326203209,0.05421122994652407,0.10655080213903743,1.6673299544040112e-4,0.0013980885928835643,0.008135070760939113,0.06821415043332006,0.0019732277803810347,0.016545898690447244,0.09627577060227689,0.8072910601443116,0.12449478942236836,possibly forbidden,0.8072910601443116,0.34204049680679227
329,Rocky coastal 1,Lasiommata megera||Teucrium capitatum,Lasiommata megera,Teucrium capitatum,0.6696642005003676,0,0,0,1,0,possibly forbidden,1,33,0.044117647058823525,0.1264705882352941,0.06985294117647059,0.13088235294117648,2.5644926270049375e-4,0.0021984510290873915,0.009549997655822998,0.08186883422139711,0.002475404012705546,0.021220784344758763,0.0921823766214606,0.7902477028520671,0.12788346292653574,possibly forbidden,0.7902477028520671,0.36898826307361804
330,Rocky coastal 1,Lydella nigrescens||Allium sp.,Lydella nigrescens,Allium sp.,0.6271477665779155,0,0,0,1,0,possibly forbidden,4,2,0.0106951871657754,0.10641711229946524,0.054812834224598934,0.10748663101604279,1.3611548128255411e-4,0.0014591020559303859,0.006564142040805153,0.07036490674617667,0.0015973038507821182,0.01712244125841714,0.07702966084433713,0.8257263277222688,0.10390876553155448,possibly forbidden,0.8257263277222688,0.320280173187666
331,Rocky coastal 1,Lydella nigrescens||Astragalus balearicus,Lydella nigrescens,Astragalus balearicus,0.5443277588267654,0,0,0,0,0,possibly forbidden,4,0,0,0.1,0.05,0.1,1.3604729634078634e-4,0.001224425667067077,0.007229003023878795,0.06506102721490915,0.001711153882547157,0.015400384942924413,0.09092379579723325,0.8183141621750993,0.11662481060999152,possibly forbidden,0.8183141621750993,0.32705667785405723
332,Rocky coastal 1,Lydella nigrescens||Daucus carota,Lydella nigrescens,Daucus carota,0.8091419572120482,1,1,0,2,0,locally unique,4,22,0.11764705882352941,0.17058823529411765,0.10294117647058823,0.1823529411764706,0.015874710942367986,0.11863003720533295,0.010475211820021682,0.07828015089247034,0.055229396644091294,0.41272344438287567,0.03644410475499038,0.27234294335784964,0.64937690574968,weakly supported,0.41272344438287567,0.7530743747235069
333,Rocky coastal 1,Lydella nigrescens||Dorycnium fulgurans,Lydella nigrescens,Dorycnium fulgurans,0.5443277588267654,0,0,0,0,0,possibly forbidden,4,0,0,0.1,0.05,0.1,1.3604729634078634e-4,0.001224425667067077,0.007229003023878795,0.06506102721490915,0.001711153882547157,0.015400384942924413,0.09092379579723325,0.8183141621750993,0.11662481060999152,possibly forbidden,0.8183141621750993,0.32705667785405723
334,Rocky coastal 1,Lydella nigrescens||Euphorbia dendroides,Lydella nigrescens,Euphorbia dendroides,0.5804070144486762,0,0,0,1,0,possibly forbidden,4,16,0.0855614973262032,0.15133689839572192,0.08850267379679144,0.15989304812834226,4.878578803647687e-4,0.003309147977875847,0.014051646704752178,0.09531254931065056,0.00382331832037508,0.02593363066962267,0.11012206718388566,0.7469597819524733,0.15772766873687616,possibly forbidden,0.7469597819524733,0.4248531210918736
335,Rocky coastal 1,Lydella nigrescens||Helichrysum stoechas,Lydella nigrescens,Helichrysum stoechas,0.6156467081084659,0,0,1,1,1,locally absent,4,17,0.09090909090909091,0.15454545454545454,0.09090909090909091,0.16363636363636364,0.002029556607225317,0.001963729626708375,0.05675917298184062,0.054918236414349966,0.015516431131234838,0.015013168592938528,0.43393704590610693,0.41986265873959544,0.5252191048460546,locally absent,0.43393704590610693,0.5777269354461965
336,Rocky coastal 1,Lydella nigrescens||Lonicera implexa,Lydella nigrescens,Lonicera implexa,0.5,0,0,0,1,0,possibly forbidden,4,2,0.0106951871657754,0.10641711229946524,0.054812834224598934,0.10748663101604279,1.3611548128255411e-4,0.0014591020559303859,0.006564142040805153,0.07036490674617667,0.0015973038507821182,0.01712244125841714,0.07702966084433713,0.8257263277222688,0.10390876553155448,possibly forbidden,0.8257263277222688,0.320280173187666
337,Rocky coastal 1,Lydella nigrescens||Ruta chalepensis,Lydella nigrescens,Ruta chalepensis,0.5077771517212307,0,0,0,1,0,possibly forbidden,4,2,0.0106951871657754,0.10641711229946524,0.054812834224598934,0.10748663101604279,1.3611548128255411e-4,0.0014591020559303859,0.006564142040805153,0.07036490674617667,0.0015973038507821182,0.01712244125841714,0.07702966084433713,0.8257263277222688,0.10390876553155448,possibly forbidden,0.8257263277222688,0.320280173187666
338,Rocky coastal 1,Lydella nigrescens||Salvia rosmarinus,Lydella nigrescens,Salvia rosmarinus,0.5199893412858596,0,0,0,1,0,possibly forbidden,4,4,0.0213903743315508,0.11283422459893049,0.059625668449197866,0.11497326203208556,1.6908078890471716e-4,0.0016802413594790527,0.007457558361285682,0.0741095311923485,0.0018578679308353684,0.018462573767611883,0.08194401393273416,0.8143191326668007,0.1115713361408508,possibly forbidden,0.8143191326668007,0.3362600101702769
339,Rocky coastal 1,Lydella nigrescens||Sedum sediforme,Lydella nigrescens,Sedum sediforme,0.5321776900098669,0,0,0,2,0,possibly forbidden,4,7,0.0374331550802139,0.12245989304812835,0.06684491978609626,0.12620320855614975,1.8082587455063812e-4,0.0020865863284870237,0.007059612809574469,0.08146229962651085,0.0018108826800553137,0.02089614139617622,0.0706985689770575,0.815805082307588,0.10273261806590117,possibly forbidden,0.815805082307588,0.33630736799518834
340,Rocky coastal 1,Lydella nigrescens||Teucrium capitatum,Lydella nigrescens,Teucrium capitatum,0.6597594065089132,0,1,1,3,1,model-elusive,4,33,0.1764705882352941,0.20588235294117646,0.12941176470588234,0.2235294117647059,0.049463344093629916,0.05420941797508477,0.025196934190417682,0.02761461365478044,0.2666280526786174,0.2922113701851286,0.13582198332456735,0.1488542838977739,0.8235311024474457,weakly supported,0.2922113701851286,0.8489047610772409
341,Rocky coastal 1,Macroglossum stellatarum||Allium sp.,Macroglossum stellatarum,Allium sp.,0.7564535198449244,1,0,0,1,0,phantom,4,2,0.0106951871657754,0.10641711229946524,0.054812834224598934,0.10748663101604279,2.4733067753068995e-4,0.0026512832829834686,0.011927472783127935,0.12785760955279582,0.0014860886545339823,0.015930260031364055,0.07166633010201436,0.7682336249156497,0.10390876553155448,possibly forbidden,0.7682336249156497,0.38503562737970126
342,Rocky coastal 1,Macroglossum stellatarum||Astragalus balearicus,Macroglossum stellatarum,Astragalus balearicus,0.6880698475115635,0,0,0,0,0,possibly forbidden,4,0,0,0.1,0.05,0.1,1.3604729634078634e-4,0.001224425667067077,0.007229003023878795,0.06506102721490915,0.001711153882547157,0.015400384942924413,0.09092379579723325,0.8183141621750993,0.11662481060999152,possibly forbidden,0.8183141621750993,0.32705667785405723
343,Rocky coastal 1,Macroglossum stellatarum||Daucus carota,Macroglossum stellatarum,Daucus carota,0.8867311595956754,1,1,0,2,0,locally unique,4,22,0.11764705882352941,0.17058823529411765,0.10294117647058823,0.1823529411764706,0.015874710942367986,0.11863003720533295,0.010475211820021682,0.07828015089247034,0.055229396644091294,0.41272344438287567,0.03644410475499038,0.27234294335784964,0.64937690574968,weakly supported,0.41272344438287567,0.7530743747235069
344,Rocky coastal 1,Macroglossum stellatarum||Dorycnium fulgurans,Macroglossum stellatarum,Dorycnium fulgurans,0.6880698475115635,0,0,0,0,0,possibly forbidden,4,0,0,0.1,0.05,0.1,1.3604729634078634e-4,0.001224425667067077,0.007229003023878795,0.06506102721490915,0.001711153882547157,0.015400384942924413,0.09092379579723325,0.8183141621750993,0.11662481060999152,possibly forbidden,0.8183141621750993,0.32705667785405723
345,Rocky coastal 1,Macroglossum stellatarum||Euphorbia dendroides,Macroglossum stellatarum,Euphorbia dendroides,0.7186505504123439,1,0,0,1,0,phantom,4,16,0.0855614973262032,0.15133689839572192,0.08850267379679144,0.15989304812834226,8.60055217970029e-4,0.005833768603428351,0.024771952152248602,0.1680285564135177,0.003451120982769819,0.023409010044070165,0.09940176173638925,0.6742437748496061,0.15772766873687627,possibly forbidden,0.6742437748496061,0.4953656316550076
346,Rocky coastal 1,Macroglossum stellatarum||Helichrysum stoechas,Macroglossum stellatarum,Helichrysum stoechas,0.6975283327812026,0,1,0,1,0,weakly supported,4,17,0.09090909090909091,0.15454545454545454,0.09090909090909091,0.16363636363636364,0.008663202128192809,0.05716255558237133,0.006559996987244266,0.04328494093231587,0.06623219018357124,0.43702099947428563,0.050152698925131974,0.3309234157868869,0.6257916432807973,weakly supported,0.43702099947428563,0.6882686763031213
347,Rocky coastal 1,Macroglossum stellatarum||Lonicera implexa,Macroglossum stellatarum,Lonicera implexa,0.5858090144231483,0,1,1,1,1,model-elusive,4,2,0.0106951871657754,0.10641711229946524,0.054812834224598934,0.10748663101604279,0.013241489497098876,0.020814324491388442,0.017290103380132617,0.027178348955574836,0.15538777782302038,0.24425436657354369,0.20289792497722656,0.31893566430201464,0.6538859867424105,possibly forbidden,0.31893566430201464,0.7827561510058368
348,Rocky coastal 1,Macroglossum stellatarum||Ruta chalepensis,Macroglossum stellatarum,Ruta chalepensis,0.6557574305142045,0,0,0,1,0,possibly forbidden,4,2,0.0106951871657754,0.10641711229946524,0.054812834224598934,0.10748663101604279,1.3611548128255411e-4,0.0014591020559303859,0.006564142040805153,0.07036490674617667,0.0015973038507821182,0.01712244125841714,0.07702966084433713,0.8257263277222688,0.10390876553155448,possibly forbidden,0.8257263277222688,0.320280173187666
349,Rocky coastal 1,Macroglossum stellatarum||Salvia rosmarinus,Macroglossum stellatarum,Salvia rosmarinus,0.609317534657081,0,1,0,1,0,weakly supported,4,4,0.0213903743315508,0.11283422459893049,0.059625668449197866,0.11497326203208556,0.0034757495924499504,0.034540282537467715,0.00415088955774045,0.04124949001435985,0.0381917055465472,0.3795303042057419,0.04561017631702235,0.4532514022286706,0.5054991077569695,possibly forbidden,0.4532514022286706,0.6165547000383175
350,Rocky coastal 1,Macroglossum stellatarum||Sedum sediforme,Macroglossum stellatarum,Sedum sediforme,0.6774815933260384,0,0,0,2,0,possibly forbidden,4,7,0.0374331550802139,0.12245989304812835,0.06684491978609626,0.12620320855614975,1.8082587455063812e-4,0.0020865863284870237,0.007059612809574469,0.08146229962651085,0.0018108826800553137,0.02089614139617622,0.0706985689770575,0.815805082307588,0.10273261806590117,possibly forbidden,0.815805082307588,0.33630736799518834
351,Rocky coastal 1,Macroglossum stellatarum||Teucrium capitatum,Macroglossum stellatarum,Teucrium capitatum,0.7816922777463517,1,1,1,3,1,recurrent,4,33,0.1764705882352941,0.20588235294117646,0.12941176470588234,0.2235294117647059,0.08406686084368277,0.09213318834048226,0.04282418019015559,0.04693321743418996,0.2320245359285645,0.2542875998197311,0.11819473732482944,0.12953568011836436,0.8235311024474457,weakly supported,0.2542875998197311,0.918828646461494
352,Rocky coastal 1,Megaselia sp.||Allium sp.,Megaselia sp.,Allium sp.,0.5782407312735509,0,0,0,0,0,possibly forbidden,3,2,0.008021390374331552,0.10481283422459893,0.0536096256684492,0.10561497326203209,1.6209021180924087e-4,0.001372637363295976,0.008002380903893823,0.06776699778107555,0.0019346963581553607,0.01638369447602451,0.09551580578817365,0.8088616971175718,0.12337130510135264,possibly forbidden,0.8088616971175718,0.3399230488338188
353,Rocky coastal 1,Megaselia sp.||Astragalus balearicus,Megaselia sp.,Astragalus balearicus,0.5,0,0,0,0,0,possibly forbidden,3,0,0,0.1,0.05,0.1,1.3604729634078634e-4,0.001224425667067077,0.007229003023878795,0.06506102721490915,0.001711153882547157,0.015400384942924413,0.09092379579723325,0.8183141621750993,0.11662481060999152,possibly forbidden,0.8183141621750993,0.32705667785405723
354,Rocky coastal 1,Megaselia sp.||Daucus carota,Megaselia sp.,Daucus carota,0.775564018932736,1,1,0,0,0,locally unique,3,22,0.08823529411764706,0.15294117647058825,0.08970588235294119,0.16176470588235295,0.01843116751299483,0.0955069589309732,0.014162465104342247,0.07338731917704619,0.07304413463611491,0.37850142493259537,0.05612693862890097,0.2908395910770323,0.6357730897459215,weakly supported,0.37850142493259537,0.7836666950608949
355,Rocky coastal 1,Megaselia sp.||Dorycnium fulgurans,Megaselia sp.,Dorycnium fulgurans,0.5,0,0,0,0,0,possibly forbidden,3,0,0,0.1,0.05,0.1,1.3604729634078634e-4,0.001224425667067077,0.007229003023878795,0.06506102721490915,0.001711153882547157,0.015400384942924413,0.09092379579723325,0.8183141621750993,0.11662481060999152,possibly forbidden,0.8183141621750993,0.32705667785405723
356,Rocky coastal 1,Megaselia sp.||Euphorbia dendroides,Megaselia sp.,Euphorbia dendroides,0.5299640567466664,0,0,0,0,0,possibly forbidden,3,16,0.06417112299465241,0.13850267379679146,0.07887700534759359,0.1449197860962567,4.4420608369764977e-4,0.0026209798075001547,0.014507300347759619,0.08559842529914254,0.0038613300124296893,0.022783271918358203,0.12610694965236974,0.7440775368787425,0.17032403782211503,possibly forbidden,0.7440775368787425,0.42296044564594903
357,Rocky coastal 1,Megaselia sp.||Helichrysum stoechas,Megaselia sp.,Helichrysum stoechas,0.5662743988295947,0,0,0,0,0,possibly forbidden,3,17,0.06818181818181819,0.14090909090909093,0.08068181818181819,0.14772727272727273,4.721325454913608e-4,0.002723841608604005,0.01504488947197262,0.08679743926138049,0.004022728210182351,0.02320804736643664,0.12818752249962642,0.7395433990363062,0.17365916170231332,possibly forbidden,0.7395433990363062,0.42847236423003693
358,Rocky coastal 1,Megaselia sp.||Lonicera implexa,Megaselia sp.,Lonicera implexa,0.5,0,0,0,0,0,possibly forbidden,3,2,0.008021390374331552,0.10481283422459893,0.0536096256684492,0.10561497326203209,1.6209021180924087e-4,0.001372637363295976,0.008002380903893823,0.06776699778107555,0.0019346963581553607,0.01638369447602451,0.09551580578817365,0.8088616971175718,0.12337130510135264,possibly forbidden,0.8088616971175718,0.3399230488338188
359,Rocky coastal 1,Megaselia sp.||Ruta chalepensis,Megaselia sp.,Ruta chalepensis,0.5,0,0,0,0,0,possibly forbidden,3,2,0.008021390374331552,0.10481283422459893,0.0536096256684492,0.10561497326203209,1.6209021180924087e-4,0.001372637363295976,0.008002380903893823,0.06776699778107555,0.0019346963581553607,0.01638369447602451,0.09551580578817365,0.8088616971175718,0.12337130510135264,possibly forbidden,0.8088616971175718,0.3399230488338188
360,Rocky coastal 1,Megaselia sp.||Salvia rosmarinus,Megaselia sp.,Salvia rosmarinus,0.5,0,0,0,0,0,possibly forbidden,3,4,0.016042780748663103,0.10962566844919787,0.0572192513368984,0.11122994652406418,1.9129680920033758e-4,0.0015285350812065436,0.0088147733647975,0.07043342948218002,0.0021713245613293884,0.01734971836985309,0.10005255178873694,0.7994583705426961,0.1301081999751239,possibly forbidden,0.7994583705426961,0.35251594907308464
361,Rocky coastal 1,Megaselia sp.||Sedum sediforme,Megaselia sp.,Sedum sediforme,0.5,0,0,0,0,0,possibly forbidden,3,7,0.02807486631016043,0.11684491978609626,0.0626336898395722,0.1196524064171123,2.4147015696175536e-4,0.0017766267973107926,0.01010647480191973,0.07435881181077253,0.002550628706454973,0.01876635757766033,0.10675383275177583,0.7854457973971439,0.14019539079208354,possibly forbidden,0.7854457973971439,0.370919928553833
362,Rocky coastal 1,Megaselia sp.||Teucrium capitatum,Megaselia sp.,Teucrium capitatum,0.6696642005003676,0,0,1,1,1,locally absent,3,33,0.1323529411764706,0.17941176470588235,0.10955882352941176,0.19264705882352942,0.003178966737035402,0.002522041529815658,0.07225680401531281,0.057325123416772726,0.02031968607243634,0.016120675800242127,0.46185936992783433,0.36641733250055064,0.5762575440826767,locally absent,0.46185936992783433,0.6047256591468918
363,Rocky coastal 1,Melanostoma scalare||Allium sp.,Melanostoma scalare,Allium sp.,0.5782407312735509,0,0,0,0,0,possibly forbidden,1,2,0.00267379679144385,0.10160427807486631,0.05120320855614974,0.1018716577540107,1.4438878552864288e-4,0.0012729709464323132,0.007482459670613671,0.06596740691231316,0.001784209249095358,0.015730075768271144,0.09246060004877302,0.8151578886189726,0.11887470446871418,possibly forbidden,0.8151578886189726,0.33137669567629774
364,Rocky coastal 1,Melanostoma scalare||Astragalus balearicus,Melanostoma scalare,Astragalus balearicus,0.5,0,0,0,0,0,possibly forbidden,1,0,0,0.1,0.05,0.1,1.3604729634078634e-4,0.001224425667067077,0.007229003023878795,0.06506102721490915,0.001711153882547157,0.015400384942924413,0.09092379579723325,0.8183141621750993,0.11662481060999152,possibly forbidden,0.8183141621750993,0.32705667785405723
365,Rocky coastal 1,Melanostoma scalare||Daucus carota,Melanostoma scalare,Daucus carota,0.775564018932736,1,1,0,0,0,locally unique,1,22,0.029411764705882353,0.11764705882352941,0.06323529411764706,0.12058823529411766,0.00892685680093664,0.06510073618244037,0.010013703716464038,0.07302676612738407,0.04790746483169331,0.34937395084576334,0.053740209945023674,0.3919103115502946,0.5350629223223213,possibly forbidden,0.3919103115502946,0.7186406503911594
366,Rocky coastal 1,Melanostoma scalare||Dorycnium fulgurans,Melanostoma scalare,Dorycnium fulgurans,0.5,0,0,0,0,0,possibly forbidden,1,0,0,0.1,0.05,0.1,1.3604729634078634e-4,0.001224425667067077,0.007229003023878795,0.06506102721490915,0.001711153882547157,0.015400384942924413,0.09092379579723325,0.8183141621750993,0.11662481060999152,possibly forbidden,0.8183141621750993,0.32705667785405723
367,Rocky coastal 1,Melanostoma scalare||Euphorbia dendroides,Melanostoma scalare,Euphorbia dendroides,0.5299640567466664,0,0,0,0,0,possibly forbidden,1,16,0.0213903743315508,0.11283422459893049,0.059625668449197866,0.11497326203208556,2.1262259994786657e-4,0.0016366995484359034,0.009378034360444572,0.07218905519318962,0.0023363074680032942,0.01798413423044396,0.10304629760368983,0.793216848995845,0.13459409581096538,possibly forbidden,0.793216848995845,0.3607656050878819
368,Rocky coastal 1,Melanostoma scalare||Helichrysum stoechas,Melanostoma scalare,Helichrysum stoechas,0.5662743988295947,0,0,0,0,0,possibly forbidden,1,17,0.022727272727272728,0.11363636363636365,0.060227272727272727,0.11590909090909092,2.1819432164291188e-4,0.0016642664925312295,0.009521557054329761,0.07262520968890739,0.00237845363033112,0.018141538474486383,0.10379088590278714,0.7916598944349841,0.13571489587610852,possibly forbidden,0.7916598944349841,0.362810320442508
369,Rocky coastal 1,Melanostoma scalare||Lonicera implexa,Melanostoma scalare,Lonicera implexa,0.5,0,0,0,0,0,possibly forbidden,1,2,0.00267379679144385,0.10160427807486631,0.05120320855614974,0.1018716577540107,1.4438878552864288e-4,0.0012729709464323132,0.007482459670613671,0.06596740691231316,0.001784209249095358,0.015730075768271144,0.09246060004877302,0.8151578886189726,0.11887470446871418,possibly forbidden,0.8151578886189726,0.33137669567629774
370,Rocky coastal 1,Melanostoma scalare||Ruta chalepensis,Melanostoma scalare,Ruta chalepensis,0.5,0,0,0,0,0,possibly forbidden,1,2,0.00267379679144385,0.10160427807486631,0.05120320855614974,0.1018716577540107,1.4438878552864288e-4,0.0012729709464323132,0.007482459670613671,0.06596740691231316,0.001784209249095358,0.015730075768271144,0.09246060004877302,0.8151578886189726,0.11887470446871418,possibly forbidden,0.8151578886189726,0.33137669567629774
371,Rocky coastal 1,Melanostoma scalare||Salvia rosmarinus,Melanostoma scalare,Salvia rosmarinus,0.5,0,0,0,0,0,possibly forbidden,1,4,0.0053475935828877,0.10320855614973262,0.052406417112299465,0.10374331550802139,1.5306736154108323e-4,0.0013223757625920388,0.007740252495022244,0.06686939784359423,0.001858724364994987,0.016057845545008234,0.09399127128646309,0.8120070653407842,0.1211235368156216,possibly forbidden,0.8120070653407842,0.33566531126818433
372,Rocky coastal 1,Melanostoma scalare||Sedum sediforme,Melanostoma scalare,Sedum sediforme,0.5,0,0,0,0,0,possibly forbidden,1,7,0.009358288770053475,0.10561497326203209,0.05421122994652407,0.10655080213903743,1.6673299544040112e-4,0.0013980885928835643,0.008135070760939113,0.06821415043332006,0.0019732277803810347,0.016545898690447244,0.09627577060227689,0.8072910601443116,0.12449478942236836,possibly forbidden,0.8072910601443116,0.34204049680679227
373,Rocky coastal 1,Melanostoma scalare||Teucrium capitatum,Melanostoma scalare,Teucrium capitatum,0.6696642005003676,0,0,0,0,0,possibly forbidden,1,33,0.044117647058823525,0.1264705882352941,0.06985294117647059,0.13088235294117648,3.21303126425179e-4,0.002133597165362706,0.011965111819224395,0.0794537200579957,0.00310141288796224,0.02059477546950207,0.11549452510756465,0.766935554365963,0.15361072557604138,possibly forbidden,0.766935554365963,0.39460956037556505
374,Rocky coastal 1,Meliscaeva auricollis||Allium sp.,Meliscaeva auricollis,Allium sp.,0.6735849586345595,0,0,0,1,0,possibly forbidden,6,2,0.016042780748663103,0.10962566844919787,0.0572192513368984,0.11122994652406418,1.5199054155536589e-4,0.0015678413488515153,0.007003578277148926,0.07224462456982861,0.0017251766892949234,0.017795866241887556,0.07949448604989896,0.8200164362815342,0.10773893914863719,possibly forbidden,0.8200164362815342,0.32831876092593004
375,Rocky coastal 1,Meliscaeva auricollis||Astragalus balearicus,Meliscaeva auricollis,Astragalus balearicus,0.5944089606331424,0,0,0,0,0,possibly forbidden,6,0,0,0.1,0.05,0.1,1.3604729634078634e-4,0.001224425667067077,0.007229003023878795,0.06506102721490915,0.001711153882547157,0.015400384942924413,0.09092379579723325,0.8183141621750993,0.11662481060999152,possibly forbidden,0.8183141621750993,0.32705667785405723
376,Rocky coastal 1,Meliscaeva auricollis||Daucus carota,Meliscaeva auricollis,Daucus carota,0.8387408229600046,1,1,1,2,1,recurrent,6,22,0.17647058823529413,0.20588235294117646,0.12941176470588237,0.22352941176470592,0.0952982350510226,0.08090181413314246,0.04854551185415728,0.041211885770188285,0.2630231287408224,0.22328900700747326,0.1339856127174741,0.11374480472571966,0.8450433095040921,model-elusive,0.2630231287408224,0.9177257861391561
377,Rocky coastal 1,Meliscaeva auricollis||Dorycnium fulgurans,Meliscaeva auricollis,Dorycnium fulgurans,0.5944089606331424,0,0,0,0,0,possibly forbidden,6,0,0,0.1,0.05,0.1,1.3604729634078634e-4,0.001224425667067077,0.007229003023878795,0.06506102721490915,0.001711153882547157,0.015400384942924413,0.09092379579723325,0.8183141621750993,0.11662481060999152,possibly forbidden,0.8183141621750993,0.32705667785405723
378,Rocky coastal 1,Meliscaeva auricollis||Euphorbia dendroides,Meliscaeva auricollis,Euphorbia dendroides,0.5695462245868369,0,1,1,1,1,model-elusive,6,16,0.12834224598930483,0.17700534759358288,0.10775401069518717,0.1898395721925134,0.045342307917756335,0.03663136506104985,0.028430203931960336,0.02296833193583207,0.2946258781824524,0.23802379269510865,0.1847341739982279,0.1492439462776125,0.8277877217865555,model-elusive,0.2946258781824524,0.8400681524493455
379,Rocky coastal 1,Meliscaeva auricollis||Helichrysum stoechas,Meliscaeva auricollis,Helichrysum stoechas,0.6627460191481467,0,0,0,1,0,possibly forbidden,6,17,0.13636363636363638,0.18181818181818182,0.11136363636363637,0.1954545454545455,9.319314334961104e-4,0.004952296497406781,0.020796944259274967,0.11051524877275357,0.005860748921831128,0.031144100643629588,0.13078823641314222,0.6950104930584656,0.19447425816878083,possibly forbidden,0.6950104930584656,0.4875496844889164
380,Rocky coastal 1,Meliscaeva auricollis||Lonicera implexa,Meliscaeva auricollis,Lonicera implexa,0.546531628005847,0,0,0,1,0,possibly forbidden,6,2,0.016042780748663103,0.10962566844919787,0.0572192513368984,0.11122994652406418,1.5199054155536589e-4,0.0015678413488515153,0.007003578277148926,0.07224462456982861,0.0017251766892949234,0.017795866241887556,0.07949448604989896,0.8200164362815342,0.10773893914863719,possibly forbidden,0.8200164362815342,0.32831876092593004
381,Rocky coastal 1,Meliscaeva auricollis||Ruta chalepensis,Meliscaeva auricollis,Ruta chalepensis,0.5586180937800139,0,0,0,1,0,possibly forbidden,6,2,0.016042780748663103,0.10962566844919787,0.0572192513368984,0.11122994652406418,1.5199054155536589e-4,0.0015678413488515153,0.007003578277148926,0.07224462456982861,0.0017251766892949234,0.017795866241887556,0.07949448604989896,0.8200164362815342,0.10773893914863719,possibly forbidden,0.8200164362815342,0.32831876092593004
382,Rocky coastal 1,Meliscaeva auricollis||Salvia rosmarinus,Meliscaeva auricollis,Salvia rosmarinus,0.5706354970812096,0,0,1,1,1,locally absent,6,4,0.03208556149732621,0.11925133689839573,0.06443850267379679,0.12245989304812835,9.009223728353605e-4,0.0012221532638185015,0.03658045995230201,0.049623507941075264,0.009298925112482627,0.012614529307844504,0.37756744413626486,0.5121920579133769,0.43818443414554786,possibly forbidden,0.5121920579133769,0.5259414206863289
383,Rocky coastal 1,Meliscaeva auricollis||Sedum sediforme,Meliscaeva auricollis,Sedum sediforme,0.5825702032504416,0,0,0,2,0,possibly forbidden,6,7,0.05614973262032086,0.13368983957219252,0.07526737967914439,0.1393048128342246,2.4894575953109447e-4,0.0025634433273914884,0.008553601314558863,0.08807811089561554,0.0022544280583623334,0.0232142880207254,0.07746056345730944,0.7976266191665058,0.11429526993787864,possibly forbidden,0.7976266191665058,0.36147670200134074
384,Rocky coastal 1,Meliscaeva auricollis||Teucrium capitatum,Meliscaeva auricollis,Teucrium capitatum,0.7040516272240208,1,1,1,3,1,recurrent,6,33,0.2647058823529412,0.2588235294117647,0.16911764705882354,0.2852941176470588,0.13351239739393628,0.10552541503581367,0.04967036990757573,0.03925842469904875,0.27357903975084763,0.21623116862793101,0.10177910342879613,0.08044408115605083,0.8802974941449004,model-elusive,0.27357903975084763,0.9153457014255856
385,Rocky coastal 1,Mordellistena sp.||Allium sp.,Mordellistena sp.,Allium sp.,0.6271477665779155,0,0,1,1,1,locally absent,4,2,0.0106951871657754,0.10641711229946524,0.054812834224598934,0.10748663101604279,6.202481688364225e-4,9.749693683765175e-4,0.02991134470839507,0.04701770407858676,0.007278560669130559,0.011441184440068702,0.3510071421311164,0.5517488464354897,0.40123344948592354,possibly forbidden,0.5517488464354897,0.5013984283127702
386,Rocky coastal 1,Mordellistena sp.||Astragalus balearicus,Mordellistena sp.,Astragalus balearicus,0.5443277588267654,0,0,0,0,0,possibly forbidden,4,0,0,0.1,0.05,0.1,1.3604729634078634e-4,0.001224425667067077,0.007229003023878795,0.06506102721490915,0.001711153882547157,0.015400384942924413,0.09092379579723325,0.8183141621750993,0.11662481060999152,possibly forbidden,0.8183141621750993,0.32705667785405723
387,Rocky coastal 1,Mordellistena sp.||Daucus carota,Mordellistena sp.,Daucus carota,0.8091419572120482,1,1,0,2,0,locally unique,4,22,0.11764705882352941,0.17058823529411765,0.10294117647058823,0.1823529411764706,0.015874710942367986,0.11863003720533295,0.010475211820021682,0.07828015089247034,0.055229396644091294,0.41272344438287567,0.03644410475499038,0.27234294335784964,0.64937690574968,weakly supported,0.41272344438287567,0.7530743747235069
388,Rocky coastal 1,Mordellistena sp.||Dorycnium fulgurans,Mordellistena sp.,Dorycnium fulgurans,0.5443277588267654,0,0,0,0,0,possibly forbidden,4,0,0,0.1,0.05,0.1,1.3604729634078634e-4,0.001224425667067077,0.007229003023878795,0.06506102721490915,0.001711153882547157,0.015400384942924413,0.09092379579723325,0.8183141621750993,0.11662481060999152,possibly forbidden,0.8183141621750993,0.32705667785405723
389,Rocky coastal 1,Mordellistena sp.||Euphorbia dendroides,Mordellistena sp.,Euphorbia dendroides,0.5804070144486762,0,0,0,1,0,possibly forbidden,4,16,0.0855614973262032,0.15133689839572192,0.08850267379679144,0.15989304812834226,4.878578803647687e-4,0.003309147977875847,0.014051646704752178,0.09531254931065056,0.00382331832037508,0.02593363066962267,0.11012206718388566,0.7469597819524733,0.15772766873687616,possibly forbidden,0.7469597819524733,0.4248531210918736
390,Rocky coastal 1,Mordellistena sp.||Helichrysum stoechas,Mordellistena sp.,Helichrysum stoechas,0.6156467081084659,0,0,0,1,0,possibly forbidden,4,17,0.09090909090909091,0.15454545454545454,0.09090909090909091,0.16363636363636364,5.255487669797903e-4,0.003467737466953902,0.014697650348457285,0.0969797590477333,0.004017942253946697,0.026511657470226668,0.11236694685475652,0.7414327577909459,0.16158748316132088,possibly forbidden,0.7414327577909459,0.4317362562269655
391,Rocky coastal 1,Mordellistena sp.||Lonicera implexa,Mordellistena sp.,Lonicera implexa,0.5,0,0,0,1,0,possibly forbidden,4,2,0.0106951871657754,0.10641711229946524,0.054812834224598934,0.10748663101604279,1.3611548128255411e-4,0.0014591020559303859,0.006564142040805153,0.07036490674617667,0.0015973038507821182,0.01712244125841714,0.07702966084433713,0.8257263277222688,0.10390876553155448,possibly forbidden,0.8257263277222688,0.320280173187666
392,Rocky coastal 1,Mordellistena sp.||Ruta chalepensis,Mordellistena sp.,Ruta chalepensis,0.5077771517212307,0,0,0,1,0,possibly forbidden,4,2,0.0106951871657754,0.10641711229946524,0.054812834224598934,0.10748663101604279,1.3611548128255411e-4,0.0014591020559303859,0.006564142040805153,0.07036490674617667,0.0015973038507821182,0.01712244125841714,0.07702966084433713,0.8257263277222688,0.10390876553155448,possibly forbidden,0.8257263277222688,0.320280173187666
393,Rocky coastal 1,Mordellistena sp.||Salvia rosmarinus,Mordellistena sp.,Salvia rosmarinus,0.5199893412858596,0,0,0,1,0,possibly forbidden,4,4,0.0213903743315508,0.11283422459893049,0.059625668449197866,0.11497326203208556,1.6908078890471716e-4,0.0016802413594790527,0.007457558361285682,0.0741095311923485,0.0018578679308353684,0.018462573767611883,0.08194401393273416,0.8143191326668007,0.1115713361408508,possibly forbidden,0.8143191326668007,0.3362600101702769
394,Rocky coastal 1,Mordellistena sp.||Sedum sediforme,Mordellistena sp.,Sedum sediforme,0.5,0,1,1,2,1,model-elusive,4,7,0.0374331550802139,0.12245989304812835,0.06684491978609626,0.12620320855614975,0.016394298108077958,0.027740606079246492,0.017330194571172627,0.029324225880625894,0.1641808760464098,0.2778086001684283,0.17355342131712853,0.2936677778289104,0.6770079962904637,possibly forbidden,0.2936677778289104,0.7967763372063261
395,Rocky coastal 1,Mordellistena sp.||Teucrium capitatum,Mordellistena sp.,Teucrium capitatum,0.7132274762460605,1,0,0,3,0,phantom,4,33,0.1764705882352941,0.20588235294117646,0.12941176470588234,0.2235294117647059,0.0015840411697330787,0.011838874058209131,0.02980165545336638,0.22273287612720202,0.0043719536284632975,0.032675292400657203,0.08225256905129125,0.6147427381110777,0.16252438576172024,possibly forbidden,0.6147427381110777,0.5492029251023873
396,Rocky coastal 1,Sphenella marginata||Allium sp.,Sphenella marginata,Allium sp.,0.5782407312735509,0,0,0,0,0,possibly forbidden,0,2,0,0.1,0.05,0.1,1.3604729634078634e-4,0.001224425667067077,0.007229003023878795,0.06506102721490915,0.001711153882547157,0.015400384942924413,0.09092379579723325,0.8183141621750993,0.11662481060999152,possibly forbidden,0.8183141621750993,0.32705667785405723
397,Rocky coastal 1,Sphenella marginata||Astragalus balearicus,Sphenella marginata,Astragalus balearicus,0.5,0,0,0,0,0,possibly forbidden,0,0,0,0.1,0.05,0.1,1.3604729634078634e-4,0.001224425667067077,0.007229003023878795,0.06506102721490915,0.001711153882547157,0.015400384942924413,0.09092379579723325,0.8183141621750993,0.11662481060999152,possibly forbidden,0.8183141621750993,0.32705667785405723
398,Rocky coastal 1,Sphenella marginata||Daucus carota,Sphenella marginata,Daucus carota,0.775564018932736,1,1,0,0,0,locally unique,0,22,0,0.1,0.05,0.1,0.005511421704679546,0.04960279534211593,0.007929438510374214,0.07136494659336792,0.03549355577813629,0.3194420020032266,0.05106558400680995,0.45959025606128945,0.46904479734534266,possibly forbidden,0.45959025606128945,0.6716427317608449
399,Rocky coastal 1,Sphenella marginata||Dorycnium fulgurans,Sphenella marginata,Dorycnium fulgurans,0.5,0,0,0,0,0,possibly forbidden,0,0,0,0.1,0.05,0.1,1.3604729634078634e-4,0.001224425667067077,0.007229003023878795,0.06506102721490915,0.001711153882547157,0.015400384942924413,0.09092379579723325,0.8183141621750993,0.11662481060999152,possibly forbidden,0.8183141621750993,0.32705667785405723
400,Rocky coastal 1,Sphenella marginata||Euphorbia dendroides,Sphenella marginata,Euphorbia dendroides,0.5299640567466664,0,0,0,0,0,possibly forbidden,0,16,0,0.1,0.05,0.1,1.3604729634078634e-4,0.001224425667067077,0.007229003023878795,0.06506102721490915,0.001711153882547157,0.015400384942924413,0.09092379579723325,0.8183141621750993,0.11662481060999152,possibly forbidden,0.8183141621750993,0.32705667785405723
401,Rocky coastal 1,Sphenella marginata||Helichrysum stoechas,Sphenella marginata,Helichrysum stoechas,0.5662743988295947,0,0,0,0,0,possibly forbidden,0,17,0,0.1,0.05,0.1,1.3604729634078634e-4,0.001224425667067077,0.007229003023878795,0.06506102721490915,0.001711153882547157,0.015400384942924413,0.09092379579723325,0.8183141621750993,0.11662481060999152,possibly forbidden,0.8183141621750993,0.32705667785405723
402,Rocky coastal 1,Sphenella marginata||Lonicera implexa,Sphenella marginata,Lonicera implexa,0.5,0,0,0,0,0,possibly forbidden,0,2,0,0.1,0.05,0.1,1.3604729634078634e-4,0.001224425667067077,0.007229003023878795,0.06506102721490915,0.001711153882547157,0.015400384942924413,0.09092379579723325,0.8183141621750993,0.11662481060999152,possibly forbidden,0.8183141621750993,0.32705667785405723
403,Rocky coastal 1,Sphenella marginata||Ruta chalepensis,Sphenella marginata,Ruta chalepensis,0.5,0,0,0,0,0,possibly forbidden,0,2,0,0.1,0.05,0.1,1.3604729634078634e-4,0.001224425667067077,0.007229003023878795,0.06506102721490915,0.001711153882547157,0.015400384942924413,0.09092379579723325,0.8183141621750993,0.11662481060999152,possibly forbidden,0.8183141621750993,0.32705667785405723
404,Rocky coastal 1,Sphenella marginata||Salvia rosmarinus,Sphenella marginata,Salvia rosmarinus,0.5,0,0,0,0,0,possibly forbidden,0,4,0,0.1,0.05,0.1,1.3604729634078634e-4,0.001224425667067077,0.007229003023878795,0.06506102721490915,0.001711153882547157,0.015400384942924413,0.09092379579723325,0.8183141621750993,0.11662481060999152,possibly forbidden,0.8183141621750993,0.32705667785405723
405,Rocky coastal 1,Sphenella marginata||Sedum sediforme,Sphenella marginata,Sedum sediforme,0.5,0,0,0,0,0,possibly forbidden,0,7,0,0.1,0.05,0.1,1.3604729634078634e-4,0.001224425667067077,0.007229003023878795,0.06506102721490915,0.001711153882547157,0.015400384942924413,0.09092379579723325,0.8183141621750993,0.11662481060999152,possibly forbidden,0.8183141621750993,0.32705667785405723
406,Rocky coastal 1,Sphenella marginata||Teucrium capitatum,Sphenella marginata,Teucrium capitatum,0.6696642005003676,0,0,0,0,0,possibly forbidden,0,33,0,0.1,0.05,0.1,1.3604729634078634e-4,0.001224425667067077,0.007229003023878795,0.06506102721490915,0.001711153882547157,0.015400384942924413,0.09092379579723325,0.8183141621750993,0.11662481060999152,possibly forbidden,0.8183141621750993,0.32705667785405723
407,Rocky coastal 1,Unknown insect||Allium sp.,Unknown insect,Allium sp.,0.5782407312735509,0,0,0,0,0,possibly forbidden,2,2,0.0053475935828877,0.10320855614973262,0.052406417112299465,0.10374331550802139,1.5306736154108323e-4,0.0013223757625920388,0.007740252495022244,0.06686939784359423,0.001858724364994987,0.016057845545008234,0.09399127128646309,0.8120070653407842,0.1211235368156216,possibly forbidden,0.8120070653407842,0.33566531126818433
408,Rocky coastal 1,Unknown insect||Astragalus balearicus,Unknown insect,Astragalus balearicus,0.5,0,0,0,0,0,possibly forbidden,2,0,0,0.1,0.05,0.1,1.3604729634078634e-4,0.001224425667067077,0.007229003023878795,0.06506102721490915,0.001711153882547157,0.015400384942924413,0.09092379579723325,0.8183141621750993,0.11662481060999152,possibly forbidden,0.8183141621750993,0.32705667785405723
409,Rocky coastal 1,Unknown insect||Daucus carota,Unknown insect,Daucus carota,0.775564018932736,1,1,0,1,0,locally unique,2,22,0.058823529411764705,0.13529411764705884,0.07647058823529412,0.1411764705882353,0.01058568630152257,0.08313396628318405,0.009680560700907722,0.07602562403495981,0.04841187201896322,0.38019933913509507,0.04427243093881799,0.3476905205865496,0.5762838553784906,weakly supported,0.38019933913509507,0.7287107026977446
410,Rocky coastal 1,Unknown insect||Dorycnium fulgurans,Unknown insect,Dorycnium fulgurans,0.5,0,0,0,0,0,possibly forbidden,2,0,0,0.1,0.05,0.1,1.3604729634078634e-4,0.001224425667067077,0.007229003023878795,0.06506102721490915,0.001711153882547157,0.015400384942924413,0.09092379579723325,0.8183141621750993,0.11662481060999152,possibly forbidden,0.8183141621750993,0.32705667785405723
411,Rocky coastal 1,Unknown insect||Euphorbia dendroides,Unknown insect,Euphorbia dendroides,0.5299640567466664,0,0,0,0,0,possibly forbidden,2,16,0.0427807486631016,0.12566844919786097,0.06925133689839572,0.12994652406417112,3.140510365747403e-4,0.0021027203148440434,0.011804276680188255,0.07903521875994358,0.003053562179990289,0.020445043896478193,0.11477463416741783,0.7684704929645632,0.15249428827549327,possibly forbidden,0.7684704929645632,0.3926708295244969
412,Rocky coastal 1,Unknown insect||Helichrysum stoechas,Unknown insect,Helichrysum stoechas,0.5662743988295947,0,0,0,0,0,possibly forbidden,2,17,0.045454545454545456,0.1272727272727273,0.07045454545454546,0.13181818181818183,3.28668345033343e-4,0.002164677720736845,0.01212702805046351,0.07987111578063898,0.0031496167935759576,0.020744027847345095,0.11621286862910903,0.7654019968330973,0.15472688738626372,possibly forbidden,0.7654019968330973,0.39654203298133717
413,Rocky coastal 1,Unknown insect||Lonicera implexa,Unknown insect,Lonicera implexa,0.5,0,0,0,0,0,possibly forbidden,2,2,0.0053475935828877,0.10320855614973262,0.052406417112299465,0.10374331550802139,1.5306736154108323e-4,0.0013223757625920388,0.007740252495022244,0.06686939784359423,0.001858724364994987,0.016057845545008234,0.09399127128646309,0.8120070653407842,0.1211235368156216,possibly forbidden,0.8120070653407842,0.33566531126818433
414,Rocky coastal 1,Unknown insect||Ruta chalepensis,Unknown insect,Ruta chalepensis,0.5,0,0,0,0,0,possibly forbidden,2,2,0.0053475935828877,0.10320855614973262,0.052406417112299465,0.10374331550802139,1.5306736154108323e-4,0.0013223757625920388,0.007740252495022244,0.06686939784359423,0.001858724364994987,0.016057845545008234,0.09399127128646309,0.8120070653407842,0.1211235368156216,possibly forbidden,0.8120070653407842,0.33566531126818433
415,Rocky coastal 1,Unknown insect||Salvia rosmarinus,Unknown insect,Salvia rosmarinus,0.5,0,0,0,1,0,possibly forbidden,2,4,0.0106951871657754,0.10641711229946524,0.054812834224598934,0.10748663101604279,1.3611548128255411e-4,0.0014591020559303859,0.006564142040805153,0.07036490674617667,0.0015973038507821182,0.01712244125841714,0.07702966084433713,0.8257263277222688,0.10390876553155448,possibly forbidden,0.8257263277222688,0.320280173187666
416,Rocky coastal 1,Unknown insect||Sedum sediforme,Unknown insect,Sedum sediforme,0.5,0,0,0,1,0,possibly forbidden,2,7,0.01871657754010695,0.11122994652406418,0.05842245989304813,0.11310160427807488,1.6038064626559836e-4,0.0016235846263563723,0.007228748256275908,0.07317893280747725,0.001790920409430856,0.0181300606493659,0.0807211661023165,0.8171662065025116,0.10965486069001118,possibly forbidden,0.8171662065025116,0.33230136665367266
417,Rocky coastal 1,Unknown insect||Teucrium capitatum,Unknown insect,Teucrium capitatum,0.6696642005003676,0,0,0,1,0,possibly forbidden,2,33,0.08823529411764705,0.15294117647058825,0.08970588235294118,0.16176470588235295,5.064597899635156e-4,0.0033880125321338107,0.014372776575035533,0.09614810123679818,0.003920042330343503,0.026223508371030917,0.11124652676329458,0.7441945724014,0.15965732636180185,possibly forbidden,0.7441945724014,0.4283034709015062
418,Rocky coastal 1,Calliphoridae sp.||Allium sp.,Calliphoridae sp.,Allium sp.,0.5782407312735509,0,0,0,0,0,possibly forbidden,0,2,0,0.1,0.05,0.1,1.3604729634078634e-4,0.001224425667067077,0.007229003023878795,0.06506102721490915,0.001711153882547157,0.015400384942924413,0.09092379579723325,0.8183141621750993,0.11662481060999152,possibly forbidden,0.8183141621750993,0.32705667785405723
419,Rocky coastal 1,Calliphoridae sp.||Astragalus balearicus,Calliphoridae sp.,Astragalus balearicus,0.5,0,0,0,0,0,possibly forbidden,0,0,0,0.1,0.05,0.1,1.3604729634078634e-4,0.001224425667067077,0.007229003023878795,0.06506102721490915,0.001711153882547157,0.015400384942924413,0.09092379579723325,0.8183141621750993,0.11662481060999152,possibly forbidden,0.8183141621750993,0.32705667785405723
420,Rocky coastal 1,Calliphoridae sp.||Daucus carota,Calliphoridae sp.,Daucus carota,0.8159114437290708,1,0,0,0,0,phantom,0,22,0,0.1,0.05,0.1,2.4827972834515373e-4,0.0022345175551063833,0.01319258048670861,0.11873322438037748,0.0015989214505427898,0.014390293054885107,0.08496021833440347,0.764641965009631,0.11662481060999152,possibly forbidden,0.764641965009631,0.39039159114954464
421,Rocky coastal 1,Calliphoridae sp.||Dorycnium fulgurans,Calliphoridae sp.,Dorycnium fulgurans,0.5,0,0,0,0,0,possibly forbidden,0,0,0,0.1,0.05,0.1,1.3604729634078634e-4,0.001224425667067077,0.007229003023878795,0.06506102721490915,0.001711153882547157,0.015400384942924413,0.09092379579723325,0.8183141621750993,0.11662481060999152,possibly forbidden,0.8183141621750993,0.32705667785405723
422,Rocky coastal 1,Calliphoridae sp.||Euphorbia dendroides,Calliphoridae sp.,Euphorbia dendroides,0.5,0,1,0,0,0,weakly supported,0,16,0,0.1,0.05,0.1,0.003020037225404095,0.027180335028636857,0.004345013094815487,0.03910511785333938,0.03798494025741174,0.3418644623167057,0.05465000942236868,0.4918500848013181,0.46904479734534255,possibly forbidden,0.4918500848013181,0.6083078184653574
423,Rocky coastal 1,Calliphoridae sp.||Helichrysum stoechas,Calliphoridae sp.,Helichrysum stoechas,0.5662743988295947,0,0,0,0,0,possibly forbidden,0,17,0,0.1,0.05,0.1,1.3604729634078634e-4,0.001224425667067077,0.007229003023878795,0.06506102721490915,0.001711153882547157,0.015400384942924413,0.09092379579723325,0.8183141621750993,0.11662481060999152,possibly forbidden,0.8183141621750993,0.32705667785405723
424,Rocky coastal 1,Calliphoridae sp.||Lonicera implexa,Calliphoridae sp.,Lonicera implexa,0.5,0,0,0,0,0,possibly forbidden,0,2,0,0.1,0.05,0.1,1.3604729634078634e-4,0.001224425667067077,0.007229003023878795,0.06506102721490915,0.001711153882547157,0.015400384942924413,0.09092379579723325,0.8183141621750993,0.11662481060999152,possibly forbidden,0.8183141621750993,0.32705667785405723
425,Rocky coastal 1,Calliphoridae sp.||Ruta chalepensis,Calliphoridae sp.,Ruta chalepensis,0.5,0,0,0,0,0,possibly forbidden,0,2,0,0.1,0.05,0.1,1.3604729634078634e-4,0.001224425667067077,0.007229003023878795,0.06506102721490915,0.001711153882547157,0.015400384942924413,0.09092379579723325,0.8183141621750993,0.11662481060999152,possibly forbidden,0.8183141621750993,0.32705667785405723
426,Rocky coastal 1,Calliphoridae sp.||Salvia rosmarinus,Calliphoridae sp.,Salvia rosmarinus,0.5,0,0,0,0,0,possibly forbidden,0,4,0,0.1,0.05,0.1,1.3604729634078634e-4,0.001224425667067077,0.007229003023878795,0.06506102721490915,0.001711153882547157,0.015400384942924413,0.09092379579723325,0.8183141621750993,0.11662481060999152,possibly forbidden,0.8183141621750993,0.32705667785405723
427,Rocky coastal 1,Calliphoridae sp.||Sedum sediforme,Calliphoridae sp.,Sedum sediforme,0.5,0,0,0,0,0,possibly forbidden,0,7,0,0.1,0.05,0.1,1.3604729634078634e-4,0.001224425667067077,0.007229003023878795,0.06506102721490915,0.001711153882547157,0.015400384942924413,0.09092379579723325,0.8183141621750993,0.11662481060999152,possibly forbidden,0.8183141621750993,0.32705667785405723
428,Rocky coastal 1,Calliphoridae sp.||Teucrium capitatum,Calliphoridae sp.,Teucrium capitatum,0.6696642005003676,0,0,0,0,0,possibly forbidden,0,33,0,0.1,0.05,0.1,1.3604729634078634e-4,0.001224425667067077,0.007229003023878795,0.06506102721490915,0.001711153882547157,0.015400384942924413,0.09092379579723325,0.8183141621750993,0.11662481060999152,possibly forbidden,0.8183141621750993,0.32705667785405723
429,Rocky coastal 1,Autographa gamma||Allium sp.,Autographa gamma,Allium sp.,0.6271477665779155,0,0,0,0,0,possibly forbidden,2,2,0.0053475935828877,0.10320855614973262,0.052406417112299465,0.10374331550802139,1.5306736154108323e-4,0.0013223757625920388,0.007740252495022244,0.06686939784359423,0.001858724364994987,0.016057845545008234,0.09399127128646309,0.8120070653407842,0.1211235368156216,possibly forbidden,0.8120070653407842,0.33566531126818433
430,Rocky coastal 1,Autographa gamma||Astragalus balearicus,Autographa gamma,Astragalus balearicus,0.5443277588267654,0,0,0,0,0,possibly forbidden,2,0,0,0.1,0.05,0.1,1.3604729634078634e-4,0.001224425667067077,0.007229003023878795,0.06506102721490915,0.001711153882547157,0.015400384942924413,0.09092379579723325,0.8183141621750993,0.11662481060999152,possibly forbidden,0.8183141621750993,0.32705667785405723
431,Rocky coastal 1,Autographa gamma||Daucus carota,Autographa gamma,Daucus carota,0.8446620217802295,1,0,0,1,0,phantom,2,22,0.058823529411764705,0.13529411764705884,0.07647058823529412,0.1411764705882353,5.827875166664225e-4,0.004576882063266726,0.01968345948576387,0.15458270825487713,0.002665281576221106,0.020931607302673162,0.09001902138156011,0.7069582524189715,0.13845903932615133,possibly forbidden,0.7069582524189715,0.45856288213692264
432,Rocky coastal 1,Autographa gamma||Dorycnium fulgurans,Autographa gamma,Dorycnium fulgurans,0.5443277588267654,0,0,0,0,0,possibly forbidden,2,0,0,0.1,0.05,0.1,1.3604729634078634e-4,0.001224425667067077,0.007229003023878795,0.06506102721490915,0.001711153882547157,0.015400384942924413,0.09092379579723325,0.8183141621750993,0.11662481060999152,possibly forbidden,0.8183141621750993,0.32705667785405723
433,Rocky coastal 1,Autographa gamma||Euphorbia dendroides,Autographa gamma,Euphorbia dendroides,0.5804070144486762,0,0,0,0,0,possibly forbidden,2,16,0.0427807486631016,0.12566844919786097,0.06925133689839572,0.12994652406417112,3.140510365747403e-4,0.0021027203148440434,0.011804276680188255,0.07903521875994358,0.003053562179990289,0.020445043896478193,0.11477463416741783,0.7684704929645632,0.15249428827549327,possibly forbidden,0.7684704929645632,0.3926708295244969
434,Rocky coastal 1,Autographa gamma||Helichrysum stoechas,Autographa gamma,Helichrysum stoechas,0.5553280599216399,0,1,0,0,0,weakly supported,2,17,0.045454545454545456,0.1272727272727273,0.07045454545454546,0.13181818181818183,0.006230810824562268,0.041037409223841144,0.006224885570934585,0.040998384277534675,0.05970963345631986,0.3932599996605894,0.05965285196636513,0.39288602501985304,0.5661155907026123,weakly supported,0.3932599996605894,0.6712300443133824
435,Rocky coastal 1,Autographa gamma||Lonicera implexa,Autographa gamma,Lonicera implexa,0.5,0,0,0,0,0,possibly forbidden,2,2,0.0053475935828877,0.10320855614973262,0.052406417112299465,0.10374331550802139,1.5306736154108323e-4,0.0013223757625920388,0.007740252495022244,0.06686939784359423,0.001858724364994987,0.016057845545008234,0.09399127128646309,0.8120070653407842,0.1211235368156216,possibly forbidden,0.8120070653407842,0.33566531126818433
436,Rocky coastal 1,Autographa gamma||Ruta chalepensis,Autographa gamma,Ruta chalepensis,0.5077771517212307,0,0,0,0,0,possibly forbidden,2,2,0.0053475935828877,0.10320855614973262,0.052406417112299465,0.10374331550802139,1.5306736154108323e-4,0.0013223757625920388,0.007740252495022244,0.06686939784359423,0.001858724364994987,0.016057845545008234,0.09399127128646309,0.8120070653407842,0.1211235368156216,possibly forbidden,0.8120070653407842,0.33566531126818433
437,Rocky coastal 1,Autographa gamma||Salvia rosmarinus,Autographa gamma,Salvia rosmarinus,0.5199893412858596,0,0,0,1,0,possibly forbidden,2,4,0.0106951871657754,0.10641711229946524,0.054812834224598934,0.10748663101604279,1.3611548128255411e-4,0.0014591020559303859,0.006564142040805153,0.07036490674617667,0.0015973038507821182,0.01712244125841714,0.07702966084433713,0.8257263277222688,0.10390876553155448,possibly forbidden,0.8257263277222688,0.320280173187666
438,Rocky coastal 1,Autographa gamma||Sedum sediforme,Autographa gamma,Sedum sediforme,0.5321776900098669,0,0,0,1,0,possibly forbidden,2,7,0.01871657754010695,0.11122994652406418,0.05842245989304813,0.11310160427807488,1.6038064626559836e-4,0.0016235846263563723,0.007228748256275908,0.07317893280747725,0.001790920409430856,0.0181300606493659,0.0807211661023165,0.8171662065025116,0.10965486069001118,possibly forbidden,0.8171662065025116,0.33230136665367266
439,Rocky coastal 1,Autographa gamma||Teucrium capitatum,Autographa gamma,Teucrium capitatum,0.6597594065089132,0,1,0,2,0,weakly supported,2,33,0.08823529411764705,0.15294117647058825,0.08970588235294118,0.16176470588235295,0.0067143327288405625,0.057985681201325946,0.005159277235373375,0.044556058968391155,0.0519695127602566,0.44881415932225516,0.03993324950456219,0.344867728278995,0.6105762127526139,weakly supported,0.44881415932225516,0.66051228702103
440,Rocky coastal 1,Microdiptera sp1.||Allium sp.,Microdiptera sp1.,Allium sp.,0.5782407312735509,0,0,0,1,0,possibly forbidden,3,2,0.008021390374331552,0.10481283422459893,0.0536096256684492,0.10561497326203209,1.2861814111254918e-4,0.0014061094339926678,0.006349867427804215,0.06941951125716515,0.0015351762850184321,0.016783214549161436,0.0757915314578038,0.8285859714479418,0.10199451729489306,possibly forbidden,0.8285859714479418,0.31622341154876005
441,Rocky coastal 1,Microdiptera sp1.||Astragalus balearicus,Microdiptera sp1.,Astragalus balearicus,0.5,0,0,0,0,0,possibly forbidden,3,0,0,0.1,0.05,0.1,1.3604729634078634e-4,0.001224425667067077,0.007229003023878795,0.06506102721490915,0.001711153882547157,0.015400384942924413,0.09092379579723325,0.8183141621750993,0.11662481060999152,possibly forbidden,0.8183141621750993,0.32705667785405723
442,Rocky coastal 1,Microdiptera sp1.||Daucus carota,Microdiptera sp1.,Daucus carota,0.8159114437290708,1,0,0,1,0,phantom,3,22,0.08823529411764706,0.15294117647058825,0.08970588235294119,0.16176470588235295,8.91886664042022e-4,0.005966363480178883,0.025310770976414935,0.16931888960472063,0.0035346154562649976,0.02364515742298585,0.10030853236191518,0.6710237840334775,0.15965732636180185,possibly forbidden,0.6710237840334775,0.49890412479285734
443,Rocky coastal 1,Microdiptera sp1.||Dorycnium fulgurans,Microdiptera sp1.,Dorycnium fulgurans,0.5,0,0,0,0,0,possibly forbidden,3,0,0,0.1,0.05,0.1,1.3604729634078634e-4,0.001224425667067077,0.007229003023878795,0.06506102721490915,0.001711153882547157,0.015400384942924413,0.09092379579723325,0.8183141621750993,0.11662481060999152,possibly forbidden,0.8183141621750993,0.32705667785405723
444,Rocky coastal 1,Microdiptera sp1.||Euphorbia dendroides,Microdiptera sp1.,Euphorbia dendroides,0.5299640567466664,0,0,0,1,0,possibly forbidden,3,16,0.06417112299465241,0.13850267379679146,0.07887700534759359,0.1449197860962567,3.5570433582633585e-4,0.002709481555371469,0.011616926971998402,0.08848879867490377,0.003092014895528696,0.023552587035259195,0.10098193252056686,0.7692025540105454,0.14230864731455084,possibly forbidden,0.7692025540105454,0.39659691662932833
445,Rocky coastal 1,Microdiptera sp1.||Helichrysum stoechas,Microdiptera sp1.,Helichrysum stoechas,0.5044443364487988,0,1,0,1,0,weakly supported,3,17,0.06818181818181819,0.14090909090909093,0.08068181818181819,0.14772727272727273,0.0066746511030616905,0.049712356154805334,0.005758958310277414,0.04289233731930404,0.0568702741249646,0.4235660079108588,0.049068263302854534,0.3654571517738736,0.5916505109068224,weakly supported,0.4235660079108588,0.6685045394692882
446,Rocky coastal 1,Microdiptera sp1.||Lonicera implexa,Microdiptera sp1.,Lonicera implexa,0.5,0,0,0,1,0,possibly forbidden,3,2,0.008021390374331552,0.10481283422459893,0.0536096256684492,0.10561497326203209,1.2861814111254918e-4,0.0014061094339926678,0.006349867427804215,0.06941951125716515,0.0015351762850184321,0.016783214549161436,0.0757915314578038,0.8285859714479418,0.10199451729489306,possibly forbidden,0.8285859714479418,0.31622341154876005
447,Rocky coastal 1,Microdiptera sp1.||Ruta chalepensis,Microdiptera sp1.,Ruta chalepensis,0.5,0,0,0,1,0,possibly forbidden,3,2,0.008021390374331552,0.10481283422459893,0.0536096256684492,0.10561497326203209,1.2861814111254918e-4,0.0014061094339926678,0.006349867427804215,0.06941951125716515,0.0015351762850184321,0.016783214549161436,0.0757915314578038,0.8285859714479418,0.10199451729489306,possibly forbidden,0.8285859714479418,0.31622341154876005
448,Rocky coastal 1,Microdiptera sp1.||Salvia rosmarinus,Microdiptera sp1.,Salvia rosmarinus,0.5,0,0,0,0,0,possibly forbidden,3,4,0.016042780748663103,0.10962566844919787,0.0572192513368984,0.11122994652406418,1.9129680920033758e-4,0.0015285350812065436,0.0088147733647975,0.07043342948218002,0.0021713245613293884,0.01734971836985309,0.10005255178873694,0.7994583705426961,0.1301081999751239,possibly forbidden,0.7994583705426961,0.35251594907308464
449,Rocky coastal 1,Microdiptera sp1.||Sedum sediforme,Microdiptera sp1.,Sedum sediforme,0.5,0,0,0,1,0,possibly forbidden,3,7,0.02807486631016043,0.11684491978609626,0.0626336898395722,0.1196524064171123,1.9222893940532208e-4,0.0018258680148672262,0.008045536379086964,0.0764197502336053,0.0020304979183670456,0.019286488365748262,0.08498431568327178,0.8072153144656481,0.11636493530074665,possibly forbidden,0.8072153144656481,0.34605409092885814
450,Rocky coastal 1,Microdiptera sp1.||Teucrium capitatum,Microdiptera sp1.,Teucrium capitatum,0.6696642005003676,0,0,2,2,1,locally absent,3,33,0.1323529411764706,0.17941176470588235,0.10955882352941176,0.19264705882352942,0.004956593835861611,7.444144309894483e-4,0.11266164732360696,0.016920280108478583,0.03168212789392247,0.0047582339787559935,0.7201237054006135,0.1081529970277714,0.8749267228637501,locally absent,0.7201237054006135,0.46093059920102275
451,Rocky coastal 1,Phthiria cf pulicularia||Allium sp.,Phthiria cf pulicularia,Allium sp.,0.6271477665779155,0,0,0,1,0,possibly forbidden,2,2,0.0053475935828877,0.10320855614973262,0.052406417112299465,0.10374331550802139,1.2140606921639315e-4,0.001354037054916729,0.00613921622939069,0.06847043410922579,0.0014742556260121502,0.01644231428399107,0.07454960138238474,0.8314487352448625,0.10008083064591167,possibly forbidden,0.8314487352448625,0.31214112690017864
452,Rocky coastal 1,Phthiria cf pulicularia||Astragalus balearicus,Phthiria cf pulicularia,Astragalus balearicus,0.5443277588267654,0,0,0,0,0,possibly forbidden,2,0,0,0.1,0.05,0.1,1.3604729634078634e-4,0.001224425667067077,0.007229003023878795,0.06506102721490915,0.001711153882547157,0.015400384942924413,0.09092379579723325,0.8183141621750993,0.11662481060999152,possibly forbidden,0.8183141621750993,0.32705667785405723
453,Rocky coastal 1,Phthiria cf pulicularia||Daucus carota,Phthiria cf pulicularia,Daucus carota,0.8446620217802295,1,0,1,2,1,possibly missing,2,22,0.058823529411764705,0.13529411764705884,0.07647058823529412,0.1411764705882353,0.0020749025036062908,0.003084767076326857,0.0700791595541695,0.10418700818647147,0.009489220783159436,0.014107668095734828,0.3204953563610686,0.476481917439463,0.41933107437406547,possibly forbidden,0.476481917439463,0.6130414893963604
454,Rocky coastal 1,Phthiria cf pulicularia||Dorycnium fulgurans,Phthiria cf pulicularia,Dorycnium fulgurans,0.5443277588267654,0,0,0,0,0,possibly forbidden,2,0,0,0.1,0.05,0.1,1.3604729634078634e-4,0.001224425667067077,0.007229003023878795,0.06506102721490915,0.001711153882547157,0.015400384942924413,0.09092379579723325,0.8183141621750993,0.11662481060999152,possibly forbidden,0.8183141621750993,0.32705667785405723
455,Rocky coastal 1,Phthiria cf pulicularia||Euphorbia dendroides,Phthiria cf pulicularia,Euphorbia dendroides,0.5804070144486762,0,0,0,1,0,possibly forbidden,2,16,0.0427807486631016,0.12566844919786097,0.06925133689839572,0.12994652406417112,2.5060651401684504e-4,0.0021661648374019385,0.009419579255578394,0.08141991618455345,0.0024366822081127756,0.0210619238683557,0.09158788737005157,0.7916572397619294,0.12692284405351717,possibly forbidden,0.7916572397619294,0.36710681080210195
456,Rocky coastal 1,Phthiria cf pulicularia||Helichrysum stoechas,Phthiria cf pulicularia,Helichrysum stoechas,0.5553280599216399,0,1,0,1,0,weakly supported,2,17,0.045454545454545456,0.1272727272727273,0.07045454545454546,0.13181818181818183,0.004974225490054473,0.042293994558348945,0.0049694951991726384,0.042253774649296624,0.04766782191001624,0.40530181120689296,0.0476224917045825,0.4049163852816356,0.5528298400690678,weakly supported,0.40530181120689296,0.6455524716040933
457,Rocky coastal 1,Phthiria cf pulicularia||Lonicera implexa,Phthiria cf pulicularia,Lonicera implexa,0.5,0,0,0,1,0,possibly forbidden,2,2,0.0053475935828877,0.10320855614973262,0.052406417112299465,0.10374331550802139,1.2140606921639315e-4,0.001354037054916729,0.00613921622939069,0.06847043410922579,0.0014742556260121502,0.01644231428399107,0.07454960138238474,0.8314487352448625,0.10008083064591167,possibly forbidden,0.8314487352448625,0.31214112690017864
458,Rocky coastal 1,Phthiria cf pulicularia||Ruta chalepensis,Phthiria cf pulicularia,Ruta chalepensis,0.5077771517212307,0,0,0,1,0,possibly forbidden,2,2,0.0053475935828877,0.10320855614973262,0.052406417112299465,0.10374331550802139,1.2140606921639315e-4,0.001354037054916729,0.00613921622939069,0.06847043410922579,0.0014742556260121502,0.01644231428399107,0.07454960138238474,0.8314487352448625,0.10008083064591167,possibly forbidden,0.8314487352448625,0.31214112690017864
459,Rocky coastal 1,Phthiria cf pulicularia||Salvia rosmarinus,Phthiria cf pulicularia,Salvia rosmarinus,0.5199893412858596,0,0,0,1,0,possibly forbidden,2,4,0.0106951871657754,0.10641711229946524,0.054812834224598934,0.10748663101604279,1.3611548128255411e-4,0.0014591020559303859,0.006564142040805153,0.07036490674617667,0.0015973038507821182,0.01712244125841714,0.07702966084433713,0.8257263277222688,0.10390876553155448,possibly forbidden,0.8257263277222688,0.320280173187666
460,Rocky coastal 1,Phthiria cf pulicularia||Sedum sediforme,Phthiria cf pulicularia,Sedum sediforme,0.5321776900098669,0,0,0,2,0,possibly forbidden,2,7,0.01871657754010695,0.11122994652406418,0.05842245989304813,0.11310160427807488,1.2680155459365486e-4,0.001657163718028316,0.005715256410327679,0.07469242465342549,0.0014159532172807346,0.018505027841516027,0.06382047702586106,0.8340668955789671,0.09124067976760741,possibly forbidden,0.8340668955789671,0.3102332096027675
461,Rocky coastal 1,Phthiria cf pulicularia||Teucrium capitatum,Phthiria cf pulicularia,Teucrium capitatum,0.6597594065089132,0,1,1,2,1,model-elusive,2,33,0.08823529411764705,0.15294117647058825,0.08970588235294118,0.16176470588235295,0.028547690324368633,0.03615232360579786,0.02193597707488608,0.02777935912887845,0.2209615782392603,0.27982209384325146,0.16978634907460793,0.21501462870894927,0.7572060121621723,weakly supported,0.27982209384325146,0.8302316930583267
462,Rocky coastal 1,Stictopleurus abutilon||Allium sp.,Stictopleurus abutilon,Allium sp.,0.5782407312735509,0,0,0,1,0,possibly forbidden,1,2,0.00267379679144385,0.10160427807486631,0.05120320855614974,0.1018716577540107,1.1447317001427863e-4,0.0013028865619466776,0.005932184240369743,0.06751768234255709,0.0014145426042954335,0.01609974241307107,0.07330387848511809,0.8343146101826276,0.09816770747481529,possibly forbidden,0.8343146101826276,0.30803289105123977
463,Rocky coastal 1,Stictopleurus abutilon||Astragalus balearicus,Stictopleurus abutilon,Astragalus balearicus,0.5,0,0,0,0,0,possibly forbidden,1,0,0,0.1,0.05,0.1,1.3604729634078634e-4,0.001224425667067077,0.007229003023878795,0.06506102721490915,0.001711153882547157,0.015400384942924413,0.09092379579723325,0.8183141621750993,0.11662481060999152,possibly forbidden,0.8183141621750993,0.32705667785405723
464,Rocky coastal 1,Stictopleurus abutilon||Daucus carota,Stictopleurus abutilon,Daucus carota,0.8159114437290708,1,0,0,1,0,phantom,1,22,0.029411764705882353,0.11764705882352941,0.06323529411764706,0.12058823529411766,3.5544966372523794e-4,0.0033464420313053206,0.014725972137149693,0.1386401989950449,0.0019075798619921105,0.017959238901338555,0.07902938380270336,0.7440357346067409,0.11732406639821424,possibly forbidden,0.7440357346067409,0.41484294915558156
465,Rocky coastal 1,Stictopleurus abutilon||Dorycnium fulgurans,Stictopleurus abutilon,Dorycnium fulgurans,0.5,0,0,0,0,0,possibly forbidden,1,0,0,0.1,0.05,0.1,1.3604729634078634e-4,0.001224425667067077,0.007229003023878795,0.06506102721490915,0.001711153882547157,0.015400384942924413,0.09092379579723325,0.8183141621750993,0.11662481060999152,possibly forbidden,0.8183141621750993,0.32705667785405723
466,Rocky coastal 1,Stictopleurus abutilon||Euphorbia dendroides,Stictopleurus abutilon,Euphorbia dendroides,0.5299640567466664,0,0,0,1,0,possibly forbidden,1,16,0.0213903743315508,0.11283422459893049,0.059625668449197866,0.11497326203208556,1.6908078890471716e-4,0.0016802413594790527,0.007457558361285682,0.0741095311923485,0.0018578679308353684,0.018462573767611883,0.08194401393273416,0.8143191326668007,0.1115713361408508,possibly forbidden,0.8143191326668007,0.3362600101702769
467,Rocky coastal 1,Stictopleurus abutilon||Helichrysum stoechas,Stictopleurus abutilon,Helichrysum stoechas,0.5044443364487988,0,1,0,1,0,weakly supported,1,17,0.022727272727272728,0.11363636363636365,0.060227272727272727,0.11590909090909092,0.003551077211930298,0.03496692223184,0.004195801634953568,0.04131542647868743,0.038708947248060066,0.38116117091229307,0.0457368439089659,0.45036381037326967,0.5083207631480429,possibly forbidden,0.45036381037326967,0.6183214448509301
468,Rocky coastal 1,Stictopleurus abutilon||Lonicera implexa,Stictopleurus abutilon,Lonicera implexa,0.5,0,0,0,1,0,possibly forbidden,1,2,0.00267379679144385,0.10160427807486631,0.05120320855614974,0.1018716577540107,1.1447317001427863e-4,0.0013028865619466776,0.005932184240369743,0.06751768234255709,0.0014145426042954335,0.01609974241307107,0.07330387848511809,0.8343146101826276,0.09816770747481529,possibly forbidden,0.8343146101826276,0.30803289105123977
469,Rocky coastal 1,Stictopleurus abutilon||Ruta chalepensis,Stictopleurus abutilon,Ruta chalepensis,0.5,0,0,0,1,0,possibly forbidden,1,2,0.00267379679144385,0.10160427807486631,0.05120320855614974,0.1018716577540107,1.1447317001427863e-4,0.0013028865619466776,0.005932184240369743,0.06751768234255709,0.0014145426042954335,0.01609974241307107,0.07330387848511809,0.8343146101826276,0.09816770747481529,possibly forbidden,0.8343146101826276,0.30803289105123977
470,Rocky coastal 1,Stictopleurus abutilon||Salvia rosmarinus,Stictopleurus abutilon,Salvia rosmarinus,0.5,0,0,0,0,0,possibly forbidden,1,4,0.0053475935828877,0.10320855614973262,0.052406417112299465,0.10374331550802139,1.5306736154108323e-4,0.0013223757625920388,0.007740252495022244,0.06686939784359423,0.001858724364994987,0.016057845545008234,0.09399127128646309,0.8120070653407842,0.1211235368156216,possibly forbidden,0.8120070653407842,0.33566531126818433
471,Rocky coastal 1,Stictopleurus abutilon||Sedum sediforme,Stictopleurus abutilon,Sedum sediforme,0.5,0,0,0,1,0,possibly forbidden,1,7,0.009358288770053475,0.10561497326203209,0.05421122994652407,0.10655080213903743,1.3233077018764972e-4,0.0014324908181363159,0.006456551545077386,0.06989266964918178,0.001566089250923498,0.01695303721990478,0.07641107172912753,0.8271557590174611,0.10295157133335708,possibly forbidden,0.8271557590174611,0.31825495661895226
472,Rocky coastal 1,Stictopleurus abutilon||Teucrium capitatum,Stictopleurus abutilon,Teucrium capitatum,0.6696642005003676,0,0,1,1,1,locally absent,1,33,0.044117647058823525,0.1264705882352941,0.06985294117647059,0.13088235294117648,0.0010876446789102306,0.001367255612877654,0.040503154599013234,0.05091567727820685,0.010498606914368939,0.01319758144309537,0.39096104377857277,0.49146903569495487,0.4576152870268383,possibly forbidden,0.49146903569495487,0.5381990704883943
473,Rocky coastal 1,Colias crocea||Allium sp.,Colias crocea,Allium sp.,0.5782407312735509,0,0,0,0,0,possibly forbidden,2,2,0.0053475935828877,0.10320855614973262,0.052406417112299465,0.10374331550802139,1.5306736154108323e-4,0.0013223757625920388,0.007740252495022244,0.06686939784359423,0.001858724364994987,0.016057845545008234,0.09399127128646309,0.8120070653407842,0.1211235368156216,possibly forbidden,0.8120070653407842,0.33566531126818433
474,Rocky coastal 1,Colias crocea||Astragalus balearicus,Colias crocea,Astragalus balearicus,0.5,0,0,0,0,0,possibly forbidden,2,0,0,0.1,0.05,0.1,1.3604729634078634e-4,0.001224425667067077,0.007229003023878795,0.06506102721490915,0.001711153882547157,0.015400384942924413,0.09092379579723325,0.8183141621750993,0.11662481060999152,possibly forbidden,0.8183141621750993,0.32705667785405723
475,Rocky coastal 1,Colias crocea||Daucus carota,Colias crocea,Daucus carota,0.8159114437290708,1,0,0,1,0,phantom,2,22,0.058823529411764705,0.13529411764705884,0.07647058823529412,0.1411764705882353,5.827875166664225e-4,0.004576882063266726,0.01968345948576387,0.15458270825487713,0.002665281576221106,0.020931607302673162,0.09001902138156011,0.7069582524189715,0.13845903932615133,possibly forbidden,0.7069582524189715,0.45856288213692264
476,Rocky coastal 1,Colias crocea||Dorycnium fulgurans,Colias crocea,Dorycnium fulgurans,0.5,0,0,0,0,0,possibly forbidden,2,0,0,0.1,0.05,0.1,1.3604729634078634e-4,0.001224425667067077,0.007229003023878795,0.06506102721490915,0.001711153882547157,0.015400384942924413,0.09092379579723325,0.8183141621750993,0.11662481060999152,possibly forbidden,0.8183141621750993,0.32705667785405723
477,Rocky coastal 1,Colias crocea||Euphorbia dendroides,Colias crocea,Euphorbia dendroides,0.5299640567466664,0,0,0,0,0,possibly forbidden,2,16,0.0427807486631016,0.12566844919786097,0.06925133689839572,0.12994652406417112,3.140510365747403e-4,0.0021027203148440434,0.011804276680188255,0.07903521875994358,0.003053562179990289,0.020445043896478193,0.11477463416741783,0.7684704929645632,0.15249428827549327,possibly forbidden,0.7684704929645632,0.3926708295244969
478,Rocky coastal 1,Colias crocea||Helichrysum stoechas,Colias crocea,Helichrysum stoechas,0.5662743988295947,0,0,0,0,0,possibly forbidden,2,17,0.045454545454545456,0.1272727272727273,0.07045454545454546,0.13181818181818183,3.28668345033343e-4,0.002164677720736845,0.01212702805046351,0.07987111578063898,0.0031496167935759576,0.020744027847345095,0.11621286862910903,0.7654019968330973,0.15472688738626372,possibly forbidden,0.7654019968330973,0.39654203298133717
479,Rocky coastal 1,Colias crocea||Lonicera implexa,Colias crocea,Lonicera implexa,0.5,0,0,0,0,0,possibly forbidden,2,2,0.0053475935828877,0.10320855614973262,0.052406417112299465,0.10374331550802139,1.5306736154108323e-4,0.0013223757625920388,0.007740252495022244,0.06686939784359423,0.001858724364994987,0.016057845545008234,0.09399127128646309,0.8120070653407842,0.1211235368156216,possibly forbidden,0.8120070653407842,0.33566531126818433
480,Rocky coastal 1,Colias crocea||Ruta chalepensis,Colias crocea,Ruta chalepensis,0.5,0,0,0,0,0,possibly forbidden,2,2,0.0053475935828877,0.10320855614973262,0.052406417112299465,0.10374331550802139,1.5306736154108323e-4,0.0013223757625920388,0.007740252495022244,0.06686939784359423,0.001858724364994987,0.016057845545008234,0.09399127128646309,0.8120070653407842,0.1211235368156216,possibly forbidden,0.8120070653407842,0.33566531126818433
481,Rocky coastal 1,Colias crocea||Salvia rosmarinus,Colias crocea,Salvia rosmarinus,0.5,0,0,0,1,0,possibly forbidden,2,4,0.0106951871657754,0.10641711229946524,0.054812834224598934,0.10748663101604279,1.3611548128255411e-4,0.0014591020559303859,0.006564142040805153,0.07036490674617667,0.0015973038507821182,0.01712244125841714,0.07702966084433713,0.8257263277222688,0.10390876553155448,possibly forbidden,0.8257263277222688,0.320280173187666
482,Rocky coastal 1,Colias crocea||Sedum sediforme,Colias crocea,Sedum sediforme,0.5,0,0,0,1,0,possibly forbidden,2,7,0.01871657754010695,0.11122994652406418,0.05842245989304813,0.11310160427807488,1.6038064626559836e-4,0.0016235846263563723,0.007228748256275908,0.07317893280747725,0.001790920409430856,0.0181300606493659,0.0807211661023165,0.8171662065025116,0.10965486069001118,possibly forbidden,0.8171662065025116,0.33230136665367266
483,Rocky coastal 1,Colias crocea||Teucrium capitatum,Colias crocea,Teucrium capitatum,0.6124868788397909,0,1,0,2,0,weakly supported,2,33,0.08823529411764705,0.15294117647058825,0.08970588235294118,0.16176470588235295,0.0067143327288405625,0.057985681201325946,0.005159277235373375,0.044556058968391155,0.0519695127602566,0.44881415932225516,0.03993324950456219,0.344867728278995,0.6105762127526139,weakly supported,0.44881415932225516,0.66051228702103
484,Rocky coastal 1,Gonepterix cleopatra||Allium sp.,Gonepterix cleopatra,Allium sp.,0.5782407312735509,0,0,0,1,0,possibly forbidden,2,2,0.0053475935828877,0.10320855614973262,0.052406417112299465,0.10374331550802139,1.2140606921639315e-4,0.001354037054916729,0.00613921622939069,0.06847043410922579,0.0014742556260121502,0.01644231428399107,0.07454960138238474,0.8314487352448625,0.10008083064591167,possibly forbidden,0.8314487352448625,0.31214112690017864
485,Rocky coastal 1,Gonepterix cleopatra||Astragalus balearicus,Gonepterix cleopatra,Astragalus balearicus,0.5,0,0,0,0,0,possibly forbidden,2,0,0,0.1,0.05,0.1,1.3604729634078634e-4,0.001224425667067077,0.007229003023878795,0.06506102721490915,0.001711153882547157,0.015400384942924413,0.09092379579723325,0.8183141621750993,0.11662481060999152,possibly forbidden,0.8183141621750993,0.32705667785405723
486,Rocky coastal 1,Gonepterix cleopatra||Daucus carota,Gonepterix cleopatra,Daucus carota,0.8159114437290708,1,0,0,1,0,phantom,2,22,0.058823529411764705,0.13529411764705884,0.07647058823529412,0.1411764705882353,5.827875166664225e-4,0.004576882063266726,0.01968345948576387,0.15458270825487713,0.002665281576221106,0.020931607302673162,0.09001902138156011,0.7069582524189715,0.13845903932615133,possibly forbidden,0.7069582524189715,0.45856288213692264
487,Rocky coastal 1,Gonepterix cleopatra||Dorycnium fulgurans,Gonepterix cleopatra,Dorycnium fulgurans,0.5,0,0,0,0,0,possibly forbidden,2,0,0,0.1,0.05,0.1,1.3604729634078634e-4,0.001224425667067077,0.007229003023878795,0.06506102721490915,0.001711153882547157,0.015400384942924413,0.09092379579723325,0.8183141621750993,0.11662481060999152,possibly forbidden,0.8183141621750993,0.32705667785405723
488,Rocky coastal 1,Gonepterix cleopatra||Euphorbia dendroides,Gonepterix cleopatra,Euphorbia dendroides,0.5299640567466664,0,0,0,1,0,possibly forbidden,2,16,0.0427807486631016,0.12566844919786097,0.06925133689839572,0.12994652406417112,2.5060651401684504e-4,0.0021661648374019385,0.009419579255578394,0.08141991618455345,0.0024366822081127756,0.0210619238683557,0.09158788737005157,0.7916572397619294,0.12692284405351717,possibly forbidden,0.7916572397619294,0.36710681080210195
489,Rocky coastal 1,Gonepterix cleopatra||Helichrysum stoechas,Gonepterix cleopatra,Helichrysum stoechas,0.5662743988295947,0,0,0,1,0,possibly forbidden,2,17,0.045454545454545456,0.1272727272727273,0.07045454545454546,0.13181818181818183,2.623848654165691e-4,0.0022309612003536187,0.009681335823810542,0.08231680800729194,0.00251442461978611,0.021379220021134935,0.09277588899481261,0.7888389764673936,0.12884421552531444,possibly forbidden,0.7888389764673936,0.370864460272048
490,Rocky coastal 1,Gonepterix cleopatra||Lonicera implexa,Gonepterix cleopatra,Lonicera implexa,0.5,0,0,1,1,1,locally absent,2,2,0.0053475935828877,0.10320855614973262,0.052406417112299465,0.10374331550802139,5.598446838606215e-4,9.155984402725002e-4,0.028310014410969305,0.04629963592764716,0.0067982941890937145,0.011118275720909506,0.3437735715128565,0.5622247651143907,0.39147559895796213,possibly forbidden,0.5622247651143907,0.49463072426116617
491,Rocky coastal 1,Gonepterix cleopatra||Ruta chalepensis,Gonepterix cleopatra,Ruta chalepensis,0.5,0,0,0,1,0,possibly forbidden,2,2,0.0053475935828877,0.10320855614973262,0.052406417112299465,0.10374331550802139,1.2140606921639315e-4,0.001354037054916729,0.00613921622939069,0.06847043410922579,0.0014742556260121502,0.01644231428399107,0.07454960138238474,0.8314487352448625,0.10008083064591167,possibly forbidden,0.8314487352448625,0.31214112690017864
492,Rocky coastal 1,Gonepterix cleopatra||Salvia rosmarinus,Gonepterix cleopatra,Salvia rosmarinus,0.5,0,0,0,0,0,possibly forbidden,2,4,0.0106951871657754,0.10641711229946524,0.054812834224598934,0.10748663101604279,1.7146455881272778e-4,0.0014237529784002121,0.00826884428138147,0.06866020450560036,0.0020121223352668727,0.016707622773932385,0.09703419984058173,0.8057217887260242,0.12561800676837542,possibly forbidden,0.8057217887260242,0.3441504130691407
493,Rocky coastal 1,Gonepterix cleopatra||Sedum sediforme,Gonepterix cleopatra,Sedum sediforme,0.5,0,0,0,1,0,possibly forbidden,2,7,0.01871657754010695,0.11122994652406418,0.05842245989304813,0.11310160427807488,1.6038064626559836e-4,0.0016235846263563723,0.007228748256275908,0.07317893280747725,0.001790920409430856,0.0181300606493659,0.0807211661023165,0.8171662065025116,0.10965486069001118,possibly forbidden,0.8171662065025116,0.33230136665367266
494,Rocky coastal 1,Gonepterix cleopatra||Teucrium capitatum,Gonepterix cleopatra,Teucrium capitatum,0.6124868788397909,0,1,1,2,1,model-elusive,2,33,0.08823529411764705,0.15294117647058825,0.08970588235294118,0.16176470588235295,0.028547690324368633,0.03615232360579786,0.02193597707488608,0.02777935912887845,0.2209615782392603,0.27982209384325146,0.16978634907460793,0.21501462870894927,0.7572060121621723,weakly supported,0.27982209384325146,0.8302316930583267
495,Rocky coastal 1,Spilostethus pandurus||Allium sp.,Spilostethus pandurus,Allium sp.,0.5782407312735509,0,0,0,1,0,possibly forbidden,6,2,0.016042780748663103,0.10962566844919787,0.0572192513368984,0.11122994652406418,1.5199054155536589e-4,0.0015678413488515153,0.007003578277148926,0.07224462456982861,0.0017251766892949234,0.017795866241887556,0.07949448604989896,0.8200164362815342,0.10773893914863719,possibly forbidden,0.8200164362815342,0.32831876092593004
496,Rocky coastal 1,Spilostethus pandurus||Astragalus balearicus,Spilostethus pandurus,Astragalus balearicus,0.5,0,0,0,0,0,possibly forbidden,6,0,0,0.1,0.05,0.1,1.3604729634078634e-4,0.001224425667067077,0.007229003023878795,0.06506102721490915,0.001711153882547157,0.015400384942924413,0.09092379579723325,0.8183141621750993,0.11662481060999152,possibly forbidden,0.8183141621750993,0.32705667785405723
497,Rocky coastal 1,Spilostethus pandurus||Daucus carota,Spilostethus pandurus,Daucus carota,0.8159114437290708,1,0,1,2,1,possibly missing,6,22,0.17647058823529413,0.20588235294117646,0.12941176470588237,0.22352941176470592,0.007259817102124546,0.006163098125817667,0.1365839298030553,0.11595060177751305,0.020037095201863746,0.017010150827256765,0.37697164625643276,0.3200236609059361,0.5640257373165509,locally absent,0.37697164625643276,0.7063912581691074
498,Rocky coastal 1,Spilostethus pandurus||Dorycnium fulgurans,Spilostethus pandurus,Dorycnium fulgurans,0.5,0,0,0,0,0,possibly forbidden,6,0,0,0.1,0.05,0.1,1.3604729634078634e-4,0.001224425667067077,0.007229003023878795,0.06506102721490915,0.001711153882547157,0.015400384942924413,0.09092379579723325,0.8183141621750993,0.11662481060999152,possibly forbidden,0.8183141621750993,0.32705667785405723
499,Rocky coastal 1,Spilostethus pandurus||Euphorbia dendroides,Spilostethus pandurus,Euphorbia dendroides,0.5299640567466664,0,0,1,1,1,locally absent,6,16,0.12834224598930483,0.17700534759358288,0.10775401069518717,0.1898395721925134,0.003053851903474903,0.0024671607832905088,0.07071865994624175,0.057132536213591406,0.019843361315715072,0.01603115160597326,0.45951669086496516,0.3712365873667479,0.5716308764196607,locally absent,0.45951669086496516,0.6023692867308463
500,Rocky coastal 1,Spilostethus pandurus||Helichrysum stoechas,Spilostethus pandurus,Helichrysum stoechas,0.5662743988295947,0,0,0,1,0,possibly forbidden,6,17,0.13636363636363638,0.18181818181818182,0.11136363636363637,0.1954545454545455,9.319314334961104e-4,0.004952296497406781,0.020796944259274967,0.11051524877275357,0.005860748921831128,0.031144100643629588,0.13078823641314222,0.6950104930584656,0.19447425816878083,possibly forbidden,0.6950104930584656,0.4875496844889164
501,Rocky coastal 1,Spilostethus pandurus||Lonicera implexa,Spilostethus pandurus,Lonicera implexa,0.5,0,0,0,1,0,possibly forbidden,6,2,0.016042780748663103,0.10962566844919787,0.0572192513368984,0.11122994652406418,1.5199054155536589e-4,0.0015678413488515153,0.007003578277148926,0.07224462456982861,0.0017251766892949234,0.017795866241887556,0.07949448604989896,0.8200164362815342,0.10773893914863719,possibly forbidden,0.8200164362815342,0.32831876092593004
502,Rocky coastal 1,Spilostethus pandurus||Ruta chalepensis,Spilostethus pandurus,Ruta chalepensis,0.5,0,0,0,1,0,possibly forbidden,6,2,0.016042780748663103,0.10962566844919787,0.0572192513368984,0.11122994652406418,1.5199054155536589e-4,0.0015678413488515153,0.007003578277148926,0.07224462456982861,0.0017251766892949234,0.017795866241887556,0.07949448604989896,0.8200164362815342,0.10773893914863719,possibly forbidden,0.8200164362815342,0.32831876092593004
503,Rocky coastal 1,Spilostethus pandurus||Salvia rosmarinus,Spilostethus pandurus,Salvia rosmarinus,0.5,0,0,0,1,0,possibly forbidden,6,4,0.03208556149732621,0.11925133689839573,0.06443850267379679,0.12245989304812835,2.0710814134066116e-4,0.0019159674953132015,0.008409282862256392,0.0777946850311209,0.0021376792880070054,0.019775775132320126,0.08679692495559319,0.8029625770940486,0.11924273787483053,possibly forbidden,0.8029625770940486,0.35186190284515206
504,Rocky coastal 1,Spilostethus pandurus||Sedum sediforme,Spilostethus pandurus,Sedum sediforme,0.5,0,0,1,2,1,locally absent,6,7,0.05614973262032086,0.13368983957219252,0.07526737967914439,0.1393048128342246,0.0011204902319815473,0.001691898854941036,0.03849925678300462,0.058132455427169785,0.01014704818775836,0.01532166789132938,0.3486454434137934,0.526441739210022,0.41542580536280815,possibly forbidden,0.526441739210022,0.5409807460288416
505,Rocky coastal 1,Spilostethus pandurus||Teucrium capitatum,Spilostethus pandurus,Teucrium capitatum,0.6124868788397909,0,1,3,3,1,model-elusive,6,33,0.2647058823529412,0.2588235294117647,0.16911764705882354,0.2852941176470588,0.1432769680931427,0.0024350423885307663,0.053303065058627565,9.059043095607172e-4,0.5733910284359958,0.00974498189085929,0.21331760226031785,0.0036254075629653204,0.9954686881274739,model-elusive,0.5733910284359958,0.5624790372684032
0,Rocky coastal 2,Eupeodes corollae||Allium ampeloprasum,Eupeodes corollae,Allium ampeloprasum,0.5679971411837206,0,1,0,0,0,weakly supported,14,0,0,0.1,0.05,0.1,0.003020037225404095,0.027180335028636857,0.004345013094815487,0.03910511785333938,0.03798494025741174,0.3418644623167057,0.05465000942236868,0.4918500848013181,0.46904479734534255,possibly forbidden,0.4918500848013181,0.6083078184653574
1,Rocky coastal 2,Eupeodes corollae||Allium sp.,Eupeodes corollae,Allium sp.,0.6298512871742687,0,0,1,1,1,locally absent,14,12,0.2245989304812834,0.23475935828877004,0.15106951871657753,0.2572192513368984,0.006962456587278336,0.0038061409820718474,0.10941898253000122,0.05981567976811464,0.03171715728418544,0.017338703755041575,0.4984532449539062,0.2724876341394008,0.6676966860924846,locally absent,0.4984532449539062,0.6479805928128833
2,Rocky coastal 2,Eupeodes corollae||Asteriscus aquaticus,Eupeodes corollae,Asteriscus aquaticus,0.6298512871742687,0,0,0,2,0,possibly forbidden,14,8,0.1497326203208556,0.18983957219251335,0.11737967914438503,0.20481283422459895,8.725450031904002e-4,0.00564593357629904,0.018348633659793535,0.11872759167750724,0.005203897786064696,0.03367260270879076,0.1094320794118121,0.7080967161765422,0.17317569214595052,possibly forbidden,0.7080967161765422,0.47600059574898096
3,Rocky coastal 2,Eupeodes corollae||Daucus carota,Eupeodes corollae,Daucus carota,0.6820389404061283,0,0,2,2,1,locally absent,14,44,0.8235294117647058,0.5941176470588235,0.42058823529411765,0.6764705882352942,0.10364480685643401,0.0017764083180824963,0.3993122423221172,0.006843966526521134,0.098953669912437,0.0016960051127378854,0.3812387037728842,0.0065341971787860895,0.9866218362946928,possibly missing,0.3993122423221172,0.618963388421277
4,Rocky coastal 2,Eupeodes corollae||Euphorbia dendroides,Eupeodes corollae,Euphorbia dendroides,0.7472899513036135,1,1,1,1,1,recurrent,14,8,0.1497326203208556,0.18983957219251335,0.11737967914438503,0.20481283422459895,0.09059883470604145,0.0665886189205721,0.05158563826190396,0.037914576044401904,0.27666246970045827,0.20334225958073684,0.1575275237139569,0.11578007907192857,0.8463053448836695,model-elusive,0.27666246970045827,0.9113594604596883
5,Rocky coastal 2,Eupeodes corollae||Globularia alypum,Eupeodes corollae,Globularia alypum,0.616255374225402,0,0,1,2,1,locally absent,14,5,0.09358288770053476,0.15614973262032086,0.09211229946524065,0.16550802139037435,0.0018338082110366139,0.0022596444063868563,0.05054792256437677,0.062285864895600784,0.013849519385019778,0.017065573608603193,0.3817544436842075,0.4704032232447684,0.4673109118596308,possibly forbidden,0.4704032232447684,0.5771871400451325
6,Rocky coastal 2,Eupeodes corollae||Helichrysum stoechas,Eupeodes corollae,Helichrysum stoechas,0.7580659504734589,1,1,1,1,1,recurrent,14,11,0.20588235294117646,0.22352941176470587,0.1426470588235294,0.24411764705882355,0.12430100071267532,0.07286095464505951,0.05657136241838479,0.033160179304613145,0.3089643119468744,0.18110421147564976,0.14061457241117123,0.08242340708557179,0.884416413609815,model-elusive,0.3089643119468744,0.9037813476327443
7,Rocky coastal 2,Eupeodes corollae||Lonicera implexa,Eupeodes corollae,Lonicera implexa,0.6298512871742687,0,0,0,1,0,possibly forbidden,14,1,0.01871657754010695,0.11122994652406418,0.05842245989304813,0.11310160427807488,1.6038064626559836e-4,0.0016235846263563723,0.007228748256275908,0.07317893280747725,0.001790920409430856,0.0181300606493659,0.0807211661023165,0.8171662065025116,0.10965486069001118,possibly forbidden,0.8171662065025116,0.33230136665367266
8,Rocky coastal 2,Eupeodes corollae||Ruta chalepensis,Eupeodes corollae,Ruta chalepensis,0.6298512871742687,0,0,0,1,0,possibly forbidden,14,2,0.0374331550802139,0.12245989304812835,0.06684491978609626,0.12620320855614975,2.2814748665749978e-4,0.002039264716380162,0.00890709320932092,0.0796148192267644,0.002284785477260445,0.02042223859897109,0.08920018145899036,0.7973034698256551,0.12308171094758047,possibly forbidden,0.7973034698256551,0.3595277774126947
9,Rocky coastal 2,Eupeodes corollae||Sedum sediforme,Eupeodes corollae,Sedum sediforme,0.6298512871742687,0,0,0,2,0,possibly forbidden,14,8,0.1497326203208556,0.18983957219251335,0.11737967914438503,0.20481283422459895,8.725450031904002e-4,0.00564593357629904,0.018348633659793535,0.11872759167750724,0.005203897786064696,0.03367260270879076,0.1094320794118121,0.7080967161765422,0.17317569214595052,possibly forbidden,0.7080967161765422,0.47600059574898096
10,Rocky coastal 2,Eupeodes corollae||Teucrium capitatum,Eupeodes corollae,Teucrium capitatum,0.8327526925172735,1,1,3,3,1,recurrent,14,26,0.48663101604278075,0.39197860962566844,0.26898395721925134,0.44064171122994655,0.3897029466150053,0.003356091292551082,0.08019723804108907,6.906523407487679e-4,0.4325472323692772,0.0037250629300622927,0.08901419314286883,7.665832683974365e-4,0.9985427643908538,model-elusive,0.4325472323692772,0.5760708577469352
11,Rocky coastal 2,Microdiptera sp1.||Allium ampeloprasum,Microdiptera sp1.,Allium ampeloprasum,0.5,0,1,0,0,0,weakly supported,3,0,0,0.1,0.05,0.1,0.003020037225404095,0.027180335028636857,0.004345013094815487,0.03910511785333938,0.03798494025741174,0.3418644623167057,0.05465000942236868,0.4918500848013181,0.46904479734534255,possibly forbidden,0.4918500848013181,0.6083078184653574
12,Rocky coastal 2,Microdiptera sp1.||Allium sp.,Microdiptera sp1.,Allium sp.,0.530226255717564,0,0,0,1,0,possibly forbidden,3,12,0.0481283422459893,0.12887700534759358,0.07165775401069518,0.13368983957219252,2.7453796829763813e-4,0.002296652500021516,0.009946773481210284,0.08320991928520016,0.0025933617388802306,0.021694816050369478,0.0939599791294193,0.7860239598466014,0.1307661208681984,possibly forbidden,0.7860239598466014,0.37460122001224855
13,Rocky coastal 2,Microdiptera sp1.||Asteriscus aquaticus,Microdiptera sp1.,Asteriscus aquaticus,0.530226255717564,0,0,0,1,0,possibly forbidden,3,8,0.03208556149732621,0.11925133689839573,0.06443850267379679,0.12245989304812835,2.0710814134066116e-4,0.0019159674953132015,0.008409282862256392,0.0777946850311209,0.0021376792880070054,0.019775775132320126,0.08679692495559319,0.8029625770940486,0.11924273787483053,possibly forbidden,0.8029625770940486,0.35186190284515206
14,Rocky coastal 2,Microdiptera sp1.||Daucus carota,Microdiptera sp1.,Daucus carota,0.5872555829169658,0,0,0,1,0,possibly forbidden,3,44,0.17647058823529413,0.20588235294117646,0.12941176470588237,0.22352941176470592,0.001440035554143251,0.006457752801412108,0.027092378812607648,0.12149414274574981,0.007762392184046362,0.034809980717461005,0.14603922030753455,0.6549040968770453,0.22360176037720492,possibly forbidden,0.6549040968770453,0.5331264946033932
15,Rocky coastal 2,Microdiptera sp1.||Euphorbia dendroides,Microdiptera sp1.,Euphorbia dendroides,0.7173955073322649,1,0,0,1,0,phantom,3,8,0.03208556149732621,0.11925133689839573,0.06443850267379679,0.12245989304812835,3.7308607564967295e-4,0.0034514374436056794,0.015148541828429455,0.14013989772098348,0.0019717013536979934,0.018240305184027646,0.08005766598942012,0.740617364404186,0.11924273787483053,possibly forbidden,0.740617364404186,0.4189693476944412
16,Rocky coastal 2,Microdiptera sp1.||Globularia alypum,Microdiptera sp1.,Globularia alypum,0.5157842268321993,0,0,0,0,0,possibly forbidden,3,5,0.020053475935828877,0.11203208556149732,0.059024064171123,0.11403743315508022,2.071479128893017e-4,0.001609342577628842,0.009235594553157115,0.0717517996527224,0.002294521104800078,0.017826250130726983,0.10230016958423374,0.7947751744838416,0.133473025863436,possibly forbidden,0.7947751744838416,0.358713862972068
17,Rocky coastal 2,Microdiptera sp1.||Helichrysum stoechas,Microdiptera sp1.,Helichrysum stoechas,0.7289839499850629,1,0,1,1,1,possibly missing,3,11,0.04411764705882353,0.1264705882352941,0.06985294117647059,0.13088235294117648,0.001949784042388088,0.002451033161423137,0.07260864327738023,0.09127482254949106,0.009636467550891082,0.012113803894549887,0.35885555510020584,0.4511098904236707,0.4576152870268382,possibly forbidden,0.4511098904236707,0.6063642434178933
18,Rocky coastal 2,Microdiptera sp1.||Lonicera implexa,Microdiptera sp1.,Lonicera implexa,0.530226255717564,0,0,0,1,0,possibly forbidden,3,1,0.004010695187165776,0.10240641711229947,0.051804812834224605,0.10280748663101605,1.179051025037748e-4,0.0013283464707932588,0.00603524809694953,0.0679945171133537,0.001444248115541957,0.016271237177106494,0.07392721354504975,0.8328812843787015,0.09912419850794485,possibly forbidden,0.8328812843787015,0.31009028028861363
19,Rocky coastal 2,Microdiptera sp1.||Ruta chalepensis,Microdiptera sp1.,Ruta chalepensis,0.530226255717564,0,0,0,1,0,possibly forbidden,3,2,0.008021390374331552,0.10481283422459893,0.0536096256684492,0.10561497326203209,1.2861814111254918e-4,0.0014061094339926678,0.006349867427804215,0.06941951125716515,0.0015351762850184321,0.016783214549161436,0.0757915314578038,0.8285859714479418,0.10199451729489306,possibly forbidden,0.8285859714479418,0.31622341154876005
20,Rocky coastal 2,Microdiptera sp1.||Sedum sediforme,Microdiptera sp1.,Sedum sediforme,0.530226255717564,0,0,0,1,0,possibly forbidden,3,8,0.03208556149732621,0.11925133689839573,0.06443850267379679,0.12245989304812835,2.0710814134066116e-4,0.0019159674953132015,0.008409282862256392,0.0777946850311209,0.0021376792880070054,0.019775775132320126,0.08679692495559319,0.8029625770940486,0.11924273787483053,possibly forbidden,0.8029625770940486,0.35186190284515206
21,Rocky coastal 2,Microdiptera sp1.||Teucrium capitatum,Microdiptera sp1.,Teucrium capitatum,0.7675871757217246,1,1,1,2,1,recurrent,3,26,0.10427807486631017,0.16256684491978612,0.09692513368983958,0.17299465240641715,0.05770493952725638,0.06741735314727411,0.04071228982449016,0.047564642524846386,0.21270344419954734,0.24850391198259694,0.15006764304516673,0.1753257757488219,0.7771095817263317,weakly supported,0.24850391198259694,0.9073223394061749
22,Rocky coastal 2,Mordellistena sp.||Allium ampeloprasum,Mordellistena sp.,Allium ampeloprasum,0.5,0,0,0,0,0,possibly forbidden,4,0,0,0.1,0.05,0.1,1.3604729634078634e-4,0.001224425667067077,0.007229003023878795,0.06506102721490915,0.001711153882547157,0.015400384942924413,0.09092379579723325,0.8183141621750993,0.11662481060999152,possibly forbidden,0.8183141621750993,0.32705667785405723
23,Rocky coastal 2,Mordellistena sp.||Allium sp.,Mordellistena sp.,Allium sp.,0.5,0,1,0,1,0,weakly supported,4,12,0.0641711229946524,0.13850267379679143,0.07887700534759358,0.1449197860962567,0.006353937667172763,0.04839940135447171,0.005618693640651969,0.04279887887580349,0.0552325848559545,0.42071927398647757,0.048841362560141065,0.3720358670593269,0.5851652540648696,weakly supported,0.42071927398647757,0.6647114337844322
24,Rocky coastal 2,Mordellistena sp.||Asteriscus aquaticus,Mordellistena sp.,Asteriscus aquaticus,0.5,0,0,0,2,0,possibly forbidden,4,8,0.0427807486631016,0.12566844919786097,0.06925133689839572,0.12994652406417112,1.987674609805956e-4,0.002218003890438188,0.007471098105658002,0.08336839733447385,0.0019326438405771538,0.02156596223589133,0.07264253245986353,0.8106025946721174,0.10602900799340875,possibly forbidden,0.8106025946721174,0.3435872437954229
25,Rocky coastal 2,Mordellistena sp.||Daucus carota,Mordellistena sp.,Daucus carota,0.5367755791979668,0,0,1,2,1,locally absent,4,44,0.23529411764705882,0.2411764705882353,0.15588235294117647,0.26470588235294124,0.006836228984105414,0.0046408461234342105,0.1035279270975793,0.07028102485377072,0.030059316204159917,0.020406083734688375,0.45521861596837415,0.30902995703388797,0.6206890181123413,locally absent,0.45521861596837415,0.6666854025828662
26,Rocky coastal 2,Mordellistena sp.||Euphorbia dendroides,Mordellistena sp.,Euphorbia dendroides,0.6739962813932894,0,0,0,1,0,possibly forbidden,4,8,0.0427807486631016,0.12566844919786097,0.06925133689839572,0.12994652406417112,2.5060651401684504e-4,0.0021661648374019385,0.009419579255578394,0.08141991618455345,0.0024366822081127756,0.0210619238683557,0.09158788737005157,0.7916572397619294,0.12692284405351717,possibly forbidden,0.7916572397619294,0.36710681080210195
27,Rocky coastal 2,Mordellistena sp.||Globularia alypum,Mordellistena sp.,Globularia alypum,0.5,0,0,0,0,0,possibly forbidden,4,5,0.026737967914438502,0.1160427807486631,0.06203208556149733,0.11871657754010696,2.3550098997266705e-4,0.001748223565202501,0.009958621512297683,0.073927064199399,0.002507047133285176,0.018610872412855715,0.10601540790455147,0.7869972622824359,0.13907567351816508,possibly forbidden,0.7869972622824359,0.36890281520851326
28,Rocky coastal 2,Mordellistena sp.||Helichrysum stoechas,Mordellistena sp.,Helichrysum stoechas,0.686586871823789,0,0,0,1,0,possibly forbidden,4,11,0.058823529411764705,0.13529411764705884,0.07647058823529412,0.1411764705882353,3.270324610082799e-4,0.0025683271554210506,0.011045415374726758,0.08674441724333193,0.0029210366318792483,0.02294016221051883,0.0986570654925972,0.7747965434305167,0.13845903932615133,possibly forbidden,0.7747965434305167,0.3893443710616619
29,Rocky coastal 2,Mordellistena sp.||Lonicera implexa,Mordellistena sp.,Lonicera implexa,0.5,0,0,0,1,0,possibly forbidden,4,1,0.0053475935828877,0.10320855614973262,0.052406417112299465,0.10374331550802139,1.2140606921639315e-4,0.001354037054916729,0.00613921622939069,0.06847043410922579,0.0014742556260121502,0.01644231428399107,0.07454960138238474,0.8314487352448625,0.10008083064591167,possibly forbidden,0.8314487352448625,0.31214112690017864
30,Rocky coastal 2,Mordellistena sp.||Ruta chalepensis,Mordellistena sp.,Ruta chalepensis,0.5,0,0,0,1,0,possibly forbidden,4,2,0.0106951871657754,0.10641711229946524,0.054812834224598934,0.10748663101604279,1.3611548128255411e-4,0.0014591020559303859,0.006564142040805153,0.07036490674617667,0.0015973038507821182,0.01712244125841714,0.07702966084433713,0.8257263277222688,0.10390876553155448,possibly forbidden,0.8257263277222688,0.320280173187666
31,Rocky coastal 2,Mordellistena sp.||Sedum sediforme,Mordellistena sp.,Sedum sediforme,0.5,0,0,2,2,1,locally absent,4,8,0.0427807486631016,0.12566844919786097,0.06925133689839572,0.12994652406417112,0.0019490956259495353,4.6767572546924845e-4,0.0732609078313852,0.017578587608746657,0.01895132954661518,0.004547276529853304,0.7123260596926344,0.17091906743934654,0.8115023449519068,locally absent,0.7123260596926344,0.4431609934558028
32,Rocky coastal 2,Mordellistena sp.||Teucrium capitatum,Mordellistena sp.,Teucrium capitatum,0.7768439915112524,1,0,0,3,0,phantom,4,26,0.13903743315508021,0.18342245989304812,0.11256684491978611,0.19732620320855615,0.0010629817301745612,0.009303229345668214,0.023436127214861553,0.20511327736395688,0.0033862114599057386,0.029636164884282404,0.07465761668146512,0.6534043913196855,0.14148233131635757,possibly forbidden,0.6534043913196855,0.5092853458050149
33,Rocky coastal 2,Stomorhina lunata||Allium ampeloprasum,Stomorhina lunata,Allium ampeloprasum,0.5,0,0,0,0,0,possibly forbidden,2,0,0,0.1,0.05,0.1,1.3604729634078634e-4,0.001224425667067077,0.007229003023878795,0.06506102721490915,0.001711153882547157,0.015400384942924413,0.09092379579723325,0.8183141621750993,0.11662481060999152,possibly forbidden,0.8183141621750993,0.32705667785405723
34,Rocky coastal 2,Stomorhina lunata||Allium sp.,Stomorhina lunata,Allium sp.,0.5,0,1,0,0,0,weakly supported,2,12,0.0320855614973262,0.11925133689839573,0.06443850267379679,0.12245989304812835,0.005152218625091296,0.03692048368460619,0.005664301678853698,0.04059003954147999,0.0531789381665378,0.3810770197872861,0.058464434577645566,0.41895256393849944,0.5404573965200206,possibly forbidden,0.41895256393849944,0.6552113979002646
35,Rocky coastal 2,Stomorhina lunata||Asteriscus aquaticus,Stomorhina lunata,Asteriscus aquaticus,0.5,0,0,0,1,0,possibly forbidden,2,8,0.0213903743315508,0.11283422459893049,0.059625668449197866,0.11497326203208556,1.6908078890471716e-4,0.0016802413594790527,0.007457558361285682,0.0741095311923485,0.0018578679308353684,0.018462573767611883,0.08194401393273416,0.8143191326668007,0.1115713361408508,possibly forbidden,0.8143191326668007,0.3362600101702769
36,Rocky coastal 2,Stomorhina lunata||Daucus carota,Stomorhina lunata,Daucus carota,0.5367755791979668,0,0,0,0,0,possibly forbidden,2,44,0.11764705882352941,0.17058823529411765,0.10294117647058823,0.1823529411764706,9.220950111811526e-4,0.004134555050134846,0.022472032656921874,0.10076169481652066,0.006265466744425373,0.028093544434681508,0.15269334676394222,0.6846572645221923,0.21458104066128703,possibly forbidden,0.6846572645221923,0.49251161285387585
37,Rocky coastal 2,Stomorhina lunata||Euphorbia dendroides,Stomorhina lunata,Euphorbia dendroides,0.6739962813932894,0,0,0,0,0,possibly forbidden,2,8,0.0213903743315508,0.11283422459893049,0.059625668449197866,0.11497326203208556,2.1262259994786657e-4,0.0016366995484359034,0.009378034360444572,0.07218905519318962,0.0023363074680032942,0.01798413423044396,0.10304629760368983,0.793216848995845,0.13459409581096538,possibly forbidden,0.793216848995845,0.3607656050878819
38,Rocky coastal 2,Stomorhina lunata||Globularia alypum,Stomorhina lunata,Globularia alypum,0.5,0,0,0,1,0,possibly forbidden,2,5,0.013368983957219251,0.10802139037433156,0.05601604278074866,0.10935828877005348,1.4390422382098685e-4,0.0015130132562015482,0.006782044262775392,0.07130661353268994,0.0016606375745654128,0.017459992468250442,0.07826398166839688,0.8228698130132994,0.10582357345401061,possibly forbidden,0.8228698130132994,0.3243118239807983
39,Rocky coastal 2,Stomorhina lunata||Helichrysum stoechas,Stomorhina lunata,Helichrysum stoechas,0.686586871823789,0,0,0,0,0,possibly forbidden,2,11,0.029411764705882353,0.11764705882352941,0.06323529411764706,0.12058823529411766,2.475410233029045e-4,0.0018052381943309377,0.01025541049541657,0.0747894570275501,0.0025945681790288905,0.018921363061698494,0.1074907155963693,0.7838957064223028,0.1413148365501471,possibly forbidden,0.7838957064223028,0.37293026349355807
40,Rocky coastal 2,Stomorhina lunata||Lonicera implexa,Stomorhina lunata,Lonicera implexa,0.5,0,0,0,0,0,possibly forbidden,2,1,0.00267379679144385,0.10160427807486631,0.05120320855614974,0.1018716577540107,1.4438878552864288e-4,0.0012729709464323132,0.007482459670613671,0.06596740691231316,0.001784209249095358,0.015730075768271144,0.09246060004877302,0.8151578886189726,0.11887470446871418,possibly forbidden,0.8151578886189726,0.33137669567629774
41,Rocky coastal 2,Stomorhina lunata||Ruta chalepensis,Stomorhina lunata,Ruta chalepensis,0.5,0,0,0,0,0,possibly forbidden,2,2,0.0053475935828877,0.10320855614973262,0.052406417112299465,0.10374331550802139,1.5306736154108323e-4,0.0013223757625920388,0.007740252495022244,0.06686939784359423,0.001858724364994987,0.016057845545008234,0.09399127128646309,0.8120070653407842,0.1211235368156216,possibly forbidden,0.8120070653407842,0.33566531126818433
42,Rocky coastal 2,Stomorhina lunata||Sedum sediforme,Stomorhina lunata,Sedum sediforme,0.5,0,0,0,0,0,possibly forbidden,2,8,0.0213903743315508,0.11283422459893049,0.059625668449197866,0.11497326203208556,2.1262259994786657e-4,0.0016366995484359034,0.009378034360444572,0.07218905519318962,0.0023363074680032942,0.01798413423044396,0.10304629760368983,0.793216848995845,0.13459409581096538,possibly forbidden,0.793216848995845,0.3607656050878819
43,Rocky coastal 2,Stomorhina lunata||Teucrium capitatum,Stomorhina lunata,Teucrium capitatum,0.7768439915112524,1,0,0,1,0,phantom,2,26,0.06951871657754011,0.14171122994652408,0.08128342245989306,0.1486631016042781,6.850243897585572e-4,0.0050643320026821795,0.021653120661556363,0.16007983593534353,0.0029687836886467074,0.02194798676986312,0.09384108418531613,0.6937598323668335,0.14616033169782305,possibly forbidden,0.6937598323668335,0.4736010859753926
44,Rocky coastal 2,Exoprosopa cf. bowdeni||Allium ampeloprasum,Exoprosopa cf. bowdeni,Allium ampeloprasum,0.580862675083226,0,0,0,0,0,possibly forbidden,7,0,0,0.1,0.05,0.1,1.3604729634078634e-4,0.001224425667067077,0.007229003023878795,0.06506102721490915,0.001711153882547157,0.015400384942924413,0.09092379579723325,0.8183141621750993,0.11662481060999152,possibly forbidden,0.8183141621750993,0.32705667785405723
45,Rocky coastal 2,Exoprosopa cf. bowdeni||Allium sp.,Exoprosopa cf. bowdeni,Allium sp.,0.580862675083226,0,0,0,1,0,possibly forbidden,7,12,0.1122994652406417,0.167379679144385,0.10053475935828876,0.1786096256684492,6.966923588173342e-4,0.004136220314191097,0.017431874054530557,0.10349197987640693,0.0048433066220046955,0.028754417906633786,0.12118391995224372,0.7194615889151719,0.17704643120842123,possibly forbidden,0.7194615889151719,0.4585849592079864
46,Rocky coastal 2,Exoprosopa cf. bowdeni||Asteriscus aquaticus,Exoprosopa cf. bowdeni,Asteriscus aquaticus,0.5170985926251819,0,1,1,2,1,model-elusive,7,8,0.0748663101604278,0.1449197860962567,0.08368983957219252,0.15240641711229946,0.025064853973847605,0.03406690297165392,0.0207806983479976,0.028244091708776505,0.20668120919623711,0.2809108206694044,0.1713546732403758,0.23289674989170697,0.7388591583995165,weakly supported,0.2809108206694044,0.8237462723856691
47,Rocky coastal 2,Exoprosopa cf. bowdeni||Daucus carota,Exoprosopa cf. bowdeni,Daucus carota,0.6359652754067112,0,0,1,2,1,locally absent,7,44,0.4117647058823529,0.34705882352941175,0.23529411764705882,0.3882352941176471,0.01971765735721925,0.007593251548938175,0.17921467390661333,0.06901540459803161,0.05184214048810935,0.01996436018893893,0.4711955448802682,0.1814569670318812,0.7495276283700871,locally absent,0.4711955448802682,0.7227493080458779
48,Rocky coastal 2,Exoprosopa cf. bowdeni||Euphorbia dendroides,Exoprosopa cf. bowdeni,Euphorbia dendroides,0.7570993664834825,1,0,0,1,0,phantom,7,8,0.0748663101604278,0.1449197860962567,0.08368983957219252,0.15240641711229946,7.40396672415419e-4,0.005315776731569001,0.022670918467742603,0.16276888506396042,0.0031259857146363765,0.022443431668690318,0.09571756587810068,0.6872170398028852,0.15001407513315446,possibly forbidden,0.6872170398028852,0.48095935010675156
49,Rocky coastal 2,Exoprosopa cf. bowdeni||Globularia alypum,Exoprosopa cf. bowdeni,Globularia alypum,0.5667052273183879,0,0,0,2,0,possibly forbidden,7,5,0.04679144385026738,0.12807486631016043,0.07105614973262032,0.13275401069518716,2.1300504150626332e-4,0.0023191042200091843,0.007787760115902012,0.08478967080540441,0.0020265709368532145,0.0220644036336861,0.07409424773454275,0.806705237512096,0.10850509168249955,possibly forbidden,0.806705237512096,0.34899992491721454
50,Rocky coastal 2,Exoprosopa cf. bowdeni||Helichrysum stoechas,Exoprosopa cf. bowdeni,Helichrysum stoechas,0.7184613336052503,1,1,1,1,1,recurrent,7,11,0.10294117647058823,0.16176470588235295,0.09632352941176471,0.17205882352941176,0.06498749331078739,0.059199429303770826,0.046167415768183645,0.04205554833198518,0.24096574792448328,0.21950430816998184,0.17118318161802887,0.15593687557277902,0.8020075760952358,model-elusive,0.24096574792448328,0.9079058192238743
51,Rocky coastal 2,Exoprosopa cf. bowdeni||Lonicera implexa,Exoprosopa cf. bowdeni,Lonicera implexa,0.580862675083226,0,0,0,1,0,possibly forbidden,7,1,0.009358288770053475,0.10561497326203209,0.05421122994652407,0.10655080213903743,1.3233077018764972e-4,0.0014324908181363159,0.006456551545077386,0.06989266964918178,0.001566089250923498,0.01695303721990478,0.07641107172912753,0.8271557590174611,0.10295157133335708,possibly forbidden,0.8271557590174611,0.31825495661895226
52,Rocky coastal 2,Exoprosopa cf. bowdeni||Ruta chalepensis,Exoprosopa cf. bowdeni,Ruta chalepensis,0.580862675083226,0,0,0,1,0,possibly forbidden,7,2,0.01871657754010695,0.11122994652406418,0.05842245989304813,0.11310160427807488,1.6038064626559836e-4,0.0016235846263563723,0.007228748256275908,0.07317893280747725,0.001790920409430856,0.0181300606493659,0.0807211661023165,0.8171662065025116,0.10965486069001118,possibly forbidden,0.8171662065025116,0.33230136665367266
53,Rocky coastal 2,Exoprosopa cf. bowdeni||Sedum sediforme,Exoprosopa cf. bowdeni,Sedum sediforme,0.580862675083226,0,0,0,2,0,possibly forbidden,7,8,0.0748663101604278,0.1449197860962567,0.08368983957219252,0.15240641711229946,3.331001341678787e-4,0.0030874145622946715,0.010199513672418331,0.09453651863339474,0.0027466961740562575,0.025458379916792312,0.08410373430575291,0.7795346426011228,0.12592883876548244,possibly forbidden,0.7795346426011228,0.38581827649947936
54,Rocky coastal 2,Exoprosopa cf. bowdeni||Teucrium capitatum,Exoprosopa cf. bowdeni,Teucrium capitatum,0.8021838855332281,1,1,2,3,1,recurrent,7,26,0.24331550802139038,0.24598930481283424,0.15949197860962566,0.2703208556149733,0.19898264438884775,0.024849396607180625,0.079404187708997,0.009916172130047696,0.43643526669287275,0.05450300989174952,0.1741598517084001,0.02174947087190462,0.9683343569980477,model-elusive,0.43643526669287275,0.7540790421490892
55,Rocky coastal 2,Lasioglossum sp.||Allium ampeloprasum,Lasioglossum sp.,Allium ampeloprasum,0.7945595260850712,1,0,0,0,0,phantom,16,0,0,0.1,0.05,0.1,2.4827972834515373e-4,0.0022345175551063833,0.01319258048670861,0.11873322438037748,0.0015989214505427898,0.014390293054885107,0.08496021833440347,0.764641965009631,0.11662481060999152,possibly forbidden,0.764641965009631,0.39039159114954464
56,Rocky coastal 2,Lasioglossum sp.||Allium sp.,Lasioglossum sp.,Allium sp.,0.7945595260850712,1,0,1,1,1,possibly missing,16,12,0.2566844919786096,0.2540106951871658,0.16550802139037432,0.2796791443850267,0.014353632363026184,0.006998305976752925,0.2023950227076233,0.09868040794526656,0.030163780683732072,0.01470675584419951,0.4253278140352624,0.20737428044413703,0.6939453116105965,locally absent,0.4253278140352624,0.7237628666165828
57,Rocky coastal 2,Lasioglossum sp.||Asteriscus aquaticus,Lasioglossum sp.,Asteriscus aquaticus,0.7492726227026943,1,1,2,2,1,recurrent,16,8,0.1711229946524064,0.20267379679144384,0.1270053475935829,0.2197860962566845,0.15293651391151056,0.019456067258247684,0.07960236209024851,0.010126743909171168,0.4305196493810851,0.054769257125882334,0.22408239955586345,0.02850700676799119,0.9613662493228377,model-elusive,0.4305196493810851,0.7551437645240252
58,Rocky coastal 2,Lasioglossum sp.||Daucus carota,Lasioglossum sp.,Daucus carota,0.79023054560912,1,1,2,2,1,recurrent,16,44,0.9411764705882353,0.6647058823529411,0.47352941176470587,0.7588235294117648,0.6700949295874985,0.007632395742156524,0.056414231874115005,6.42559321286139e-4,0.24186671263813084,0.002754867088525878,0.020362375846951962,2.3192790133502063e-4,0.9991255127773788,recurrent,0.6700949295874985,0.43913667860049477
59,Rocky coastal 2,Lasioglossum sp.||Euphorbia dendroides,Lasioglossum sp.,Euphorbia dendroides,0.8704860523755557,1,1,0,1,0,locally unique,16,8,0.1711229946524064,0.20267379679144384,0.1270053475935829,0.2197860962566845,0.030879207601229107,0.14151337356852914,0.016072406789363804,0.0736566992100559,0.08692564835980827,0.3983632581471591,0.04524417850710726,0.20734522781674739,0.7189980729731967,weakly supported,0.3983632581471591,0.811700863536833
60,Rocky coastal 2,Lasioglossum sp.||Globularia alypum,Lasioglossum sp.,Globularia alypum,0.7382402008238517,1,1,1,2,1,recurrent,16,5,0.10695187165775401,0.16417112299465242,0.0981283422459893,0.1748663101604278,0.05897976182485862,0.06801493010131812,0.041046722368867236,0.04733471052489128,0.21486564176464562,0.24778112277214617,0.14953485858948762,0.17244225205378527,0.7802230374213235,weakly supported,0.24778112277214617,0.9082226969336715
61,Rocky coastal 2,Lasioglossum sp.||Helichrysum stoechas,Lasioglossum sp.,Helichrysum stoechas,0.8768743028676809,1,1,1,1,1,recurrent,16,11,0.23529411764705882,0.2411764705882353,0.15588235294117647,0.26470588235294124,0.14295092731090298,0.07517088743468321,0.05861627237548281,0.03082342518139148,0.3218371609019126,0.16923839145050795,0.13196762720503008,0.06939530814008886,0.8997812666785197,model-elusive,0.3218371609019126,0.8964243531729993
62,Rocky coastal 2,Lasioglossum sp.||Lonicera implexa,Lasioglossum sp.,Lonicera implexa,0.7945595260850712,1,0,0,1,0,phantom,16,1,0.0213903743315508,0.11283422459893049,0.059625668449197866,0.11497326203208556,3.059038269839864e-4,0.003039921125581396,0.013492340894856509,0.13408021901591707,0.0017210448927560988,0.017102894001509536,0.07590923139916333,0.754348444843232,0.11157133614085091,possibly forbidden,0.754348444843232,0.40226988025185967
63,Rocky coastal 2,Lasioglossum sp.||Ruta chalepensis,Lasioglossum sp.,Ruta chalepensis,0.7492726227026943,1,1,1,1,1,recurrent,16,2,0.0427807486631016,0.12566844919786097,0.06925133689839572,0.12994652406417112,0.036559833252903615,0.04633942993425223,0.03720777137833337,0.047160688695400924,0.18201092588800163,0.2306980584159412,0.18523664678535387,0.2347866456498131,0.718052665654786,possibly forbidden,0.2347866456498131,0.8804327377143062
64,Rocky coastal 2,Lasioglossum sp.||Sedum sediforme,Lasioglossum sp.,Sedum sediforme,0.7492726227026943,1,1,2,2,1,recurrent,16,8,0.1711229946524064,0.20267379679144384,0.1270053475935829,0.2197860962566845,0.15293651391151056,0.019456067258247684,0.07960236209024851,0.010126743909171168,0.4305196493810851,0.054769257125882334,0.22408239955586345,0.02850700676799119,0.9613662493228377,model-elusive,0.4305196493810851,0.7551437645240252
65,Rocky coastal 2,Lasioglossum sp.||Teucrium capitatum,Lasioglossum sp.,Teucrium capitatum,0.9188121276231922,1,1,3,3,1,recurrent,16,26,0.5561497326203209,0.43368983957219254,0.3002673796791444,0.48930481283422467,0.43633371594319764,0.0030895601425018934,0.07699595881987173,5.451874031539675e-4,0.4076967378249035,0.0028867895039672844,0.07194264410373646,5.094062586674794e-4,0.9989454063381785,recurrent,0.43633371594319764,0.5564620877079978
66,Rocky coastal 2,Anaspis sp.||Allium ampeloprasum,Anaspis sp.,Allium ampeloprasum,0.580862675083226,0,0,0,0,0,possibly forbidden,8,0,0,0.1,0.05,0.1,1.3604729634078634e-4,0.001224425667067077,0.007229003023878795,0.06506102721490915,0.001711153882547157,0.015400384942924413,0.09092379579723325,0.8183141621750993,0.11662481060999152,possibly forbidden,0.8183141621750993,0.32705667785405723
67,Rocky coastal 2,Anaspis sp.||Allium sp.,Anaspis sp.,Allium sp.,0.580862675083226,0,0,1,1,1,locally absent,8,12,0.1283422459893048,0.17700534759358288,0.10775401069518717,0.18983957219251338,0.003053851903474903,0.002467160783290509,0.07071865994624174,0.057132536213591406,0.019843361315715072,0.016031151605973265,0.45951669086496505,0.37123658736674797,0.5716308764196606,locally absent,0.45951669086496505,0.6023692867308463
68,Rocky coastal 2,Anaspis sp.||Asteriscus aquaticus,Anaspis sp.,Asteriscus aquaticus,0.580862675083226,0,0,0,2,0,possibly forbidden,8,8,0.0855614973262032,0.15133689839572192,0.08850267379679144,0.15989304812834226,3.8916886054421744e-4,0.003407836997696398,0.011209131915158516,0.09815506410024422,0.003049897304365964,0.02670705168563179,0.08784541796205751,0.7692364311743014,0.13260850472545438,possibly forbidden,0.7692364311743014,0.3993805858510424
69,Rocky coastal 2,Anaspis sp.||Daucus carota,Anaspis sp.,Daucus carota,0.5744425155568719,0,1,2,2,1,model-elusive,8,44,0.47058823529411764,0.38235294117647056,0.26176470588235295,0.4294117647058824,0.24146244483431634,0.011498173832544246,0.05156541305836953,0.002455487781956792,0.5451075259637576,0.025957415842700213,0.11641021342608503,0.0055433252602703495,0.9920011869577728,model-elusive,0.5451075259637576,0.6092045592776031
70,Rocky coastal 2,Anaspis sp.||Euphorbia dendroides,Anaspis sp.,Euphorbia dendroides,0.7570993664834825,1,0,0,1,0,phantom,8,8,0.0855614973262032,0.15133689839572192,0.08850267379679144,0.15989304812834226,8.60055217970029e-4,0.005833768603428351,0.024771952152248602,0.1680285564135177,0.003451120982769819,0.023409010044070165,0.09940176173638925,0.6742437748496061,0.15772766873687627,possibly forbidden,0.6742437748496061,0.4953656316550076
71,Rocky coastal 2,Anaspis sp.||Globularia alypum,Anaspis sp.,Globularia alypum,0.5667052273183879,0,0,0,2,0,possibly forbidden,8,5,0.053475935828877004,0.1320855614973262,0.07406417112299465,0.13743315508021392,2.3827895744155095e-4,0.0024924282748303448,0.008330926514924784,0.08714255351912789,0.0021880835437352165,0.022887632842838818,0.07650177509210294,0.8002183212549985,0.1126391252258736,possibly forbidden,0.8002183212549985,0.3579333800976919
72,Rocky coastal 2,Anaspis sp.||Helichrysum stoechas,Anaspis sp.,Helichrysum stoechas,0.7184613336052503,1,1,0,1,0,locally unique,8,11,0.11764705882352941,0.17058823529411765,0.10294117647058823,0.1823529411764706,0.019813426333903796,0.11469132181379714,0.013074243586641226,0.0756811191258508,0.06893250439937933,0.3990203366275876,0.04548634538855824,0.26330070272428185,0.6610181781498674,weakly supported,0.3990203366275876,0.7795431000582206
73,Rocky coastal 2,Anaspis sp.||Lonicera implexa,Anaspis sp.,Lonicera implexa,0.580862675083226,0,0,0,1,0,possibly forbidden,8,1,0.0106951871657754,0.10641711229946524,0.054812834224598934,0.10748663101604279,1.3611548128255411e-4,0.0014591020559303859,0.006564142040805153,0.07036490674617667,0.0015973038507821182,0.01712244125841714,0.07702966084433713,0.8257263277222688,0.10390876553155448,possibly forbidden,0.8257263277222688,0.320280173187666
74,Rocky coastal 2,Anaspis sp.||Ruta chalepensis,Anaspis sp.,Ruta chalepensis,0.580862675083226,0,0,0,1,0,possibly forbidden,8,2,0.0213903743315508,0.11283422459893049,0.059625668449197866,0.11497326203208556,1.6908078890471716e-4,0.0016802413594790527,0.007457558361285682,0.0741095311923485,0.0018578679308353684,0.018462573767611883,0.08194401393273416,0.8143191326668007,0.1115713361408508,possibly forbidden,0.8143191326668007,0.3362600101702769
75,Rocky coastal 2,Anaspis sp.||Sedum sediforme,Anaspis sp.,Sedum sediforme,0.580862675083226,0,0,1,2,1,locally absent,8,8,0.0855614973262032,0.15133689839572192,0.08850267379679144,0.15989304812834226,0.0016623873075244534,0.002134618550716162,0.04788131968747174,0.061482876327930994,0.013028047929993508,0.016728901060004246,0.37524355787380037,0.4818382912625586,0.45667883240951035,possibly forbidden,0.4818382912625586,0.5700348341399061
76,Rocky coastal 2,Anaspis sp.||Teucrium capitatum,Anaspis sp.,Teucrium capitatum,0.8021838855332281,1,1,1,3,1,recurrent,8,26,0.27807486631016043,0.26684491978609626,0.17513368983957223,0.2946524064171123,0.14158706358339207,0.10693446645087833,0.05049665793696698,0.03813789930646931,0.2783580862331393,0.2102315895272218,0.09927568740222364,0.07497854955970856,0.8868835511338221,model-elusive,0.2783580862331393,0.913025102344052
77,Rocky coastal 2,Musca domestica||Allium ampeloprasum,Musca domestica,Allium ampeloprasum,0.6298512871742687,0,0,0,0,0,possibly forbidden,8,0,0,0.1,0.05,0.1,1.3604729634078634e-4,0.001224425667067077,0.007229003023878795,0.06506102721490915,0.001711153882547157,0.015400384942924413,0.09092379579723325,0.8183141621750993,0.11662481060999152,possibly forbidden,0.8183141621750993,0.32705667785405723
78,Rocky coastal 2,Musca domestica||Allium sp.,Musca domestica,Allium sp.,0.6298512871742687,0,0,1,1,1,locally absent,8,12,0.1283422459893048,0.17700534759358288,0.10775401069518717,0.18983957219251338,0.003053851903474903,0.002467160783290509,0.07071865994624174,0.057132536213591406,0.019843361315715072,0.016031151605973265,0.45951669086496505,0.37123658736674797,0.5716308764196606,locally absent,0.45951669086496505,0.6023692867308463
79,Rocky coastal 2,Musca domestica||Asteriscus aquaticus,Musca domestica,Asteriscus aquaticus,0.6298512871742687,0,0,0,2,0,possibly forbidden,8,8,0.0855614973262032,0.15133689839572192,0.08850267379679144,0.15989304812834226,3.8916886054421744e-4,0.003407836997696398,0.011209131915158516,0.09815506410024422,0.003049897304365964,0.02670705168563179,0.08784541796205751,0.7692364311743014,0.13260850472545438,possibly forbidden,0.7692364311743014,0.3993805858510424
80,Rocky coastal 2,Musca domestica||Daucus carota,Musca domestica,Daucus carota,0.623695385404909,0,1,2,2,1,model-elusive,8,44,0.47058823529411764,0.38235294117647056,0.26176470588235295,0.4294117647058824,0.24146244483431634,0.011498173832544246,0.05156541305836953,0.002455487781956792,0.5451075259637576,0.025957415842700213,0.11641021342608503,0.0055433252602703495,0.9920011869577728,model-elusive,0.5451075259637576,0.6092045592776031
81,Rocky coastal 2,Musca domestica||Euphorbia dendroides,Musca domestica,Euphorbia dendroides,0.7472899513036135,1,1,0,1,0,locally unique,8,8,0.0855614973262032,0.15133689839572192,0.08850267379679144,0.15989304812834226,0.01440102705177083,0.09768240191604842,0.011230980318447803,0.07617992310089759,0.05778662299044853,0.39196760842345957,0.045066259728710534,0.30568517647021665,0.6181349004288857,weakly supported,0.39196760842345957,0.7543740579721385
82,Rocky coastal 2,Musca domestica||Globularia alypum,Musca domestica,Globularia alypum,0.616255374225402,0,0,0,2,0,possibly forbidden,8,5,0.053475935828877004,0.1320855614973262,0.07406417112299465,0.13743315508021392,2.3827895744155095e-4,0.0024924282748303448,0.008330926514924784,0.08714255351912789,0.0021880835437352165,0.022887632842838818,0.07650177509210294,0.8002183212549985,0.1126391252258736,possibly forbidden,0.8002183212549985,0.3579333800976919
83,Rocky coastal 2,Musca domestica||Helichrysum stoechas,Musca domestica,Helichrysum stoechas,0.7580659504734589,1,1,0,1,0,locally unique,8,11,0.11764705882352941,0.17058823529411765,0.10294117647058823,0.1823529411764706,0.019813426333903796,0.11469132181379714,0.013074243586641226,0.0756811191258508,0.06893250439937933,0.3990203366275876,0.04548634538855824,0.26330070272428185,0.6610181781498674,weakly supported,0.3990203366275876,0.7795431000582206
84,Rocky coastal 2,Musca domestica||Lonicera implexa,Musca domestica,Lonicera implexa,0.6298512871742687,0,0,0,1,0,possibly forbidden,8,1,0.0106951871657754,0.10641711229946524,0.054812834224598934,0.10748663101604279,1.3611548128255411e-4,0.0014591020559303859,0.006564142040805153,0.07036490674617667,0.0015973038507821182,0.01712244125841714,0.07702966084433713,0.8257263277222688,0.10390876553155448,possibly forbidden,0.8257263277222688,0.320280173187666
85,Rocky coastal 2,Musca domestica||Ruta chalepensis,Musca domestica,Ruta chalepensis,0.6298512871742687,0,0,0,1,0,possibly forbidden,8,2,0.0213903743315508,0.11283422459893049,0.059625668449197866,0.11497326203208556,1.6908078890471716e-4,0.0016802413594790527,0.007457558361285682,0.0741095311923485,0.0018578679308353684,0.018462573767611883,0.08194401393273416,0.8143191326668007,0.1115713361408508,possibly forbidden,0.8143191326668007,0.3362600101702769
86,Rocky coastal 2,Musca domestica||Sedum sediforme,Musca domestica,Sedum sediforme,0.6298512871742687,0,0,1,2,1,locally absent,8,8,0.0855614973262032,0.15133689839572192,0.08850267379679144,0.15989304812834226,0.0016623873075244534,0.002134618550716162,0.04788131968747174,0.061482876327930994,0.013028047929993508,0.016728901060004246,0.37524355787380037,0.4818382912625586,0.45667883240951035,possibly forbidden,0.4818382912625586,0.5700348341399061
87,Rocky coastal 2,Musca domestica||Teucrium capitatum,Musca domestica,Teucrium capitatum,0.8327526925172735,1,1,2,3,1,recurrent,8,26,0.27807486631016043,0.26684491978609626,0.17513368983957223,0.2946524064171123,0.22374220975209594,0.024779320282174503,0.07979707711967811,0.008837480123758186,0.4398738962439535,0.048715779516407584,0.15687988091475102,0.017374356047181197,0.9737881638290606,model-elusive,0.4398738962439535,0.740403848244688
88,Rocky coastal 2,Pyrellia vivida||Allium ampeloprasum,Pyrellia vivida,Allium ampeloprasum,0.6298512871742687,0,0,0,0,0,possibly forbidden,6,0,0,0.1,0.05,0.1,1.3604729634078634e-4,0.001224425667067077,0.007229003023878795,0.06506102721490915,0.001711153882547157,0.015400384942924413,0.09092379579723325,0.8183141621750993,0.11662481060999152,possibly forbidden,0.8183141621750993,0.32705667785405723
89,Rocky coastal 2,Pyrellia vivida||Allium sp.,Pyrellia vivida,Allium sp.,0.6298512871742687,0,0,1,1,1,locally absent,6,12,0.0962566844919786,0.15775401069518716,0.09331550802139038,0.16737967914438504,0.0021604733023681357,0.002034503213651783,0.058706495625299386,0.05528351305289775,0.016119964765274414,0.015180062666340682,0.4380274636743966,0.4124875236997713,0.5322289632473309,locally absent,0.4380274636743966,0.5815705544935911
90,Rocky coastal 2,Pyrellia vivida||Asteriscus aquaticus,Pyrellia vivida,Asteriscus aquaticus,0.6298512871742687,0,0,1,2,1,locally absent,6,8,0.06417112299465241,0.13850267379679146,0.07887700534759359,0.1449197860962567,0.0012552000305056448,0.0018099858606921604,0.04099350393286558,0.059112221714036586,0.010911020193710486,0.01573358173707741,0.35634236643721534,0.5138421200938968,0.4270456581920665,possibly forbidden,0.5138421200938968,0.5493799826769784
91,Rocky coastal 2,Pyrellia vivida||Daucus carota,Pyrellia vivida,Daucus carota,0.623695385404909,0,1,2,2,1,model-elusive,6,44,0.35294117647058826,0.31176470588235294,0.20882352941176474,0.3470588235294118,0.17820541360577255,0.012014958155935201,0.05112578824435251,0.0034470008178539477,0.5497782155363836,0.03706712451130834,0.1577272208522887,0.010634278276105141,0.9859187209060409,model-elusive,0.5497782155363836,0.6360954619710414
92,Rocky coastal 2,Pyrellia vivida||Euphorbia dendroides,Pyrellia vivida,Euphorbia dendroides,0.7472899513036135,1,1,1,1,1,recurrent,6,8,0.06417112299465241,0.13850267379679146,0.07887700534759359,0.1449197860962567,0.04599133512255037,0.05137128051098213,0.04066946131896026,0.04542686791065677,0.20469873156707014,0.22864385066347406,0.1810120781082804,0.2021863947980259,0.7523867372913173,weakly supported,0.22864385066347406,0.8942200127568024
93,Rocky coastal 2,Pyrellia vivida||Globularia alypum,Pyrellia vivida,Globularia alypum,0.616255374225402,0,0,0,2,0,possibly forbidden,6,5,0.040106951871657755,0.12406417112299466,0.068048128342246,0.12807486631016043,1.8965015363960739e-4,0.0021518114709949613,0.007263825277859253,0.08241692535563747,0.0018712669769725134,0.02123179796624526,0.0716717392952192,0.8132029835034318,0.10438009114093072,possibly forbidden,0.8132029835034318,0.3399563998093923
94,Rocky coastal 2,Pyrellia vivida||Helichrysum stoechas,Pyrellia vivida,Helichrysum stoechas,0.7580659504734589,1,1,0,1,0,locally unique,6,11,0.08823529411764706,0.15294117647058825,0.08970588235294119,0.16176470588235295,0.014817175425853866,0.09912095101811416,0.011385482214603088,0.07616430206678534,0.05872160599538396,0.39282395357332633,0.04512154182279624,0.301844987883137,0.6219907100500777,weakly supported,0.39282395357332633,0.7566830840371361
95,Rocky coastal 2,Pyrellia vivida||Lonicera implexa,Pyrellia vivida,Lonicera implexa,0.6298512871742687,0,0,0,1,0,possibly forbidden,6,1,0.008021390374331552,0.10481283422459893,0.0536096256684492,0.10561497326203209,1.2861814111254918e-4,0.0014061094339926678,0.006349867427804215,0.06941951125716515,0.0015351762850184321,0.016783214549161436,0.0757915314578038,0.8285859714479418,0.10199451729489306,possibly forbidden,0.8285859714479418,0.31622341154876005
96,Rocky coastal 2,Pyrellia vivida||Ruta chalepensis,Pyrellia vivida,Ruta chalepensis,0.6298512871742687,0,0,0,1,0,possibly forbidden,6,2,0.016042780748663103,0.10962566844919787,0.0572192513368984,0.11122994652406418,1.5199054155536589e-4,0.0015678413488515153,0.007003578277148926,0.07224462456982861,0.0017251766892949234,0.017795866241887556,0.07949448604989896,0.8200164362815342,0.10773893914863719,possibly forbidden,0.8200164362815342,0.32831876092593004
97,Rocky coastal 2,Pyrellia vivida||Sedum sediforme,Pyrellia vivida,Sedum sediforme,0.6298512871742687,0,0,0,2,0,possibly forbidden,6,8,0.06417112299465241,0.13850267379679146,0.07887700534759359,0.1449197860962567,2.8293187107799884e-4,0.0027822540201198056,0.009240255328146126,0.09086547031875604,0.0024594290023501196,0.024185172928437772,0.08032234706035554,0.7898621394707567,0.1192723902104873,possibly forbidden,0.7898621394707567,0.37200623730319327
98,Rocky coastal 2,Pyrellia vivida||Teucrium capitatum,Pyrellia vivida,Teucrium capitatum,0.8327526925172735,1,1,0,3,0,locally unique,6,26,0.20855614973262035,0.22513368983957222,0.14385026737967915,0.24598930481283426,0.026210422155317346,0.17285776683820844,0.011812403139559623,0.07790281345326149,0.06455110239315734,0.42571460087536356,0.029091620121665086,0.1918592710234671,0.7302379155232714,weakly supported,0.42571460087536356,0.7743578993451435
99,Rocky coastal 2,Sarcophaga sp.||Allium ampeloprasum,Sarcophaga sp.,Allium ampeloprasum,0.580862675083226,0,0,0,0,0,possibly forbidden,6,0,0,0.1,0.05,0.1,1.3604729634078634e-4,0.001224425667067077,0.007229003023878795,0.06506102721490915,0.001711153882547157,0.015400384942924413,0.09092379579723325,0.8183141621750993,0.11662481060999152,possibly forbidden,0.8183141621750993,0.32705667785405723
100,Rocky coastal 2,Sarcophaga sp.||Allium sp.,Sarcophaga sp.,Allium sp.,0.580862675083226,0,0,1,1,1,locally absent,6,12,0.0962566844919786,0.15775401069518716,0.09331550802139038,0.16737967914438504,0.0021604733023681357,0.002034503213651783,0.058706495625299386,0.05528351305289775,0.016119964765274414,0.015180062666340682,0.4380274636743966,0.4124875236997713,0.5322289632473309,locally absent,0.4380274636743966,0.5815705544935911
101,Rocky coastal 2,Sarcophaga sp.||Asteriscus aquaticus,Sarcophaga sp.,Asteriscus aquaticus,0.580862675083226,0,0,0,2,0,possibly forbidden,6,8,0.06417112299465241,0.13850267379679146,0.07887700534759359,0.1449197860962567,2.8293187107799884e-4,0.0027822540201198056,0.009240255328146126,0.09086547031875604,0.0024594290023501196,0.024185172928437772,0.08032234706035554,0.7898621394707567,0.1192723902104873,possibly forbidden,0.7898621394707567,0.37200623730319327
102,Rocky coastal 2,Sarcophaga sp.||Daucus carota,Sarcophaga sp.,Daucus carota,0.5744425155568719,0,1,2,2,1,model-elusive,6,44,0.35294117647058826,0.31176470588235294,0.20882352941176474,0.3470588235294118,0.17820541360577255,0.012014958155935201,0.05112578824435251,0.0034470008178539477,0.5497782155363836,0.03706712451130834,0.1577272208522887,0.010634278276105141,0.9859187209060409,model-elusive,0.5497782155363836,0.6360954619710414
103,Rocky coastal 2,Sarcophaga sp.||Euphorbia dendroides,Sarcophaga sp.,Euphorbia dendroides,0.7066040399051345,1,1,0,1,0,locally unique,6,8,0.06417112299465241,0.13850267379679146,0.07887700534759359,0.1449197860962567,0.011298598439883524,0.08606401719364896,0.009991184447785312,0.07610514478183171,0.050287924083243764,0.3830546581473005,0.04446887175300771,0.3387296011532986,0.5851652540648697,weakly supported,0.3830546581473005,0.73425091446773
104,Rocky coastal 2,Sarcophaga sp.||Globularia alypum,Sarcophaga sp.,Globularia alypum,0.5667052273183879,0,0,0,1,0,possibly forbidden,6,5,0.040106951871657755,0.12406417112299466,0.068048128342246,0.12807486631016043,2.3919625898418173e-4,0.002102265365650387,0.009161499735351677,0.08051925089814503,0.002360135501408765,0.02074292944180901,0.09039598220882039,0.7944787405898305,0.12500200851202448,possibly forbidden,0.7944787405898305,0.36332800739108795
105,Rocky coastal 2,Sarcophaga sp.||Helichrysum stoechas,Sarcophaga sp.,Helichrysum stoechas,0.7675871665647281,1,0,0,1,0,phantom,6,11,0.08823529411764706,0.15294117647058825,0.08970588235294119,0.16176470588235295,8.91886664042022e-4,0.005966363480178883,0.025310770976414935,0.16931888960472063,0.0035346154562649976,0.02364515742298585,0.10030853236191518,0.6710237840334775,0.15965732636180185,possibly forbidden,0.6710237840334775,0.49890412479285734
106,Rocky coastal 2,Sarcophaga sp.||Lonicera implexa,Sarcophaga sp.,Lonicera implexa,0.580862675083226,0,0,0,1,0,possibly forbidden,6,1,0.008021390374331552,0.10481283422459893,0.0536096256684492,0.10561497326203209,1.2861814111254918e-4,0.0014061094339926678,0.006349867427804215,0.06941951125716515,0.0015351762850184321,0.016783214549161436,0.0757915314578038,0.8285859714479418,0.10199451729489306,possibly forbidden,0.8285859714479418,0.31622341154876005
107,Rocky coastal 2,Sarcophaga sp.||Ruta chalepensis,Sarcophaga sp.,Ruta chalepensis,0.580862675083226,0,0,0,1,0,possibly forbidden,6,2,0.016042780748663103,0.10962566844919787,0.0572192513368984,0.11122994652406418,1.5199054155536589e-4,0.0015678413488515153,0.007003578277148926,0.07224462456982861,0.0017251766892949234,0.017795866241887556,0.07949448604989896,0.8200164362815342,0.10773893914863719,possibly forbidden,0.8200164362815342,0.32831876092593004
108,Rocky coastal 2,Sarcophaga sp.||Sedum sediforme,Sarcophaga sp.,Sedum sediforme,0.580862675083226,0,0,0,2,0,possibly forbidden,6,8,0.06417112299465241,0.13850267379679146,0.07887700534759359,0.1449197860962567,2.8293187107799884e-4,0.0027822540201198056,0.009240255328146126,0.09086547031875604,0.0024594290023501196,0.024185172928437772,0.08032234706035554,0.7898621394707567,0.1192723902104873,possibly forbidden,0.7898621394707567,0.37200623730319327
109,Rocky coastal 2,Sarcophaga sp.||Teucrium capitatum,Sarcophaga sp.,Teucrium capitatum,0.8021838855332281,1,1,1,3,1,recurrent,6,26,0.20855614973262035,0.22513368983957222,0.14385026737967915,0.24598930481283426,0.10119986518610037,0.09786832380742545,0.045608330845017975,0.04410688574780313,0.24923531643600072,0.24103038683252018,0.11232432720510317,0.108626563940029,0.8472665503121679,model-elusive,0.24923531643600072,0.9202944413991084
110,Rocky coastal 2,Stenopterus sp.||Allium ampeloprasum,Stenopterus sp.,Allium ampeloprasum,0.5,0,0,0,0,0,possibly forbidden,1,0,0,0.1,0.05,0.1,1.3604729634078634e-4,0.001224425667067077,0.007229003023878795,0.06506102721490915,0.001711153882547157,0.015400384942924413,0.09092379579723325,0.8183141621750993,0.11662481060999152,possibly forbidden,0.8183141621750993,0.32705667785405723
111,Rocky coastal 2,Stenopterus sp.||Allium sp.,Stenopterus sp.,Allium sp.,0.5,0,0,0,0,0,possibly forbidden,1,12,0.0160427807486631,0.10962566844919787,0.0572192513368984,0.11122994652406418,1.9129680920033758e-4,0.0015285350812065436,0.0088147733647975,0.07043342948218002,0.0021713245613293884,0.01734971836985309,0.10005255178873694,0.7994583705426961,0.1301081999751239,possibly forbidden,0.7994583705426961,0.35251594907308464
112,Rocky coastal 2,Stenopterus sp.||Asteriscus aquaticus,Stenopterus sp.,Asteriscus aquaticus,0.5,0,0,0,1,0,possibly forbidden,1,8,0.0106951871657754,0.10641711229946524,0.054812834224598934,0.10748663101604279,1.3611548128255411e-4,0.0014591020559303859,0.006564142040805153,0.07036490674617667,0.0015973038507821182,0.01712244125841714,0.07702966084433713,0.8257263277222688,0.10390876553155448,possibly forbidden,0.8257263277222688,0.320280173187666
113,Rocky coastal 2,Stenopterus sp.||Daucus carota,Stenopterus sp.,Daucus carota,0.5,0,1,0,1,0,weakly supported,1,44,0.058823529411764705,0.13529411764705884,0.07647058823529412,0.1411764705882353,0.005940180500863531,0.04665080292468019,0.005432267334871508,0.042661941474072804,0.05305737781962226,0.41668250249359895,0.0485207243048542,0.3810542031474366,0.5762838553784906,weakly supported,0.41668250249359895,0.6594921916224841
114,Rocky coastal 2,Stenopterus sp.||Euphorbia dendroides,Stenopterus sp.,Euphorbia dendroides,0.6739962813932894,0,0,0,0,0,possibly forbidden,1,8,0.0106951871657754,0.10641711229946524,0.054812834224598934,0.10748663101604279,1.7146455881272778e-4,0.0014237529784002121,0.00826884428138147,0.06866020450560036,0.0020121223352668727,0.016707622773932385,0.09703419984058173,0.8057217887260242,0.12561800676837542,possibly forbidden,0.8057217887260242,0.3441504130691407
115,Rocky coastal 2,Stenopterus sp.||Globularia alypum,Stenopterus sp.,Globularia alypum,0.5,0,0,0,0,0,possibly forbidden,1,5,0.0066844919786096255,0.10401069518716578,0.05300802139037433,0.10467914438502675,1.5753530181164438e-4,0.0013473996375895048,0.007870774789358425,0.06731874682545767,0.0018965284322507874,0.016221010103171802,0.09475430586160591,0.8104336990487544,0.12224755412578792,possibly forbidden,0.8104336990487544,0.3377980078163752
116,Rocky coastal 2,Stenopterus sp.||Helichrysum stoechas,Stenopterus sp.,Helichrysum stoechas,0.686586871823789,0,0,0,0,0,possibly forbidden,1,11,0.014705882352941176,0.10882352941176471,0.05661764705882353,0.11029411764705883,1.8620102158016698e-4,0.0015020215740800134,0.008676666010518383,0.06999177248484828,0.002130981139202263,0.017189914522898257,0.09930026947575803,0.8010221737711147,0.12898605374403704,possibly forbidden,0.8010221737711147,0.3504355682929284
117,Rocky coastal 2,Stenopterus sp.||Lonicera implexa,Stenopterus sp.,Lonicera implexa,0.5,0,0,0,0,0,possibly forbidden,1,1,0.001336898395721925,0.10080213903743317,0.05060160427807487,0.10093582887700535,1.4017635293160418e-4,0.001248590693331176,0.00735518928884178,0.06551476551981585,0.001747498918472438,0.015565470498976351,0.09169296431675952,0.8167353444108713,0.11774989006931291,possibly forbidden,0.8167353444108713,0.32922064559943787
118,Rocky coastal 2,Stenopterus sp.||Ruta chalepensis,Stenopterus sp.,Ruta chalepensis,0.5,0,0,0,0,0,possibly forbidden,1,2,0.00267379679144385,0.10160427807486631,0.05120320855614974,0.1018716577540107,1.4438878552864288e-4,0.0012729709464323132,0.007482459670613671,0.06596740691231316,0.001784209249095358,0.015730075768271144,0.09246060004877302,0.8151578886189726,0.11887470446871418,possibly forbidden,0.8151578886189726,0.33137669567629774
119,Rocky coastal 2,Stenopterus sp.||Sedum sediforme,Stenopterus sp.,Sedum sediforme,0.5,0,0,0,1,0,possibly forbidden,1,8,0.0106951871657754,0.10641711229946524,0.054812834224598934,0.10748663101604279,1.3611548128255411e-4,0.0014591020559303859,0.006564142040805153,0.07036490674617667,0.0015973038507821182,0.01712244125841714,0.07702966084433713,0.8257263277222688,0.10390876553155448,possibly forbidden,0.8257263277222688,0.320280173187666
120,Rocky coastal 2,Stenopterus sp.||Teucrium capitatum,Stenopterus sp.,Teucrium capitatum,0.7768439915112524,1,0,0,1,0,phantom,1,26,0.034759358288770054,0.12085561497326204,0.06564171122994653,0.12433155080213905,3.912992248432373e-4,0.003557830108451598,0.015576770665156505,0.14162947469967943,0.00203678749318402,0.018519187894304876,0.08108007800857983,0.7372085719058005,0.12116195339452007,possibly forbidden,0.7372085719058005,0.4230641735041048
121,Rocky coastal 2,Anthomyiidae sp.||Allium ampeloprasum,Anthomyiidae sp.,Allium ampeloprasum,0.5,0,0,0,0,0,possibly forbidden,5,0,0,0.1,0.05,0.1,1.3604729634078634e-4,0.001224425667067077,0.007229003023878795,0.06506102721490915,0.001711153882547157,0.015400384942924413,0.09092379579723325,0.8183141621750993,0.11662481060999152,possibly forbidden,0.8183141621750993,0.32705667785405723
122,Rocky coastal 2,Anthomyiidae sp.||Allium sp.,Anthomyiidae sp.,Allium sp.,0.5,0,0,0,1,0,possibly forbidden,5,12,0.08021390374331551,0.1481283422459893,0.08609625668449197,0.15614973262032086,4.520859033888777e-4,0.003154009374747944,0.013420603387055434,0.09362979155122274,0.003633403366194105,0.025348696328094528,0.10786106170830645,0.7525003483809899,0.15386986006778736,possibly forbidden,0.7525003483809899,0.41789905346650963
123,Rocky coastal 2,Anthomyiidae sp.||Asteriscus aquaticus,Anthomyiidae sp.,Asteriscus aquaticus,0.5,0,0,0,2,0,possibly forbidden,5,8,0.05347593582887701,0.1320855614973262,0.07406417112299465,0.13743315508021392,2.3827895744155095e-4,0.0024924282748303448,0.008330926514924784,0.08714255351912789,0.0021880835437352165,0.022887632842838818,0.07650177509210294,0.8002183212549985,0.1126391252258736,possibly forbidden,0.8002183212549985,0.3579333800976919
124,Rocky coastal 2,Anthomyiidae sp.||Daucus carota,Anthomyiidae sp.,Daucus carota,0.5367755791979668,0,0,1,2,1,locally absent,5,44,0.29411764705882354,0.27647058823529413,0.1823529411764706,0.3058823529411765,0.010200962800661299,0.005657217755477436,0.12791726354141322,0.07093995230446844,0.03730826556208555,0.0206903001695306,0.46783537313447987,0.25945066473188366,0.6696093829636479,locally absent,0.46783537313447987,0.690165436864942
125,Rocky coastal 2,Anthomyiidae sp.||Euphorbia dendroides,Anthomyiidae sp.,Euphorbia dendroides,0.6150099832954355,0,1,1,1,1,model-elusive,5,8,0.05347593582887701,0.1320855614973262,0.07406417112299465,0.13743315508021392,0.023054915827084153,0.027392393777751076,0.02182536201186162,0.025931515649627736,0.2117101840006904,0.25154065928509184,0.20041935707198344,0.2381256123759098,0.7359428719744625,weakly supported,0.25154065928509184,0.8191320982534888
126,Rocky coastal 2,Anthomyiidae sp.||Globularia alypum,Anthomyiidae sp.,Globularia alypum,0.5,0,0,0,1,0,possibly forbidden,5,5,0.03342245989304813,0.12005347593582888,0.06504010695187167,0.1233957219251337,2.1223774223796675e-4,0.0019464532026190258,0.008532361385958632,0.07825112522626122,0.002174006310554281,0.019938025636117844,0.08739919347712262,0.8015465970191283,0.12020227775461045,possibly forbidden,0.8015465970191283,0.3537866395074092
127,Rocky coastal 2,Anthomyiidae sp.||Helichrysum stoechas,Anthomyiidae sp.,Helichrysum stoechas,0.686586871823789,0,0,0,1,0,possibly forbidden,5,11,0.07352941176470588,0.14411764705882354,0.08308823529411766,0.15147058823529413,4.099807001716644e-4,0.00296496702903374,0.012652790370099525,0.09150456657328657,0.003402647527410283,0.024607835749269117,0.10501222581851515,0.7594449862322139,0.14905044719449956,possibly forbidden,0.7594449862322139,0.4091045879368582
128,Rocky coastal 2,Anthomyiidae sp.||Lonicera implexa,Anthomyiidae sp.,Lonicera implexa,0.5,0,0,0,1,0,possibly forbidden,5,1,0.006684491978609626,0.10401069518716578,0.05300802139037433,0.10467914438502675,1.2497682850412005e-4,0.0013799581108970291,0.006244089164346852,0.06894543245046925,0.0015045650460871786,0.01661297348933541,0.07517104101436099,0.8300169638959992,0.10103760365353154,possibly forbidden,0.8300169638959992,0.3141854859764352
129,Rocky coastal 2,Anthomyiidae sp.||Ruta chalepensis,Anthomyiidae sp.,Ruta chalepensis,0.5,0,0,0,1,0,possibly forbidden,5,2,0.013368983957219253,0.10802139037433156,0.05601604278074867,0.10935828877005349,1.4390422382098687e-4,0.0015130132562015484,0.006782044262775392,0.07130661353268994,0.0016606375745654132,0.017459992468250446,0.07826398166839689,0.8228698130132994,0.10582357345401061,possibly forbidden,0.8228698130132994,0.3243118239807983
130,Rocky coastal 2,Anthomyiidae sp.||Sedum sediforme,Anthomyiidae sp.,Sedum sediforme,0.5,0,0,0,2,0,possibly forbidden,5,8,0.05347593582887701,0.1320855614973262,0.07406417112299465,0.13743315508021392,2.3827895744155095e-4,0.0024924282748303448,0.008330926514924784,0.08714255351912789,0.0021880835437352165,0.022887632842838818,0.07650177509210294,0.8002183212549985,0.1126391252258736,possibly forbidden,0.8002183212549985,0.3579333800976919
131,Rocky coastal 2,Anthomyiidae sp.||Teucrium capitatum,Anthomyiidae sp.,Teucrium capitatum,0.7768439915112524,1,0,0,3,0,phantom,5,26,0.1737967914438503,0.20427807486631017,0.12820855614973264,0.2216577540106952,0.0015419021201962865,0.011649253112601048,0.02932157459609865,0.22152796838134126,0.004297735975930005,0.032469904242927373,0.08172787647281166,0.6174637850980939,0.1610082465205649,possibly forbidden,0.6174637850980939,0.5464522560381142
132,Rocky coastal 2,Dasytes nigroaeneus||Allium ampeloprasum,Dasytes nigroaeneus,Allium ampeloprasum,0.580862675083226,0,0,0,0,0,possibly forbidden,6,0,0,0.1,0.05,0.1,1.3604729634078634e-4,0.001224425667067077,0.007229003023878795,0.06506102721490915,0.001711153882547157,0.015400384942924413,0.09092379579723325,0.8183141621750993,0.11662481060999152,possibly forbidden,0.8183141621750993,0.32705667785405723
133,Rocky coastal 2,Dasytes nigroaeneus||Allium sp.,Dasytes nigroaeneus,Allium sp.,0.580862675083226,0,0,0,1,0,possibly forbidden,6,12,0.0962566844919786,0.15775401069518716,0.09331550802139038,0.16737967914438504,5.652175572059096e-4,0.003629758958814009,0.015358644799303831,0.0986313638788933,0.004217264382247483,0.027082763049367607,0.1145956363986376,0.7359193509755303,0.16544928514557644,possibly forbidden,0.7359193509755303,0.4385497820521755
134,Rocky coastal 2,Dasytes nigroaeneus||Asteriscus aquaticus,Dasytes nigroaeneus,Asteriscus aquaticus,0.580862675083226,0,0,1,2,1,locally absent,6,8,0.06417112299465241,0.13850267379679146,0.07887700534759359,0.1449197860962567,0.0012552000305056448,0.0018099858606921604,0.04099350393286558,0.059112221714036586,0.010911020193710486,0.01573358173707741,0.35634236643721534,0.5138421200938968,0.4270456581920665,possibly forbidden,0.5138421200938968,0.5493799826769784
135,Rocky coastal 2,Dasytes nigroaeneus||Daucus carota,Dasytes nigroaeneus,Daucus carota,0.6359652754067112,0,0,1,2,1,locally absent,6,44,0.35294117647058826,0.31176470588235294,0.20882352941176474,0.3470588235294118,0.014461535675480315,0.006649185492947303,0.15322979993190008,0.07045263972358648,0.044615015429159646,0.0205132788118877,0.4727264131263646,0.21735213180867385,0.7121952284677396,locally absent,0.4727264131263646,0.7085116536166074
136,Rocky coastal 2,Dasytes nigroaeneus||Euphorbia dendroides,Dasytes nigroaeneus,Euphorbia dendroides,0.7066040399051345,1,1,0,1,0,locally unique,6,8,0.06417112299465241,0.13850267379679146,0.07887700534759359,0.1449197860962567,0.011298598439883524,0.08606401719364896,0.009991184447785312,0.07610514478183171,0.050287924083243764,0.3830546581473005,0.04446887175300771,0.3387296011532986,0.5851652540648697,weakly supported,0.3830546581473005,0.73425091446773
137,Rocky coastal 2,Dasytes nigroaeneus||Globularia alypum,Dasytes nigroaeneus,Globularia alypum,0.5667052273183879,0,0,0,2,0,possibly forbidden,6,5,0.040106951871657755,0.12406417112299466,0.068048128342246,0.12807486631016043,1.8965015363960739e-4,0.0021518114709949613,0.007263825277859253,0.08241692535563747,0.0018712669769725134,0.02123179796624526,0.0716717392952192,0.8132029835034318,0.10438009114093072,possibly forbidden,0.8132029835034318,0.3399563998093923
138,Rocky coastal 2,Dasytes nigroaeneus||Helichrysum stoechas,Dasytes nigroaeneus,Helichrysum stoechas,0.7184613336052503,1,1,0,1,0,locally unique,6,11,0.08823529411764706,0.15294117647058825,0.08970588235294119,0.16176470588235295,0.014817175425853866,0.09912095101811416,0.011385482214603088,0.07616430206678534,0.05872160599538396,0.39282395357332633,0.04512154182279624,0.301844987883137,0.6219907100500777,weakly supported,0.39282395357332633,0.7566830840371361
139,Rocky coastal 2,Dasytes nigroaeneus||Lonicera implexa,Dasytes nigroaeneus,Lonicera implexa,0.580862675083226,0,0,0,1,0,possibly forbidden,6,1,0.008021390374331552,0.10481283422459893,0.0536096256684492,0.10561497326203209,1.2861814111254918e-4,0.0014061094339926678,0.006349867427804215,0.06941951125716515,0.0015351762850184321,0.016783214549161436,0.0757915314578038,0.8285859714479418,0.10199451729489306,possibly forbidden,0.8285859714479418,0.31622341154876005
140,Rocky coastal 2,Dasytes nigroaeneus||Ruta chalepensis,Dasytes nigroaeneus,Ruta chalepensis,0.580862675083226,0,0,0,1,0,possibly forbidden,6,2,0.016042780748663103,0.10962566844919787,0.0572192513368984,0.11122994652406418,1.5199054155536589e-4,0.0015678413488515153,0.007003578277148926,0.07224462456982861,0.0017251766892949234,0.017795866241887556,0.07949448604989896,0.8200164362815342,0.10773893914863719,possibly forbidden,0.8200164362815342,0.32831876092593004
141,Rocky coastal 2,Dasytes nigroaeneus||Sedum sediforme,Dasytes nigroaeneus,Sedum sediforme,0.580862675083226,0,0,1,2,1,locally absent,6,8,0.06417112299465241,0.13850267379679146,0.07887700534759359,0.1449197860962567,0.0012552000305056448,0.0018099858606921604,0.04099350393286558,0.059112221714036586,0.010911020193710486,0.01573358173707741,0.35634236643721534,0.5138421200938968,0.4270456581920665,possibly forbidden,0.5138421200938968,0.5493799826769784
142,Rocky coastal 2,Dasytes nigroaeneus||Teucrium capitatum,Dasytes nigroaeneus,Teucrium capitatum,0.8021838855332281,1,1,0,3,0,locally unique,6,26,0.20855614973262035,0.22513368983957222,0.14385026737967915,0.24598930481283426,0.026210422155317346,0.17285776683820844,0.011812403139559623,0.07790281345326149,0.06455110239315734,0.42571460087536356,0.029091620121665086,0.1918592710234671,0.7302379155232714,weakly supported,0.42571460087536356,0.7743578993451435
143,Rocky coastal 2,Episyrphus balteatus||Allium ampeloprasum,Episyrphus balteatus,Allium ampeloprasum,0.530226255717564,0,0,0,0,0,possibly forbidden,5,0,0,0.1,0.05,0.1,1.3604729634078634e-4,0.001224425667067077,0.007229003023878795,0.06506102721490915,0.001711153882547157,0.015400384942924413,0.09092379579723325,0.8183141621750993,0.11662481060999152,possibly forbidden,0.8183141621750993,0.32705667785405723
144,Rocky coastal 2,Episyrphus balteatus||Allium sp.,Episyrphus balteatus,Allium sp.,0.530226255717564,0,0,1,1,1,locally absent,5,12,0.08021390374331551,0.1481283422459893,0.08609625668449197,0.15614973262032086,0.0017825198670231046,0.0018235754111137169,0.05291581087916846,0.05413458405910972,0.014326068644477349,0.01465603104981129,0.42528307990147207,0.4350783301878242,0.5107870857530661,possibly forbidden,0.4350783301878242,0.5696697901337165
145,Rocky coastal 2,Episyrphus balteatus||Asteriscus aquaticus,Episyrphus balteatus,Asteriscus aquaticus,0.530226255717564,0,0,0,2,0,possibly forbidden,5,8,0.05347593582887701,0.1320855614973262,0.07406417112299465,0.13743315508021392,2.3827895744155095e-4,0.0024924282748303448,0.008330926514924784,0.08714255351912789,0.0021880835437352165,0.022887632842838818,0.07650177509210294,0.8002183212549985,0.1126391252258736,possibly forbidden,0.8002183212549985,0.3579333800976919
146,Rocky coastal 2,Episyrphus balteatus||Daucus carota,Episyrphus balteatus,Daucus carota,0.5872555829169658,0,0,2,2,1,locally absent,5,44,0.29411764705882354,0.27647058823529413,0.1823529411764706,0.3058823529411765,0.014665546218889948,0.0011926343372487846,0.1839019097823695,0.014955306063512116,0.053636710930062004,0.0043618548015541304,0.6725895801806627,0.05469645768570077,0.9303482362507871,locally absent,0.6725895801806627,0.5052042445629419
147,Rocky coastal 2,Episyrphus balteatus||Euphorbia dendroides,Episyrphus balteatus,Euphorbia dendroides,0.6623276276842127,0,1,0,1,0,weakly supported,5,8,0.05347593582887701,0.1320855614973262,0.07406417112299465,0.13743315508021392,0.005542137019798544,0.044905172585036686,0.005246566401875313,0.042510311259614034,0.05089269711582299,0.4123581461699592,0.04817851197738871,0.3903664574705045,0.5671232312698815,weakly supported,0.4123581461699592,0.6540762673542831
148,Rocky coastal 2,Episyrphus balteatus||Globularia alypum,Episyrphus balteatus,Globularia alypum,0.5157842268321993,0,0,0,1,0,possibly forbidden,5,5,0.03342245989304813,0.12005347593582888,0.06504010695187167,0.1233957219251337,2.1223774223796675e-4,0.0019464532026190258,0.008532361385958632,0.07825112522626122,0.002174006310554281,0.019938025636117844,0.08739919347712262,0.8015465970191283,0.12020227775461045,possibly forbidden,0.8015465970191283,0.3537866395074092
149,Rocky coastal 2,Episyrphus balteatus||Helichrysum stoechas,Episyrphus balteatus,Helichrysum stoechas,0.7289839499850629,1,0,0,1,0,phantom,5,11,0.07352941176470588,0.14411764705882354,0.08308823529411766,0.15147058823529413,7.262807762991734e-4,0.005252438845649129,0.022414417089630878,0.16210033208377642,0.0030863474512827734,0.022320363932653724,0.0952505990989838,0.688849220721724,0.14905044719449956,possibly forbidden,0.688849220721724,0.47912963452734375
150,Rocky coastal 2,Episyrphus balteatus||Lonicera implexa,Episyrphus balteatus,Lonicera implexa,0.530226255717564,0,0,0,1,0,possibly forbidden,5,1,0.006684491978609626,0.10401069518716578,0.05300802139037433,0.10467914438502675,1.2497682850412005e-4,0.0013799581108970291,0.006244089164346852,0.06894543245046925,0.0015045650460871786,0.01661297348933541,0.07517104101436099,0.8300169638959992,0.10103760365353154,possibly forbidden,0.8300169638959992,0.3141854859764352
151,Rocky coastal 2,Episyrphus balteatus||Ruta chalepensis,Episyrphus balteatus,Ruta chalepensis,0.530226255717564,0,0,0,1,0,possibly forbidden,5,2,0.013368983957219253,0.10802139037433156,0.05601604278074867,0.10935828877005349,1.4390422382098687e-4,0.0015130132562015484,0.006782044262775392,0.07130661353268994,0.0016606375745654132,0.017459992468250446,0.07826398166839689,0.8228698130132994,0.10582357345401061,possibly forbidden,0.8228698130132994,0.3243118239807983
152,Rocky coastal 2,Episyrphus balteatus||Sedum sediforme,Episyrphus balteatus,Sedum sediforme,0.530226255717564,0,0,0,2,0,possibly forbidden,5,8,0.05347593582887701,0.1320855614973262,0.07406417112299465,0.13743315508021392,2.3827895744155095e-4,0.0024924282748303448,0.008330926514924784,0.08714255351912789,0.0021880835437352165,0.022887632842838818,0.07650177509210294,0.8002183212549985,0.1126391252258736,possibly forbidden,0.8002183212549985,0.3579333800976919
153,Rocky coastal 2,Episyrphus balteatus||Teucrium capitatum,Episyrphus balteatus,Teucrium capitatum,0.7675871757217246,1,1,1,3,1,recurrent,5,26,0.1737967914438503,0.20427807486631017,0.12820855614973264,0.2216577540106952,0.08268826908388774,0.09160781214873569,0.042575983263623704,0.04716863371399012,0.23047659392540798,0.2553379911675196,0.11867182267015476,0.13147289402668047,0.8213584722593295,weakly supported,0.2553379911675196,0.9185352242849883
154,Rocky coastal 2,Eristalis similis||Allium ampeloprasum,Eristalis similis,Allium ampeloprasum,0.5,0,0,0,0,0,possibly forbidden,8,0,0,0.1,0.05,0.1,1.3604729634078634e-4,0.001224425667067077,0.007229003023878795,0.06506102721490915,0.001711153882547157,0.015400384942924413,0.09092379579723325,0.8183141621750993,0.11662481060999152,possibly forbidden,0.8183141621750993,0.32705667785405723
155,Rocky coastal 2,Eristalis similis||Allium sp.,Eristalis similis,Allium sp.,0.5,0,0,1,1,1,locally absent,8,12,0.1283422459893048,0.17700534759358288,0.10775401069518717,0.18983957219251338,0.003053851903474903,0.002467160783290509,0.07071865994624174,0.057132536213591406,0.019843361315715072,0.016031151605973265,0.45951669086496505,0.37123658736674797,0.5716308764196606,locally absent,0.45951669086496505,0.6023692867308463
156,Rocky coastal 2,Eristalis similis||Asteriscus aquaticus,Eristalis similis,Asteriscus aquaticus,0.5,0,0,0,2,0,possibly forbidden,8,8,0.0855614973262032,0.15133689839572192,0.08850267379679144,0.15989304812834226,3.8916886054421744e-4,0.003407836997696398,0.011209131915158516,0.09815506410024422,0.003049897304365964,0.02670705168563179,0.08784541796205751,0.7692364311743014,0.13260850472545438,possibly forbidden,0.7692364311743014,0.3993805858510424
157,Rocky coastal 2,Eristalis similis||Daucus carota,Eristalis similis,Daucus carota,0.5367755791979668,0,0,1,2,1,locally absent,8,44,0.47058823529411764,0.38235294117647056,0.26176470588235295,0.4294117647058824,0.026074821305800248,0.008467462524653751,0.2056553186184112,0.0667839170583217,0.058864563148545726,0.01911550904395078,0.4642720403592893,0.15076636794102724,0.7824497150006511,locally absent,0.4642720403592893,0.7335363117833558
158,Rocky coastal 2,Eristalis similis||Euphorbia dendroides,Eristalis similis,Euphorbia dendroides,0.6150099832954355,0,1,0,1,0,weakly supported,8,8,0.0855614973262032,0.15133689839572192,0.08850267379679144,0.15989304812834226,0.008168841239211504,0.05540938366746062,0.006370663345905444,0.04321231362106578,0.06401880880300787,0.4342406266720474,0.049926576701252896,0.3386527859500485,0.6181349004288857,weakly supported,0.4342406266720474,0.6838615474090046
159,Rocky coastal 2,Eristalis similis||Globularia alypum,Eristalis similis,Globularia alypum,0.5,0,0,0,2,0,possibly forbidden,8,5,0.053475935828877004,0.1320855614973262,0.07406417112299465,0.13743315508021392,2.3827895744155095e-4,0.0024924282748303448,0.008330926514924784,0.08714255351912789,0.0021880835437352165,0.022887632842838818,0.07650177509210294,0.8002183212549985,0.1126391252258736,possibly forbidden,0.8002183212549985,0.3579333800976919
160,Rocky coastal 2,Eristalis similis||Helichrysum stoechas,Eristalis similis,Helichrysum stoechas,0.686586871823789,0,0,0,1,0,possibly forbidden,8,11,0.11764705882352941,0.17058823529411765,0.10294117647058823,0.1823529411764706,7.448775219161445e-4,0.004311772539399853,0.01815313150481643,0.1050805959686261,0.00506130635741908,0.029297704821687795,0.12334720432433091,0.7140034069618038,0.18091599706957018,possibly forbidden,0.7140034069618038,0.46513200694015455
161,Rocky coastal 2,Eristalis similis||Lonicera implexa,Eristalis similis,Lonicera implexa,0.5,0,0,0,1,0,possibly forbidden,8,1,0.0106951871657754,0.10641711229946524,0.054812834224598934,0.10748663101604279,1.3611548128255411e-4,0.0014591020559303859,0.006564142040805153,0.07036490674617667,0.0015973038507821182,0.01712244125841714,0.07702966084433713,0.8257263277222688,0.10390876553155448,possibly forbidden,0.8257263277222688,0.320280173187666
162,Rocky coastal 2,Eristalis similis||Ruta chalepensis,Eristalis similis,Ruta chalepensis,0.5,0,0,0,1,0,possibly forbidden,8,2,0.0213903743315508,0.11283422459893049,0.059625668449197866,0.11497326203208556,1.6908078890471716e-4,0.0016802413594790527,0.007457558361285682,0.0741095311923485,0.0018578679308353684,0.018462573767611883,0.08194401393273416,0.8143191326668007,0.1115713361408508,possibly forbidden,0.8143191326668007,0.3362600101702769
163,Rocky coastal 2,Eristalis similis||Sedum sediforme,Eristalis similis,Sedum sediforme,0.5,0,0,0,2,0,possibly forbidden,8,8,0.0855614973262032,0.15133689839572192,0.08850267379679144,0.15989304812834226,3.8916886054421744e-4,0.003407836997696398,0.011209131915158516,0.09815506410024422,0.003049897304365964,0.02670705168563179,0.08784541796205751,0.7692364311743014,0.13260850472545438,possibly forbidden,0.7692364311743014,0.3993805858510424
164,Rocky coastal 2,Eristalis similis||Teucrium capitatum,Eristalis similis,Teucrium capitatum,0.7768439915112524,1,0,2,3,1,possibly missing,8,26,0.27807486631016043,0.26684491978609626,0.17513368983957223,0.2946524064171123,0.02141837511423761,0.0023720726521271785,0.2821209117575364,0.03124472775380551,0.04210821070889138,0.004663459973962896,0.5546455664498131,0.061426675589625876,0.9073285966565686,locally absent,0.5546455664498131,0.586051676483671
165,Rocky coastal 2,Meligethes sp.||Allium ampeloprasum,Meligethes sp.,Allium ampeloprasum,0.580862675083226,0,0,0,0,0,possibly forbidden,6,0,0,0.1,0.05,0.1,1.3604729634078634e-4,0.001224425667067077,0.007229003023878795,0.06506102721490915,0.001711153882547157,0.015400384942924413,0.09092379579723325,0.8183141621750993,0.11662481060999152,possibly forbidden,0.8183141621750993,0.32705667785405723
166,Rocky coastal 2,Meligethes sp.||Allium sp.,Meligethes sp.,Allium sp.,0.580862675083226,0,0,1,1,1,locally absent,6,12,0.0962566844919786,0.15775401069518716,0.09331550802139038,0.16737967914438504,0.0021604733023681357,0.002034503213651783,0.058706495625299386,0.05528351305289775,0.016119964765274414,0.015180062666340682,0.4380274636743966,0.4124875236997713,0.5322289632473309,locally absent,0.4380274636743966,0.5815705544935911
167,Rocky coastal 2,Meligethes sp.||Asteriscus aquaticus,Meligethes sp.,Asteriscus aquaticus,0.580862675083226,0,0,0,2,0,possibly forbidden,6,8,0.06417112299465241,0.13850267379679146,0.07887700534759359,0.1449197860962567,2.8293187107799884e-4,0.0027822540201198056,0.009240255328146126,0.09086547031875604,0.0024594290023501196,0.024185172928437772,0.08032234706035554,0.7898621394707567,0.1192723902104873,possibly forbidden,0.7898621394707567,0.37200623730319327
168,Rocky coastal 2,Meligethes sp.||Daucus carota,Meligethes sp.,Daucus carota,0.6359652754067112,0,0,1,2,1,locally absent,6,44,0.35294117647058826,0.31176470588235294,0.20882352941176474,0.3470588235294118,0.014461535675480315,0.006649185492947303,0.15322979993190008,0.07045263972358648,0.044615015429159646,0.0205132788118877,0.4727264131263646,0.21735213180867385,0.7121952284677396,locally absent,0.4727264131263646,0.7085116536166074
169,Rocky coastal 2,Meligethes sp.||Euphorbia dendroides,Meligethes sp.,Euphorbia dendroides,0.7066040399051345,1,1,0,1,0,locally unique,6,8,0.06417112299465241,0.13850267379679146,0.07887700534759359,0.1449197860962567,0.011298598439883524,0.08606401719364896,0.009991184447785312,0.07610514478183171,0.050287924083243764,0.3830546581473005,0.04446887175300771,0.3387296011532986,0.5851652540648697,weakly supported,0.3830546581473005,0.73425091446773
170,Rocky coastal 2,Meligethes sp.||Globularia alypum,Meligethes sp.,Globularia alypum,0.5667052273183879,0,0,0,2,0,possibly forbidden,6,5,0.040106951871657755,0.12406417112299466,0.068048128342246,0.12807486631016043,1.8965015363960739e-4,0.0021518114709949613,0.007263825277859253,0.08241692535563747,0.0018712669769725134,0.02123179796624526,0.0716717392952192,0.8132029835034318,0.10438009114093072,possibly forbidden,0.8132029835034318,0.3399563998093923
171,Rocky coastal 2,Meligethes sp.||Helichrysum stoechas,Meligethes sp.,Helichrysum stoechas,0.7184613336052503,1,1,0,1,0,locally unique,6,11,0.08823529411764706,0.15294117647058825,0.08970588235294119,0.16176470588235295,0.014817175425853866,0.09912095101811416,0.011385482214603088,0.07616430206678534,0.05872160599538396,0.39282395357332633,0.04512154182279624,0.301844987883137,0.6219907100500777,weakly supported,0.39282395357332633,0.7566830840371361
172,Rocky coastal 2,Meligethes sp.||Lonicera implexa,Meligethes sp.,Lonicera implexa,0.580862675083226,0,0,0,1,0,possibly forbidden,6,1,0.008021390374331552,0.10481283422459893,0.0536096256684492,0.10561497326203209,1.2861814111254918e-4,0.0014061094339926678,0.006349867427804215,0.06941951125716515,0.0015351762850184321,0.016783214549161436,0.0757915314578038,0.8285859714479418,0.10199451729489306,possibly forbidden,0.8285859714479418,0.31622341154876005
173,Rocky coastal 2,Meligethes sp.||Ruta chalepensis,Meligethes sp.,Ruta chalepensis,0.580862675083226,0,0,0,1,0,possibly forbidden,6,2,0.016042780748663103,0.10962566844919787,0.0572192513368984,0.11122994652406418,1.5199054155536589e-4,0.0015678413488515153,0.007003578277148926,0.07224462456982861,0.0017251766892949234,0.017795866241887556,0.07949448604989896,0.8200164362815342,0.10773893914863719,possibly forbidden,0.8200164362815342,0.32831876092593004
174,Rocky coastal 2,Meligethes sp.||Sedum sediforme,Meligethes sp.,Sedum sediforme,0.580862675083226,0,0,0,2,0,possibly forbidden,6,8,0.06417112299465241,0.13850267379679146,0.07887700534759359,0.1449197860962567,2.8293187107799884e-4,0.0027822540201198056,0.009240255328146126,0.09086547031875604,0.0024594290023501196,0.024185172928437772,0.08032234706035554,0.7898621394707567,0.1192723902104873,possibly forbidden,0.7898621394707567,0.37200623730319327
175,Rocky coastal 2,Meligethes sp.||Teucrium capitatum,Meligethes sp.,Teucrium capitatum,0.8021838855332281,1,1,0,3,0,locally unique,6,26,0.20855614973262035,0.22513368983957222,0.14385026737967915,0.24598930481283426,0.026210422155317346,0.17285776683820844,0.011812403139559623,0.07790281345326149,0.06455110239315734,0.42571460087536356,0.029091620121665086,0.1918592710234671,0.7302379155232714,weakly supported,0.42571460087536356,0.7743578993451435
176,Rocky coastal 2,Meliscaeva auricollis||Allium ampeloprasum,Meliscaeva auricollis,Allium ampeloprasum,0.530226255717564,0,0,0,0,0,possibly forbidden,6,0,0,0.1,0.05,0.1,1.3604729634078634e-4,0.001224425667067077,0.007229003023878795,0.06506102721490915,0.001711153882547157,0.015400384942924413,0.09092379579723325,0.8183141621750993,0.11662481060999152,possibly forbidden,0.8183141621750993,0.32705667785405723
177,Rocky coastal 2,Meliscaeva auricollis||Allium sp.,Meliscaeva auricollis,Allium sp.,0.530226255717564,0,0,0,1,0,possibly forbidden,6,12,0.0962566844919786,0.15775401069518716,0.09331550802139038,0.16737967914438504,5.652175572059096e-4,0.003629758958814009,0.015358644799303831,0.0986313638788933,0.004217264382247483,0.027082763049367607,0.1145956363986376,0.7359193509755303,0.16544928514557644,possibly forbidden,0.7359193509755303,0.4385497820521755
178,Rocky coastal 2,Meliscaeva auricollis||Asteriscus aquaticus,Meliscaeva auricollis,Asteriscus aquaticus,0.530226255717564,0,0,0,2,0,possibly forbidden,6,8,0.06417112299465241,0.13850267379679146,0.07887700534759359,0.1449197860962567,2.8293187107799884e-4,0.0027822540201198056,0.009240255328146126,0.09086547031875604,0.0024594290023501196,0.024185172928437772,0.08032234706035554,0.7898621394707567,0.1192723902104873,possibly forbidden,0.7898621394707567,0.37200623730319327
179,Rocky coastal 2,Meliscaeva auricollis||Daucus carota,Meliscaeva auricollis,Daucus carota,0.5872555829169658,0,0,2,2,1,locally absent,6,44,0.35294117647058826,0.31176470588235294,0.20882352941176474,0.3470588235294118,0.019777297050226343,0.0013334241182012718,0.2095539047998987,0.014128534855587873,0.06101457223101001,0.004113722010037323,0.6464908641576622,0.04358768077737616,0.942283784367036,locally absent,0.6464908641576622,0.5221956655659655
180,Rocky coastal 2,Meliscaeva auricollis||Euphorbia dendroides,Meliscaeva auricollis,Euphorbia dendroides,0.6623276276842127,0,1,1,1,1,model-elusive,6,8,0.06417112299465241,0.13850267379679146,0.07887700534759359,0.1449197860962567,0.025863922693915214,0.028889416327729272,0.022871086493877667,0.0255464860225778,0.2248261439957053,0.25112571484672686,0.198810452933363,0.2220667766861048,0.7523867372913173,weakly supported,0.25112571484672686,0.8246805320735046
181,Rocky coastal 2,Meliscaeva auricollis||Globularia alypum,Meliscaeva auricollis,Globularia alypum,0.5157842268321993,0,0,0,2,0,possibly forbidden,6,5,0.040106951871657755,0.12406417112299466,0.068048128342246,0.12807486631016043,1.8965015363960739e-4,0.0021518114709949613,0.007263825277859253,0.08241692535563747,0.0018712669769725134,0.02123179796624526,0.0716717392952192,0.8132029835034318,0.10438009114093072,possibly forbidden,0.8132029835034318,0.3399563998093923
182,Rocky coastal 2,Meliscaeva auricollis||Helichrysum stoechas,Meliscaeva auricollis,Helichrysum stoechas,0.7289839499850629,1,0,0,1,0,phantom,6,11,0.08823529411764706,0.15294117647058825,0.08970588235294119,0.16176470588235295,8.91886664042022e-4,0.005966363480178883,0.025310770976414935,0.16931888960472063,0.0035346154562649976,0.02364515742298585,0.10030853236191518,0.6710237840334775,0.15965732636180185,possibly forbidden,0.6710237840334775,0.49890412479285734
183,Rocky coastal 2,Meliscaeva auricollis||Lonicera implexa,Meliscaeva auricollis,Lonicera implexa,0.530226255717564,0,0,0,1,0,possibly forbidden,6,1,0.008021390374331552,0.10481283422459893,0.0536096256684492,0.10561497326203209,1.2861814111254918e-4,0.0014061094339926678,0.006349867427804215,0.06941951125716515,0.0015351762850184321,0.016783214549161436,0.0757915314578038,0.8285859714479418,0.10199451729489306,possibly forbidden,0.8285859714479418,0.31622341154876005
184,Rocky coastal 2,Meliscaeva auricollis||Ruta chalepensis,Meliscaeva auricollis,Ruta chalepensis,0.530226255717564,0,0,0,1,0,possibly forbidden,6,2,0.016042780748663103,0.10962566844919787,0.0572192513368984,0.11122994652406418,1.5199054155536589e-4,0.0015678413488515153,0.007003578277148926,0.07224462456982861,0.0017251766892949234,0.017795866241887556,0.07949448604989896,0.8200164362815342,0.10773893914863719,possibly forbidden,0.8200164362815342,0.32831876092593004
185,Rocky coastal 2,Meliscaeva auricollis||Sedum sediforme,Meliscaeva auricollis,Sedum sediforme,0.530226255717564,0,0,0,2,0,possibly forbidden,6,8,0.06417112299465241,0.13850267379679146,0.07887700534759359,0.1449197860962567,2.8293187107799884e-4,0.0027822540201198056,0.009240255328146126,0.09086547031875604,0.0024594290023501196,0.024185172928437772,0.08032234706035554,0.7898621394707567,0.1192723902104873,possibly forbidden,0.7898621394707567,0.37200623730319327
186,Rocky coastal 2,Meliscaeva auricollis||Teucrium capitatum,Meliscaeva auricollis,Teucrium capitatum,0.7675871757217246,1,1,1,3,1,recurrent,6,26,0.20855614973262035,0.22513368983957222,0.14385026737967915,0.24598930481283426,0.10119986518610037,0.09786832380742545,0.045608330845017975,0.04410688574780313,0.24923531643600072,0.24103038683252018,0.11232432720510317,0.108626563940029,0.8472665503121679,model-elusive,0.24923531643600072,0.9202944413991084
187,Rocky coastal 2,Muscidae sp1||Allium ampeloprasum,Muscidae sp1,Allium ampeloprasum,0.5,0,0,0,0,0,possibly forbidden,0,0,0,0.1,0.05,0.1,1.3604729634078634e-4,0.001224425667067077,0.007229003023878795,0.06506102721490915,0.001711153882547157,0.015400384942924413,0.09092379579723325,0.8183141621750993,0.11662481060999152,possibly forbidden,0.8183141621750993,0.32705667785405723
188,Rocky coastal 2,Muscidae sp1||Allium sp.,Muscidae sp1,Allium sp.,0.5,0,0,0,0,0,possibly forbidden,0,12,0,0.1,0.05,0.1,1.3604729634078634e-4,0.001224425667067077,0.007229003023878795,0.06506102721490915,0.001711153882547157,0.015400384942924413,0.09092379579723325,0.8183141621750993,0.11662481060999152,possibly forbidden,0.8183141621750993,0.32705667785405723
189,Rocky coastal 2,Muscidae sp1||Asteriscus aquaticus,Muscidae sp1,Asteriscus aquaticus,0.5,0,0,0,0,0,possibly forbidden,0,8,0,0.1,0.05,0.1,1.3604729634078634e-4,0.001224425667067077,0.007229003023878795,0.06506102721490915,0.001711153882547157,0.015400384942924413,0.09092379579723325,0.8183141621750993,0.11662481060999152,possibly forbidden,0.8183141621750993,0.32705667785405723
190,Rocky coastal 2,Muscidae sp1||Daucus carota,Muscidae sp1,Daucus carota,0.5367755791979668,0,0,0,0,0,possibly forbidden,0,44,0,0.1,0.05,0.1,1.3604729634078634e-4,0.001224425667067077,0.007229003023878795,0.06506102721490915,0.001711153882547157,0.015400384942924413,0.09092379579723325,0.8183141621750993,0.11662481060999152,possibly forbidden,0.8183141621750993,0.32705667785405723
191,Rocky coastal 2,Muscidae sp1||Euphorbia dendroides,Muscidae sp1,Euphorbia dendroides,0.6150099832954355,0,1,0,0,0,weakly supported,0,8,0,0.1,0.05,0.1,0.003020037225404095,0.027180335028636857,0.004345013094815487,0.03910511785333938,0.03798494025741174,0.3418644623167057,0.05465000942236868,0.4918500848013181,0.46904479734534255,possibly forbidden,0.4918500848013181,0.6083078184653574
192,Rocky coastal 2,Muscidae sp1||Globularia alypum,Muscidae sp1,Globularia alypum,0.5,0,0,0,0,0,possibly forbidden,0,5,0,0.1,0.05,0.1,1.3604729634078634e-4,0.001224425667067077,0.007229003023878795,0.06506102721490915,0.001711153882547157,0.015400384942924413,0.09092379579723325,0.8183141621750993,0.11662481060999152,possibly forbidden,0.8183141621750993,0.32705667785405723
193,Rocky coastal 2,Muscidae sp1||Helichrysum stoechas,Muscidae sp1,Helichrysum stoechas,0.686586871823789,0,0,0,0,0,possibly forbidden,0,11,0,0.1,0.05,0.1,1.3604729634078634e-4,0.001224425667067077,0.007229003023878795,0.06506102721490915,0.001711153882547157,0.015400384942924413,0.09092379579723325,0.8183141621750993,0.11662481060999152,possibly forbidden,0.8183141621750993,0.32705667785405723
194,Rocky coastal 2,Muscidae sp1||Lonicera implexa,Muscidae sp1,Lonicera implexa,0.5,0,0,0,0,0,possibly forbidden,0,1,0,0.1,0.05,0.1,1.3604729634078634e-4,0.001224425667067077,0.007229003023878795,0.06506102721490915,0.001711153882547157,0.015400384942924413,0.09092379579723325,0.8183141621750993,0.11662481060999152,possibly forbidden,0.8183141621750993,0.32705667785405723
195,Rocky coastal 2,Muscidae sp1||Ruta chalepensis,Muscidae sp1,Ruta chalepensis,0.5,0,0,0,0,0,possibly forbidden,0,2,0,0.1,0.05,0.1,1.3604729634078634e-4,0.001224425667067077,0.007229003023878795,0.06506102721490915,0.001711153882547157,0.015400384942924413,0.09092379579723325,0.8183141621750993,0.11662481060999152,possibly forbidden,0.8183141621750993,0.32705667785405723
196,Rocky coastal 2,Muscidae sp1||Sedum sediforme,Muscidae sp1,Sedum sediforme,0.5,0,0,0,0,0,possibly forbidden,0,8,0,0.1,0.05,0.1,1.3604729634078634e-4,0.001224425667067077,0.007229003023878795,0.06506102721490915,0.001711153882547157,0.015400384942924413,0.09092379579723325,0.8183141621750993,0.11662481060999152,possibly forbidden,0.8183141621750993,0.32705667785405723
197,Rocky coastal 2,Muscidae sp1||Teucrium capitatum,Muscidae sp1,Teucrium capitatum,0.7768439915112524,1,0,0,0,0,phantom,0,26,0,0.1,0.05,0.1,2.4827972834515373e-4,0.0022345175551063833,0.01319258048670861,0.11873322438037748,0.0015989214505427898,0.014390293054885107,0.08496021833440347,0.764641965009631,0.11662481060999152,possibly forbidden,0.764641965009631,0.39039159114954464
198,Rocky coastal 2,Platypalpus sp.||Allium ampeloprasum,Platypalpus sp.,Allium ampeloprasum,0.530226255717564,0,0,0,0,0,possibly forbidden,6,0,0,0.1,0.05,0.1,1.3604729634078634e-4,0.001224425667067077,0.007229003023878795,0.06506102721490915,0.001711153882547157,0.015400384942924413,0.09092379579723325,0.8183141621750993,0.11662481060999152,possibly forbidden,0.8183141621750993,0.32705667785405723
199,Rocky coastal 2,Platypalpus sp.||Allium sp.,Platypalpus sp.,Allium sp.,0.530226255717564,0,0,0,0,0,possibly forbidden,6,12,0.0962566844919786,0.15775401069518716,0.09331550802139038,0.16737967914438504,7.021538232696443e-4,0.003492822692750275,0.019079611078222303,0.09491039759997484,0.005238988548714184,0.026061038882900914,0.14235892569417888,0.708156061679989,0.1969335407200361,possibly forbidden,0.708156061679989,0.4656791896159275
200,Rocky coastal 2,Platypalpus sp.||Asteriscus aquaticus,Platypalpus sp.,Asteriscus aquaticus,0.530226255717564,0,0,0,1,0,possibly forbidden,6,8,0.06417112299465241,0.13850267379679146,0.07887700534759359,0.1449197860962567,3.5570433582633585e-4,0.002709481555371469,0.011616926971998402,0.08848879867490377,0.003092014895528696,0.023552587035259195,0.10098193252056686,0.7692025540105454,0.14230864731455084,possibly forbidden,0.7692025540105454,0.39659691662932833
201,Rocky coastal 2,Platypalpus sp.||Daucus carota,Platypalpus sp.,Daucus carota,0.5872555829169658,0,0,0,0,0,possibly forbidden,6,44,0.35294117647058826,0.31176470588235294,0.20882352941176474,0.3470588235294118,0.007326662052571938,0.013784059115855679,0.07763096435102183,0.14605147530446475,0.022603349177775258,0.04252494506327209,0.23949784794804282,0.45058069698699565,0.40336782770853963,possibly forbidden,0.45058069698699565,0.7193748396261015
202,Rocky coastal 2,Platypalpus sp.||Euphorbia dendroides,Platypalpus sp.,Euphorbia dendroides,0.6623276276842127,0,1,0,0,0,weakly supported,6,8,0.06417112299465241,0.13850267379679146,0.07887700534759359,0.1449197860962567,0.007934842179072542,0.04681849684257194,0.007016664252384724,0.041400908264070745,0.06897484157556104,0.40697701726687124,0.06099343808923839,0.3598837915302294,0.5987153002056999,weakly supported,0.40697701726687124,0.6910749628010527
203,Rocky coastal 2,Platypalpus sp.||Globularia alypum,Platypalpus sp.,Globularia alypum,0.5157842268321993,0,0,0,2,0,possibly forbidden,6,5,0.040106951871657755,0.12406417112299466,0.068048128342246,0.12807486631016043,1.8965015363960739e-4,0.0021518114709949613,0.007263825277859253,0.08241692535563747,0.0018712669769725134,0.02123179796624526,0.0716717392952192,0.8132029835034318,0.10438009114093072,possibly forbidden,0.8132029835034318,0.3399563998093923
204,Rocky coastal 2,Platypalpus sp.||Helichrysum stoechas,Platypalpus sp.,Helichrysum stoechas,0.6751516694117585,0,1,0,0,0,weakly supported,6,11,0.08823529411764706,0.15294117647058825,0.08970588235294119,0.16176470588235295,0.010466178723997525,0.054233835206168986,0.008042186738844262,0.04167314946492026,0.08100912342511221,0.4197745486573996,0.06224721699439895,0.3225537607891582,0.6357730897459215,weakly supported,0.4197745486573996,0.7130660411695438
205,Rocky coastal 2,Platypalpus sp.||Lonicera implexa,Platypalpus sp.,Lonicera implexa,0.530226255717564,0,0,0,0,0,possibly forbidden,6,1,0.008021390374331552,0.10481283422459893,0.0536096256684492,0.10561497326203209,1.6209021180924087e-4,0.001372637363295976,0.008002380903893823,0.06776699778107555,0.0019346963581553607,0.01638369447602451,0.09551580578817365,0.8088616971175718,0.12337130510135264,possibly forbidden,0.8088616971175718,0.3399230488338188
206,Rocky coastal 2,Platypalpus sp.||Ruta chalepensis,Platypalpus sp.,Ruta chalepensis,0.530226255717564,0,0,0,0,0,possibly forbidden,6,2,0.016042780748663103,0.10962566844919787,0.0572192513368984,0.11122994652406418,1.9129680920033758e-4,0.0015285350812065436,0.0088147733647975,0.07043342948218002,0.0021713245613293884,0.01734971836985309,0.10005255178873694,0.7994583705426961,0.1301081999751239,possibly forbidden,0.7994583705426961,0.35251594907308464
207,Rocky coastal 2,Platypalpus sp.||Sedum sediforme,Platypalpus sp.,Sedum sediforme,0.530226255717564,0,0,0,0,0,possibly forbidden,6,8,0.06417112299465241,0.13850267379679146,0.07887700534759359,0.1449197860962567,4.4420608369764977e-4,0.0026209798075001547,0.014507300347759619,0.08559842529914254,0.0038613300124296893,0.022783271918358203,0.12610694965236974,0.7440775368787425,0.17032403782211503,possibly forbidden,0.7440775368787425,0.42296044564594903
208,Rocky coastal 2,Platypalpus sp.||Teucrium capitatum,Platypalpus sp.,Teucrium capitatum,0.8104031032512108,1,0,1,1,1,possibly missing,6,26,0.20855614973262035,0.22513368983957222,0.14385026737967915,0.24598930481283426,0.010356903017614482,0.006009749800149442,0.17238673785121236,0.10003001491737065,0.025507010272644647,0.014800828937736214,0.42455454934358916,0.2463542058596831,0.6536157792229462,locally absent,0.42455454934358916,0.7099127481441093
209,Rocky coastal 2,Podarcis lilfordi||Allium ampeloprasum,Podarcis lilfordi,Allium ampeloprasum,0.5,0,0,0,0,0,possibly forbidden,12,0,0,0.1,0.05,0.1,1.3604729634078634e-4,0.001224425667067077,0.007229003023878795,0.06506102721490915,0.001711153882547157,0.015400384942924413,0.09092379579723325,0.8183141621750993,0.11662481060999152,possibly forbidden,0.8183141621750993,0.32705667785405723
210,Rocky coastal 2,Podarcis lilfordi||Allium sp.,Podarcis lilfordi,Allium sp.,0.5,0,0,1,1,1,locally absent,12,12,0.1925133689839572,0.21550802139037434,0.13663101604278075,0.23475935828877006,0.005440785136384101,0.003357390754248686,0.09614874286198344,0.05933130829937415,0.027678546828783842,0.017079832208878057,0.4891311483773742,0.3018322455329735,0.6388364461676523,locally absent,0.4891311483773742,0.6349762244525744
211,Rocky coastal 2,Podarcis lilfordi||Asteriscus aquaticus,Podarcis lilfordi,Asteriscus aquaticus,0.5,0,0,0,2,0,possibly forbidden,12,8,0.12834224598930483,0.17700534759358288,0.10775401069518717,0.1898395721925134,6.805593759621015e-4,0.004840453310803311,0.01575984972523599,0.11209134643459719,0.004422148165943155,0.03145236475574518,0.10240457044540525,0.7283487077863078,0.15955994577909505,possibly forbidden,0.7283487077863078,0.45131622968074014
212,Rocky coastal 2,Podarcis lilfordi||Daucus carota,Podarcis lilfordi,Daucus carota,0.5367755791979668,0,0,2,2,1,locally absent,12,44,0.7058823529411765,0.5235294117647059,0.36764705882352944,0.5941176470588236,0.07394616796932893,0.001810396879214679,0.35569602333723,0.008708375136706043,0.09405184669139642,0.002302636829066056,0.4524084043074195,0.011076148849638328,0.9802154760136557,locally absent,0.4524084043074195,0.6049840964143505
213,Rocky coastal 2,Podarcis lilfordi||Euphorbia dendroides,Podarcis lilfordi,Euphorbia dendroides,0.6150099832954355,0,1,1,1,1,model-elusive,12,8,0.12834224598930483,0.17700534759358288,0.10775401069518717,0.1898395721925134,0.045342307917756335,0.03663136506104985,0.028430203931960336,0.02296833193583207,0.2946258781824524,0.23802379269510865,0.1847341739982279,0.1492439462776125,0.8277877217865555,model-elusive,0.2946258781824524,0.8400681524493455
214,Rocky coastal 2,Podarcis lilfordi||Globularia alypum,Podarcis lilfordi,Globularia alypum,0.5,0,0,1,1,1,locally absent,12,5,0.08021390374331551,0.1481283422459893,0.08609625668449197,0.15614973262032086,0.0017825198670231046,0.0018235754111137169,0.05291581087916846,0.05413458405910972,0.014326068644477349,0.01465603104981129,0.42528307990147207,0.4350783301878242,0.5107870857530661,possibly forbidden,0.4350783301878242,0.5696697901337165
215,Rocky coastal 2,Podarcis lilfordi||Helichrysum stoechas,Podarcis lilfordi,Helichrysum stoechas,0.686586871823789,0,0,1,1,1,locally absent,12,11,0.17647058823529413,0.20588235294117646,0.12941176470588237,0.22352941176470592,0.004764619679675225,0.0031331686758801322,0.08964006540558338,0.05894645615277408,0.025683287093191655,0.016889085808315715,0.48319733570445333,0.31774598148012645,0.6233075623670995,locally absent,0.48319733570445333,0.6277397782653524
216,Rocky coastal 2,Podarcis lilfordi||Lonicera implexa,Podarcis lilfordi,Lonicera implexa,0.5,0,0,0,1,0,possibly forbidden,12,1,0.016042780748663103,0.10962566844919787,0.0572192513368984,0.11122994652406418,1.5199054155536589e-4,0.0015678413488515153,0.007003578277148926,0.07224462456982861,0.0017251766892949234,0.017795866241887556,0.07949448604989896,0.8200164362815342,0.10773893914863719,possibly forbidden,0.8200164362815342,0.32831876092593004
217,Rocky coastal 2,Podarcis lilfordi||Ruta chalepensis,Podarcis lilfordi,Ruta chalepensis,0.5,0,0,0,1,0,possibly forbidden,12,2,0.03208556149732621,0.11925133689839573,0.06443850267379679,0.12245989304812835,2.0710814134066116e-4,0.0019159674953132015,0.008409282862256392,0.0777946850311209,0.0021376792880070054,0.019775775132320126,0.08679692495559319,0.8029625770940486,0.11924273787483053,possibly forbidden,0.8029625770940486,0.35186190284515206
218,Rocky coastal 2,Podarcis lilfordi||Sedum sediforme,Podarcis lilfordi,Sedum sediforme,0.5,0,0,0,2,0,possibly forbidden,12,8,0.12834224598930483,0.17700534759358288,0.10775401069518717,0.1898395721925134,6.805593759621015e-4,0.004840453310803311,0.01575984972523599,0.11209134643459719,0.004422148165943155,0.03145236475574518,0.10240457044540525,0.7283487077863078,0.15955994577909505,possibly forbidden,0.7283487077863078,0.45131622968074014
219,Rocky coastal 2,Podarcis lilfordi||Teucrium capitatum,Podarcis lilfordi,Teucrium capitatum,0.7768439915112524,1,0,1,3,1,possibly missing,12,26,0.4171122994652407,0.35026737967914445,0.23770053475935832,0.39197860962566855,0.02893968961586643,0.01416287082927213,0.2595519016835539,0.1270227879369071,0.0384124674076859,0.01879877847170868,0.34451056995981955,0.1686009340951863,0.7043762779679066,locally absent,0.34451056995981955,0.7897158532870376
220,Rocky coastal 2,Spilostethus pandurus||Allium ampeloprasum,Spilostethus pandurus,Allium ampeloprasum,0.580862675083226,0,0,0,0,0,possibly forbidden,4,0,0,0.1,0.05,0.1,1.3604729634078634e-4,0.001224425667067077,0.007229003023878795,0.06506102721490915,0.001711153882547157,0.015400384942924413,0.09092379579723325,0.8183141621750993,0.11662481060999152,possibly forbidden,0.8183141621750993,0.32705667785405723
221,Rocky coastal 2,Spilostethus pandurus||Allium sp.,Spilostethus pandurus,Allium sp.,0.580862675083226,0,0,0,1,0,possibly forbidden,4,12,0.0641711229946524,0.13850267379679143,0.07887700534759358,0.1449197860962567,3.5570433582633574e-4,0.002709481555371468,0.011616926971998396,0.08848879867490374,0.0030920148955286947,0.023552587035259188,0.10098193252056686,0.7692025540105454,0.14230864731455084,possibly forbidden,0.7692025540105454,0.3965969166293283
222,Rocky coastal 2,Spilostethus pandurus||Asteriscus aquaticus,Spilostethus pandurus,Asteriscus aquaticus,0.580862675083226,0,0,0,2,0,possibly forbidden,4,8,0.0427807486631016,0.12566844919786097,0.06925133689839572,0.12994652406417112,1.987674609805956e-4,0.002218003890438188,0.007471098105658002,0.08336839733447385,0.0019326438405771538,0.02156596223589133,0.07264253245986353,0.8106025946721174,0.10602900799340875,possibly forbidden,0.8106025946721174,0.3435872437954229
223,Rocky coastal 2,Spilostethus pandurus||Daucus carota,Spilostethus pandurus,Daucus carota,0.6359652754067112,0,0,1,2,1,locally absent,4,44,0.23529411764705882,0.2411764705882353,0.15588235294117647,0.26470588235294124,0.006836228984105414,0.0046408461234342105,0.1035279270975793,0.07028102485377072,0.030059316204159917,0.020406083734688375,0.45521861596837415,0.30902995703388797,0.6206890181123413,locally absent,0.45521861596837415,0.6666854025828662
224,Rocky coastal 2,Spilostethus pandurus||Euphorbia dendroides,Spilostethus pandurus,Euphorbia dendroides,0.7066040399051345,1,1,0,1,0,locally unique,4,8,0.0427807486631016,0.12566844919786097,0.06925133689839572,0.12994652406417112,0.00859621881470166,0.07430304437245419,0.0087485668264131,0.0756198932473212,0.0427957571572197,0.3699132271467231,0.04355421254942512,0.3764690798857419,0.5479110268669369,possibly forbidden,0.3764690798857419,0.7106533191112989
225,Rocky coastal 2,Spilostethus pandurus||Globularia alypum,Spilostethus pandurus,Globularia alypum,0.5667052273183879,0,0,0,1,0,possibly forbidden,4,5,0.026737967914438502,0.1160427807486631,0.06203208556149733,0.11871657754010696,1.8743638898088757e-4,0.0017962881661942804,0.007926115536538115,0.07595957017515854,0.0019953710671127057,0.019122548479028178,0.08437818132429623,0.8086344888626911,0.1154059409621504,possibly forbidden,0.8086344888626911,0.3441068225758139
226,Rocky coastal 2,Spilostethus pandurus||Helichrysum stoechas,Spilostethus pandurus,Helichrysum stoechas,0.7675871665647281,1,0,0,1,0,phantom,4,11,0.058823529411764705,0.13529411764705884,0.07647058823529412,0.1411764705882353,5.827875166664225e-4,0.004576882063266726,0.01968345948576387,0.15458270825487713,0.002665281576221106,0.020931607302673162,0.09001902138156011,0.7069582524189715,0.13845903932615133,possibly forbidden,0.7069582524189715,0.45856288213692264
227,Rocky coastal 2,Spilostethus pandurus||Lonicera implexa,Spilostethus pandurus,Lonicera implexa,0.580862675083226,0,0,0,1,0,possibly forbidden,4,1,0.0053475935828877,0.10320855614973262,0.052406417112299465,0.10374331550802139,1.2140606921639315e-4,0.001354037054916729,0.00613921622939069,0.06847043410922579,0.0014742556260121502,0.01644231428399107,0.07454960138238474,0.8314487352448625,0.10008083064591167,possibly forbidden,0.8314487352448625,0.31214112690017864
228,Rocky coastal 2,Spilostethus pandurus||Ruta chalepensis,Spilostethus pandurus,Ruta chalepensis,0.580862675083226,0,0,0,1,0,possibly forbidden,4,2,0.0106951871657754,0.10641711229946524,0.054812834224598934,0.10748663101604279,1.3611548128255411e-4,0.0014591020559303859,0.006564142040805153,0.07036490674617667,0.0015973038507821182,0.01712244125841714,0.07702966084433713,0.8257263277222688,0.10390876553155448,possibly forbidden,0.8257263277222688,0.320280173187666
229,Rocky coastal 2,Spilostethus pandurus||Sedum sediforme,Spilostethus pandurus,Sedum sediforme,0.5170985926251819,0,1,0,2,0,weakly supported,4,8,0.0427807486631016,0.12566844919786097,0.06925133689839572,0.12994652406417112,0.003801248631974078,0.04241732632014868,0.003868616934664519,0.043169074904763356,0.036960072432601125,0.4124296001063748,0.03761510386783956,0.4197389568016338,0.5370919682936028,possibly forbidden,0.4197389568016338,0.6190771722725619
230,Rocky coastal 2,Spilostethus pandurus||Teucrium capitatum,Spilostethus pandurus,Teucrium capitatum,0.8021838855332281,1,1,3,3,1,recurrent,4,26,0.13903743315508021,0.18342245989304812,0.11256684491978611,0.19732620320855615,0.1455881670338436,0.004017686150361493,0.08691133628503263,0.002398426185423534,0.46378249563679114,0.012798653540757009,0.27686286092214346,0.007640374245647163,0.9899611995689293,model-elusive,0.46378249563679114,0.6417179427006521
231,Rocky coastal 2,Tapinoma sp||Allium ampeloprasum,Tapinoma sp,Allium ampeloprasum,0.5,0,0,0,0,0,possibly forbidden,3,0,0,0.1,0.05,0.1,1.3604729634078634e-4,0.001224425667067077,0.007229003023878795,0.06506102721490915,0.001711153882547157,0.015400384942924413,0.09092379579723325,0.8183141621750993,0.11662481060999152,possibly forbidden,0.8183141621750993,0.32705667785405723
232,Rocky coastal 2,Tapinoma sp||Allium sp.,Tapinoma sp,Allium sp.,0.5,0,0,0,0,0,possibly forbidden,3,12,0.0481283422459893,0.12887700534759358,0.07165775401069518,0.13368983957219252,3.437420412191383e-4,0.002227448427100016,0.012454103311017439,0.080702589455393,0.0032470825921456833,0.021041095197104027,0.11764491162781027,0.7623390273482105,0.15695838319639654,possibly forbidden,0.7623390273482105,0.40038835944184037
233,Rocky coastal 2,Tapinoma sp||Asteriscus aquaticus,Tapinoma sp,Asteriscus aquaticus,0.5,0,0,0,0,0,possibly forbidden,3,8,0.03208556149732621,0.11925133689839573,0.06443850267379679,0.12245989304812835,2.5999161539771895e-4,0.0018630840212561434,0.010556528688547274,0.07564743920483001,0.002683519284628296,0.019229935135698834,0.10895985345955504,0.7807996485900867,0.14355291220508337,possibly forbidden,0.7807996485900867,0.3769307863664587
234,Rocky coastal 2,Tapinoma sp||Daucus carota,Tapinoma sp,Daucus carota,0.5367755791979668,0,0,0,0,0,possibly forbidden,3,44,0.17647058823529413,0.20588235294117646,0.12941176470588237,0.22352941176470592,0.0017653879853594336,0.006132400370195925,0.03321345776010344,0.11537306379825402,0.00951617747210165,0.03305619542940572,0.17903438854714143,0.6219089286374384,0.26271800756430763,possibly forbidden,0.6219089286374384,0.5602609776479497
235,Rocky coastal 2,Tapinoma sp||Euphorbia dendroides,Tapinoma sp,Euphorbia dendroides,0.6150099832954355,0,1,0,0,0,weakly supported,3,8,0.03208556149732621,0.11925133689839573,0.06443850267379679,0.12245989304812835,0.005152218625091296,0.03692048368460619,0.005664301678853698,0.04059003954147999,0.0531789381665378,0.3810770197872861,0.058464434577645566,0.41895256393849944,0.5404573965200206,possibly forbidden,0.41895256393849944,0.6552113979002646
236,Rocky coastal 2,Tapinoma sp||Globularia alypum,Tapinoma sp,Globularia alypum,0.5,0,0,1,1,1,locally absent,3,5,0.020053475935828877,0.11203208556149732,0.059024064171123,0.11403743315508022,7.352037734037532e-4,0.0010812867171143905,0.03277872255819835,0.04820867164768115,0.008143652286301597,0.011977118949225464,0.3630809968062046,0.5339943472618708,0.41779698109044805,possibly forbidden,0.5339943472618708,0.5126071467598247
237,Rocky coastal 2,Tapinoma sp||Helichrysum stoechas,Tapinoma sp,Helichrysum stoechas,0.686586871823789,0,0,0,0,0,possibly forbidden,3,11,0.04411764705882353,0.1264705882352941,0.06985294117647059,0.13088235294117648,3.21303126425179e-4,0.002133597165362706,0.011965111819224395,0.0794537200579957,0.00310141288796224,0.02059477546950207,0.11549452510756465,0.766935554365963,0.15361072557604138,possibly forbidden,0.766935554365963,0.39460956037556505
238,Rocky coastal 2,Tapinoma sp||Lonicera implexa,Tapinoma sp,Lonicera implexa,0.5,0,0,0,0,0,possibly forbidden,3,1,0.004010695187165776,0.10240641711229947,0.051804812834224605,0.10280748663101605,1.486854892868207e-4,0.0012975660840102128,0.007610814097155506,0.06641895111314772,0.0018212845173859174,0.015894200775262535,0.0932267025271878,0.8135817953965634,0.11999925349028895,possibly forbidden,0.8135817953965634,0.3335248955180807
239,Rocky coastal 2,Tapinoma sp||Ruta chalepensis,Tapinoma sp,Ruta chalepensis,0.5,0,0,0,0,0,possibly forbidden,3,2,0.008021390374331552,0.10481283422459893,0.0536096256684492,0.10561497326203209,1.6209021180924087e-4,0.001372637363295976,0.008002380903893823,0.06776699778107555,0.0019346963581553607,0.01638369447602451,0.09551580578817365,0.8088616971175718,0.12337130510135264,possibly forbidden,0.8088616971175718,0.3399230488338188
240,Rocky coastal 2,Tapinoma sp||Sedum sediforme,Tapinoma sp,Sedum sediforme,0.5,0,0,0,0,0,possibly forbidden,3,8,0.03208556149732621,0.11925133689839573,0.06443850267379679,0.12245989304812835,2.5999161539771895e-4,0.0018630840212561434,0.010556528688547274,0.07564743920483001,0.002683519284628296,0.019229935135698834,0.10895985345955504,0.7807996485900867,0.14355291220508337,possibly forbidden,0.7807996485900867,0.3769307863664587
241,Rocky coastal 2,Tapinoma sp||Teucrium capitatum,Tapinoma sp,Teucrium capitatum,0.7768439915112524,1,0,0,0,0,phantom,3,26,0.10427807486631017,0.16256684491978612,0.09692513368983958,0.17299465240641715,0.0013644196662032004,0.006522643010149144,0.03555250509059947,0.1699596572569152,0.005029322701186374,0.024042805432410278,0.13104840494842812,0.6264802418941082,0.20356010084897658,possibly forbidden,0.6264802418941082,0.5468706468856118
242,Rocky coastal 2,Ancistrocerus ebusianus||Allium ampeloprasum,Ancistrocerus ebusianus,Allium ampeloprasum,0.530226255717564,0,0,0,0,0,possibly forbidden,8,0,0,0.1,0.05,0.1,1.3604729634078634e-4,0.001224425667067077,0.007229003023878795,0.06506102721490915,0.001711153882547157,0.015400384942924413,0.09092379579723325,0.8183141621750993,0.11662481060999152,possibly forbidden,0.8183141621750993,0.32705667785405723
243,Rocky coastal 2,Ancistrocerus ebusianus||Allium sp.,Ancistrocerus ebusianus,Allium sp.,0.530226255717564,0,0,0,1,0,possibly forbidden,8,12,0.1283422459893048,0.17700534759358288,0.10775401069518717,0.18983957219251338,8.481635641637653e-4,0.004672849122601648,0.01964109346777387,0.10821010269205929,0.00551120898802439,0.030363303933663943,0.1276241699452702,0.7031291082864429,0.18866078902149774,possibly forbidden,0.7031291082864429,0.47803534375882123
244,Rocky coastal 2,Ancistrocerus ebusianus||Asteriscus aquaticus,Ancistrocerus ebusianus,Asteriscus aquaticus,0.530226255717564,0,0,0,2,0,possibly forbidden,8,8,0.0855614973262032,0.15133689839572192,0.08850267379679144,0.15989304812834226,3.8916886054421744e-4,0.003407836997696398,0.011209131915158516,0.09815506410024422,0.003049897304365964,0.02670705168563179,0.08784541796205751,0.7692364311743014,0.13260850472545438,possibly forbidden,0.7692364311743014,0.3993805858510424
245,Rocky coastal 2,Ancistrocerus ebusianus||Daucus carota,Ancistrocerus ebusianus,Daucus carota,0.5872555829169658,0,0,1,2,1,locally absent,8,44,0.47058823529411764,0.38235294117647056,0.26176470588235295,0.4294117647058824,0.026074821305800248,0.008467462524653751,0.2056553186184112,0.0667839170583217,0.058864563148545726,0.01911550904395078,0.4642720403592893,0.15076636794102724,0.7824497150006511,locally absent,0.4642720403592893,0.7335363117833558
246,Rocky coastal 2,Ancistrocerus ebusianus||Euphorbia dendroides,Ancistrocerus ebusianus,Euphorbia dendroides,0.7173955073322649,1,0,0,1,0,phantom,8,8,0.0855614973262032,0.15133689839572192,0.08850267379679144,0.15989304812834226,8.60055217970029e-4,0.005833768603428351,0.024771952152248602,0.1680285564135177,0.003451120982769819,0.023409010044070165,0.09940176173638925,0.6742437748496061,0.15772766873687627,possibly forbidden,0.6742437748496061,0.4953656316550076
247,Rocky coastal 2,Ancistrocerus ebusianus||Globularia alypum,Ancistrocerus ebusianus,Globularia alypum,0.5157842268321993,0,0,0,2,0,possibly forbidden,8,5,0.053475935828877004,0.1320855614973262,0.07406417112299465,0.13743315508021392,2.3827895744155095e-4,0.0024924282748303448,0.008330926514924784,0.08714255351912789,0.0021880835437352165,0.022887632842838818,0.07650177509210294,0.8002183212549985,0.1126391252258736,possibly forbidden,0.8002183212549985,0.3579333800976919
248,Rocky coastal 2,Ancistrocerus ebusianus||Helichrysum stoechas,Ancistrocerus ebusianus,Helichrysum stoechas,0.6751516694117585,0,1,1,1,1,model-elusive,8,11,0.11764705882352941,0.17058823529411765,0.10294117647058823,0.1823529411764706,0.041804659541331605,0.03548485202256699,0.027585551973144586,0.023415313997715348,0.28405500620020235,0.241113071410567,0.1874387741160873,0.15910277073838489,0.8174819152638998,model-elusive,0.28405500620020235,0.8391324460519876
249,Rocky coastal 2,Ancistrocerus ebusianus||Lonicera implexa,Ancistrocerus ebusianus,Lonicera implexa,0.530226255717564,0,0,0,1,0,possibly forbidden,8,1,0.0106951871657754,0.10641711229946524,0.054812834224598934,0.10748663101604279,1.3611548128255411e-4,0.0014591020559303859,0.006564142040805153,0.07036490674617667,0.0015973038507821182,0.01712244125841714,0.07702966084433713,0.8257263277222688,0.10390876553155448,possibly forbidden,0.8257263277222688,0.320280173187666
250,Rocky coastal 2,Ancistrocerus ebusianus||Ruta chalepensis,Ancistrocerus ebusianus,Ruta chalepensis,0.530226255717564,0,0,1,1,1,locally absent,8,2,0.0213903743315508,0.11283422459893049,0.059625668449197866,0.11497326203208556,7.526078729612464e-4,0.0010967142754225235,0.03319488377200841,0.04837220578162578,0.008269691907203476,0.01205074979124378,0.36474699714451847,0.5315161494550164,0.42011164476335783,possibly forbidden,0.5315161494550164,0.5141462562114975
251,Rocky coastal 2,Ancistrocerus ebusianus||Sedum sediforme,Ancistrocerus ebusianus,Sedum sediforme,0.530226255717564,0,0,0,2,0,possibly forbidden,8,8,0.0855614973262032,0.15133689839572192,0.08850267379679144,0.15989304812834226,3.8916886054421744e-4,0.003407836997696398,0.011209131915158516,0.09815506410024422,0.003049897304365964,0.02670705168563179,0.08784541796205751,0.7692364311743014,0.13260850472545438,possibly forbidden,0.7692364311743014,0.3993805858510424
252,Rocky coastal 2,Ancistrocerus ebusianus||Teucrium capitatum,Ancistrocerus ebusianus,Teucrium capitatum,0.7675871757217246,1,1,1,3,1,recurrent,8,26,0.27807486631016043,0.26684491978609626,0.17513368983957223,0.2946524064171123,0.14158706358339207,0.10693446645087833,0.05049665793696698,0.03813789930646931,0.2783580862331393,0.2102315895272218,0.09927568740222364,0.07497854955970856,0.8868835511338221,model-elusive,0.2783580862331393,0.913025102344052
253,Rocky coastal 2,Hylaeus imparilis||Allium ampeloprasum,Hylaeus imparilis,Allium ampeloprasum,0.530226255717564,0,0,0,0,0,possibly forbidden,3,0,0,0.1,0.05,0.1,1.3604729634078634e-4,0.001224425667067077,0.007229003023878795,0.06506102721490915,0.001711153882547157,0.015400384942924413,0.09092379579723325,0.8183141621750993,0.11662481060999152,possibly forbidden,0.8183141621750993,0.32705667785405723
254,Rocky coastal 2,Hylaeus imparilis||Allium sp.,Hylaeus imparilis,Allium sp.,0.530226255717564,0,0,0,1,0,possibly forbidden,3,12,0.0481283422459893,0.12887700534759358,0.07165775401069518,0.13368983957219252,2.7453796829763813e-4,0.002296652500021516,0.009946773481210284,0.08320991928520016,0.0025933617388802306,0.021694816050369478,0.0939599791294193,0.7860239598466014,0.1307661208681984,possibly forbidden,0.7860239598466014,0.37460122001224855
255,Rocky coastal 2,Hylaeus imparilis||Asteriscus aquaticus,Hylaeus imparilis,Asteriscus aquaticus,0.530226255717564,0,0,0,1,0,possibly forbidden,3,8,0.03208556149732621,0.11925133689839573,0.06443850267379679,0.12245989304812835,2.0710814134066116e-4,0.0019159674953132015,0.008409282862256392,0.0777946850311209,0.0021376792880070054,0.019775775132320126,0.08679692495559319,0.8029625770940486,0.11924273787483053,possibly forbidden,0.8029625770940486,0.35186190284515206
256,Rocky coastal 2,Hylaeus imparilis||Daucus carota,Hylaeus imparilis,Daucus carota,0.5872555829169658,0,0,1,1,1,locally absent,3,44,0.17647058823529413,0.20588235294117646,0.12941176470588237,0.22352941176470592,0.004764619679675225,0.0031331686758801322,0.08964006540558338,0.05894645615277408,0.025683287093191655,0.016889085808315715,0.48319733570445333,0.31774598148012645,0.6233075623670995,locally absent,0.48319733570445333,0.6277397782653524
257,Rocky coastal 2,Hylaeus imparilis||Euphorbia dendroides,Hylaeus imparilis,Euphorbia dendroides,0.7173955073322649,1,0,0,1,0,phantom,3,8,0.03208556149732621,0.11925133689839573,0.06443850267379679,0.12245989304812835,3.7308607564967295e-4,0.0034514374436056794,0.015148541828429455,0.14013989772098348,0.0019717013536979934,0.018240305184027646,0.08005766598942012,0.740617364404186,0.11924273787483053,possibly forbidden,0.740617364404186,0.4189693476944412
258,Rocky coastal 2,Hylaeus imparilis||Globularia alypum,Hylaeus imparilis,Globularia alypum,0.5157842268321993,0,0,0,0,0,possibly forbidden,3,5,0.020053475935828877,0.11203208556149732,0.059024064171123,0.11403743315508022,2.071479128893017e-4,0.001609342577628842,0.009235594553157115,0.0717517996527224,0.002294521104800078,0.017826250130726983,0.10230016958423374,0.7947751744838416,0.133473025863436,possibly forbidden,0.7947751744838416,0.358713862972068
259,Rocky coastal 2,Hylaeus imparilis||Helichrysum stoechas,Hylaeus imparilis,Helichrysum stoechas,0.6751516694117585,0,1,0,1,0,weakly supported,3,11,0.04411764705882353,0.1264705882352941,0.06985294117647059,0.13088235294117648,0.004882945938101089,0.04185981043405731,0.004923500980422403,0.042207474816427185,0.04713315936929152,0.4040563097292907,0.047524621264874625,0.4074121774675351,0.5503803477160377,possibly forbidden,0.4074121774675351,0.6440820642573755
260,Rocky coastal 2,Hylaeus imparilis||Lonicera implexa,Hylaeus imparilis,Lonicera implexa,0.530226255717564,0,0,0,1,0,possibly forbidden,3,1,0.004010695187165776,0.10240641711229947,0.051804812834224605,0.10280748663101605,1.179051025037748e-4,0.0013283464707932588,0.00603524809694953,0.0679945171133537,0.001444248115541957,0.016271237177106494,0.07392721354504975,0.8328812843787015,0.09912419850794485,possibly forbidden,0.8328812843787015,0.31009028028861363
261,Rocky coastal 2,Hylaeus imparilis||Ruta chalepensis,Hylaeus imparilis,Ruta chalepensis,0.530226255717564,0,0,0,1,0,possibly forbidden,3,2,0.008021390374331552,0.10481283422459893,0.0536096256684492,0.10561497326203209,1.2861814111254918e-4,0.0014061094339926678,0.006349867427804215,0.06941951125716515,0.0015351762850184321,0.016783214549161436,0.0757915314578038,0.8285859714479418,0.10199451729489306,possibly forbidden,0.8285859714479418,0.31622341154876005
262,Rocky coastal 2,Hylaeus imparilis||Sedum sediforme,Hylaeus imparilis,Sedum sediforme,0.530226255717564,0,0,0,1,0,possibly forbidden,3,8,0.03208556149732621,0.11925133689839573,0.06443850267379679,0.12245989304812835,2.0710814134066116e-4,0.0019159674953132015,0.008409282862256392,0.0777946850311209,0.0021376792880070054,0.019775775132320126,0.08679692495559319,0.8029625770940486,0.11924273787483053,possibly forbidden,0.8029625770940486,0.35186190284515206
263,Rocky coastal 2,Hylaeus imparilis||Teucrium capitatum,Hylaeus imparilis,Teucrium capitatum,0.7675871757217246,1,1,1,2,1,recurrent,3,26,0.10427807486631017,0.16256684491978612,0.09692513368983958,0.17299465240641715,0.05770493952725638,0.06741735314727411,0.04071228982449016,0.047564642524846386,0.21270344419954734,0.24850391198259694,0.15006764304516673,0.1753257757488219,0.7771095817263317,weakly supported,0.24850391198259694,0.9073223394061749
264,Rocky coastal 2,Lydella nigrescens||Allium ampeloprasum,Lydella nigrescens,Allium ampeloprasum,0.530226255717564,0,0,0,0,0,possibly forbidden,4,0,0,0.1,0.05,0.1,1.3604729634078634e-4,0.001224425667067077,0.007229003023878795,0.06506102721490915,0.001711153882547157,0.015400384942924413,0.09092379579723325,0.8183141621750993,0.11662481060999152,possibly forbidden,0.8183141621750993,0.32705667785405723
265,Rocky coastal 2,Lydella nigrescens||Allium sp.,Lydella nigrescens,Allium sp.,0.530226255717564,0,0,0,1,0,possibly forbidden,4,12,0.0641711229946524,0.13850267379679143,0.07887700534759358,0.1449197860962567,3.5570433582633574e-4,0.002709481555371468,0.011616926971998396,0.08848879867490374,0.0030920148955286947,0.023552587035259188,0.10098193252056686,0.7692025540105454,0.14230864731455084,possibly forbidden,0.7692025540105454,0.3965969166293283
266,Rocky coastal 2,Lydella nigrescens||Asteriscus aquaticus,Lydella nigrescens,Asteriscus aquaticus,0.530226255717564,0,0,0,2,0,possibly forbidden,4,8,0.0427807486631016,0.12566844919786097,0.06925133689839572,0.12994652406417112,1.987674609805956e-4,0.002218003890438188,0.007471098105658002,0.08336839733447385,0.0019326438405771538,0.02156596223589133,0.07264253245986353,0.8106025946721174,0.10602900799340875,possibly forbidden,0.8106025946721174,0.3435872437954229
267,Rocky coastal 2,Lydella nigrescens||Daucus carota,Lydella nigrescens,Daucus carota,0.5872555829169658,0,0,1,2,1,locally absent,4,44,0.23529411764705882,0.2411764705882353,0.15588235294117647,0.26470588235294124,0.006836228984105414,0.0046408461234342105,0.1035279270975793,0.07028102485377072,0.030059316204159917,0.020406083734688375,0.45521861596837415,0.30902995703388797,0.6206890181123413,locally absent,0.45521861596837415,0.6666854025828662
268,Rocky coastal 2,Lydella nigrescens||Euphorbia dendroides,Lydella nigrescens,Euphorbia dendroides,0.7173955073322649,1,0,0,1,0,phantom,4,8,0.0427807486631016,0.12566844919786097,0.06925133689839572,0.12994652406417112,4.4949666629528855e-4,0.0038853095135140776,0.01689528897481947,0.14603762810626134,0.0022377920558343317,0.019342779192243562,0.08411217765081049,0.7270395278402215,0.12692284405351717,possibly forbidden,0.7270395278402215,0.43516339063416
269,Rocky coastal 2,Lydella nigrescens||Globularia alypum,Lydella nigrescens,Globularia alypum,0.5157842268321993,0,0,0,2,0,possibly forbidden,4,5,0.026737967914438502,0.1160427807486631,0.06203208556149733,0.11871657754010696,1.483491115717795e-4,0.0018353754436033884,0.006273233305730215,0.07761245240596645,0.001579263912795434,0.019538655633345454,0.06678227372795918,0.8262303964590281,0.09615715113500545,possibly forbidden,0.8262303964590281,0.3215243334624138
270,Rocky coastal 2,Lydella nigrescens||Helichrysum stoechas,Lydella nigrescens,Helichrysum stoechas,0.6751516694117585,0,1,0,1,0,weakly supported,4,11,0.058823529411764705,0.13529411764705884,0.07647058823529412,0.1411764705882353,0.005940180500863531,0.04665080292468019,0.005432267334871508,0.042661941474072804,0.05305737781962226,0.41668250249359895,0.0485207243048542,0.3810542031474366,0.5762838553784906,weakly supported,0.41668250249359895,0.6594921916224841
271,Rocky coastal 2,Lydella nigrescens||Lonicera implexa,Lydella nigrescens,Lonicera implexa,0.530226255717564,0,0,0,1,0,possibly forbidden,4,1,0.0053475935828877,0.10320855614973262,0.052406417112299465,0.10374331550802139,1.2140606921639315e-4,0.001354037054916729,0.00613921622939069,0.06847043410922579,0.0014742556260121502,0.01644231428399107,0.07454960138238474,0.8314487352448625,0.10008083064591167,possibly forbidden,0.8314487352448625,0.31214112690017864
272,Rocky coastal 2,Lydella nigrescens||Ruta chalepensis,Lydella nigrescens,Ruta chalepensis,0.530226255717564,0,0,0,1,0,possibly forbidden,4,2,0.0106951871657754,0.10641711229946524,0.054812834224598934,0.10748663101604279,1.3611548128255411e-4,0.0014591020559303859,0.006564142040805153,0.07036490674617667,0.0015973038507821182,0.01712244125841714,0.07702966084433713,0.8257263277222688,0.10390876553155448,possibly forbidden,0.8257263277222688,0.320280173187666
273,Rocky coastal 2,Lydella nigrescens||Sedum sediforme,Lydella nigrescens,Sedum sediforme,0.530226255717564,0,0,0,2,0,possibly forbidden,4,8,0.0427807486631016,0.12566844919786097,0.06925133689839572,0.12994652406417112,1.987674609805956e-4,0.002218003890438188,0.007471098105658002,0.08336839733447385,0.0019326438405771538,0.02156596223589133,0.07264253245986353,0.8106025946721174,0.10602900799340875,possibly forbidden,0.8106025946721174,0.3435872437954229
274,Rocky coastal 2,Lydella nigrescens||Teucrium capitatum,Lydella nigrescens,Teucrium capitatum,0.7675871757217246,1,1,1,3,1,recurrent,4,26,0.13903743315508021,0.18342245989304812,0.11256684491978611,0.19732620320855615,0.0655194730094732,0.08408638017473191,0.03911296548311319,0.05019679698734295,0.20871740694473545,0.26786374223281273,0.12459741140430103,0.1599058237634896,0.7898973792491675,weakly supported,0.26786374223281273,0.9118827332150574
275,Rocky coastal 2,Lydella thompsoni||Allium ampeloprasum,Lydella thompsoni,Allium ampeloprasum,0.530226255717564,0,0,0,0,0,possibly forbidden,3,0,0,0.1,0.05,0.1,1.3604729634078634e-4,0.001224425667067077,0.007229003023878795,0.06506102721490915,0.001711153882547157,0.015400384942924413,0.09092379579723325,0.8183141621750993,0.11662481060999152,possibly forbidden,0.8183141621750993,0.32705667785405723
276,Rocky coastal 2,Lydella thompsoni||Allium sp.,Lydella thompsoni,Allium sp.,0.530226255717564,0,0,0,0,0,possibly forbidden,3,12,0.0481283422459893,0.12887700534759358,0.07165775401069518,0.13368983957219252,3.437420412191383e-4,0.002227448427100016,0.012454103311017439,0.080702589455393,0.0032470825921456833,0.021041095197104027,0.11764491162781027,0.7623390273482105,0.15695838319639654,possibly forbidden,0.7623390273482105,0.40038835944184037
277,Rocky coastal 2,Lydella thompsoni||Asteriscus aquaticus,Lydella thompsoni,Asteriscus aquaticus,0.530226255717564,0,0,0,2,0,possibly forbidden,3,8,0.03208556149732621,0.11925133689839573,0.06443850267379679,0.12245989304812835,1.6403433396373513e-4,0.0019590413026901276,0.006660342295061977,0.07954362559831532,0.0016930903631621633,0.02022036405716497,0.06874512842917282,0.8210143736204688,0.0994420007812159,possibly forbidden,0.8210143736204688,0.32895375186057074
278,Rocky coastal 2,Lydella thompsoni||Daucus carota,Lydella thompsoni,Daucus carota,0.5872555829169658,0,0,1,1,1,locally absent,3,44,0.17647058823529413,0.20588235294117646,0.12941176470588237,0.22352941176470592,0.004764619679675225,0.0031331686758801322,0.08964006540558338,0.05894645615277408,0.025683287093191655,0.016889085808315715,0.48319733570445333,0.31774598148012645,0.6233075623670995,locally absent,0.48319733570445333,0.6277397782653524
279,Rocky coastal 2,Lydella thompsoni||Euphorbia dendroides,Lydella thompsoni,Euphorbia dendroides,0.7173955073322649,1,0,0,0,0,phantom,3,8,0.03208556149732621,0.11925133689839573,0.06443850267379679,0.12245989304812835,4.683507411280619e-4,0.00335617277812729,0.019016605698831852,0.13627183385058106,0.0024751601588979526,0.017736846378827685,0.10049977644927048,0.7201752539443357,0.14355291220508326,possibly forbidden,0.7201752539443357,0.4440382312157478
280,Rocky coastal 2,Lydella thompsoni||Globularia alypum,Lydella thompsoni,Globularia alypum,0.5157842268321993,0,0,0,1,0,possibly forbidden,3,5,0.020053475935828877,0.11203208556149732,0.059024064171123,0.11403743315508022,1.6469157062321983e-4,0.0016517989198949238,0.00734269803341694,0.07364469617246255,0.0018242437459632577,0.018296527489563796,0.08133306953883057,0.8157422745292447,0.11061302929829275,possibly forbidden,0.8157422745292447,0.33428366113843777
281,Rocky coastal 2,Lydella thompsoni||Helichrysum stoechas,Lydella thompsoni,Helichrysum stoechas,0.6751516694117585,0,1,0,0,0,weakly supported,3,11,0.04411764705882353,0.1264705882352941,0.06985294117647059,0.13088235294117648,0.006117801936944261,0.04062495443521413,0.006168613008705313,0.04096236278814427,0.059052739337902664,0.39213672976067954,0.05954319865762423,0.3953936000747856,0.5636440371370701,possibly forbidden,0.3953936000747856,0.6697033615593224
282,Rocky coastal 2,Lydella thompsoni||Lonicera implexa,Lydella thompsoni,Lonicera implexa,0.530226255717564,0,0,0,0,0,possibly forbidden,3,1,0.004010695187165776,0.10240641711229947,0.051804812834224605,0.10280748663101605,1.486854892868207e-4,0.0012975660840102128,0.007610814097155506,0.06641895111314772,0.0018212845173859174,0.015894200775262535,0.0932267025271878,0.8135817953965634,0.11999925349028895,possibly forbidden,0.8135817953965634,0.3335248955180807
283,Rocky coastal 2,Lydella thompsoni||Ruta chalepensis,Lydella thompsoni,Ruta chalepensis,0.530226255717564,0,0,0,0,0,possibly forbidden,3,2,0.008021390374331552,0.10481283422459893,0.0536096256684492,0.10561497326203209,1.6209021180924087e-4,0.001372637363295976,0.008002380903893823,0.06776699778107555,0.0019346963581553607,0.01638369447602451,0.09551580578817365,0.8088616971175718,0.12337130510135264,possibly forbidden,0.8088616971175718,0.3399230488338188
284,Rocky coastal 2,Lydella thompsoni||Sedum sediforme,Lydella thompsoni,Sedum sediforme,0.530226255717564,0,0,0,1,0,possibly forbidden,3,8,0.03208556149732621,0.11925133689839573,0.06443850267379679,0.12245989304812835,2.0710814134066116e-4,0.0019159674953132015,0.008409282862256392,0.0777946850311209,0.0021376792880070054,0.019775775132320126,0.08679692495559319,0.8029625770940486,0.11924273787483053,possibly forbidden,0.8029625770940486,0.35186190284515206
285,Rocky coastal 2,Lydella thompsoni||Teucrium capitatum,Lydella thompsoni,Teucrium capitatum,0.7675871757217246,1,1,0,2,0,locally unique,3,26,0.10427807486631017,0.16256684491978612,0.09692513368983958,0.17299465240641715,0.013953167697769818,0.11116912497676065,0.009844311629734898,0.07843262071960164,0.0514321105112268,0.40977524567091755,0.036286650788867565,0.2891067680051211,0.6324606112752773,weakly supported,0.40977524567091755,0.7435967724792711
286,Rocky coastal 2,Monomorium sp||Allium ampeloprasum,Monomorium sp,Allium ampeloprasum,0.530226255717564,0,0,0,0,0,possibly forbidden,3,0,0,0.1,0.05,0.1,1.3604729634078634e-4,0.001224425667067077,0.007229003023878795,0.06506102721490915,0.001711153882547157,0.015400384942924413,0.09092379579723325,0.8183141621750993,0.11662481060999152,possibly forbidden,0.8183141621750993,0.32705667785405723
287,Rocky coastal 2,Monomorium sp||Allium sp.,Monomorium sp,Allium sp.,0.530226255717564,0,0,0,0,0,possibly forbidden,3,12,0.0481283422459893,0.12887700534759358,0.07165775401069518,0.13368983957219252,3.437420412191383e-4,0.002227448427100016,0.012454103311017439,0.080702589455393,0.0032470825921456833,0.021041095197104027,0.11764491162781027,0.7623390273482105,0.15695838319639654,possibly forbidden,0.7623390273482105,0.40038835944184037
288,Rocky coastal 2,Monomorium sp||Asteriscus aquaticus,Monomorium sp,Asteriscus aquaticus,0.530226255717564,0,0,1,1,1,locally absent,3,8,0.03208556149732621,0.11925133689839573,0.06443850267379679,0.12245989304812835,9.009223728353605e-4,0.0012221532638185015,0.03658045995230201,0.049623507941075264,0.009298925112482627,0.012614529307844504,0.37756744413626486,0.5121920579133769,0.43818443414554786,possibly forbidden,0.5121920579133769,0.5259414206863289
289,Rocky coastal 2,Monomorium sp||Daucus carota,Monomorium sp,Daucus carota,0.5872555829169658,0,0,0,0,0,possibly forbidden,3,44,0.17647058823529413,0.20588235294117646,0.12941176470588237,0.22352941176470592,0.0017653879853594336,0.006132400370195925,0.03321345776010344,0.11537306379825402,0.00951617747210165,0.03305619542940572,0.17903438854714143,0.6219089286374384,0.26271800756430763,possibly forbidden,0.6219089286374384,0.5602609776479497
290,Rocky coastal 2,Monomorium sp||Euphorbia dendroides,Monomorium sp,Euphorbia dendroides,0.7173955073322649,1,0,0,0,0,phantom,3,8,0.03208556149732621,0.11925133689839573,0.06443850267379679,0.12245989304812835,4.683507411280619e-4,0.00335617277812729,0.019016605698831852,0.13627183385058106,0.0024751601588979526,0.017736846378827685,0.10049977644927048,0.7201752539443357,0.14355291220508326,possibly forbidden,0.7201752539443357,0.4440382312157478
291,Rocky coastal 2,Monomorium sp||Globularia alypum,Monomorium sp,Globularia alypum,0.5157842268321993,0,0,0,1,0,possibly forbidden,3,5,0.020053475935828877,0.11203208556149732,0.059024064171123,0.11403743315508022,1.6469157062321983e-4,0.0016517989198949238,0.00734269803341694,0.07364469617246255,0.0018242437459632577,0.018296527489563796,0.08133306953883057,0.8157422745292447,0.11061302929829275,possibly forbidden,0.8157422745292447,0.33428366113843777
292,Rocky coastal 2,Monomorium sp||Helichrysum stoechas,Monomorium sp,Helichrysum stoechas,0.6751516694117585,0,1,0,0,0,weakly supported,3,11,0.04411764705882353,0.1264705882352941,0.06985294117647059,0.13088235294117648,0.006117801936944261,0.04062495443521413,0.006168613008705313,0.04096236278814427,0.059052739337902664,0.39213672976067954,0.05954319865762423,0.3953936000747856,0.5636440371370701,possibly forbidden,0.3953936000747856,0.6697033615593224
293,Rocky coastal 2,Monomorium sp||Lonicera implexa,Monomorium sp,Lonicera implexa,0.530226255717564,0,0,0,0,0,possibly forbidden,3,1,0.004010695187165776,0.10240641711229947,0.051804812834224605,0.10280748663101605,1.486854892868207e-4,0.0012975660840102128,0.007610814097155506,0.06641895111314772,0.0018212845173859174,0.015894200775262535,0.0932267025271878,0.8135817953965634,0.11999925349028895,possibly forbidden,0.8135817953965634,0.3335248955180807
294,Rocky coastal 2,Monomorium sp||Ruta chalepensis,Monomorium sp,Ruta chalepensis,0.530226255717564,0,0,0,0,0,possibly forbidden,3,2,0.008021390374331552,0.10481283422459893,0.0536096256684492,0.10561497326203209,1.6209021180924087e-4,0.001372637363295976,0.008002380903893823,0.06776699778107555,0.0019346963581553607,0.01638369447602451,0.09551580578817365,0.8088616971175718,0.12337130510135264,possibly forbidden,0.8088616971175718,0.3399230488338188
295,Rocky coastal 2,Monomorium sp||Sedum sediforme,Monomorium sp,Sedum sediforme,0.530226255717564,0,0,0,0,0,possibly forbidden,3,8,0.03208556149732621,0.11925133689839573,0.06443850267379679,0.12245989304812835,2.5999161539771895e-4,0.0018630840212561434,0.010556528688547274,0.07564743920483001,0.002683519284628296,0.019229935135698834,0.10895985345955504,0.7807996485900867,0.14355291220508337,possibly forbidden,0.7807996485900867,0.3769307863664587
296,Rocky coastal 2,Monomorium sp||Teucrium capitatum,Monomorium sp,Teucrium capitatum,0.7675871757217246,1,1,0,1,0,locally unique,3,26,0.10427807486631017,0.16256684491978612,0.09692513368983958,0.17299465240641715,0.017447062002518048,0.10767523067201241,0.012309342157734283,0.07596759019160226,0.0643107888077027,0.39689656737444157,0.045372883053522134,0.28002053574046654,0.6440118740679313,weakly supported,0.39689656737444157,0.7696961107891028
297,Rocky coastal 2,Phthiria sp.||Allium ampeloprasum,Phthiria sp.,Allium ampeloprasum,0.5,0,0,0,0,0,possibly forbidden,3,0,0,0.1,0.05,0.1,1.3604729634078634e-4,0.001224425667067077,0.007229003023878795,0.06506102721490915,0.001711153882547157,0.015400384942924413,0.09092379579723325,0.8183141621750993,0.11662481060999152,possibly forbidden,0.8183141621750993,0.32705667785405723
298,Rocky coastal 2,Phthiria sp.||Allium sp.,Phthiria sp.,Allium sp.,0.5,0,0,0,0,0,possibly forbidden,3,12,0.0481283422459893,0.12887700534759358,0.07165775401069518,0.13368983957219252,3.437420412191383e-4,0.002227448427100016,0.012454103311017439,0.080702589455393,0.0032470825921456833,0.021041095197104027,0.11764491162781027,0.7623390273482105,0.15695838319639654,possibly forbidden,0.7623390273482105,0.40038835944184037
299,Rocky coastal 2,Phthiria sp.||Asteriscus aquaticus,Phthiria sp.,Asteriscus aquaticus,0.5,0,0,0,2,0,possibly forbidden,3,8,0.03208556149732621,0.11925133689839573,0.06443850267379679,0.12245989304812835,1.6403433396373513e-4,0.0019590413026901276,0.006660342295061977,0.07954362559831532,0.0016930903631621633,0.02022036405716497,0.06874512842917282,0.8210143736204688,0.0994420007812159,possibly forbidden,0.8210143736204688,0.32895375186057074
300,Rocky coastal 2,Phthiria sp.||Daucus carota,Phthiria sp.,Daucus carota,0.5367755791979668,0,0,1,1,1,locally absent,3,44,0.17647058823529413,0.20588235294117646,0.12941176470588237,0.22352941176470592,0.004764619679675225,0.0031331686758801322,0.08964006540558338,0.05894645615277408,0.025683287093191655,0.016889085808315715,0.48319733570445333,0.31774598148012645,0.6233075623670995,locally absent,0.48319733570445333,0.6277397782653524
301,Rocky coastal 2,Phthiria sp.||Euphorbia dendroides,Phthiria sp.,Euphorbia dendroides,0.6739962813932894,0,0,0,0,0,possibly forbidden,3,8,0.03208556149732621,0.11925133689839573,0.06443850267379679,0.12245989304812835,2.5999161539771895e-4,0.0018630840212561434,0.010556528688547274,0.07564743920483001,0.002683519284628296,0.019229935135698834,0.10895985345955504,0.7807996485900867,0.14355291220508337,possibly forbidden,0.7807996485900867,0.3769307863664587
302,Rocky coastal 2,Phthiria sp.||Globularia alypum,Phthiria sp.,Globularia alypum,0.5,0,0,0,0,0,possibly forbidden,3,5,0.020053475935828877,0.11203208556149732,0.059024064171123,0.11403743315508022,2.071479128893017e-4,0.001609342577628842,0.009235594553157115,0.0717517996527224,0.002294521104800078,0.017826250130726983,0.10230016958423374,0.7947751744838416,0.133473025863436,possibly forbidden,0.7947751744838416,0.358713862972068
303,Rocky coastal 2,Phthiria sp.||Helichrysum stoechas,Phthiria sp.,Helichrysum stoechas,0.6286234294869283,0,1,0,0,0,weakly supported,3,11,0.04411764705882353,0.1264705882352941,0.06985294117647059,0.13088235294117648,0.006117801936944261,0.04062495443521413,0.006168613008705313,0.04096236278814427,0.059052739337902664,0.39213672976067954,0.05954319865762423,0.3953936000747856,0.5636440371370701,possibly forbidden,0.3953936000747856,0.6697033615593224
304,Rocky coastal 2,Phthiria sp.||Lonicera implexa,Phthiria sp.,Lonicera implexa,0.5,0,0,0,0,0,possibly forbidden,3,1,0.004010695187165776,0.10240641711229947,0.051804812834224605,0.10280748663101605,1.486854892868207e-4,0.0012975660840102128,0.007610814097155506,0.06641895111314772,0.0018212845173859174,0.015894200775262535,0.0932267025271878,0.8135817953965634,0.11999925349028895,possibly forbidden,0.8135817953965634,0.3335248955180807
305,Rocky coastal 2,Phthiria sp.||Ruta chalepensis,Phthiria sp.,Ruta chalepensis,0.5,0,0,0,0,0,possibly forbidden,3,2,0.008021390374331552,0.10481283422459893,0.0536096256684492,0.10561497326203209,1.6209021180924087e-4,0.001372637363295976,0.008002380903893823,0.06776699778107555,0.0019346963581553607,0.01638369447602451,0.09551580578817365,0.8088616971175718,0.12337130510135264,possibly forbidden,0.8088616971175718,0.3399230488338188
306,Rocky coastal 2,Phthiria sp.||Sedum sediforme,Phthiria sp.,Sedum sediforme,0.5,0,0,0,1,0,possibly forbidden,3,8,0.03208556149732621,0.11925133689839573,0.06443850267379679,0.12245989304812835,2.0710814134066116e-4,0.0019159674953132015,0.008409282862256392,0.0777946850311209,0.0021376792880070054,0.019775775132320126,0.08679692495559319,0.8029625770940486,0.11924273787483053,possibly forbidden,0.8029625770940486,0.35186190284515206
307,Rocky coastal 2,Phthiria sp.||Teucrium capitatum,Phthiria sp.,Teucrium capitatum,0.7768439915112524,1,0,1,2,1,possibly missing,3,26,0.10427807486631017,0.16256684491978612,0.09692513368983958,0.17299465240641715,0.003637421158597714,0.004249641517754632,0.09477980819314881,0.11073235415436586,0.013407725833810044,0.01566440229978661,0.3493633614109041,0.4081652854316323,0.4811023604140019,possibly forbidden,0.4081652854316323,0.6572505088805928
308,Rocky coastal 2,Tachysphex obscuripennis||Allium ampeloprasum,Tachysphex obscuripennis,Allium ampeloprasum,0.5,0,0,0,0,0,possibly forbidden,1,0,0,0.1,0.05,0.1,1.3604729634078634e-4,0.001224425667067077,0.007229003023878795,0.06506102721490915,0.001711153882547157,0.015400384942924413,0.09092379579723325,0.8183141621750993,0.11662481060999152,possibly forbidden,0.8183141621750993,0.32705667785405723
309,Rocky coastal 2,Tachysphex obscuripennis||Allium sp.,Tachysphex obscuripennis,Allium sp.,0.5,0,0,0,0,0,possibly forbidden,1,12,0.0160427807486631,0.10962566844919787,0.0572192513368984,0.11122994652406418,1.9129680920033758e-4,0.0015285350812065436,0.0088147733647975,0.07043342948218002,0.0021713245613293884,0.01734971836985309,0.10005255178873694,0.7994583705426961,0.1301081999751239,possibly forbidden,0.7994583705426961,0.35251594907308464
310,Rocky coastal 2,Tachysphex obscuripennis||Asteriscus aquaticus,Tachysphex obscuripennis,Asteriscus aquaticus,0.5,0,0,0,1,0,possibly forbidden,1,8,0.0106951871657754,0.10641711229946524,0.054812834224598934,0.10748663101604279,1.3611548128255411e-4,0.0014591020559303859,0.006564142040805153,0.07036490674617667,0.0015973038507821182,0.01712244125841714,0.07702966084433713,0.8257263277222688,0.10390876553155448,possibly forbidden,0.8257263277222688,0.320280173187666
311,Rocky coastal 2,Tachysphex obscuripennis||Daucus carota,Tachysphex obscuripennis,Daucus carota,0.5367755791979668,0,0,0,0,0,possibly forbidden,1,44,0.058823529411764705,0.13529411764705884,0.07647058823529412,0.1411764705882353,4.087566517311996e-4,0.002486602964698131,0.013805623428431814,0.08398420918962686,0.0036509927777503173,0.022210206064647766,0.12331109773032195,0.7501425111927918,0.16587327961758125,possibly forbidden,0.7501425111927918,0.41553088822266687
312,Rocky coastal 2,Tachysphex obscuripennis||Euphorbia dendroides,Tachysphex obscuripennis,Euphorbia dendroides,0.6739962813932894,0,0,0,0,0,possibly forbidden,1,8,0.0106951871657754,0.10641711229946524,0.054812834224598934,0.10748663101604279,1.7146455881272778e-4,0.0014237529784002121,0.00826884428138147,0.06866020450560036,0.0020121223352668727,0.016707622773932385,0.09703419984058173,0.8057217887260242,0.12561800676837542,possibly forbidden,0.8057217887260242,0.3441504130691407
313,Rocky coastal 2,Tachysphex obscuripennis||Globularia alypum,Tachysphex obscuripennis,Globularia alypum,0.5,0,0,0,0,0,possibly forbidden,1,5,0.0066844919786096255,0.10401069518716578,0.05300802139037433,0.10467914438502675,1.5753530181164438e-4,0.0013473996375895048,0.007870774789358425,0.06731874682545767,0.0018965284322507874,0.016221010103171802,0.09475430586160591,0.8104336990487544,0.12224755412578792,possibly forbidden,0.8104336990487544,0.3377980078163752
314,Rocky coastal 2,Tachysphex obscuripennis||Helichrysum stoechas,Tachysphex obscuripennis,Helichrysum stoechas,0.6286234294869283,0,1,0,0,0,weakly supported,1,11,0.014705882352941176,0.10882352941176471,0.05661764705882353,0.11029411764705883,0.003918649632889502,0.031610440371975315,0.004944217399209048,0.03988335368695298,0.044847060386476706,0.3617662871175787,0.056584190228483586,0.45644580117643424,0.5036708451366128,possibly forbidden,0.45644580117643424,0.6315188745650648
315,Rocky coastal 2,Tachysphex obscuripennis||Lonicera implexa,Tachysphex obscuripennis,Lonicera implexa,0.5,0,0,0,0,0,possibly forbidden,1,1,0.001336898395721925,0.10080213903743317,0.05060160427807487,0.10093582887700535,1.4017635293160418e-4,0.001248590693331176,0.00735518928884178,0.06551476551981585,0.001747498918472438,0.015565470498976351,0.09169296431675952,0.8167353444108713,0.11774989006931291,possibly forbidden,0.8167353444108713,0.32922064559943787
316,Rocky coastal 2,Tachysphex obscuripennis||Ruta chalepensis,Tachysphex obscuripennis,Ruta chalepensis,0.5,0,0,0,0,0,possibly forbidden,1,2,0.00267379679144385,0.10160427807486631,0.05120320855614974,0.1018716577540107,1.4438878552864288e-4,0.0012729709464323132,0.007482459670613671,0.06596740691231316,0.001784209249095358,0.015730075768271144,0.09246060004877302,0.8151578886189726,0.11887470446871418,possibly forbidden,0.8151578886189726,0.33137669567629774
317,Rocky coastal 2,Tachysphex obscuripennis||Sedum sediforme,Tachysphex obscuripennis,Sedum sediforme,0.5,0,0,0,0,0,possibly forbidden,1,8,0.0106951871657754,0.10641711229946524,0.054812834224598934,0.10748663101604279,1.7146455881272778e-4,0.0014237529784002121,0.00826884428138147,0.06866020450560036,0.0020121223352668727,0.016707622773932385,0.09703419984058173,0.8057217887260242,0.12561800676837542,possibly forbidden,0.8057217887260242,0.3441504130691407
318,Rocky coastal 2,Tachysphex obscuripennis||Teucrium capitatum,Tachysphex obscuripennis,Teucrium capitatum,0.7768439915112524,1,0,0,1,0,phantom,1,26,0.034759358288770054,0.12085561497326204,0.06564171122994653,0.12433155080213905,3.912992248432373e-4,0.003557830108451598,0.015576770665156505,0.14162947469967943,0.00203678749318402,0.018519187894304876,0.08108007800857983,0.7372085719058005,0.12116195339452007,possibly forbidden,0.7372085719058005,0.4230641735041048
319,Rocky coastal 2,Tapinoma nigerrinum||Allium ampeloprasum,Tapinoma nigerrinum,Allium ampeloprasum,0.530226255717564,0,0,0,0,0,possibly forbidden,3,0,0,0.1,0.05,0.1,1.3604729634078634e-4,0.001224425667067077,0.007229003023878795,0.06506102721490915,0.001711153882547157,0.015400384942924413,0.09092379579723325,0.8183141621750993,0.11662481060999152,possibly forbidden,0.8183141621750993,0.32705667785405723
320,Rocky coastal 2,Tapinoma nigerrinum||Allium sp.,Tapinoma nigerrinum,Allium sp.,0.530226255717564,0,0,0,0,0,possibly forbidden,3,12,0.0481283422459893,0.12887700534759358,0.07165775401069518,0.13368983957219252,3.437420412191383e-4,0.002227448427100016,0.012454103311017439,0.080702589455393,0.0032470825921456833,0.021041095197104027,0.11764491162781027,0.7623390273482105,0.15695838319639654,possibly forbidden,0.7623390273482105,0.40038835944184037
321,Rocky coastal 2,Tapinoma nigerrinum||Asteriscus aquaticus,Tapinoma nigerrinum,Asteriscus aquaticus,0.530226255717564,0,0,1,2,1,locally absent,3,8,0.03208556149732621,0.11925133689839573,0.06443850267379679,0.12245989304812835,7.716676728629305e-4,0.001351407963790932,0.03133228705910609,0.05487168083427121,0.007964814858679788,0.013948639561647342,0.3233981081505232,0.5663613938991184,0.3787669252666104,possibly forbidden,0.5663613938991184,0.5133083600414436
322,Rocky coastal 2,Tapinoma nigerrinum||Daucus carota,Tapinoma nigerrinum,Daucus carota,0.5872555829169658,0,0,0,1,0,possibly forbidden,3,44,0.17647058823529413,0.20588235294117646,0.12941176470588237,0.22352941176470592,0.001440035554143251,0.006457752801412108,0.027092378812607648,0.12149414274574981,0.007762392184046362,0.034809980717461005,0.14603922030753455,0.6549040968770453,0.22360176037720492,possibly forbidden,0.6549040968770453,0.5331264946033932
323,Rocky coastal 2,Tapinoma nigerrinum||Euphorbia dendroides,Tapinoma nigerrinum,Euphorbia dendroides,0.7173955073322649,1,0,0,0,0,phantom,3,8,0.03208556149732621,0.11925133689839573,0.06443850267379679,0.12245989304812835,4.683507411280619e-4,0.00335617277812729,0.019016605698831852,0.13627183385058106,0.0024751601588979526,0.017736846378827685,0.10049977644927048,0.7201752539443357,0.14355291220508326,possibly forbidden,0.7201752539443357,0.4440382312157478
324,Rocky coastal 2,Tapinoma nigerrinum||Globularia alypum,Tapinoma nigerrinum,Globularia alypum,0.5157842268321993,0,0,0,1,0,possibly forbidden,3,5,0.020053475935828877,0.11203208556149732,0.059024064171123,0.11403743315508022,1.6469157062321983e-4,0.0016517989198949238,0.00734269803341694,0.07364469617246255,0.0018242437459632577,0.018296527489563796,0.08133306953883057,0.8157422745292447,0.11061302929829275,possibly forbidden,0.8157422745292447,0.33428366113843777
325,Rocky coastal 2,Tapinoma nigerrinum||Helichrysum stoechas,Tapinoma nigerrinum,Helichrysum stoechas,0.6751516694117585,0,1,0,0,0,weakly supported,3,11,0.04411764705882353,0.1264705882352941,0.06985294117647059,0.13088235294117648,0.006117801936944261,0.04062495443521413,0.006168613008705313,0.04096236278814427,0.059052739337902664,0.39213672976067954,0.05954319865762423,0.3953936000747856,0.5636440371370701,possibly forbidden,0.3953936000747856,0.6697033615593224
326,Rocky coastal 2,Tapinoma nigerrinum||Lonicera implexa,Tapinoma nigerrinum,Lonicera implexa,0.530226255717564,0,0,0,0,0,possibly forbidden,3,1,0.004010695187165776,0.10240641711229947,0.051804812834224605,0.10280748663101605,1.486854892868207e-4,0.0012975660840102128,0.007610814097155506,0.06641895111314772,0.0018212845173859174,0.015894200775262535,0.0932267025271878,0.8135817953965634,0.11999925349028895,possibly forbidden,0.8135817953965634,0.3335248955180807
327,Rocky coastal 2,Tapinoma nigerrinum||Ruta chalepensis,Tapinoma nigerrinum,Ruta chalepensis,0.530226255717564,0,0,0,0,0,possibly forbidden,3,2,0.008021390374331552,0.10481283422459893,0.0536096256684492,0.10561497326203209,1.6209021180924087e-4,0.001372637363295976,0.008002380903893823,0.06776699778107555,0.0019346963581553607,0.01638369447602451,0.09551580578817365,0.8088616971175718,0.12337130510135264,possibly forbidden,0.8088616971175718,0.3399230488338188
328,Rocky coastal 2,Tapinoma nigerrinum||Sedum sediforme,Tapinoma nigerrinum,Sedum sediforme,0.530226255717564,0,0,0,1,0,possibly forbidden,3,8,0.03208556149732621,0.11925133689839573,0.06443850267379679,0.12245989304812835,2.0710814134066116e-4,0.0019159674953132015,0.008409282862256392,0.0777946850311209,0.0021376792880070054,0.019775775132320126,0.08679692495559319,0.8029625770940486,0.11924273787483053,possibly forbidden,0.8029625770940486,0.35186190284515206
329,Rocky coastal 2,Tapinoma nigerrinum||Teucrium capitatum,Tapinoma nigerrinum,Teucrium capitatum,0.7675871757217246,1,1,0,2,0,locally unique,3,26,0.10427807486631017,0.16256684491978612,0.09692513368983958,0.17299465240641715,0.013953167697769818,0.11116912497676065,0.009844311629734898,0.07843262071960164,0.0514321105112268,0.40977524567091755,0.036286650788867565,0.2891067680051211,0.6324606112752773,weakly supported,0.40977524567091755,0.7435967724792711
330,Rocky coastal 2,Gonepterix cleopatra||Allium ampeloprasum,Gonepterix cleopatra,Allium ampeloprasum,0.5,0,0,0,0,0,possibly forbidden,1,0,0,0.1,0.05,0.1,1.3604729634078634e-4,0.001224425667067077,0.007229003023878795,0.06506102721490915,0.001711153882547157,0.015400384942924413,0.09092379579723325,0.8183141621750993,0.11662481060999152,possibly forbidden,0.8183141621750993,0.32705667785405723
331,Rocky coastal 2,Gonepterix cleopatra||Allium sp.,Gonepterix cleopatra,Allium sp.,0.5,0,0,0,1,0,possibly forbidden,1,12,0.0160427807486631,0.10962566844919787,0.0572192513368984,0.11122994652406418,1.5199054155536589e-4,0.0015678413488515153,0.007003578277148926,0.07224462456982861,0.0017251766892949234,0.017795866241887556,0.07949448604989896,0.8200164362815342,0.10773893914863719,possibly forbidden,0.8200164362815342,0.32831876092593004
332,Rocky coastal 2,Gonepterix cleopatra||Asteriscus aquaticus,Gonepterix cleopatra,Asteriscus aquaticus,0.5,0,0,0,1,0,possibly forbidden,1,8,0.0106951871657754,0.10641711229946524,0.054812834224598934,0.10748663101604279,1.3611548128255411e-4,0.0014591020559303859,0.006564142040805153,0.07036490674617667,0.0015973038507821182,0.01712244125841714,0.07702966084433713,0.8257263277222688,0.10390876553155448,possibly forbidden,0.8257263277222688,0.320280173187666
333,Rocky coastal 2,Gonepterix cleopatra||Daucus carota,Gonepterix cleopatra,Daucus carota,0.5367755791979668,0,0,0,1,0,possibly forbidden,1,44,0.058823529411764705,0.13529411764705884,0.07647058823529412,0.1411764705882353,3.270324610082799e-4,0.0025683271554210506,0.011045415374726758,0.08674441724333193,0.0029210366318792483,0.02294016221051883,0.0986570654925972,0.7747965434305167,0.13845903932615133,possibly forbidden,0.7747965434305167,0.3893443710616619
334,Rocky coastal 2,Gonepterix cleopatra||Euphorbia dendroides,Gonepterix cleopatra,Euphorbia dendroides,0.6739962813932894,0,0,0,1,0,possibly forbidden,1,8,0.0106951871657754,0.10641711229946524,0.054812834224598934,0.10748663101604279,1.3611548128255411e-4,0.0014591020559303859,0.006564142040805153,0.07036490674617667,0.0015973038507821182,0.01712244125841714,0.07702966084433713,0.8257263277222688,0.10390876553155448,possibly forbidden,0.8257263277222688,0.320280173187666
335,Rocky coastal 2,Gonepterix cleopatra||Globularia alypum,Gonepterix cleopatra,Globularia alypum,0.5,0,0,0,0,0,possibly forbidden,1,5,0.0066844919786096255,0.10401069518716578,0.05300802139037433,0.10467914438502675,1.5753530181164438e-4,0.0013473996375895048,0.007870774789358425,0.06731874682545767,0.0018965284322507874,0.016221010103171802,0.09475430586160591,0.8104336990487544,0.12224755412578792,possibly forbidden,0.8104336990487544,0.3377980078163752
336,Rocky coastal 2,Gonepterix cleopatra||Helichrysum stoechas,Gonepterix cleopatra,Helichrysum stoechas,0.686586871823789,0,0,0,1,0,possibly forbidden,1,11,0.014705882352941176,0.10882352941176471,0.05661764705882353,0.11029411764705883,1.4790979846796595e-4,0.0015403127971922142,0.006892357034878484,0.07177608146048817,0.0016927565067237833,0.01762813915537673,0.0788797114072252,0.8214427318396474,0.10678118669986436,possibly forbidden,0.8214427318396474,0.326318357442187
337,Rocky coastal 2,Gonepterix cleopatra||Lonicera implexa,Gonepterix cleopatra,Lonicera implexa,0.5,0,1,0,1,0,weakly supported,1,1,0.001336898395721925,0.10080213903743317,0.05060160427807487,0.10093582887700535,0.0024542806996620645,0.02822197717039305,0.0034868529484551416,0.04009561103641016,0.030596122517040247,0.3518273485577072,0.04346861384866293,0.49984919322166915,0.46005519574192066,possibly forbidden,0.49984919322166915,0.5873061363273355
338,Rocky coastal 2,Gonepterix cleopatra||Ruta chalepensis,Gonepterix cleopatra,Ruta chalepensis,0.5,0,0,0,1,0,possibly forbidden,1,2,0.00267379679144385,0.10160427807486631,0.05120320855614974,0.1018716577540107,1.1447317001427863e-4,0.0013028865619466776,0.005932184240369743,0.06751768234255709,0.0014145426042954335,0.01609974241307107,0.07330387848511809,0.8343146101826276,0.09816770747481529,possibly forbidden,0.8343146101826276,0.30803289105123977
339,Rocky coastal 2,Gonepterix cleopatra||Sedum sediforme,Gonepterix cleopatra,Sedum sediforme,0.5,0,0,0,1,0,possibly forbidden,1,8,0.0106951871657754,0.10641711229946524,0.054812834224598934,0.10748663101604279,1.3611548128255411e-4,0.0014591020559303859,0.006564142040805153,0.07036490674617667,0.0015973038507821182,0.01712244125841714,0.07702966084433713,0.8257263277222688,0.10390876553155448,possibly forbidden,0.8257263277222688,0.320280173187666
340,Rocky coastal 2,Gonepterix cleopatra||Teucrium capitatum,Gonepterix cleopatra,Teucrium capitatum,0.7768439915112524,1,0,2,2,1,possibly missing,1,26,0.034759358288770054,0.12085561497326204,0.06564171122994653,0.12433155080213905,0.0031532501012953317,7.958792319995048e-4,0.12552402498992013,0.031682220374915804,0.01641327138271885,0.004142704004770048,0.6533766181009247,0.1649120318134556,0.8034057478116285,locally absent,0.6533766181009247,0.5093625118996208
341,Rocky coastal 2,Macroglossum stellatarum||Allium ampeloprasum,Macroglossum stellatarum,Allium ampeloprasum,0.5,0,0,0,0,0,possibly forbidden,7,0,0,0.1,0.05,0.1,1.3604729634078634e-4,0.001224425667067077,0.007229003023878795,0.06506102721490915,0.001711153882547157,0.015400384942924413,0.09092379579723325,0.8183141621750993,0.11662481060999152,possibly forbidden,0.8183141621750993,0.32705667785405723
342,Rocky coastal 2,Macroglossum stellatarum||Allium sp.,Macroglossum stellatarum,Allium sp.,0.5,0,0,0,1,0,possibly forbidden,7,12,0.1122994652406417,0.167379679144385,0.10053475935828876,0.1786096256684492,6.966923588173342e-4,0.004136220314191097,0.017431874054530557,0.10349197987640693,0.0048433066220046955,0.028754417906633786,0.12118391995224372,0.7194615889151719,0.17704643120842123,possibly forbidden,0.7194615889151719,0.4585849592079864
343,Rocky coastal 2,Macroglossum stellatarum||Asteriscus aquaticus,Macroglossum stellatarum,Asteriscus aquaticus,0.5,0,0,0,2,0,possibly forbidden,7,8,0.0748663101604278,0.1449197860962567,0.08368983957219252,0.15240641711229946,3.331001341678787e-4,0.0030874145622946715,0.010199513672418331,0.09453651863339474,0.0027466961740562575,0.025458379916792312,0.08410373430575291,0.7795346426011228,0.12592883876548244,possibly forbidden,0.7795346426011228,0.38581827649947936
344,Rocky coastal 2,Macroglossum stellatarum||Daucus carota,Macroglossum stellatarum,Daucus carota,0.5367755791979668,0,0,1,2,1,locally absent,7,44,0.4117647058823529,0.34705882352941175,0.23529411764705882,0.3882352941176471,0.01971765735721925,0.007593251548938175,0.17921467390661333,0.06901540459803161,0.05184214048810935,0.01996436018893893,0.4711955448802682,0.1814569670318812,0.7495276283700871,locally absent,0.4711955448802682,0.7227493080458779
345,Rocky coastal 2,Macroglossum stellatarum||Euphorbia dendroides,Macroglossum stellatarum,Euphorbia dendroides,0.6739962813932894,0,0,0,1,0,possibly forbidden,7,8,0.0748663101604278,0.1449197860962567,0.08368983957219252,0.15240641711229946,4.181745683739382e-4,0.0030023401280886122,0.012804489671679374,0.09193154263413372,0.0034482078186778577,0.02475686827217071,0.10558399467416392,0.7580543822327119,0.15001407513315435,possibly forbidden,0.7580543822327119,0.41087265852093074
346,Rocky coastal 2,Macroglossum stellatarum||Globularia alypum,Macroglossum stellatarum,Globularia alypum,0.5,0,0,0,1,0,possibly forbidden,7,5,0.04679144385026738,0.12807486631016043,0.07105614973262032,0.13275401069518716,2.6841415535159793e-4,0.00226369510616385,0.009813594264289915,0.0827638366570165,0.002553743904035985,0.02153723066650333,0.09336842349571592,0.7874310617509229,0.1298051015920606,possibly forbidden,0.7874310617509229,0.37273543516383423
347,Rocky coastal 2,Macroglossum stellatarum||Helichrysum stoechas,Macroglossum stellatarum,Helichrysum stoechas,0.686586871823789,0,0,1,1,1,locally absent,7,11,0.10294117647058823,0.16176470588235295,0.09632352941176471,0.17205882352941176,0.00233119231124915,0.002123566357042124,0.06116367602244822,0.055716177531787245,0.016881728623246953,0.015378169694559709,0.44292724166453884,0.4034782477951278,0.5408055746730849,locally absent,0.44292724166453884,0.5862127376947658
348,Rocky coastal 2,Macroglossum stellatarum||Lonicera implexa,Macroglossum stellatarum,Lonicera implexa,0.5,0,1,1,1,1,model-elusive,7,1,0.009358288770053475,0.10561497326203209,0.05421122994652407,0.10655080213903743,0.012973777196962074,0.02059419289814401,0.017139435747158614,0.027206636940318447,0.15354020068973315,0.2437252052828938,0.20283934002995907,0.3219812112148308,0.6508121518448508,possibly forbidden,0.3219812112148308,0.7811456426345244
349,Rocky coastal 2,Macroglossum stellatarum||Ruta chalepensis,Macroglossum stellatarum,Ruta chalepensis,0.5,0,0,0,1,0,possibly forbidden,7,2,0.01871657754010695,0.11122994652406418,0.05842245989304813,0.11310160427807488,1.6038064626559836e-4,0.0016235846263563723,0.007228748256275908,0.07317893280747725,0.001790920409430856,0.0181300606493659,0.0807211661023165,0.8171662065025116,0.10965486069001118,possibly forbidden,0.8171662065025116,0.33230136665367266
350,Rocky coastal 2,Macroglossum stellatarum||Sedum sediforme,Macroglossum stellatarum,Sedum sediforme,0.5,0,0,0,2,0,possibly forbidden,7,8,0.0748663101604278,0.1449197860962567,0.08368983957219252,0.15240641711229946,3.331001341678787e-4,0.0030874145622946715,0.010199513672418331,0.09453651863339474,0.0027466961740562575,0.025458379916792312,0.08410373430575291,0.7795346426011228,0.12592883876548244,possibly forbidden,0.7795346426011228,0.38581827649947936
351,Rocky coastal 2,Macroglossum stellatarum||Teucrium capitatum,Macroglossum stellatarum,Teucrium capitatum,0.7768439915112524,1,0,2,3,1,possibly missing,7,26,0.24331550802139038,0.24598930481283424,0.15949197860962566,0.2703208556149733,0.017688856246305968,0.002209023835932582,0.26069797585153875,0.03255654490129573,0.03879755803356442,0.004845125613478796,0.5717975603677083,0.07140735515017534,0.896036099948529,locally absent,0.5717975603677083,0.5803667242215608
352,Rocky coastal 2,Sphaerophoria sp.||Allium ampeloprasum,Sphaerophoria sp.,Allium ampeloprasum,0.5,0,0,0,0,0,possibly forbidden,4,0,0,0.1,0.05,0.1,1.3604729634078634e-4,0.001224425667067077,0.007229003023878795,0.06506102721490915,0.001711153882547157,0.015400384942924413,0.09092379579723325,0.8183141621750993,0.11662481060999152,possibly forbidden,0.8183141621750993,0.32705667785405723
353,Rocky coastal 2,Sphaerophoria sp.||Allium sp.,Sphaerophoria sp.,Allium sp.,0.5,0,0,1,1,1,locally absent,4,12,0.0641711229946524,0.13850267379679143,0.07887700534759358,0.1449197860962567,0.0014479067824718491,0.0016172791087259546,0.047287102405321024,0.05281862324158111,0.012586153408390692,0.014058448522397191,0.41105044352067766,0.4591340430104346,0.48804733374798426,possibly forbidden,0.4591340430104346,0.5565660149184006
354,Rocky coastal 2,Sphaerophoria sp.||Asteriscus aquaticus,Sphaerophoria sp.,Asteriscus aquaticus,0.5,0,0,0,2,0,possibly forbidden,4,8,0.0427807486631016,0.12566844919786097,0.06925133689839572,0.12994652406417112,1.987674609805956e-4,0.002218003890438188,0.007471098105658002,0.08336839733447385,0.0019326438405771538,0.02156596223589133,0.07264253245986353,0.8106025946721174,0.10602900799340875,possibly forbidden,0.8106025946721174,0.3435872437954229
355,Rocky coastal 2,Sphaerophoria sp.||Daucus carota,Sphaerophoria sp.,Daucus carota,0.5367755791979668,0,0,1,2,1,locally absent,4,44,0.23529411764705882,0.2411764705882353,0.15588235294117647,0.26470588235294124,0.006836228984105414,0.0046408461234342105,0.1035279270975793,0.07028102485377072,0.030059316204159917,0.020406083734688375,0.45521861596837415,0.30902995703388797,0.6206890181123413,locally absent,0.45521861596837415,0.6666854025828662
356,Rocky coastal 2,Sphaerophoria sp.||Euphorbia dendroides,Sphaerophoria sp.,Euphorbia dendroides,0.6739962813932894,0,0,0,1,0,possibly forbidden,4,8,0.0427807486631016,0.12566844919786097,0.06925133689839572,0.12994652406417112,2.5060651401684504e-4,0.0021661648374019385,0.009419579255578394,0.08141991618455345,0.0024366822081127756,0.0210619238683557,0.09158788737005157,0.7916572397619294,0.12692284405351717,possibly forbidden,0.7916572397619294,0.36710681080210195
357,Rocky coastal 2,Sphaerophoria sp.||Globularia alypum,Sphaerophoria sp.,Globularia alypum,0.5,0,0,0,0,0,possibly forbidden,4,5,0.026737967914438502,0.1160427807486631,0.06203208556149733,0.11871657754010696,2.3550098997266705e-4,0.001748223565202501,0.009958621512297683,0.073927064199399,0.002507047133285176,0.018610872412855715,0.10601540790455147,0.7869972622824359,0.13907567351816508,possibly forbidden,0.7869972622824359,0.36890281520851326
358,Rocky coastal 2,Sphaerophoria sp.||Helichrysum stoechas,Sphaerophoria sp.,Helichrysum stoechas,0.686586871823789,0,0,0,1,0,possibly forbidden,4,11,0.058823529411764705,0.13529411764705884,0.07647058823529412,0.1411764705882353,3.270324610082799e-4,0.0025683271554210506,0.011045415374726758,0.08674441724333193,0.0029210366318792483,0.02294016221051883,0.0986570654925972,0.7747965434305167,0.13845903932615133,possibly forbidden,0.7747965434305167,0.3893443710616619
359,Rocky coastal 2,Sphaerophoria sp.||Lonicera implexa,Sphaerophoria sp.,Lonicera implexa,0.5,0,0,0,1,0,possibly forbidden,4,1,0.0053475935828877,0.10320855614973262,0.052406417112299465,0.10374331550802139,1.2140606921639315e-4,0.001354037054916729,0.00613921622939069,0.06847043410922579,0.0014742556260121502,0.01644231428399107,0.07454960138238474,0.8314487352448625,0.10008083064591167,possibly forbidden,0.8314487352448625,0.31214112690017864
360,Rocky coastal 2,Sphaerophoria sp.||Ruta chalepensis,Sphaerophoria sp.,Ruta chalepensis,0.5,0,1,0,1,0,weakly supported,4,2,0.0106951871657754,0.10641711229946524,0.054812834224598934,0.10748663101604279,0.0029058880079835224,0.03114992598050379,0.003794369514104185,0.04067408282160327,0.03410035406228674,0.36554179033427725,0.04452661063283252,0.47730697864640864,0.4820189385319881,possibly forbidden,0.47730697864640864,0.6016378958807326
361,Rocky coastal 2,Sphaerophoria sp.||Sedum sediforme,Sphaerophoria sp.,Sedum sediforme,0.5,0,0,0,2,0,possibly forbidden,4,8,0.0427807486631016,0.12566844919786097,0.06925133689839572,0.12994652406417112,1.987674609805956e-4,0.002218003890438188,0.007471098105658002,0.08336839733447385,0.0019326438405771538,0.02156596223589133,0.07264253245986353,0.8106025946721174,0.10602900799340875,possibly forbidden,0.8106025946721174,0.3435872437954229
362,Rocky coastal 2,Sphaerophoria sp.||Teucrium capitatum,Sphaerophoria sp.,Teucrium capitatum,0.7768439915112524,1,0,0,3,0,phantom,4,26,0.13903743315508021,0.18342245989304812,0.11256684491978611,0.19732620320855615,0.0010629817301745612,0.009303229345668214,0.023436127214861553,0.20511327736395688,0.0033862114599057386,0.029636164884282404,0.07465761668146512,0.6534043913196855,0.14148233131635757,possibly forbidden,0.6534043913196855,0.5092853458050149
363,Rocky coastal 2,Anthomyia confusanea||Allium ampeloprasum,Anthomyia confusanea,Allium ampeloprasum,0.5,0,0,0,0,0,possibly forbidden,4,0,0,0.1,0.05,0.1,1.3604729634078634e-4,0.001224425667067077,0.007229003023878795,0.06506102721490915,0.001711153882547157,0.015400384942924413,0.09092379579723325,0.8183141621750993,0.11662481060999152,possibly forbidden,0.8183141621750993,0.32705667785405723
364,Rocky coastal 2,Anthomyia confusanea||Allium sp.,Anthomyia confusanea,Allium sp.,0.5,0,0,0,1,0,possibly forbidden,4,12,0.0641711229946524,0.13850267379679143,0.07887700534759358,0.1449197860962567,3.5570433582633574e-4,0.002709481555371468,0.011616926971998396,0.08848879867490374,0.0030920148955286947,0.023552587035259188,0.10098193252056686,0.7692025540105454,0.14230864731455084,possibly forbidden,0.7692025540105454,0.3965969166293283
365,Rocky coastal 2,Anthomyia confusanea||Asteriscus aquaticus,Anthomyia confusanea,Asteriscus aquaticus,0.5,0,0,0,2,0,possibly forbidden,4,8,0.0427807486631016,0.12566844919786097,0.06925133689839572,0.12994652406417112,1.987674609805956e-4,0.002218003890438188,0.007471098105658002,0.08336839733447385,0.0019326438405771538,0.02156596223589133,0.07264253245986353,0.8106025946721174,0.10602900799340875,possibly forbidden,0.8106025946721174,0.3435872437954229
366,Rocky coastal 2,Anthomyia confusanea||Daucus carota,Anthomyia confusanea,Daucus carota,0.5367755791979668,0,0,2,2,1,locally absent,4,44,0.23529411764705882,0.2411764705882353,0.15588235294117647,0.26470588235294124,0.010438003800681162,0.0010390713068584617,0.15807324462560918,0.015735707325740818,0.045896539965879515,0.0045688599729687696,0.6950577072047122,0.06919086579754993,0.9150734268767092,locally absent,0.6950577072047122,0.4882882740621076
367,Rocky coastal 2,Anthomyia confusanea||Euphorbia dendroides,Anthomyia confusanea,Euphorbia dendroides,0.6739962813932894,0,0,0,1,0,possibly forbidden,4,8,0.0427807486631016,0.12566844919786097,0.06925133689839572,0.12994652406417112,2.5060651401684504e-4,0.0021661648374019385,0.009419579255578394,0.08141991618455345,0.0024366822081127756,0.0210619238683557,0.09158788737005157,0.7916572397619294,0.12692284405351717,possibly forbidden,0.7916572397619294,0.36710681080210195
368,Rocky coastal 2,Anthomyia confusanea||Globularia alypum,Anthomyia confusanea,Globularia alypum,0.5,0,0,0,1,0,possibly forbidden,4,5,0.026737967914438502,0.1160427807486631,0.06203208556149733,0.11871657754010696,1.8743638898088757e-4,0.0017962881661942804,0.007926115536538115,0.07595957017515854,0.0019953710671127057,0.019122548479028178,0.08437818132429623,0.8086344888626911,0.1154059409621504,possibly forbidden,0.8086344888626911,0.3441068225758139
369,Rocky coastal 2,Anthomyia confusanea||Helichrysum stoechas,Anthomyia confusanea,Helichrysum stoechas,0.686586871823789,0,0,0,1,0,possibly forbidden,4,11,0.058823529411764705,0.13529411764705884,0.07647058823529412,0.1411764705882353,3.270324610082799e-4,0.0025683271554210506,0.011045415374726758,0.08674441724333193,0.0029210366318792483,0.02294016221051883,0.0986570654925972,0.7747965434305167,0.13845903932615133,possibly forbidden,0.7747965434305167,0.3893443710616619
370,Rocky coastal 2,Anthomyia confusanea||Lonicera implexa,Anthomyia confusanea,Lonicera implexa,0.5,0,0,0,1,0,possibly forbidden,4,1,0.0053475935828877,0.10320855614973262,0.052406417112299465,0.10374331550802139,1.2140606921639315e-4,0.001354037054916729,0.00613921622939069,0.06847043410922579,0.0014742556260121502,0.01644231428399107,0.07454960138238474,0.8314487352448625,0.10008083064591167,possibly forbidden,0.8314487352448625,0.31214112690017864
371,Rocky coastal 2,Anthomyia confusanea||Ruta chalepensis,Anthomyia confusanea,Ruta chalepensis,0.5,0,0,0,1,0,possibly forbidden,4,2,0.0106951871657754,0.10641711229946524,0.054812834224598934,0.10748663101604279,1.3611548128255411e-4,0.0014591020559303859,0.006564142040805153,0.07036490674617667,0.0015973038507821182,0.01712244125841714,0.07702966084433713,0.8257263277222688,0.10390876553155448,possibly forbidden,0.8257263277222688,0.320280173187666
372,Rocky coastal 2,Anthomyia confusanea||Sedum sediforme,Anthomyia confusanea,Sedum sediforme,0.5,0,0,1,2,1,locally absent,4,8,0.0427807486631016,0.12566844919786097,0.06925133689839572,0.12994652406417112,9.167266458564457e-4,0.001500044705562338,0.03445712227482205,0.0563823731653098,0.008913461473356414,0.014585144603112069,0.33503142214484366,0.5482137049871373,0.3954039218475529,possibly forbidden,0.5482137049871373,0.5260934742183739
373,Rocky coastal 2,Anthomyia confusanea||Teucrium capitatum,Anthomyia confusanea,Teucrium capitatum,0.7289839601260031,1,1,0,3,0,locally unique,4,26,0.13903743315508021,0.18342245989304812,0.11256684491978611,0.19732620320855615,0.01534102359082618,0.1342648295933789,0.009158085354209934,0.08015167711624621,0.048870030796680855,0.42771111838086734,0.029173797344690004,0.25532943782310064,0.6645188850606532,weakly supported,0.42771111838086734,0.7412640952178687
374,Rocky coastal 2,Centrocoris sp||Allium ampeloprasum,Centrocoris sp,Allium ampeloprasum,0.5,0,0,0,0,0,possibly forbidden,0,0,0,0.1,0.05,0.1,1.3604729634078634e-4,0.001224425667067077,0.007229003023878795,0.06506102721490915,0.001711153882547157,0.015400384942924413,0.09092379579723325,0.8183141621750993,0.11662481060999152,possibly forbidden,0.8183141621750993,0.32705667785405723
375,Rocky coastal 2,Centrocoris sp||Allium sp.,Centrocoris sp,Allium sp.,0.5,0,0,0,0,0,possibly forbidden,0,12,0,0.1,0.05,0.1,1.3604729634078634e-4,0.001224425667067077,0.007229003023878795,0.06506102721490915,0.001711153882547157,0.015400384942924413,0.09092379579723325,0.8183141621750993,0.11662481060999152,possibly forbidden,0.8183141621750993,0.32705667785405723
376,Rocky coastal 2,Centrocoris sp||Asteriscus aquaticus,Centrocoris sp,Asteriscus aquaticus,0.5,0,0,0,0,0,possibly forbidden,0,8,0,0.1,0.05,0.1,1.3604729634078634e-4,0.001224425667067077,0.007229003023878795,0.06506102721490915,0.001711153882547157,0.015400384942924413,0.09092379579723325,0.8183141621750993,0.11662481060999152,possibly forbidden,0.8183141621750993,0.32705667785405723
377,Rocky coastal 2,Centrocoris sp||Daucus carota,Centrocoris sp,Daucus carota,0.5367755791979668,0,0,0,0,0,possibly forbidden,0,44,0,0.1,0.05,0.1,1.3604729634078634e-4,0.001224425667067077,0.007229003023878795,0.06506102721490915,0.001711153882547157,0.015400384942924413,0.09092379579723325,0.8183141621750993,0.11662481060999152,possibly forbidden,0.8183141621750993,0.32705667785405723
378,Rocky coastal 2,Centrocoris sp||Euphorbia dendroides,Centrocoris sp,Euphorbia dendroides,0.6739962813932894,0,0,0,0,0,possibly forbidden,0,8,0,0.1,0.05,0.1,1.3604729634078634e-4,0.001224425667067077,0.007229003023878795,0.06506102721490915,0.001711153882547157,0.015400384942924413,0.09092379579723325,0.8183141621750993,0.11662481060999152,possibly forbidden,0.8183141621750993,0.32705667785405723
379,Rocky coastal 2,Centrocoris sp||Globularia alypum,Centrocoris sp,Globularia alypum,0.5,0,0,0,0,0,possibly forbidden,0,5,0,0.1,0.05,0.1,1.3604729634078634e-4,0.001224425667067077,0.007229003023878795,0.06506102721490915,0.001711153882547157,0.015400384942924413,0.09092379579723325,0.8183141621750993,0.11662481060999152,possibly forbidden,0.8183141621750993,0.32705667785405723
380,Rocky coastal 2,Centrocoris sp||Helichrysum stoechas,Centrocoris sp,Helichrysum stoechas,0.686586871823789,0,0,0,0,0,possibly forbidden,0,11,0,0.1,0.05,0.1,1.3604729634078634e-4,0.001224425667067077,0.007229003023878795,0.06506102721490915,0.001711153882547157,0.015400384942924413,0.09092379579723325,0.8183141621750993,0.11662481060999152,possibly forbidden,0.8183141621750993,0.32705667785405723
381,Rocky coastal 2,Centrocoris sp||Lonicera implexa,Centrocoris sp,Lonicera implexa,0.5,0,0,0,0,0,possibly forbidden,0,1,0,0.1,0.05,0.1,1.3604729634078634e-4,0.001224425667067077,0.007229003023878795,0.06506102721490915,0.001711153882547157,0.015400384942924413,0.09092379579723325,0.8183141621750993,0.11662481060999152,possibly forbidden,0.8183141621750993,0.32705667785405723
382,Rocky coastal 2,Centrocoris sp||Ruta chalepensis,Centrocoris sp,Ruta chalepensis,0.5,0,0,0,0,0,possibly forbidden,0,2,0,0.1,0.05,0.1,1.3604729634078634e-4,0.001224425667067077,0.007229003023878795,0.06506102721490915,0.001711153882547157,0.015400384942924413,0.09092379579723325,0.8183141621750993,0.11662481060999152,possibly forbidden,0.8183141621750993,0.32705667785405723
383,Rocky coastal 2,Centrocoris sp||Sedum sediforme,Centrocoris sp,Sedum sediforme,0.5,0,0,0,0,0,possibly forbidden,0,8,0,0.1,0.05,0.1,1.3604729634078634e-4,0.001224425667067077,0.007229003023878795,0.06506102721490915,0.001711153882547157,0.015400384942924413,0.09092379579723325,0.8183141621750993,0.11662481060999152,possibly forbidden,0.8183141621750993,0.32705667785405723
384,Rocky coastal 2,Centrocoris sp||Teucrium capitatum,Centrocoris sp,Teucrium capitatum,0.7289839601260031,1,1,0,0,0,locally unique,0,26,0,0.1,0.05,0.1,0.005511421704679546,0.04960279534211593,0.007929438510374214,0.07136494659336792,0.03549355577813629,0.3194420020032266,0.05106558400680995,0.45959025606128945,0.46904479734534266,possibly forbidden,0.45959025606128945,0.6716427317608449
385,Rocky coastal 2,Lydella sp.||Allium ampeloprasum,Lydella sp.,Allium ampeloprasum,0.5,0,0,0,0,0,possibly forbidden,0,0,0,0.1,0.05,0.1,1.3604729634078634e-4,0.001224425667067077,0.007229003023878795,0.06506102721490915,0.001711153882547157,0.015400384942924413,0.09092379579723325,0.8183141621750993,0.11662481060999152,possibly forbidden,0.8183141621750993,0.32705667785405723
386,Rocky coastal 2,Lydella sp.||Allium sp.,Lydella sp.,Allium sp.,0.5,0,0,0,0,0,possibly forbidden,0,12,0,0.1,0.05,0.1,1.3604729634078634e-4,0.001224425667067077,0.007229003023878795,0.06506102721490915,0.001711153882547157,0.015400384942924413,0.09092379579723325,0.8183141621750993,0.11662481060999152,possibly forbidden,0.8183141621750993,0.32705667785405723
387,Rocky coastal 2,Lydella sp.||Asteriscus aquaticus,Lydella sp.,Asteriscus aquaticus,0.5,0,0,0,0,0,possibly forbidden,0,8,0,0.1,0.05,0.1,1.3604729634078634e-4,0.001224425667067077,0.007229003023878795,0.06506102721490915,0.001711153882547157,0.015400384942924413,0.09092379579723325,0.8183141621750993,0.11662481060999152,possibly forbidden,0.8183141621750993,0.32705667785405723
388,Rocky coastal 2,Lydella sp.||Daucus carota,Lydella sp.,Daucus carota,0.5367755791979668,0,0,0,0,0,possibly forbidden,0,44,0,0.1,0.05,0.1,1.3604729634078634e-4,0.001224425667067077,0.007229003023878795,0.06506102721490915,0.001711153882547157,0.015400384942924413,0.09092379579723325,0.8183141621750993,0.11662481060999152,possibly forbidden,0.8183141621750993,0.32705667785405723
389,Rocky coastal 2,Lydella sp.||Euphorbia dendroides,Lydella sp.,Euphorbia dendroides,0.6739962813932894,0,0,0,0,0,possibly forbidden,0,8,0,0.1,0.05,0.1,1.3604729634078634e-4,0.001224425667067077,0.007229003023878795,0.06506102721490915,0.001711153882547157,0.015400384942924413,0.09092379579723325,0.8183141621750993,0.11662481060999152,possibly forbidden,0.8183141621750993,0.32705667785405723
390,Rocky coastal 2,Lydella sp.||Globularia alypum,Lydella sp.,Globularia alypum,0.5,0,0,0,0,0,possibly forbidden,0,5,0,0.1,0.05,0.1,1.3604729634078634e-4,0.001224425667067077,0.007229003023878795,0.06506102721490915,0.001711153882547157,0.015400384942924413,0.09092379579723325,0.8183141621750993,0.11662481060999152,possibly forbidden,0.8183141621750993,0.32705667785405723
391,Rocky coastal 2,Lydella sp.||Helichrysum stoechas,Lydella sp.,Helichrysum stoechas,0.686586871823789,0,0,0,0,0,possibly forbidden,0,11,0,0.1,0.05,0.1,1.3604729634078634e-4,0.001224425667067077,0.007229003023878795,0.06506102721490915,0.001711153882547157,0.015400384942924413,0.09092379579723325,0.8183141621750993,0.11662481060999152,possibly forbidden,0.8183141621750993,0.32705667785405723
392,Rocky coastal 2,Lydella sp.||Lonicera implexa,Lydella sp.,Lonicera implexa,0.5,0,0,0,0,0,possibly forbidden,0,1,0,0.1,0.05,0.1,1.3604729634078634e-4,0.001224425667067077,0.007229003023878795,0.06506102721490915,0.001711153882547157,0.015400384942924413,0.09092379579723325,0.8183141621750993,0.11662481060999152,possibly forbidden,0.8183141621750993,0.32705667785405723
393,Rocky coastal 2,Lydella sp.||Ruta chalepensis,Lydella sp.,Ruta chalepensis,0.5,0,0,0,0,0,possibly forbidden,0,2,0,0.1,0.05,0.1,1.3604729634078634e-4,0.001224425667067077,0.007229003023878795,0.06506102721490915,0.001711153882547157,0.015400384942924413,0.09092379579723325,0.8183141621750993,0.11662481060999152,possibly forbidden,0.8183141621750993,0.32705667785405723
394,Rocky coastal 2,Lydella sp.||Sedum sediforme,Lydella sp.,Sedum sediforme,0.5,0,0,0,0,0,possibly forbidden,0,8,0,0.1,0.05,0.1,1.3604729634078634e-4,0.001224425667067077,0.007229003023878795,0.06506102721490915,0.001711153882547157,0.015400384942924413,0.09092379579723325,0.8183141621750993,0.11662481060999152,possibly forbidden,0.8183141621750993,0.32705667785405723
395,Rocky coastal 2,Lydella sp.||Teucrium capitatum,Lydella sp.,Teucrium capitatum,0.7289839601260031,1,1,0,0,0,locally unique,0,26,0,0.1,0.05,0.1,0.005511421704679546,0.04960279534211593,0.007929438510374214,0.07136494659336792,0.03549355577813629,0.3194420020032266,0.05106558400680995,0.45959025606128945,0.46904479734534266,possibly forbidden,0.45959025606128945,0.6716427317608449
396,Rocky coastal 2,Phthiria cf pulicularia||Allium ampeloprasum,Phthiria cf pulicularia,Allium ampeloprasum,0.5,0,0,0,0,0,possibly forbidden,3,0,0,0.1,0.05,0.1,1.3604729634078634e-4,0.001224425667067077,0.007229003023878795,0.06506102721490915,0.001711153882547157,0.015400384942924413,0.09092379579723325,0.8183141621750993,0.11662481060999152,possibly forbidden,0.8183141621750993,0.32705667785405723
397,Rocky coastal 2,Phthiria cf pulicularia||Allium sp.,Phthiria cf pulicularia,Allium sp.,0.5,0,0,0,1,0,possibly forbidden,3,12,0.0481283422459893,0.12887700534759358,0.07165775401069518,0.13368983957219252,2.7453796829763813e-4,0.002296652500021516,0.009946773481210284,0.08320991928520016,0.0025933617388802306,0.021694816050369478,0.0939599791294193,0.7860239598466014,0.1307661208681984,possibly forbidden,0.7860239598466014,0.37460122001224855
398,Rocky coastal 2,Phthiria cf pulicularia||Asteriscus aquaticus,Phthiria cf pulicularia,Asteriscus aquaticus,0.5,0,0,0,1,0,possibly forbidden,3,8,0.03208556149732621,0.11925133689839573,0.06443850267379679,0.12245989304812835,2.0710814134066116e-4,0.0019159674953132015,0.008409282862256392,0.0777946850311209,0.0021376792880070054,0.019775775132320126,0.08679692495559319,0.8029625770940486,0.11924273787483053,possibly forbidden,0.8029625770940486,0.35186190284515206
399,Rocky coastal 2,Phthiria cf pulicularia||Daucus carota,Phthiria cf pulicularia,Daucus carota,0.5367755791979668,0,0,1,2,1,locally absent,3,44,0.17647058823529413,0.20588235294117646,0.12941176470588237,0.22352941176470592,0.004271538484670204,0.003626249870885155,0.08036338992211098,0.06822313163624649,0.023025373819318094,0.01954699908218928,0.4331921861373772,0.3677511310472027,0.5640257373165508,locally absent,0.4331921861373772,0.6364673727848542
400,Rocky coastal 2,Phthiria cf pulicularia||Euphorbia dendroides,Phthiria cf pulicularia,Euphorbia dendroides,0.6739962813932894,0,0,0,1,0,possibly forbidden,3,8,0.03208556149732621,0.11925133689839573,0.06443850267379679,0.12245989304812835,2.0710814134066116e-4,0.0019159674953132015,0.008409282862256392,0.0777946850311209,0.0021376792880070054,0.019775775132320126,0.08679692495559319,0.8029625770940486,0.11924273787483053,possibly forbidden,0.8029625770940486,0.35186190284515206
401,Rocky coastal 2,Phthiria cf pulicularia||Globularia alypum,Phthiria cf pulicularia,Globularia alypum,0.5,0,0,0,0,0,possibly forbidden,3,5,0.020053475935828877,0.11203208556149732,0.059024064171123,0.11403743315508022,2.071479128893017e-4,0.001609342577628842,0.009235594553157115,0.0717517996527224,0.002294521104800078,0.017826250130726983,0.10230016958423374,0.7947751744838416,0.133473025863436,possibly forbidden,0.7947751744838416,0.358713862972068
402,Rocky coastal 2,Phthiria cf pulicularia||Helichrysum stoechas,Phthiria cf pulicularia,Helichrysum stoechas,0.686586871823789,0,0,1,1,1,locally absent,3,11,0.04411764705882353,0.1264705882352941,0.06985294117647059,0.13088235294117648,0.0010876446789102306,0.001367255612877654,0.040503154599013234,0.05091567727820685,0.010498606914368939,0.01319758144309537,0.39096104377857277,0.49146903569495487,0.4576152870268383,possibly forbidden,0.49146903569495487,0.5381990704883943
403,Rocky coastal 2,Phthiria cf pulicularia||Lonicera implexa,Phthiria cf pulicularia,Lonicera implexa,0.5,0,0,0,1,0,possibly forbidden,3,1,0.004010695187165776,0.10240641711229947,0.051804812834224605,0.10280748663101605,1.179051025037748e-4,0.0013283464707932588,0.00603524809694953,0.0679945171133537,0.001444248115541957,0.016271237177106494,0.07392721354504975,0.8328812843787015,0.09912419850794485,possibly forbidden,0.8328812843787015,0.31009028028861363
404,Rocky coastal 2,Phthiria cf pulicularia||Ruta chalepensis,Phthiria cf pulicularia,Ruta chalepensis,0.5,0,0,0,1,0,possibly forbidden,3,2,0.008021390374331552,0.10481283422459893,0.0536096256684492,0.10561497326203209,1.2861814111254918e-4,0.0014061094339926678,0.006349867427804215,0.06941951125716515,0.0015351762850184321,0.016783214549161436,0.0757915314578038,0.8285859714479418,0.10199451729489306,possibly forbidden,0.8285859714479418,0.31622341154876005
405,Rocky coastal 2,Phthiria cf pulicularia||Sedum sediforme,Phthiria cf pulicularia,Sedum sediforme,0.5,0,0,0,2,0,possibly forbidden,3,8,0.03208556149732621,0.11925133689839573,0.06443850267379679,0.12245989304812835,1.6403433396373513e-4,0.0019590413026901276,0.006660342295061977,0.07954362559831532,0.0016930903631621633,0.02022036405716497,0.06874512842917282,0.8210143736204688,0.0994420007812159,possibly forbidden,0.8210143736204688,0.32895375186057074
406,Rocky coastal 2,Phthiria cf pulicularia||Teucrium capitatum,Phthiria cf pulicularia,Teucrium capitatum,0.7289839601260031,1,1,1,2,1,recurrent,3,26,0.10427807486631017,0.16256684491978612,0.09692513368983958,0.17299465240641715,0.05770493952725638,0.06741735314727411,0.04071228982449016,0.047564642524846386,0.21270344419954734,0.24850391198259694,0.15006764304516673,0.1753257757488219,0.7771095817263317,weakly supported,0.24850391198259694,0.9073223394061749
407,Rocky coastal 2,Stictopleurus abutilon||Allium ampeloprasum,Stictopleurus abutilon,Allium ampeloprasum,0.5,0,0,0,0,0,possibly forbidden,1,0,0,0.1,0.05,0.1,1.3604729634078634e-4,0.001224425667067077,0.007229003023878795,0.06506102721490915,0.001711153882547157,0.015400384942924413,0.09092379579723325,0.8183141621750993,0.11662481060999152,possibly forbidden,0.8183141621750993,0.32705667785405723
408,Rocky coastal 2,Stictopleurus abutilon||Allium sp.,Stictopleurus abutilon,Allium sp.,0.5,0,0,0,1,0,possibly forbidden,1,12,0.0160427807486631,0.10962566844919787,0.0572192513368984,0.11122994652406418,1.5199054155536589e-4,0.0015678413488515153,0.007003578277148926,0.07224462456982861,0.0017251766892949234,0.017795866241887556,0.07949448604989896,0.8200164362815342,0.10773893914863719,possibly forbidden,0.8200164362815342,0.32831876092593004
409,Rocky coastal 2,Stictopleurus abutilon||Asteriscus aquaticus,Stictopleurus abutilon,Asteriscus aquaticus,0.5,0,0,0,0,0,possibly forbidden,1,8,0.0106951871657754,0.10641711229946524,0.054812834224598934,0.10748663101604279,1.7146455881272778e-4,0.0014237529784002121,0.00826884428138147,0.06866020450560036,0.0020121223352668727,0.016707622773932385,0.09703419984058173,0.8057217887260242,0.12561800676837542,possibly forbidden,0.8057217887260242,0.3441504130691407
410,Rocky coastal 2,Stictopleurus abutilon||Daucus carota,Stictopleurus abutilon,Daucus carota,0.5367755791979668,0,0,0,1,0,possibly forbidden,1,44,0.058823529411764705,0.13529411764705884,0.07647058823529412,0.1411764705882353,3.270324610082799e-4,0.0025683271554210506,0.011045415374726758,0.08674441724333193,0.0029210366318792483,0.02294016221051883,0.0986570654925972,0.7747965434305167,0.13845903932615133,possibly forbidden,0.7747965434305167,0.3893443710616619
411,Rocky coastal 2,Stictopleurus abutilon||Euphorbia dendroides,Stictopleurus abutilon,Euphorbia dendroides,0.6739962813932894,0,0,0,1,0,possibly forbidden,1,8,0.0106951871657754,0.10641711229946524,0.054812834224598934,0.10748663101604279,1.3611548128255411e-4,0.0014591020559303859,0.006564142040805153,0.07036490674617667,0.0015973038507821182,0.01712244125841714,0.07702966084433713,0.8257263277222688,0.10390876553155448,possibly forbidden,0.8257263277222688,0.320280173187666
412,Rocky coastal 2,Stictopleurus abutilon||Globularia alypum,Stictopleurus abutilon,Globularia alypum,0.5,0,0,0,0,0,possibly forbidden,1,5,0.0066844919786096255,0.10401069518716578,0.05300802139037433,0.10467914438502675,1.5753530181164438e-4,0.0013473996375895048,0.007870774789358425,0.06731874682545767,0.0018965284322507874,0.016221010103171802,0.09475430586160591,0.8104336990487544,0.12224755412578792,possibly forbidden,0.8104336990487544,0.3377980078163752
413,Rocky coastal 2,Stictopleurus abutilon||Helichrysum stoechas,Stictopleurus abutilon,Helichrysum stoechas,0.686586871823789,0,0,1,1,1,locally absent,1,11,0.014705882352941176,0.10882352941176471,0.05661764705882353,0.11029411764705883,6.680549938222969e-4,0.0010201676018378831,0.031130280644348512,0.047538157851018135,0.007645568105394508,0.011675327556706009,0.3562710899661674,0.5440513532807052,0.4084104888682767,possibly forbidden,0.5440513532807052,0.5062976696771853
414,Rocky coastal 2,Stictopleurus abutilon||Lonicera implexa,Stictopleurus abutilon,Lonicera implexa,0.5,0,0,0,1,0,possibly forbidden,1,1,0.001336898395721925,0.10080213903743317,0.05060160427807487,0.10093582887700535,1.1110951578277727e-4,0.0012776575304800032,0.005830024132334428,0.0670399306763232,0.0013851391807656553,0.015927830236683132,0.07267959718493751,0.8357487115426933,0.09721135778098355,possibly forbidden,0.8357487115426933,0.305968903007722
415,Rocky coastal 2,Stictopleurus abutilon||Ruta chalepensis,Stictopleurus abutilon,Ruta chalepensis,0.5,0,0,0,1,0,possibly forbidden,1,2,0.00267379679144385,0.10160427807486631,0.05120320855614974,0.1018716577540107,1.1447317001427863e-4,0.0013028865619466776,0.005932184240369743,0.06751768234255709,0.0014145426042954335,0.01609974241307107,0.07330387848511809,0.8343146101826276,0.09816770747481529,possibly forbidden,0.8343146101826276,0.30803289105123977
416,Rocky coastal 2,Stictopleurus abutilon||Sedum sediforme,Stictopleurus abutilon,Sedum sediforme,0.5,0,0,0,1,0,possibly forbidden,1,8,0.0106951871657754,0.10641711229946524,0.054812834224598934,0.10748663101604279,1.3611548128255411e-4,0.0014591020559303859,0.006564142040805153,0.07036490674617667,0.0015973038507821182,0.01712244125841714,0.07702966084433713,0.8257263277222688,0.10390876553155448,possibly forbidden,0.8257263277222688,0.320280173187666
417,Rocky coastal 2,Stictopleurus abutilon||Teucrium capitatum,Stictopleurus abutilon,Teucrium capitatum,0.7289839601260031,1,1,0,1,0,locally unique,1,26,0.034759358288770054,0.12085561497326204,0.06564171122994653,0.12433155080213905,0.0076848963968967985,0.0698737795664283,0.008283173493102945,0.0753135252417027,0.04000135925105668,0.3637064202706099,0.043115506250707175,0.3920213395294954,0.5326651352288019,possibly forbidden,0.3920213395294954,0.7007139175228274
418,Rocky coastal 2,Vanessa cardui||Allium ampeloprasum,Vanessa cardui,Allium ampeloprasum,0.5,0,0,0,0,0,possibly forbidden,7,0,0,0.1,0.05,0.1,1.3604729634078634e-4,0.001224425667067077,0.007229003023878795,0.06506102721490915,0.001711153882547157,0.015400384942924413,0.09092379579723325,0.8183141621750993,0.11662481060999152,possibly forbidden,0.8183141621750993,0.32705667785405723
419,Rocky coastal 2,Vanessa cardui||Allium sp.,Vanessa cardui,Allium sp.,0.5,0,0,0,1,0,possibly forbidden,7,12,0.1122994652406417,0.167379679144385,0.10053475935828876,0.1786096256684492,6.966923588173342e-4,0.004136220314191097,0.017431874054530557,0.10349197987640693,0.0048433066220046955,0.028754417906633786,0.12118391995224372,0.7194615889151719,0.17704643120842123,possibly forbidden,0.7194615889151719,0.4585849592079864
420,Rocky coastal 2,Vanessa cardui||Asteriscus aquaticus,Vanessa cardui,Asteriscus aquaticus,0.5,0,0,0,2,0,possibly forbidden,7,8,0.0748663101604278,0.1449197860962567,0.08368983957219252,0.15240641711229946,3.331001341678787e-4,0.0030874145622946715,0.010199513672418331,0.09453651863339474,0.0027466961740562575,0.025458379916792312,0.08410373430575291,0.7795346426011228,0.12592883876548244,possibly forbidden,0.7795346426011228,0.38581827649947936
421,Rocky coastal 2,Vanessa cardui||Daucus carota,Vanessa cardui,Daucus carota,0.5367755791979668,0,0,1,2,1,locally absent,7,44,0.4117647058823529,0.34705882352941175,0.23529411764705882,0.3882352941176471,0.01971765735721925,0.007593251548938175,0.17921467390661333,0.06901540459803161,0.05184214048810935,0.01996436018893893,0.4711955448802682,0.1814569670318812,0.7495276283700871,locally absent,0.4711955448802682,0.7227493080458779
422,Rocky coastal 2,Vanessa cardui||Euphorbia dendroides,Vanessa cardui,Euphorbia dendroides,0.6739962813932894,0,0,0,1,0,possibly forbidden,7,8,0.0748663101604278,0.1449197860962567,0.08368983957219252,0.15240641711229946,4.181745683739382e-4,0.0030023401280886122,0.012804489671679374,0.09193154263413372,0.0034482078186778577,0.02475686827217071,0.10558399467416392,0.7580543822327119,0.15001407513315435,possibly forbidden,0.7580543822327119,0.41087265852093074
423,Rocky coastal 2,Vanessa cardui||Globularia alypum,Vanessa cardui,Globularia alypum,0.5,0,0,0,1,0,possibly forbidden,7,5,0.04679144385026738,0.12807486631016043,0.07105614973262032,0.13275401069518716,2.6841415535159793e-4,0.00226369510616385,0.009813594264289915,0.0827638366570165,0.002553743904035985,0.02153723066650333,0.09336842349571592,0.7874310617509229,0.1298051015920606,possibly forbidden,0.7874310617509229,0.37273543516383423
424,Rocky coastal 2,Vanessa cardui||Helichrysum stoechas,Vanessa cardui,Helichrysum stoechas,0.686586871823789,0,0,1,1,1,locally absent,7,11,0.10294117647058823,0.16176470588235295,0.09632352941176471,0.17205882352941176,0.00233119231124915,0.002123566357042124,0.06116367602244822,0.055716177531787245,0.016881728623246953,0.015378169694559709,0.44292724166453884,0.4034782477951278,0.5408055746730849,locally absent,0.44292724166453884,0.5862127376947658
425,Rocky coastal 2,Vanessa cardui||Lonicera implexa,Vanessa cardui,Lonicera implexa,0.5,0,0,0,1,0,possibly forbidden,7,1,0.009358288770053475,0.10561497326203209,0.05421122994652407,0.10655080213903743,1.3233077018764972e-4,0.0014324908181363159,0.006456551545077386,0.06989266964918178,0.001566089250923498,0.01695303721990478,0.07641107172912753,0.8271557590174611,0.10295157133335708,possibly forbidden,0.8271557590174611,0.31825495661895226
426,Rocky coastal 2,Vanessa cardui||Ruta chalepensis,Vanessa cardui,Ruta chalepensis,0.5,0,0,0,1,0,possibly forbidden,7,2,0.01871657754010695,0.11122994652406418,0.05842245989304813,0.11310160427807488,1.6038064626559836e-4,0.0016235846263563723,0.007228748256275908,0.07317893280747725,0.001790920409430856,0.0181300606493659,0.0807211661023165,0.8171662065025116,0.10965486069001118,possibly forbidden,0.8171662065025116,0.33230136665367266
427,Rocky coastal 2,Vanessa cardui||Sedum sediforme,Vanessa cardui,Sedum sediforme,0.5,0,0,0,2,0,possibly forbidden,7,8,0.0748663101604278,0.1449197860962567,0.08368983957219252,0.15240641711229946,3.331001341678787e-4,0.0030874145622946715,0.010199513672418331,0.09453651863339474,0.0027466961740562575,0.025458379916792312,0.08410373430575291,0.7795346426011228,0.12592883876548244,possibly forbidden,0.7795346426011228,0.38581827649947936
428,Rocky coastal 2,Vanessa cardui||Teucrium capitatum,Vanessa cardui,Teucrium capitatum,0.7289839601260031,1,1,2,3,1,recurrent,7,26,0.24331550802139038,0.24598930481283424,0.15949197860962566,0.2703208556149733,0.19898264438884775,0.024849396607180625,0.079404187708997,0.009916172130047696,0.43643526669287275,0.05450300989174952,0.1741598517084001,0.02174947087190462,0.9683343569980477,model-elusive,0.43643526669287275,0.7540790421490892
