link_ID,higher_level,lower_level,ground_truth,probability,classification
0,Agapostemon femoratus,Achillea millefolium,0.0,0.37,0
1,Agapostemon texanus,Achillea millefolium,0.0,0.24,0
2,Andrena astragali,Achillea millefolium,0.0,0.23,0
3,Andrena barbilabris,Achillea millefolium,0.0,0.07,0
4,Andrena cyanophila,Achillea millefolium,0.0,0.07,0
5,Andrena melanochroa,Achillea millefolium,0.0,0.3,0
6,Andrena nigrocaerulea,Achillea millefolium,0.0,0.26,0
7,Andrena nivalis,Achillea millefolium,0.0,0.07,0
8,Andrena pallidifovea,Achillea millefolium,1.0,0.27,0
9,Andrena prunorum,Achillea millefolium,0.0,0.23,0
10,Andrena sp. 1,Achillea millefolium,0.0,0.06,0
11,Andrena sp. A,Achillea millefolium,0.0,0.07,0
12,Andrena transnigra,Achillea millefolium,0.0,0.07,0
13,Andrena vicinoides,Achillea millefolium,0.0,0.26,0
14,Anthophora bomboides,Achillea millefolium,0.0,0.08,0
15,Anthophora curta,Achillea millefolium,0.0,0.27,0
16,Anthophora pacifica,Achillea millefolium,0.0,0.06,0
17,Anthophora urbana,Achillea millefolium,0.0,0.28,0
18,Bombus appositus,Achillea millefolium,0.0,0.38,0
19,Bombus bifarius,Achillea millefolium,1.0,0.61,1
20,Bombus californicus,Achillea millefolium,0.0,0.62,1
21,Bombus centralis,Achillea millefolium,0.0,0.49,0
22,Bombus fernaldae,Achillea millefolium,0.0,0.06,0
23,Bombus fervidus,Achillea millefolium,0.0,0.08,0
24,Bombus flavifrons,Achillea millefolium,0.0,0.54,1
25,Bombus griseocollis,Achillea millefolium,0.0,0.29,0
26,Bombus huntii,Achillea millefolium,0.0,0.34,0
27,Bombus insularis,Achillea millefolium,0.0,0.23,0
28,Bombus mixtus,Achillea millefolium,0.0,0.39,0
29,Bombus nevadensis,Achillea millefolium,0.0,0.36,0
30,Bombus rufocinctus,Achillea millefolium,0.0,0.35,0
31,Bombus vosnesenskii,Achillea millefolium,0.0,0.36,0
32,Coelioxys rufitarsis,Achillea millefolium,0.0,0.26,0
33,Colletes phaceliae,Achillea millefolium,1.0,0.31,0
34,Diadasia nigrifrons,Achillea millefolium,0.0,0.08,0
35,Halictus farinosus,Achillea millefolium,1.0,0.38,0
36,Halictus ligatus,Achillea millefolium,1.0,0.41,0
37,Halictus rubicundus,Achillea millefolium,0.0,0.36,0
38,Halictus tripartitus,Achillea millefolium,0.0,0.27,0
39,Hylaeus verticalis,Achillea millefolium,0.0,0.06,0
40,Lasioglossum albipenne,Achillea millefolium,0.0,0.07,0
41,Lasioglossum cooleyi,Achillea millefolium,0.0,0.08,0
42,Lasioglossum incompletum,Achillea millefolium,0.0,0.23,0
43,Lasioglossum laevissimum,Achillea millefolium,0.0,0.23,0
44,Lasioglossum nevadense,Achillea millefolium,0.0,0.2,0
45,Lasioglossum olympiae,Achillea millefolium,0.0,0.07,0
46,Lasioglossum ovaliceps,Achillea millefolium,0.0,0.08,0
47,Lasioglossum sedi,Achillea millefolium,0.0,0.06,0
48,Lasioglossum sp.,Achillea millefolium,0.0,0.4,0
49,Lasioglossum sp. 2,Achillea millefolium,0.0,0.26,0
50,Lasioglossum titusi,Achillea millefolium,0.0,0.25,0
51,Megachile apicalis,Achillea millefolium,0.0,0.24,0
52,Megachile nevadensis,Achillea millefolium,0.0,0.07,0
53,Megachile onobrychidis,Achillea millefolium,0.0,0.28,0
54,Megachile perihirta,Achillea millefolium,0.0,0.25,0
55,Melissodes bimatris,Achillea millefolium,0.0,0.21,0
56,Melissodes lupinus,Achillea millefolium,0.0,0.24,0
57,Melissodes lutulentus,Achillea millefolium,0.0,0.19,0
58,Melissodes microstictus,Achillea millefolium,0.0,0.23,0
59,Melissodes pallidisignatus,Achillea millefolium,0.0,0.24,0
60,Melissodes rivalis,Achillea millefolium,0.0,0.08,0
61,Melissodes subagilis,Achillea millefolium,0.0,0.21,0
62,Osmia atrocyanea,Achillea millefolium,0.0,0.06,0
63,Osmia brevis,Achillea millefolium,0.0,0.06,0
64,Osmia bucephala,Achillea millefolium,0.0,0.06,0
65,Osmia integra,Achillea millefolium,0.0,0.06,0
66,Osmia juxta,Achillea millefolium,0.0,0.23,0
67,Osmia raritatis,Achillea millefolium,0.0,0.06,0
68,Osmia sp. 2,Achillea millefolium,0.0,0.08,0
69,Panurginus torchio,Achillea millefolium,0.0,0.07,0
70,Perdita wyomingensis,Achillea millefolium,0.0,0.07,0
71,Sphecodes sp.,Achillea millefolium,0.0,0.06,0
72,Svastra obliqua,Achillea millefolium,0.0,0.18,0
73,Triepeolus paenepectoralis,Achillea millefolium,0.0,0.21,0
74,Xeromelecta californica,Achillea millefolium,0.0,0.07,0
75,Agapostemon femoratus,Arenaria congesta,0.0,0.05,0
76,Agapostemon texanus,Arenaria congesta,0.0,0.03,0
77,Andrena astragali,Arenaria congesta,0.0,0.09,0
78,Andrena barbilabris,Arenaria congesta,0.0,0.02,0
79,Andrena cyanophila,Arenaria congesta,0.0,0.02,0
80,Andrena melanochroa,Arenaria congesta,0.0,0.06,0
81,Andrena nigrocaerulea,Arenaria congesta,0.0,0.05,0
82,Andrena nivalis,Arenaria congesta,0.0,0.02,0
83,Andrena pallidifovea,Arenaria congesta,0.0,0.04,0
84,Andrena prunorum,Arenaria congesta,0.0,0.04,0
85,Andrena sp. 1,Arenaria congesta,0.0,0.02,0
86,Andrena sp. A,Arenaria congesta,0.0,0.02,0
87,Andrena transnigra,Arenaria congesta,0.0,0.02,0
88,Andrena vicinoides,Arenaria congesta,0.0,0.03,0
89,Anthophora bomboides,Arenaria congesta,0.0,0.02,0
90,Anthophora curta,Arenaria congesta,0.0,0.04,0
91,Anthophora pacifica,Arenaria congesta,0.0,0.02,0
92,Anthophora urbana,Arenaria congesta,0.0,0.05,0
93,Bombus appositus,Arenaria congesta,0.0,0.07,0
94,Bombus bifarius,Arenaria congesta,0.0,0.12,0
95,Bombus californicus,Arenaria congesta,0.0,0.12,0
96,Bombus centralis,Arenaria congesta,0.0,0.08,0
97,Bombus fernaldae,Arenaria congesta,0.0,0.02,0
98,Bombus fervidus,Arenaria congesta,0.0,0.02,0
99,Bombus flavifrons,Arenaria congesta,0.0,0.11,0
100,Bombus griseocollis,Arenaria congesta,0.0,0.05,0
101,Bombus huntii,Arenaria congesta,0.0,0.06,0
102,Bombus insularis,Arenaria congesta,0.0,0.03,0
103,Bombus mixtus,Arenaria congesta,0.0,0.06,0
104,Bombus nevadensis,Arenaria congesta,0.0,0.06,0
105,Bombus rufocinctus,Arenaria congesta,1.0,0.72,1
106,Bombus vosnesenskii,Arenaria congesta,0.0,0.06,0
107,Coelioxys rufitarsis,Arenaria congesta,0.0,0.05,0
108,Colletes phaceliae,Arenaria congesta,0.0,0.05,0
109,Diadasia nigrifrons,Arenaria congesta,0.0,0.02,0
110,Halictus farinosus,Arenaria congesta,0.0,0.07,0
111,Halictus ligatus,Arenaria congesta,0.0,0.07,0
112,Halictus rubicundus,Arenaria congesta,0.0,0.05,0
113,Halictus tripartitus,Arenaria congesta,0.0,0.05,0
114,Hylaeus verticalis,Arenaria congesta,0.0,0.02,0
115,Lasioglossum albipenne,Arenaria congesta,0.0,0.02,0
116,Lasioglossum cooleyi,Arenaria congesta,0.0,0.02,0
117,Lasioglossum incompletum,Arenaria congesta,0.0,0.03,0
118,Lasioglossum laevissimum,Arenaria congesta,0.0,0.03,0
119,Lasioglossum nevadense,Arenaria congesta,0.0,0.04,0
120,Lasioglossum olympiae,Arenaria congesta,0.0,0.02,0
121,Lasioglossum ovaliceps,Arenaria congesta,0.0,0.02,0
122,Lasioglossum sedi,Arenaria congesta,0.0,0.02,0
123,Lasioglossum sp.,Arenaria congesta,0.0,0.08,0
124,Lasioglossum sp. 2,Arenaria congesta,0.0,0.03,0
125,Lasioglossum titusi,Arenaria congesta,0.0,0.05,0
126,Megachile apicalis,Arenaria congesta,0.0,0.04,0
127,Megachile nevadensis,Arenaria congesta,0.0,0.02,0
128,Megachile onobrychidis,Arenaria congesta,0.0,0.05,0
129,Megachile perihirta,Arenaria congesta,0.0,0.05,0
130,Melissodes bimatris,Arenaria congesta,0.0,0.03,0
131,Melissodes lupinus,Arenaria congesta,0.0,0.04,0
132,Melissodes lutulentus,Arenaria congesta,0.0,0.03,0
133,Melissodes microstictus,Arenaria congesta,0.0,0.09,0
134,Melissodes pallidisignatus,Arenaria congesta,0.0,0.04,0
135,Melissodes rivalis,Arenaria congesta,0.0,0.02,0
136,Melissodes subagilis,Arenaria congesta,0.0,0.03,0
137,Osmia atrocyanea,Arenaria congesta,0.0,0.02,0
138,Osmia brevis,Arenaria congesta,0.0,0.02,0
139,Osmia bucephala,Arenaria congesta,0.0,0.02,0
140,Osmia integra,Arenaria congesta,0.0,0.02,0
141,Osmia juxta,Arenaria congesta,0.0,0.03,0
142,Osmia raritatis,Arenaria congesta,0.0,0.02,0
143,Osmia sp. 2,Arenaria congesta,0.0,0.02,0
144,Panurginus torchio,Arenaria congesta,0.0,0.02,0
145,Perdita wyomingensis,Arenaria congesta,0.0,0.02,0
146,Sphecodes sp.,Arenaria congesta,0.0,0.02,0
147,Svastra obliqua,Arenaria congesta,0.0,0.03,0
148,Triepeolus paenepectoralis,Arenaria congesta,0.0,0.03,0
149,Xeromelecta californica,Arenaria congesta,0.0,0.02,0
150,Agapostemon femoratus,Arnica sororia,0.0,0.28,0
151,Agapostemon texanus,Arnica sororia,0.0,0.18,0
152,Andrena astragali,Arnica sororia,0.0,0.18,0
153,Andrena barbilabris,Arnica sororia,0.0,0.04,0
154,Andrena cyanophila,Arnica sororia,0.0,0.04,0
155,Andrena melanochroa,Arnica sororia,0.0,0.26,0
156,Andrena nigrocaerulea,Arnica sororia,0.0,0.24,0
157,Andrena nivalis,Arnica sororia,0.0,0.04,0
158,Andrena pallidifovea,Arnica sororia,1.0,0.24,0
159,Andrena prunorum,Arnica sororia,0.0,0.22,0
160,Andrena sp. 1,Arnica sororia,0.0,0.04,0
161,Andrena sp. A,Arnica sororia,0.0,0.04,0
162,Andrena transnigra,Arnica sororia,0.0,0.04,0
163,Andrena vicinoides,Arnica sororia,0.0,0.2,0
164,Anthophora bomboides,Arnica sororia,0.0,0.07,0
165,Anthophora curta,Arnica sororia,0.0,0.2,0
166,Anthophora pacifica,Arnica sororia,0.0,0.04,0
167,Anthophora urbana,Arnica sororia,0.0,0.24,0
168,Bombus appositus,Arnica sororia,0.0,0.32,0
169,Bombus bifarius,Arnica sororia,0.0,0.5,0
170,Bombus californicus,Arnica sororia,0.0,0.51,1
171,Bombus centralis,Arnica sororia,0.0,0.41,0
172,Bombus fernaldae,Arnica sororia,0.0,0.05,0
173,Bombus fervidus,Arnica sororia,0.0,0.07,0
174,Bombus flavifrons,Arnica sororia,0.0,0.46,0
175,Bombus griseocollis,Arnica sororia,0.0,0.25,0
176,Bombus huntii,Arnica sororia,1.0,0.31,0
177,Bombus insularis,Arnica sororia,0.0,0.18,0
178,Bombus mixtus,Arnica sororia,0.0,0.32,0
179,Bombus nevadensis,Arnica sororia,0.0,0.31,0
180,Bombus rufocinctus,Arnica sororia,0.0,0.29,0
181,Bombus vosnesenskii,Arnica sororia,0.0,0.31,0
182,Coelioxys rufitarsis,Arnica sororia,0.0,0.25,0
183,Colletes phaceliae,Arnica sororia,0.0,0.23,0
184,Diadasia nigrifrons,Arnica sororia,0.0,0.07,0
185,Halictus farinosus,Arnica sororia,0.0,0.33,0
186,Halictus ligatus,Arnica sororia,0.0,0.35,0
187,Halictus rubicundus,Arnica sororia,0.0,0.3,0
188,Halictus tripartitus,Arnica sororia,0.0,0.26,0
189,Hylaeus verticalis,Arnica sororia,0.0,0.05,0
190,Lasioglossum albipenne,Arnica sororia,0.0,0.06,0
191,Lasioglossum cooleyi,Arnica sororia,0.0,0.07,0
192,Lasioglossum incompletum,Arnica sororia,0.0,0.16,0
193,Lasioglossum laevissimum,Arnica sororia,0.0,0.17,0
194,Lasioglossum nevadense,Arnica sororia,0.0,0.19,0
195,Lasioglossum olympiae,Arnica sororia,0.0,0.04,0
196,Lasioglossum ovaliceps,Arnica sororia,0.0,0.07,0
197,Lasioglossum sedi,Arnica sororia,0.0,0.05,0
198,Lasioglossum sp.,Arnica sororia,0.0,0.33,0
199,Lasioglossum sp. 2,Arnica sororia,0.0,0.2,0
200,Lasioglossum titusi,Arnica sororia,1.0,0.33,0
201,Megachile apicalis,Arnica sororia,0.0,0.18,0
202,Megachile nevadensis,Arnica sororia,0.0,0.06,0
203,Megachile onobrychidis,Arnica sororia,0.0,0.23,0
204,Megachile perihirta,Arnica sororia,0.0,0.25,0
205,Melissodes bimatris,Arnica sororia,0.0,0.14,0
206,Melissodes lupinus,Arnica sororia,0.0,0.23,0
207,Melissodes lutulentus,Arnica sororia,0.0,0.14,0
208,Melissodes microstictus,Arnica sororia,0.0,0.18,0
209,Melissodes pallidisignatus,Arnica sororia,0.0,0.18,0
210,Melissodes rivalis,Arnica sororia,0.0,0.07,0
211,Melissodes subagilis,Arnica sororia,0.0,0.16,0
212,Osmia atrocyanea,Arnica sororia,0.0,0.04,0
213,Osmia brevis,Arnica sororia,0.0,0.04,0
214,Osmia bucephala,Arnica sororia,0.0,0.04,0
215,Osmia integra,Arnica sororia,0.0,0.04,0
216,Osmia juxta,Arnica sororia,0.0,0.16,0
217,Osmia raritatis,Arnica sororia,0.0,0.05,0
218,Osmia sp. 2,Arnica sororia,0.0,0.07,0
219,Panurginus torchio,Arnica sororia,0.0,0.04,0
220,Perdita wyomingensis,Arnica sororia,0.0,0.04,0
221,Sphecodes sp.,Arnica sororia,0.0,0.04,0
222,Svastra obliqua,Arnica sororia,0.0,0.12,0
223,Triepeolus paenepectoralis,Arnica sororia,0.0,0.14,0
224,Xeromelecta californica,Arnica sororia,0.0,0.05,0
225,Agapostemon femoratus,Calochortus eurycarpus,0.0,0.05,0
226,Agapostemon texanus,Calochortus eurycarpus,0.0,0.03,0
227,Andrena astragali,Calochortus eurycarpus,0.0,0.09,0
228,Andrena barbilabris,Calochortus eurycarpus,0.0,0.02,0
229,Andrena cyanophila,Calochortus eurycarpus,0.0,0.02,0
230,Andrena melanochroa,Calochortus eurycarpus,0.0,0.06,0
231,Andrena nigrocaerulea,Calochortus eurycarpus,0.0,0.05,0
232,Andrena nivalis,Calochortus eurycarpus,0.0,0.02,0
233,Andrena pallidifovea,Calochortus eurycarpus,0.0,0.04,0
234,Andrena prunorum,Calochortus eurycarpus,0.0,0.04,0
235,Andrena sp. 1,Calochortus eurycarpus,0.0,0.02,0
236,Andrena sp. A,Calochortus eurycarpus,0.0,0.02,0
237,Andrena transnigra,Calochortus eurycarpus,0.0,0.02,0
238,Andrena vicinoides,Calochortus eurycarpus,0.0,0.03,0
239,Anthophora bomboides,Calochortus eurycarpus,0.0,0.02,0
240,Anthophora curta,Calochortus eurycarpus,0.0,0.04,0
241,Anthophora pacifica,Calochortus eurycarpus,0.0,0.02,0
242,Anthophora urbana,Calochortus eurycarpus,0.0,0.05,0
243,Bombus appositus,Calochortus eurycarpus,0.0,0.07,0
244,Bombus bifarius,Calochortus eurycarpus,0.0,0.12,0
245,Bombus californicus,Calochortus eurycarpus,0.0,0.12,0
246,Bombus centralis,Calochortus eurycarpus,0.0,0.08,0
247,Bombus fernaldae,Calochortus eurycarpus,0.0,0.02,0
248,Bombus fervidus,Calochortus eurycarpus,0.0,0.02,0
249,Bombus flavifrons,Calochortus eurycarpus,0.0,0.11,0
250,Bombus griseocollis,Calochortus eurycarpus,0.0,0.05,0
251,Bombus huntii,Calochortus eurycarpus,0.0,0.06,0
252,Bombus insularis,Calochortus eurycarpus,0.0,0.03,0
253,Bombus mixtus,Calochortus eurycarpus,0.0,0.06,0
254,Bombus nevadensis,Calochortus eurycarpus,0.0,0.06,0
255,Bombus rufocinctus,Calochortus eurycarpus,1.0,0.72,1
256,Bombus vosnesenskii,Calochortus eurycarpus,0.0,0.06,0
257,Coelioxys rufitarsis,Calochortus eurycarpus,0.0,0.05,0
258,Colletes phaceliae,Calochortus eurycarpus,0.0,0.05,0
259,Diadasia nigrifrons,Calochortus eurycarpus,0.0,0.02,0
260,Halictus farinosus,Calochortus eurycarpus,0.0,0.07,0
261,Halictus ligatus,Calochortus eurycarpus,0.0,0.07,0
262,Halictus rubicundus,Calochortus eurycarpus,0.0,0.05,0
263,Halictus tripartitus,Calochortus eurycarpus,0.0,0.05,0
264,Hylaeus verticalis,Calochortus eurycarpus,0.0,0.02,0
265,Lasioglossum albipenne,Calochortus eurycarpus,0.0,0.02,0
266,Lasioglossum cooleyi,Calochortus eurycarpus,0.0,0.02,0
267,Lasioglossum incompletum,Calochortus eurycarpus,0.0,0.03,0
268,Lasioglossum laevissimum,Calochortus eurycarpus,0.0,0.03,0
269,Lasioglossum nevadense,Calochortus eurycarpus,0.0,0.04,0
270,Lasioglossum olympiae,Calochortus eurycarpus,0.0,0.02,0
271,Lasioglossum ovaliceps,Calochortus eurycarpus,0.0,0.02,0
272,Lasioglossum sedi,Calochortus eurycarpus,0.0,0.02,0
273,Lasioglossum sp.,Calochortus eurycarpus,0.0,0.08,0
274,Lasioglossum sp. 2,Calochortus eurycarpus,0.0,0.03,0
275,Lasioglossum titusi,Calochortus eurycarpus,0.0,0.05,0
276,Megachile apicalis,Calochortus eurycarpus,0.0,0.04,0
277,Megachile nevadensis,Calochortus eurycarpus,0.0,0.02,0
278,Megachile onobrychidis,Calochortus eurycarpus,0.0,0.05,0
279,Megachile perihirta,Calochortus eurycarpus,0.0,0.05,0
280,Melissodes bimatris,Calochortus eurycarpus,0.0,0.03,0
281,Melissodes lupinus,Calochortus eurycarpus,0.0,0.04,0
282,Melissodes lutulentus,Calochortus eurycarpus,0.0,0.03,0
283,Melissodes microstictus,Calochortus eurycarpus,0.0,0.09,0
284,Melissodes pallidisignatus,Calochortus eurycarpus,0.0,0.04,0
285,Melissodes rivalis,Calochortus eurycarpus,0.0,0.02,0
286,Melissodes subagilis,Calochortus eurycarpus,0.0,0.03,0
287,Osmia atrocyanea,Calochortus eurycarpus,0.0,0.02,0
288,Osmia brevis,Calochortus eurycarpus,0.0,0.02,0
289,Osmia bucephala,Calochortus eurycarpus,0.0,0.02,0
290,Osmia integra,Calochortus eurycarpus,0.0,0.02,0
291,Osmia juxta,Calochortus eurycarpus,0.0,0.03,0
292,Osmia raritatis,Calochortus eurycarpus,0.0,0.02,0
293,Osmia sp. 2,Calochortus eurycarpus,0.0,0.02,0
294,Panurginus torchio,Calochortus eurycarpus,0.0,0.02,0
295,Perdita wyomingensis,Calochortus eurycarpus,0.0,0.02,0
296,Sphecodes sp.,Calochortus eurycarpus,0.0,0.02,0
297,Svastra obliqua,Calochortus eurycarpus,0.0,0.03,0
298,Triepeolus paenepectoralis,Calochortus eurycarpus,0.0,0.03,0
299,Xeromelecta californica,Calochortus eurycarpus,0.0,0.02,0
300,Agapostemon femoratus,Castilleja lutescens,0.0,0.04,0
301,Agapostemon texanus,Castilleja lutescens,0.0,0.03,0
302,Andrena astragali,Castilleja lutescens,0.0,0.09,0
303,Andrena barbilabris,Castilleja lutescens,0.0,0.02,0
304,Andrena cyanophila,Castilleja lutescens,0.0,0.02,0
305,Andrena melanochroa,Castilleja lutescens,0.0,0.05,0
306,Andrena nigrocaerulea,Castilleja lutescens,0.0,0.03,0
307,Andrena nivalis,Castilleja lutescens,0.0,0.02,0
308,Andrena pallidifovea,Castilleja lutescens,0.0,0.04,0
309,Andrena prunorum,Castilleja lutescens,0.0,0.03,0
310,Andrena sp. 1,Castilleja lutescens,0.0,0.02,0
311,Andrena sp. A,Castilleja lutescens,0.0,0.02,0
312,Andrena transnigra,Castilleja lutescens,0.0,0.02,0
313,Andrena vicinoides,Castilleja lutescens,0.0,0.03,0
314,Anthophora bomboides,Castilleja lutescens,0.0,0.02,0
315,Anthophora curta,Castilleja lutescens,0.0,0.04,0
316,Anthophora pacifica,Castilleja lutescens,0.0,0.02,0
317,Anthophora urbana,Castilleja lutescens,0.0,0.04,0
318,Bombus appositus,Castilleja lutescens,0.0,0.05,0
319,Bombus bifarius,Castilleja lutescens,0.0,0.12,0
320,Bombus californicus,Castilleja lutescens,1.0,0.93,1
321,Bombus centralis,Castilleja lutescens,0.0,0.08,0
322,Bombus fernaldae,Castilleja lutescens,0.0,0.02,0
323,Bombus fervidus,Castilleja lutescens,0.0,0.02,0
324,Bombus flavifrons,Castilleja lutescens,0.0,0.1,0
325,Bombus griseocollis,Castilleja lutescens,0.0,0.04,0
326,Bombus huntii,Castilleja lutescens,0.0,0.05,0
327,Bombus insularis,Castilleja lutescens,0.0,0.03,0
328,Bombus mixtus,Castilleja lutescens,0.0,0.05,0
329,Bombus nevadensis,Castilleja lutescens,0.0,0.05,0
330,Bombus rufocinctus,Castilleja lutescens,0.0,0.05,0
331,Bombus vosnesenskii,Castilleja lutescens,0.0,0.05,0
332,Coelioxys rufitarsis,Castilleja lutescens,0.0,0.04,0
333,Colletes phaceliae,Castilleja lutescens,0.0,0.03,0
334,Diadasia nigrifrons,Castilleja lutescens,0.0,0.02,0
335,Halictus farinosus,Castilleja lutescens,0.0,0.05,0
336,Halictus ligatus,Castilleja lutescens,0.0,0.05,0
337,Halictus rubicundus,Castilleja lutescens,0.0,0.05,0
338,Halictus tripartitus,Castilleja lutescens,0.0,0.03,0
339,Hylaeus verticalis,Castilleja lutescens,0.0,0.02,0
340,Lasioglossum albipenne,Castilleja lutescens,0.0,0.02,0
341,Lasioglossum cooleyi,Castilleja lutescens,0.0,0.02,0
342,Lasioglossum incompletum,Castilleja lutescens,0.0,0.03,0
343,Lasioglossum laevissimum,Castilleja lutescens,0.0,0.03,0
344,Lasioglossum nevadense,Castilleja lutescens,0.0,0.03,0
345,Lasioglossum olympiae,Castilleja lutescens,0.0,0.02,0
346,Lasioglossum ovaliceps,Castilleja lutescens,0.0,0.02,0
347,Lasioglossum sedi,Castilleja lutescens,0.0,0.02,0
348,Lasioglossum sp.,Castilleja lutescens,0.0,0.06,0
349,Lasioglossum sp. 2,Castilleja lutescens,0.0,0.03,0
350,Lasioglossum titusi,Castilleja lutescens,0.0,0.04,0
351,Megachile apicalis,Castilleja lutescens,0.0,0.04,0
352,Megachile nevadensis,Castilleja lutescens,0.0,0.02,0
353,Megachile onobrychidis,Castilleja lutescens,0.0,0.04,0
354,Megachile perihirta,Castilleja lutescens,0.0,0.04,0
355,Melissodes bimatris,Castilleja lutescens,0.0,0.04,0
356,Melissodes lupinus,Castilleja lutescens,0.0,0.03,0
357,Melissodes lutulentus,Castilleja lutescens,0.0,0.03,0
358,Melissodes microstictus,Castilleja lutescens,0.0,0.09,0
359,Melissodes pallidisignatus,Castilleja lutescens,0.0,0.04,0
360,Melissodes rivalis,Castilleja lutescens,0.0,0.03,0
361,Melissodes subagilis,Castilleja lutescens,0.0,0.03,0
362,Osmia atrocyanea,Castilleja lutescens,0.0,0.02,0
363,Osmia brevis,Castilleja lutescens,0.0,0.02,0
364,Osmia bucephala,Castilleja lutescens,0.0,0.02,0
365,Osmia integra,Castilleja lutescens,0.0,0.02,0
366,Osmia juxta,Castilleja lutescens,0.0,0.03,0
367,Osmia raritatis,Castilleja lutescens,0.0,0.02,0
368,Osmia sp. 2,Castilleja lutescens,0.0,0.03,0
369,Panurginus torchio,Castilleja lutescens,0.0,0.02,0
370,Perdita wyomingensis,Castilleja lutescens,0.0,0.02,0
371,Sphecodes sp.,Castilleja lutescens,0.0,0.02,0
372,Svastra obliqua,Castilleja lutescens,0.0,0.03,0
373,Triepeolus paenepectoralis,Castilleja lutescens,0.0,0.04,0
374,Xeromelecta californica,Castilleja lutescens,0.0,0.02,0
375,Agapostemon femoratus,Centaurea diffusa,1.0,0.64,1
376,Agapostemon texanus,Centaurea diffusa,1.0,0.53,1
377,Andrena astragali,Centaurea diffusa,0.0,0.31,0
378,Andrena barbilabris,Centaurea diffusa,0.0,0.15,0
379,Andrena cyanophila,Centaurea diffusa,0.0,0.15,0
380,Andrena melanochroa,Centaurea diffusa,0.0,0.51,1
381,Andrena nigrocaerulea,Centaurea diffusa,0.0,0.45,0
382,Andrena nivalis,Centaurea diffusa,0.0,0.15,0
383,Andrena pallidifovea,Centaurea diffusa,0.0,0.47,0
384,Andrena prunorum,Centaurea diffusa,0.0,0.4,0
385,Andrena sp. 1,Centaurea diffusa,0.0,0.13,0
386,Andrena sp. A,Centaurea diffusa,0.0,0.15,0
387,Andrena transnigra,Centaurea diffusa,0.0,0.15,0
388,Andrena vicinoides,Centaurea diffusa,0.0,0.49,0
389,Anthophora bomboides,Centaurea diffusa,0.0,0.13,0
390,Anthophora curta,Centaurea diffusa,1.0,0.56,1
391,Anthophora pacifica,Centaurea diffusa,0.0,0.13,0
392,Anthophora urbana,Centaurea diffusa,1.0,0.51,1
393,Bombus appositus,Centaurea diffusa,0.0,0.61,1
394,Bombus bifarius,Centaurea diffusa,0.0,0.76,1
395,Bombus californicus,Centaurea diffusa,0.0,0.75,1
396,Bombus centralis,Centaurea diffusa,0.0,0.64,1
397,Bombus fernaldae,Centaurea diffusa,0.0,0.13,0
398,Bombus fervidus,Centaurea diffusa,0.0,0.13,0
399,Bombus flavifrons,Centaurea diffusa,0.0,0.71,1
400,Bombus griseocollis,Centaurea diffusa,1.0,0.51,1
401,Bombus huntii,Centaurea diffusa,1.0,0.55,1
402,Bombus insularis,Centaurea diffusa,0.0,0.42,0
403,Bombus mixtus,Centaurea diffusa,0.0,0.59,1
404,Bombus nevadensis,Centaurea diffusa,0.0,0.57,1
405,Bombus rufocinctus,Centaurea diffusa,0.0,0.58,1
406,Bombus vosnesenskii,Centaurea diffusa,0.0,0.56,1
407,Coelioxys rufitarsis,Centaurea diffusa,0.0,0.48,0
408,Colletes phaceliae,Centaurea diffusa,1.0,0.5,0
409,Diadasia nigrifrons,Centaurea diffusa,0.0,0.12,0
410,Halictus farinosus,Centaurea diffusa,0.0,0.59,1
411,Halictus ligatus,Centaurea diffusa,0.0,0.6,1
412,Halictus rubicundus,Centaurea diffusa,0.0,0.57,1
413,Halictus tripartitus,Centaurea diffusa,0.0,0.45,0
414,Hylaeus verticalis,Centaurea diffusa,0.0,0.13,0
415,Lasioglossum albipenne,Centaurea diffusa,0.0,0.13,0
416,Lasioglossum cooleyi,Centaurea diffusa,0.0,0.12,0
417,Lasioglossum incompletum,Centaurea diffusa,0.0,0.38,0
418,Lasioglossum laevissimum,Centaurea diffusa,0.0,0.42,0
419,Lasioglossum nevadense,Centaurea diffusa,0.0,0.33,0
420,Lasioglossum olympiae,Centaurea diffusa,0.0,0.15,0
421,Lasioglossum ovaliceps,Centaurea diffusa,0.0,0.12,0
422,Lasioglossum sedi,Centaurea diffusa,0.0,0.13,0
423,Lasioglossum sp.,Centaurea diffusa,1.0,0.6,1
424,Lasioglossum sp. 2,Centaurea diffusa,0.0,0.48,0
425,Lasioglossum titusi,Centaurea diffusa,0.0,0.46,0
426,Megachile apicalis,Centaurea diffusa,1.0,0.53,1
427,Megachile nevadensis,Centaurea diffusa,0.0,0.13,0
428,Megachile onobrychidis,Centaurea diffusa,1.0,0.53,1
429,Megachile perihirta,Centaurea diffusa,0.0,0.44,0
430,Melissodes bimatris,Centaurea diffusa,1.0,0.52,1
431,Melissodes lupinus,Centaurea diffusa,0.0,0.44,0
432,Melissodes lutulentus,Centaurea diffusa,0.0,0.42,0
433,Melissodes microstictus,Centaurea diffusa,0.0,0.31,0
434,Melissodes pallidisignatus,Centaurea diffusa,1.0,0.53,1
435,Melissodes rivalis,Centaurea diffusa,0.0,0.12,0
436,Melissodes subagilis,Centaurea diffusa,1.0,0.47,0
437,Osmia atrocyanea,Centaurea diffusa,0.0,0.12,0
438,Osmia brevis,Centaurea diffusa,0.0,0.12,0
439,Osmia bucephala,Centaurea diffusa,0.0,0.13,0
440,Osmia integra,Centaurea diffusa,0.0,0.13,0
441,Osmia juxta,Centaurea diffusa,0.0,0.38,0
442,Osmia raritatis,Centaurea diffusa,0.0,0.13,0
443,Osmia sp. 2,Centaurea diffusa,0.0,0.12,0
444,Panurginus torchio,Centaurea diffusa,0.0,0.15,0
445,Perdita wyomingensis,Centaurea diffusa,0.0,0.15,0
446,Sphecodes sp.,Centaurea diffusa,0.0,0.12,0
447,Svastra obliqua,Centaurea diffusa,1.0,0.47,0
448,Triepeolus paenepectoralis,Centaurea diffusa,1.0,0.52,1
449,Xeromelecta californica,Centaurea diffusa,1.0,0.92,1
450,Agapostemon femoratus,Centaurea solstitialis,1.0,0.43,0
451,Agapostemon texanus,Centaurea solstitialis,0.0,0.31,0
452,Andrena astragali,Centaurea solstitialis,0.0,0.23,0
453,Andrena barbilabris,Centaurea solstitialis,0.0,0.05,0
454,Andrena cyanophila,Centaurea solstitialis,0.0,0.05,0
455,Andrena melanochroa,Centaurea solstitialis,0.0,0.34,0
456,Andrena nigrocaerulea,Centaurea solstitialis,0.0,0.28,0
457,Andrena nivalis,Centaurea solstitialis,0.0,0.05,0
458,Andrena pallidifovea,Centaurea solstitialis,0.0,0.28,0
459,Andrena prunorum,Centaurea solstitialis,0.0,0.24,0
460,Andrena sp. 1,Centaurea solstitialis,0.0,0.04,0
461,Andrena sp. A,Centaurea solstitialis,0.0,0.05,0
462,Andrena transnigra,Centaurea solstitialis,0.0,0.05,0
463,Andrena vicinoides,Centaurea solstitialis,0.0,0.28,0
464,Anthophora bomboides,Centaurea solstitialis,0.0,0.05,0
465,Anthophora curta,Centaurea solstitialis,1.0,0.34,0
466,Anthophora pacifica,Centaurea solstitialis,0.0,0.04,0
467,Anthophora urbana,Centaurea solstitialis,0.0,0.3,0
468,Bombus appositus,Centaurea solstitialis,0.0,0.41,0
469,Bombus bifarius,Centaurea solstitialis,0.0,0.63,1
470,Bombus californicus,Centaurea solstitialis,0.0,0.62,1
471,Bombus centralis,Centaurea solstitialis,0.0,0.48,0
472,Bombus fernaldae,Centaurea solstitialis,0.0,0.05,0
473,Bombus fervidus,Centaurea solstitialis,0.0,0.05,0
474,Bombus flavifrons,Centaurea solstitialis,0.0,0.51,1
475,Bombus griseocollis,Centaurea solstitialis,0.0,0.32,0
476,Bombus huntii,Centaurea solstitialis,0.0,0.39,0
477,Bombus insularis,Centaurea solstitialis,0.0,0.24,0
478,Bombus mixtus,Centaurea solstitialis,0.0,0.44,0
479,Bombus nevadensis,Centaurea solstitialis,0.0,0.39,0
480,Bombus rufocinctus,Centaurea solstitialis,0.0,0.38,0
481,Bombus vosnesenskii,Centaurea solstitialis,0.0,0.38,0
482,Coelioxys rufitarsis,Centaurea solstitialis,0.0,0.3,0
483,Colletes phaceliae,Centaurea solstitialis,0.0,0.29,0
484,Diadasia nigrifrons,Centaurea solstitialis,0.0,0.05,0
485,Halictus farinosus,Centaurea solstitialis,0.0,0.43,0
486,Halictus ligatus,Centaurea solstitialis,0.0,0.47,0
487,Halictus rubicundus,Centaurea solstitialis,0.0,0.39,0
488,Halictus tripartitus,Centaurea solstitialis,0.0,0.27,0
489,Hylaeus verticalis,Centaurea solstitialis,0.0,0.05,0
490,Lasioglossum albipenne,Centaurea solstitialis,0.0,0.06,0
491,Lasioglossum cooleyi,Centaurea solstitialis,0.0,0.05,0
492,Lasioglossum incompletum,Centaurea solstitialis,0.0,0.22,0
493,Lasioglossum laevissimum,Centaurea solstitialis,0.0,0.23,0
494,Lasioglossum nevadense,Centaurea solstitialis,0.0,0.2,0
495,Lasioglossum olympiae,Centaurea solstitialis,0.0,0.05,0
496,Lasioglossum ovaliceps,Centaurea solstitialis,0.0,0.05,0
497,Lasioglossum sedi,Centaurea solstitialis,0.0,0.05,0
498,Lasioglossum sp.,Centaurea solstitialis,1.0,0.43,0
499,Lasioglossum sp. 2,Centaurea solstitialis,0.0,0.28,0
500,Lasioglossum titusi,Centaurea solstitialis,0.0,0.27,0
501,Megachile apicalis,Centaurea solstitialis,1.0,0.29,0
502,Megachile nevadensis,Centaurea solstitialis,0.0,0.06,0
503,Megachile onobrychidis,Centaurea solstitialis,1.0,0.33,0
504,Megachile perihirta,Centaurea solstitialis,0.0,0.29,0
505,Melissodes bimatris,Centaurea solstitialis,1.0,0.27,0
506,Melissodes lupinus,Centaurea solstitialis,0.0,0.25,0
507,Melissodes lutulentus,Centaurea solstitialis,1.0,0.23,0
508,Melissodes microstictus,Centaurea solstitialis,0.0,0.23,0
509,Melissodes pallidisignatus,Centaurea solstitialis,0.0,0.31,0
510,Melissodes rivalis,Centaurea solstitialis,0.0,0.05,0
511,Melissodes subagilis,Centaurea solstitialis,0.0,0.25,0
512,Osmia atrocyanea,Centaurea solstitialis,0.0,0.04,0
513,Osmia brevis,Centaurea solstitialis,0.0,0.04,0
514,Osmia bucephala,Centaurea solstitialis,0.0,0.04,0
515,Osmia integra,Centaurea solstitialis,0.0,0.04,0
516,Osmia juxta,Centaurea solstitialis,0.0,0.22,0
517,Osmia raritatis,Centaurea solstitialis,0.0,0.05,0
518,Osmia sp. 2,Centaurea solstitialis,0.0,0.05,0
519,Panurginus torchio,Centaurea solstitialis,0.0,0.05,0
520,Perdita wyomingensis,Centaurea solstitialis,0.0,0.05,0
521,Sphecodes sp.,Centaurea solstitialis,0.0,0.05,0
522,Svastra obliqua,Centaurea solstitialis,1.0,0.21,0
523,Triepeolus paenepectoralis,Centaurea solstitialis,1.0,0.27,0
524,Xeromelecta californica,Centaurea solstitialis,0.0,0.07,0
525,Agapostemon femoratus,Cirsium arvense,0.0,0.06,0
526,Agapostemon texanus,Cirsium arvense,0.0,0.04,0
527,Andrena astragali,Cirsium arvense,0.0,0.11,0
528,Andrena barbilabris,Cirsium arvense,0.0,0.02,0
529,Andrena cyanophila,Cirsium arvense,0.0,0.02,0
530,Andrena melanochroa,Cirsium arvense,0.0,0.07,0
531,Andrena nigrocaerulea,Cirsium arvense,0.0,0.05,0
532,Andrena nivalis,Cirsium arvense,0.0,0.02,0
533,Andrena pallidifovea,Cirsium arvense,0.0,0.05,0
534,Andrena prunorum,Cirsium arvense,0.0,0.05,0
535,Andrena sp. 1,Cirsium arvense,0.0,0.02,0
536,Andrena sp. A,Cirsium arvense,0.0,0.02,0
537,Andrena transnigra,Cirsium arvense,0.0,0.02,0
538,Andrena vicinoides,Cirsium arvense,0.0,0.04,0
539,Anthophora bomboides,Cirsium arvense,0.0,0.02,0
540,Anthophora curta,Cirsium arvense,0.0,0.05,0
541,Anthophora pacifica,Cirsium arvense,0.0,0.02,0
542,Anthophora urbana,Cirsium arvense,0.0,0.05,0
543,Bombus appositus,Cirsium arvense,0.0,0.07,0
544,Bombus bifarius,Cirsium arvense,0.0,0.13,0
545,Bombus californicus,Cirsium arvense,0.0,0.13,0
546,Bombus centralis,Cirsium arvense,0.0,0.08,0
547,Bombus fernaldae,Cirsium arvense,0.0,0.02,0
548,Bombus fervidus,Cirsium arvense,0.0,0.02,0
549,Bombus flavifrons,Cirsium arvense,0.0,0.11,0
550,Bombus griseocollis,Cirsium arvense,0.0,0.06,0
551,Bombus huntii,Cirsium arvense,0.0,0.06,0
552,Bombus insularis,Cirsium arvense,0.0,0.04,0
553,Bombus mixtus,Cirsium arvense,0.0,0.07,0
554,Bombus nevadensis,Cirsium arvense,0.0,0.07,0
555,Bombus rufocinctus,Cirsium arvense,0.0,0.07,0
556,Bombus vosnesenskii,Cirsium arvense,0.0,0.07,0
557,Coelioxys rufitarsis,Cirsium arvense,0.0,0.06,0
558,Colletes phaceliae,Cirsium arvense,0.0,0.05,0
559,Diadasia nigrifrons,Cirsium arvense,0.0,0.02,0
560,Halictus farinosus,Cirsium arvense,0.0,0.07,0
561,Halictus ligatus,Cirsium arvense,1.0,0.79,1
562,Halictus rubicundus,Cirsium arvense,0.0,0.06,0
563,Halictus tripartitus,Cirsium arvense,0.0,0.05,0
564,Hylaeus verticalis,Cirsium arvense,0.0,0.02,0
565,Lasioglossum albipenne,Cirsium arvense,0.0,0.02,0
566,Lasioglossum cooleyi,Cirsium arvense,0.0,0.02,0
567,Lasioglossum incompletum,Cirsium arvense,0.0,0.03,0
568,Lasioglossum laevissimum,Cirsium arvense,0.0,0.04,0
569,Lasioglossum nevadense,Cirsium arvense,0.0,0.04,0
570,Lasioglossum olympiae,Cirsium arvense,0.0,0.02,0
571,Lasioglossum ovaliceps,Cirsium arvense,0.0,0.02,0
572,Lasioglossum sedi,Cirsium arvense,0.0,0.02,0
573,Lasioglossum sp.,Cirsium arvense,0.0,0.08,0
574,Lasioglossum sp. 2,Cirsium arvense,0.0,0.04,0
575,Lasioglossum titusi,Cirsium arvense,0.0,0.05,0
576,Megachile apicalis,Cirsium arvense,0.0,0.05,0
577,Megachile nevadensis,Cirsium arvense,0.0,0.02,0
578,Megachile onobrychidis,Cirsium arvense,0.0,0.05,0
579,Megachile perihirta,Cirsium arvense,0.0,0.05,0
580,Melissodes bimatris,Cirsium arvense,0.0,0.04,0
581,Melissodes lupinus,Cirsium arvense,0.0,0.05,0
582,Melissodes lutulentus,Cirsium arvense,0.0,0.03,0
583,Melissodes microstictus,Cirsium arvense,0.0,0.11,0
584,Melissodes pallidisignatus,Cirsium arvense,0.0,0.05,0
585,Melissodes rivalis,Cirsium arvense,0.0,0.03,0
586,Melissodes subagilis,Cirsium arvense,0.0,0.03,0
587,Osmia atrocyanea,Cirsium arvense,0.0,0.02,0
588,Osmia brevis,Cirsium arvense,0.0,0.02,0
589,Osmia bucephala,Cirsium arvense,0.0,0.02,0
590,Osmia integra,Cirsium arvense,0.0,0.02,0
591,Osmia juxta,Cirsium arvense,0.0,0.04,0
592,Osmia raritatis,Cirsium arvense,0.0,0.02,0
593,Osmia sp. 2,Cirsium arvense,0.0,0.03,0
594,Panurginus torchio,Cirsium arvense,0.0,0.02,0
595,Perdita wyomingensis,Cirsium arvense,0.0,0.02,0
596,Sphecodes sp.,Cirsium arvense,0.0,0.02,0
597,Svastra obliqua,Cirsium arvense,0.0,0.03,0
598,Triepeolus paenepectoralis,Cirsium arvense,0.0,0.04,0
599,Xeromelecta californica,Cirsium arvense,0.0,0.02,0
600,Agapostemon femoratus,Cirsium brevifolium,0.0,0.25,0
601,Agapostemon texanus,Cirsium brevifolium,0.0,0.15,0
602,Andrena astragali,Cirsium brevifolium,0.0,0.16,0
603,Andrena barbilabris,Cirsium brevifolium,0.0,0.04,0
604,Andrena cyanophila,Cirsium brevifolium,0.0,0.04,0
605,Andrena melanochroa,Cirsium brevifolium,0.0,0.23,0
606,Andrena nigrocaerulea,Cirsium brevifolium,0.0,0.2,0
607,Andrena nivalis,Cirsium brevifolium,0.0,0.04,0
608,Andrena pallidifovea,Cirsium brevifolium,0.0,0.22,0
609,Andrena prunorum,Cirsium brevifolium,0.0,0.2,0
610,Andrena sp. 1,Cirsium brevifolium,0.0,0.04,0
611,Andrena sp. A,Cirsium brevifolium,0.0,0.04,0
612,Andrena transnigra,Cirsium brevifolium,0.0,0.04,0
613,Andrena vicinoides,Cirsium brevifolium,0.0,0.17,0
614,Anthophora bomboides,Cirsium brevifolium,0.0,0.06,0
615,Anthophora curta,Cirsium brevifolium,0.0,0.17,0
616,Anthophora pacifica,Cirsium brevifolium,0.0,0.04,0
617,Anthophora urbana,Cirsium brevifolium,0.0,0.21,0
618,Bombus appositus,Cirsium brevifolium,0.0,0.28,0
619,Bombus bifarius,Cirsium brevifolium,0.0,0.49,0
620,Bombus californicus,Cirsium brevifolium,1.0,0.74,1
621,Bombus centralis,Cirsium brevifolium,0.0,0.41,0
622,Bombus fernaldae,Cirsium brevifolium,0.0,0.04,0
623,Bombus fervidus,Cirsium brevifolium,0.0,0.06,0
624,Bombus flavifrons,Cirsium brevifolium,0.0,0.46,0
625,Bombus griseocollis,Cirsium brevifolium,0.0,0.22,0
626,Bombus huntii,Cirsium brevifolium,0.0,0.26,0
627,Bombus insularis,Cirsium brevifolium,0.0,0.16,0
628,Bombus mixtus,Cirsium brevifolium,0.0,0.29,0
629,Bombus nevadensis,Cirsium brevifolium,0.0,0.27,0
630,Bombus rufocinctus,Cirsium brevifolium,0.0,0.27,0
631,Bombus vosnesenskii,Cirsium brevifolium,0.0,0.27,0
632,Coelioxys rufitarsis,Cirsium brevifolium,0.0,0.21,0
633,Colletes phaceliae,Cirsium brevifolium,0.0,0.21,0
634,Diadasia nigrifrons,Cirsium brevifolium,0.0,0.06,0
635,Halictus farinosus,Cirsium brevifolium,0.0,0.3,0
636,Halictus ligatus,Cirsium brevifolium,0.0,0.35,0
637,Halictus rubicundus,Cirsium brevifolium,0.0,0.27,0
638,Halictus tripartitus,Cirsium brevifolium,0.0,0.21,0
639,Hylaeus verticalis,Cirsium brevifolium,0.0,0.04,0
640,Lasioglossum albipenne,Cirsium brevifolium,0.0,0.05,0
641,Lasioglossum cooleyi,Cirsium brevifolium,0.0,0.06,0
642,Lasioglossum incompletum,Cirsium brevifolium,0.0,0.12,0
643,Lasioglossum laevissimum,Cirsium brevifolium,0.0,0.15,0
644,Lasioglossum nevadense,Cirsium brevifolium,0.0,0.15,0
645,Lasioglossum olympiae,Cirsium brevifolium,0.0,0.04,0
646,Lasioglossum ovaliceps,Cirsium brevifolium,0.0,0.06,0
647,Lasioglossum sedi,Cirsium brevifolium,0.0,0.04,0
648,Lasioglossum sp.,Cirsium brevifolium,0.0,0.32,0
649,Lasioglossum sp. 2,Cirsium brevifolium,0.0,0.17,0
650,Lasioglossum titusi,Cirsium brevifolium,0.0,0.2,0
651,Megachile apicalis,Cirsium brevifolium,0.0,0.15,0
652,Megachile nevadensis,Cirsium brevifolium,0.0,0.05,0
653,Megachile onobrychidis,Cirsium brevifolium,0.0,0.21,0
654,Megachile perihirta,Cirsium brevifolium,0.0,0.2,0
655,Melissodes bimatris,Cirsium brevifolium,0.0,0.12,0
656,Melissodes lupinus,Cirsium brevifolium,0.0,0.19,0
657,Melissodes lutulentus,Cirsium brevifolium,0.0,0.11,0
658,Melissodes microstictus,Cirsium brevifolium,0.0,0.16,0
659,Melissodes pallidisignatus,Cirsium brevifolium,0.0,0.15,0
660,Melissodes rivalis,Cirsium brevifolium,1.0,0.71,1
661,Melissodes subagilis,Cirsium brevifolium,0.0,0.11,0
662,Osmia atrocyanea,Cirsium brevifolium,0.0,0.04,0
663,Osmia brevis,Cirsium brevifolium,0.0,0.04,0
664,Osmia bucephala,Cirsium brevifolium,0.0,0.04,0
665,Osmia integra,Cirsium brevifolium,0.0,0.04,0
666,Osmia juxta,Cirsium brevifolium,0.0,0.13,0
667,Osmia raritatis,Cirsium brevifolium,0.0,0.04,0
668,Osmia sp. 2,Cirsium brevifolium,0.0,0.06,0
669,Panurginus torchio,Cirsium brevifolium,0.0,0.04,0
670,Perdita wyomingensis,Cirsium brevifolium,0.0,0.04,0
671,Sphecodes sp.,Cirsium brevifolium,0.0,0.04,0
672,Svastra obliqua,Cirsium brevifolium,0.0,0.08,0
673,Triepeolus paenepectoralis,Cirsium brevifolium,0.0,0.12,0
674,Xeromelecta californica,Cirsium brevifolium,0.0,0.05,0
675,Agapostemon femoratus,Cirsium vulgare,0.0,0.46,0
676,Agapostemon texanus,Cirsium vulgare,0.0,0.33,0
677,Andrena astragali,Cirsium vulgare,0.0,0.27,0
678,Andrena barbilabris,Cirsium vulgare,0.0,0.07,0
679,Andrena cyanophila,Cirsium vulgare,0.0,0.07,0
680,Andrena melanochroa,Cirsium vulgare,0.0,0.37,0
681,Andrena nigrocaerulea,Cirsium vulgare,0.0,0.34,0
682,Andrena nivalis,Cirsium vulgare,0.0,0.07,0
683,Andrena pallidifovea,Cirsium vulgare,0.0,0.33,0
684,Andrena prunorum,Cirsium vulgare,0.0,0.29,0
685,Andrena sp. 1,Cirsium vulgare,0.0,0.06,0
686,Andrena sp. A,Cirsium vulgare,0.0,0.07,0
687,Andrena transnigra,Cirsium vulgare,0.0,0.07,0
688,Andrena vicinoides,Cirsium vulgare,0.0,0.34,0
689,Anthophora bomboides,Cirsium vulgare,0.0,0.08,0
690,Anthophora curta,Cirsium vulgare,0.0,0.37,0
691,Anthophora pacifica,Cirsium vulgare,0.0,0.06,0
692,Anthophora urbana,Cirsium vulgare,1.0,0.39,0
693,Bombus appositus,Cirsium vulgare,0.0,0.46,0
694,Bombus bifarius,Cirsium vulgare,1.0,0.65,1
695,Bombus californicus,Cirsium vulgare,1.0,0.66,1
696,Bombus centralis,Cirsium vulgare,1.0,0.53,1
697,Bombus fernaldae,Cirsium vulgare,0.0,0.07,0
698,Bombus fervidus,Cirsium vulgare,0.0,0.08,0
699,Bombus flavifrons,Cirsium vulgare,0.0,0.58,1
700,Bombus griseocollis,Cirsium vulgare,0.0,0.37,0
701,Bombus huntii,Cirsium vulgare,0.0,0.44,0
702,Bombus insularis,Cirsium vulgare,0.0,0.32,0
703,Bombus mixtus,Cirsium vulgare,0.0,0.46,0
704,Bombus nevadensis,Cirsium vulgare,0.0,0.45,0
705,Bombus rufocinctus,Cirsium vulgare,0.0,0.43,0
706,Bombus vosnesenskii,Cirsium vulgare,1.0,0.42,0
707,Coelioxys rufitarsis,Cirsium vulgare,1.0,0.38,0
708,Colletes phaceliae,Cirsium vulgare,0.0,0.33,0
709,Diadasia nigrifrons,Cirsium vulgare,0.0,0.08,0
710,Halictus farinosus,Cirsium vulgare,0.0,0.45,0
711,Halictus ligatus,Cirsium vulgare,0.0,0.49,0
712,Halictus rubicundus,Cirsium vulgare,0.0,0.44,0
713,Halictus tripartitus,Cirsium vulgare,1.0,0.62,1
714,Hylaeus verticalis,Cirsium vulgare,0.0,0.07,0
715,Lasioglossum albipenne,Cirsium vulgare,0.0,0.08,0
716,Lasioglossum cooleyi,Cirsium vulgare,0.0,0.08,0
717,Lasioglossum incompletum,Cirsium vulgare,0.0,0.3,0
718,Lasioglossum laevissimum,Cirsium vulgare,0.0,0.31,0
719,Lasioglossum nevadense,Cirsium vulgare,0.0,0.27,0
720,Lasioglossum olympiae,Cirsium vulgare,0.0,0.07,0
721,Lasioglossum ovaliceps,Cirsium vulgare,0.0,0.08,0
722,Lasioglossum sedi,Cirsium vulgare,0.0,0.07,0
723,Lasioglossum sp.,Cirsium vulgare,0.0,0.45,0
724,Lasioglossum sp. 2,Cirsium vulgare,0.0,0.34,0
725,Lasioglossum titusi,Cirsium vulgare,0.0,0.33,0
726,Megachile apicalis,Cirsium vulgare,0.0,0.33,0
727,Megachile nevadensis,Cirsium vulgare,0.0,0.08,0
728,Megachile onobrychidis,Cirsium vulgare,0.0,0.38,0
729,Megachile perihirta,Cirsium vulgare,1.0,0.38,0
730,Melissodes bimatris,Cirsium vulgare,0.0,0.3,0
731,Melissodes lupinus,Cirsium vulgare,0.0,0.3,0
732,Melissodes lutulentus,Cirsium vulgare,0.0,0.25,0
733,Melissodes microstictus,Cirsium vulgare,0.0,0.27,0
734,Melissodes pallidisignatus,Cirsium vulgare,0.0,0.33,0
735,Melissodes rivalis,Cirsium vulgare,0.0,0.08,0
736,Melissodes subagilis,Cirsium vulgare,0.0,0.28,0
737,Osmia atrocyanea,Cirsium vulgare,0.0,0.06,0
738,Osmia brevis,Cirsium vulgare,0.0,0.06,0
739,Osmia bucephala,Cirsium vulgare,0.0,0.06,0
740,Osmia integra,Cirsium vulgare,0.0,0.06,0
741,Osmia juxta,Cirsium vulgare,0.0,0.31,0
742,Osmia raritatis,Cirsium vulgare,0.0,0.07,0
743,Osmia sp. 2,Cirsium vulgare,0.0,0.08,0
744,Panurginus torchio,Cirsium vulgare,0.0,0.07,0
745,Perdita wyomingensis,Cirsium vulgare,0.0,0.07,0
746,Sphecodes sp.,Cirsium vulgare,0.0,0.06,0
747,Svastra obliqua,Cirsium vulgare,0.0,0.25,0
748,Triepeolus paenepectoralis,Cirsium vulgare,0.0,0.3,0
749,Xeromelecta californica,Cirsium vulgare,0.0,0.08,0
750,Agapostemon femoratus,Clarkia pulchella,0.0,0.22,0
751,Agapostemon texanus,Clarkia pulchella,0.0,0.1,0
752,Andrena astragali,Clarkia pulchella,0.0,0.09,0
753,Andrena barbilabris,Clarkia pulchella,0.0,0.04,0
754,Andrena cyanophila,Clarkia pulchella,0.0,0.04,0
755,Andrena melanochroa,Clarkia pulchella,0.0,0.16,0
756,Andrena nigrocaerulea,Clarkia pulchella,0.0,0.12,0
757,Andrena nivalis,Clarkia pulchella,0.0,0.04,0
758,Andrena pallidifovea,Clarkia pulchella,0.0,0.13,0
759,Andrena prunorum,Clarkia pulchella,0.0,0.09,0
760,Andrena sp. 1,Clarkia pulchella,0.0,0.03,0
761,Andrena sp. A,Clarkia pulchella,0.0,0.04,0
762,Andrena transnigra,Clarkia pulchella,0.0,0.04,0
763,Andrena vicinoides,Clarkia pulchella,0.0,0.11,0
764,Anthophora bomboides,Clarkia pulchella,0.0,0.04,0
765,Anthophora curta,Clarkia pulchella,0.0,0.13,0
766,Anthophora pacifica,Clarkia pulchella,0.0,0.03,0
767,Anthophora urbana,Clarkia pulchella,0.0,0.14,0
768,Bombus appositus,Clarkia pulchella,0.0,0.26,0
769,Bombus bifarius,Clarkia pulchella,0.0,0.51,1
770,Bombus californicus,Clarkia pulchella,1.0,0.54,1
771,Bombus centralis,Clarkia pulchella,1.0,0.42,0
772,Bombus fernaldae,Clarkia pulchella,0.0,0.03,0
773,Bombus fervidus,Clarkia pulchella,0.0,0.04,0
774,Bombus flavifrons,Clarkia pulchella,0.0,0.44,0
775,Bombus griseocollis,Clarkia pulchella,0.0,0.13,0
776,Bombus huntii,Clarkia pulchella,0.0,0.19,0
777,Bombus insularis,Clarkia pulchella,0.0,0.1,0
778,Bombus mixtus,Clarkia pulchella,0.0,0.27,0
779,Bombus nevadensis,Clarkia pulchella,0.0,0.21,0
780,Bombus rufocinctus,Clarkia pulchella,0.0,0.21,0
781,Bombus vosnesenskii,Clarkia pulchella,0.0,0.21,0
782,Coelioxys rufitarsis,Clarkia pulchella,0.0,0.13,0
783,Colletes phaceliae,Clarkia pulchella,0.0,0.11,0
784,Diadasia nigrifrons,Clarkia pulchella,0.0,0.03,0
785,Halictus farinosus,Clarkia pulchella,0.0,0.25,0
786,Halictus ligatus,Clarkia pulchella,0.0,0.28,0
787,Halictus rubicundus,Clarkia pulchella,0.0,0.21,0
788,Halictus tripartitus,Clarkia pulchella,0.0,0.12,0
789,Hylaeus verticalis,Clarkia pulchella,0.0,0.03,0
790,Lasioglossum albipenne,Clarkia pulchella,0.0,0.03,0
791,Lasioglossum cooleyi,Clarkia pulchella,0.0,0.04,0
792,Lasioglossum incompletum,Clarkia pulchella,0.0,0.07,0
793,Lasioglossum laevissimum,Clarkia pulchella,0.0,0.09,0
794,Lasioglossum nevadense,Clarkia pulchella,0.0,0.08,0
795,Lasioglossum olympiae,Clarkia pulchella,0.0,0.04,0
796,Lasioglossum ovaliceps,Clarkia pulchella,0.0,0.03,0
797,Lasioglossum sedi,Clarkia pulchella,0.0,0.03,0
798,Lasioglossum sp.,Clarkia pulchella,0.0,0.25,0
799,Lasioglossum sp. 2,Clarkia pulchella,0.0,0.11,0
800,Lasioglossum titusi,Clarkia pulchella,0.0,0.12,0
801,Megachile apicalis,Clarkia pulchella,0.0,0.1,0
802,Megachile nevadensis,Clarkia pulchella,0.0,0.03,0
803,Megachile onobrychidis,Clarkia pulchella,0.0,0.13,0
804,Megachile perihirta,Clarkia pulchella,0.0,0.12,0
805,Melissodes bimatris,Clarkia pulchella,0.0,0.09,0
806,Melissodes lupinus,Clarkia pulchella,0.0,0.1,0
807,Melissodes lutulentus,Clarkia pulchella,0.0,0.06,0
808,Melissodes microstictus,Clarkia pulchella,0.0,0.09,0
809,Melissodes pallidisignatus,Clarkia pulchella,0.0,0.1,0
810,Melissodes rivalis,Clarkia pulchella,0.0,0.04,0
811,Melissodes subagilis,Clarkia pulchella,0.0,0.07,0
812,Osmia atrocyanea,Clarkia pulchella,0.0,0.03,0
813,Osmia brevis,Clarkia pulchella,0.0,0.03,0
814,Osmia bucephala,Clarkia pulchella,0.0,0.03,0
815,Osmia integra,Clarkia pulchella,0.0,0.03,0
816,Osmia juxta,Clarkia pulchella,0.0,0.09,0
817,Osmia raritatis,Clarkia pulchella,0.0,0.03,0
818,Osmia sp. 2,Clarkia pulchella,0.0,0.04,0
819,Panurginus torchio,Clarkia pulchella,0.0,0.04,0
820,Perdita wyomingensis,Clarkia pulchella,0.0,0.04,0
821,Sphecodes sp.,Clarkia pulchella,0.0,0.03,0
822,Svastra obliqua,Clarkia pulchella,0.0,0.07,0
823,Triepeolus paenepectoralis,Clarkia pulchella,0.0,0.09,0
824,Xeromelecta californica,Clarkia pulchella,0.0,0.03,0
825,Agapostemon femoratus,Collomia linearis,0.0,0.04,0
826,Agapostemon texanus,Collomia linearis,0.0,0.03,0
827,Andrena astragali,Collomia linearis,0.0,0.09,0
828,Andrena barbilabris,Collomia linearis,0.0,0.02,0
829,Andrena cyanophila,Collomia linearis,0.0,0.02,0
830,Andrena melanochroa,Collomia linearis,0.0,0.05,0
831,Andrena nigrocaerulea,Collomia linearis,0.0,0.04,0
832,Andrena nivalis,Collomia linearis,0.0,0.02,0
833,Andrena pallidifovea,Collomia linearis,0.0,0.04,0
834,Andrena prunorum,Collomia linearis,0.0,0.03,0
835,Andrena sp. 1,Collomia linearis,0.0,0.02,0
836,Andrena sp. A,Collomia linearis,0.0,0.02,0
837,Andrena transnigra,Collomia linearis,0.0,0.02,0
838,Andrena vicinoides,Collomia linearis,0.0,0.03,0
839,Anthophora bomboides,Collomia linearis,0.0,0.02,0
840,Anthophora curta,Collomia linearis,0.0,0.04,0
841,Anthophora pacifica,Collomia linearis,0.0,0.02,0
842,Anthophora urbana,Collomia linearis,0.0,0.05,0
843,Bombus appositus,Collomia linearis,0.0,0.06,0
844,Bombus bifarius,Collomia linearis,0.0,0.13,0
845,Bombus californicus,Collomia linearis,0.0,0.12,0
846,Bombus centralis,Collomia linearis,0.0,0.09,0
847,Bombus fernaldae,Collomia linearis,0.0,0.02,0
848,Bombus fervidus,Collomia linearis,0.0,0.02,0
849,Bombus flavifrons,Collomia linearis,1.0,0.92,1
850,Bombus griseocollis,Collomia linearis,0.0,0.05,0
851,Bombus huntii,Collomia linearis,0.0,0.05,0
852,Bombus insularis,Collomia linearis,0.0,0.03,0
853,Bombus mixtus,Collomia linearis,0.0,0.05,0
854,Bombus nevadensis,Collomia linearis,0.0,0.05,0
855,Bombus rufocinctus,Collomia linearis,0.0,0.05,0
856,Bombus vosnesenskii,Collomia linearis,0.0,0.05,0
857,Coelioxys rufitarsis,Collomia linearis,0.0,0.05,0
858,Colletes phaceliae,Collomia linearis,0.0,0.04,0
859,Diadasia nigrifrons,Collomia linearis,0.0,0.02,0
860,Halictus farinosus,Collomia linearis,0.0,0.06,0
861,Halictus ligatus,Collomia linearis,0.0,0.07,0
862,Halictus rubicundus,Collomia linearis,0.0,0.05,0
863,Halictus tripartitus,Collomia linearis,0.0,0.04,0
864,Hylaeus verticalis,Collomia linearis,0.0,0.02,0
865,Lasioglossum albipenne,Collomia linearis,0.0,0.02,0
866,Lasioglossum cooleyi,Collomia linearis,0.0,0.02,0
867,Lasioglossum incompletum,Collomia linearis,0.0,0.03,0
868,Lasioglossum laevissimum,Collomia linearis,0.0,0.03,0
869,Lasioglossum nevadense,Collomia linearis,0.0,0.03,0
870,Lasioglossum olympiae,Collomia linearis,0.0,0.02,0
871,Lasioglossum ovaliceps,Collomia linearis,0.0,0.02,0
872,Lasioglossum sedi,Collomia linearis,0.0,0.02,0
873,Lasioglossum sp.,Collomia linearis,0.0,0.07,0
874,Lasioglossum sp. 2,Collomia linearis,0.0,0.03,0
875,Lasioglossum titusi,Collomia linearis,0.0,0.04,0
876,Megachile apicalis,Collomia linearis,0.0,0.04,0
877,Megachile nevadensis,Collomia linearis,0.0,0.02,0
878,Megachile onobrychidis,Collomia linearis,0.0,0.04,0
879,Megachile perihirta,Collomia linearis,0.0,0.04,0
880,Melissodes bimatris,Collomia linearis,0.0,0.03,0
881,Melissodes lupinus,Collomia linearis,0.0,0.04,0
882,Melissodes lutulentus,Collomia linearis,0.0,0.03,0
883,Melissodes microstictus,Collomia linearis,0.0,0.09,0
884,Melissodes pallidisignatus,Collomia linearis,0.0,0.04,0
885,Melissodes rivalis,Collomia linearis,0.0,0.02,0
886,Melissodes subagilis,Collomia linearis,0.0,0.03,0
887,Osmia atrocyanea,Collomia linearis,0.0,0.02,0
888,Osmia brevis,Collomia linearis,0.0,0.02,0
889,Osmia bucephala,Collomia linearis,0.0,0.02,0
890,Osmia integra,Collomia linearis,0.0,0.02,0
891,Osmia juxta,Collomia linearis,0.0,0.03,0
892,Osmia raritatis,Collomia linearis,0.0,0.02,0
893,Osmia sp. 2,Collomia linearis,0.0,0.02,0
894,Panurginus torchio,Collomia linearis,0.0,0.02,0
895,Perdita wyomingensis,Collomia linearis,0.0,0.02,0
896,Sphecodes sp.,Collomia linearis,0.0,0.02,0
897,Svastra obliqua,Collomia linearis,0.0,0.03,0
898,Triepeolus paenepectoralis,Collomia linearis,0.0,0.03,0
899,Xeromelecta californica,Collomia linearis,0.0,0.02,0
900,Agapostemon femoratus,Delphinium nuttallianum,0.0,0.04,0
901,Agapostemon texanus,Delphinium nuttallianum,0.0,0.03,0
902,Andrena astragali,Delphinium nuttallianum,0.0,0.09,0
903,Andrena barbilabris,Delphinium nuttallianum,0.0,0.02,0
904,Andrena cyanophila,Delphinium nuttallianum,0.0,0.02,0
905,Andrena melanochroa,Delphinium nuttallianum,0.0,0.05,0
906,Andrena nigrocaerulea,Delphinium nuttallianum,0.0,0.03,0
907,Andrena nivalis,Delphinium nuttallianum,0.0,0.02,0
908,Andrena pallidifovea,Delphinium nuttallianum,0.0,0.04,0
909,Andrena prunorum,Delphinium nuttallianum,0.0,0.03,0
910,Andrena sp. 1,Delphinium nuttallianum,0.0,0.02,0
911,Andrena sp. A,Delphinium nuttallianum,0.0,0.02,0
912,Andrena transnigra,Delphinium nuttallianum,0.0,0.02,0
913,Andrena vicinoides,Delphinium nuttallianum,0.0,0.03,0
914,Anthophora bomboides,Delphinium nuttallianum,0.0,0.02,0
915,Anthophora curta,Delphinium nuttallianum,0.0,0.04,0
916,Anthophora pacifica,Delphinium nuttallianum,0.0,0.02,0
917,Anthophora urbana,Delphinium nuttallianum,0.0,0.04,0
918,Bombus appositus,Delphinium nuttallianum,0.0,0.05,0
919,Bombus bifarius,Delphinium nuttallianum,0.0,0.12,0
920,Bombus californicus,Delphinium nuttallianum,1.0,0.93,1
921,Bombus centralis,Delphinium nuttallianum,0.0,0.08,0
922,Bombus fernaldae,Delphinium nuttallianum,0.0,0.02,0
923,Bombus fervidus,Delphinium nuttallianum,0.0,0.02,0
924,Bombus flavifrons,Delphinium nuttallianum,0.0,0.1,0
925,Bombus griseocollis,Delphinium nuttallianum,0.0,0.04,0
926,Bombus huntii,Delphinium nuttallianum,0.0,0.05,0
927,Bombus insularis,Delphinium nuttallianum,0.0,0.03,0
928,Bombus mixtus,Delphinium nuttallianum,0.0,0.05,0
929,Bombus nevadensis,Delphinium nuttallianum,0.0,0.05,0
930,Bombus rufocinctus,Delphinium nuttallianum,0.0,0.05,0
931,Bombus vosnesenskii,Delphinium nuttallianum,0.0,0.05,0
932,Coelioxys rufitarsis,Delphinium nuttallianum,0.0,0.04,0
933,Colletes phaceliae,Delphinium nuttallianum,0.0,0.03,0
934,Diadasia nigrifrons,Delphinium nuttallianum,0.0,0.02,0
935,Halictus farinosus,Delphinium nuttallianum,0.0,0.05,0
936,Halictus ligatus,Delphinium nuttallianum,0.0,0.05,0
937,Halictus rubicundus,Delphinium nuttallianum,0.0,0.05,0
938,Halictus tripartitus,Delphinium nuttallianum,0.0,0.03,0
939,Hylaeus verticalis,Delphinium nuttallianum,0.0,0.02,0
940,Lasioglossum albipenne,Delphinium nuttallianum,0.0,0.02,0
941,Lasioglossum cooleyi,Delphinium nuttallianum,0.0,0.02,0
942,Lasioglossum incompletum,Delphinium nuttallianum,0.0,0.03,0
943,Lasioglossum laevissimum,Delphinium nuttallianum,0.0,0.03,0
944,Lasioglossum nevadense,Delphinium nuttallianum,0.0,0.03,0
945,Lasioglossum olympiae,Delphinium nuttallianum,0.0,0.02,0
946,Lasioglossum ovaliceps,Delphinium nuttallianum,0.0,0.02,0
947,Lasioglossum sedi,Delphinium nuttallianum,0.0,0.02,0
948,Lasioglossum sp.,Delphinium nuttallianum,0.0,0.06,0
949,Lasioglossum sp. 2,Delphinium nuttallianum,0.0,0.03,0
950,Lasioglossum titusi,Delphinium nuttallianum,0.0,0.04,0
951,Megachile apicalis,Delphinium nuttallianum,0.0,0.04,0
952,Megachile nevadensis,Delphinium nuttallianum,0.0,0.02,0
953,Megachile onobrychidis,Delphinium nuttallianum,0.0,0.04,0
954,Megachile perihirta,Delphinium nuttallianum,0.0,0.04,0
955,Melissodes bimatris,Delphinium nuttallianum,0.0,0.04,0
956,Melissodes lupinus,Delphinium nuttallianum,0.0,0.03,0
957,Melissodes lutulentus,Delphinium nuttallianum,0.0,0.03,0
958,Melissodes microstictus,Delphinium nuttallianum,0.0,0.09,0
959,Melissodes pallidisignatus,Delphinium nuttallianum,0.0,0.04,0
960,Melissodes rivalis,Delphinium nuttallianum,0.0,0.03,0
961,Melissodes subagilis,Delphinium nuttallianum,0.0,0.03,0
962,Osmia atrocyanea,Delphinium nuttallianum,0.0,0.02,0
963,Osmia brevis,Delphinium nuttallianum,0.0,0.02,0
964,Osmia bucephala,Delphinium nuttallianum,0.0,0.02,0
965,Osmia integra,Delphinium nuttallianum,0.0,0.02,0
966,Osmia juxta,Delphinium nuttallianum,0.0,0.03,0
967,Osmia raritatis,Delphinium nuttallianum,0.0,0.02,0
968,Osmia sp. 2,Delphinium nuttallianum,0.0,0.03,0
969,Panurginus torchio,Delphinium nuttallianum,0.0,0.02,0
970,Perdita wyomingensis,Delphinium nuttallianum,0.0,0.02,0
971,Sphecodes sp.,Delphinium nuttallianum,0.0,0.02,0
972,Svastra obliqua,Delphinium nuttallianum,0.0,0.03,0
973,Triepeolus paenepectoralis,Delphinium nuttallianum,0.0,0.04,0
974,Xeromelecta californica,Delphinium nuttallianum,0.0,0.02,0
975,Agapostemon femoratus,Dieteria canescens,1.0,0.44,0
976,Agapostemon texanus,Dieteria canescens,1.0,0.32,0
977,Andrena astragali,Dieteria canescens,0.0,0.26,0
978,Andrena barbilabris,Dieteria canescens,0.0,0.07,0
979,Andrena cyanophila,Dieteria canescens,0.0,0.07,0
980,Andrena melanochroa,Dieteria canescens,0.0,0.37,0
981,Andrena nigrocaerulea,Dieteria canescens,0.0,0.34,0
982,Andrena nivalis,Dieteria canescens,0.0,0.07,0
983,Andrena pallidifovea,Dieteria canescens,0.0,0.33,0
984,Andrena prunorum,Dieteria canescens,0.0,0.26,0
985,Andrena sp. 1,Dieteria canescens,0.0,0.06,0
986,Andrena sp. A,Dieteria canescens,0.0,0.07,0
987,Andrena transnigra,Dieteria canescens,0.0,0.07,0
988,Andrena vicinoides,Dieteria canescens,0.0,0.3,0
989,Anthophora bomboides,Dieteria canescens,0.0,0.08,0
990,Anthophora curta,Dieteria canescens,1.0,0.35,0
991,Anthophora pacifica,Dieteria canescens,0.0,0.06,0
992,Anthophora urbana,Dieteria canescens,0.0,0.32,0
993,Bombus appositus,Dieteria canescens,0.0,0.45,0
994,Bombus bifarius,Dieteria canescens,0.0,0.63,1
995,Bombus californicus,Dieteria canescens,0.0,0.63,1
996,Bombus centralis,Dieteria canescens,0.0,0.51,1
997,Bombus fernaldae,Dieteria canescens,0.0,0.07,0
998,Bombus fervidus,Dieteria canescens,0.0,0.07,0
999,Bombus flavifrons,Dieteria canescens,0.0,0.54,1
1000,Bombus griseocollis,Dieteria canescens,0.0,0.35,0
1001,Bombus huntii,Dieteria canescens,0.0,0.41,0
1002,Bombus insularis,Dieteria canescens,0.0,0.26,0
1003,Bombus mixtus,Dieteria canescens,0.0,0.46,0
1004,Bombus nevadensis,Dieteria canescens,0.0,0.41,0
1005,Bombus rufocinctus,Dieteria canescens,0.0,0.42,0
1006,Bombus vosnesenskii,Dieteria canescens,0.0,0.41,0
1007,Coelioxys rufitarsis,Dieteria canescens,1.0,0.36,0
1008,Colletes phaceliae,Dieteria canescens,0.0,0.31,0
1009,Diadasia nigrifrons,Dieteria canescens,0.0,0.08,0
1010,Halictus farinosus,Dieteria canescens,0.0,0.44,0
1011,Halictus ligatus,Dieteria canescens,0.0,0.48,0
1012,Halictus rubicundus,Dieteria canescens,0.0,0.42,0
1013,Halictus tripartitus,Dieteria canescens,0.0,0.32,0
1014,Hylaeus verticalis,Dieteria canescens,0.0,0.06,0
1015,Lasioglossum albipenne,Dieteria canescens,0.0,0.08,0
1016,Lasioglossum cooleyi,Dieteria canescens,0.0,0.08,0
1017,Lasioglossum incompletum,Dieteria canescens,0.0,0.23,0
1018,Lasioglossum laevissimum,Dieteria canescens,0.0,0.25,0
1019,Lasioglossum nevadense,Dieteria canescens,0.0,0.24,0
1020,Lasioglossum olympiae,Dieteria canescens,0.0,0.07,0
1021,Lasioglossum ovaliceps,Dieteria canescens,0.0,0.07,0
1022,Lasioglossum sedi,Dieteria canescens,0.0,0.06,0
1023,Lasioglossum sp.,Dieteria canescens,0.0,0.45,0
1024,Lasioglossum sp. 2,Dieteria canescens,0.0,0.3,0
1025,Lasioglossum titusi,Dieteria canescens,0.0,0.32,0
1026,Megachile apicalis,Dieteria canescens,0.0,0.31,0
1027,Megachile nevadensis,Dieteria canescens,1.0,0.79,1
1028,Megachile onobrychidis,Dieteria canescens,0.0,0.35,0
1029,Megachile perihirta,Dieteria canescens,0.0,0.32,0
1030,Melissodes bimatris,Dieteria canescens,1.0,0.29,0
1031,Melissodes lupinus,Dieteria canescens,1.0,0.3,0
1032,Melissodes lutulentus,Dieteria canescens,0.0,0.25,0
1033,Melissodes microstictus,Dieteria canescens,0.0,0.26,0
1034,Melissodes pallidisignatus,Dieteria canescens,1.0,0.32,0
1035,Melissodes rivalis,Dieteria canescens,0.0,0.07,0
1036,Melissodes subagilis,Dieteria canescens,0.0,0.27,0
1037,Osmia atrocyanea,Dieteria canescens,0.0,0.06,0
1038,Osmia brevis,Dieteria canescens,0.0,0.06,0
1039,Osmia bucephala,Dieteria canescens,0.0,0.06,0
1040,Osmia integra,Dieteria canescens,0.0,0.06,0
1041,Osmia juxta,Dieteria canescens,0.0,0.24,0
1042,Osmia raritatis,Dieteria canescens,0.0,0.07,0
1043,Osmia sp. 2,Dieteria canescens,0.0,0.07,0
1044,Panurginus torchio,Dieteria canescens,0.0,0.07,0
1045,Perdita wyomingensis,Dieteria canescens,0.0,0.07,0
1046,Sphecodes sp.,Dieteria canescens,0.0,0.06,0
1047,Svastra obliqua,Dieteria canescens,0.0,0.22,0
1048,Triepeolus paenepectoralis,Dieteria canescens,1.0,0.29,0
1049,Xeromelecta californica,Dieteria canescens,0.0,0.08,0
1050,Agapostemon femoratus,Erigeron corymbosus,0.0,0.38,0
1051,Agapostemon texanus,Erigeron corymbosus,0.0,0.25,0
1052,Andrena astragali,Erigeron corymbosus,0.0,0.24,0
1053,Andrena barbilabris,Erigeron corymbosus,0.0,0.07,0
1054,Andrena cyanophila,Erigeron corymbosus,0.0,0.07,0
1055,Andrena melanochroa,Erigeron corymbosus,0.0,0.31,0
1056,Andrena nigrocaerulea,Erigeron corymbosus,0.0,0.28,0
1057,Andrena nivalis,Erigeron corymbosus,0.0,0.07,0
1058,Andrena pallidifovea,Erigeron corymbosus,0.0,0.27,0
1059,Andrena prunorum,Erigeron corymbosus,0.0,0.24,0
1060,Andrena sp. 1,Erigeron corymbosus,0.0,0.07,0
1061,Andrena sp. A,Erigeron corymbosus,0.0,0.07,0
1062,Andrena transnigra,Erigeron corymbosus,0.0,0.07,0
1063,Andrena vicinoides,Erigeron corymbosus,0.0,0.26,0
1064,Anthophora bomboides,Erigeron corymbosus,0.0,0.08,0
1065,Anthophora curta,Erigeron corymbosus,0.0,0.26,0
1066,Anthophora pacifica,Erigeron corymbosus,0.0,0.07,0
1067,Anthophora urbana,Erigeron corymbosus,0.0,0.3,0
1068,Bombus appositus,Erigeron corymbosus,0.0,0.39,0
1069,Bombus bifarius,Erigeron corymbosus,1.0,0.6,1
1070,Bombus californicus,Erigeron corymbosus,0.0,0.61,1
1071,Bombus centralis,Erigeron corymbosus,0.0,0.49,0
1072,Bombus fernaldae,Erigeron corymbosus,0.0,0.06,0
1073,Bombus fervidus,Erigeron corymbosus,0.0,0.08,0
1074,Bombus flavifrons,Erigeron corymbosus,1.0,0.54,1
1075,Bombus griseocollis,Erigeron corymbosus,0.0,0.29,0
1076,Bombus huntii,Erigeron corymbosus,0.0,0.38,0
1077,Bombus insularis,Erigeron corymbosus,0.0,0.25,0
1078,Bombus mixtus,Erigeron corymbosus,0.0,0.4,0
1079,Bombus nevadensis,Erigeron corymbosus,0.0,0.37,0
1080,Bombus rufocinctus,Erigeron corymbosus,0.0,0.36,0
1081,Bombus vosnesenskii,Erigeron corymbosus,0.0,0.37,0
1082,Coelioxys rufitarsis,Erigeron corymbosus,0.0,0.28,0
1083,Colletes phaceliae,Erigeron corymbosus,0.0,0.28,0
1084,Diadasia nigrifrons,Erigeron corymbosus,0.0,0.08,0
1085,Halictus farinosus,Erigeron corymbosus,0.0,0.39,0
1086,Halictus ligatus,Erigeron corymbosus,1.0,0.43,0
1087,Halictus rubicundus,Erigeron corymbosus,0.0,0.38,0
1088,Halictus tripartitus,Erigeron corymbosus,0.0,0.29,0
1089,Hylaeus verticalis,Erigeron corymbosus,0.0,0.06,0
1090,Lasioglossum albipenne,Erigeron corymbosus,0.0,0.07,0
1091,Lasioglossum cooleyi,Erigeron corymbosus,1.0,0.79,1
1092,Lasioglossum incompletum,Erigeron corymbosus,1.0,0.28,0
1093,Lasioglossum laevissimum,Erigeron corymbosus,0.0,0.24,0
1094,Lasioglossum nevadense,Erigeron corymbosus,0.0,0.22,0
1095,Lasioglossum olympiae,Erigeron corymbosus,0.0,0.07,0
1096,Lasioglossum ovaliceps,Erigeron corymbosus,0.0,0.08,0
1097,Lasioglossum sedi,Erigeron corymbosus,0.0,0.06,0
1098,Lasioglossum sp.,Erigeron corymbosus,0.0,0.4,0
1099,Lasioglossum sp. 2,Erigeron corymbosus,0.0,0.27,0
1100,Lasioglossum titusi,Erigeron corymbosus,0.0,0.26,0
1101,Megachile apicalis,Erigeron corymbosus,0.0,0.24,0
1102,Megachile nevadensis,Erigeron corymbosus,0.0,0.07,0
1103,Megachile onobrychidis,Erigeron corymbosus,0.0,0.3,0
1104,Megachile perihirta,Erigeron corymbosus,0.0,0.27,0
1105,Melissodes bimatris,Erigeron corymbosus,0.0,0.21,0
1106,Melissodes lupinus,Erigeron corymbosus,0.0,0.25,0
1107,Melissodes lutulentus,Erigeron corymbosus,0.0,0.2,0
1108,Melissodes microstictus,Erigeron corymbosus,0.0,0.24,0
1109,Melissodes pallidisignatus,Erigeron corymbosus,0.0,0.24,0
1110,Melissodes rivalis,Erigeron corymbosus,0.0,0.08,0
1111,Melissodes subagilis,Erigeron corymbosus,0.0,0.21,0
1112,Osmia atrocyanea,Erigeron corymbosus,0.0,0.06,0
1113,Osmia brevis,Erigeron corymbosus,0.0,0.06,0
1114,Osmia bucephala,Erigeron corymbosus,0.0,0.06,0
1115,Osmia integra,Erigeron corymbosus,0.0,0.06,0
1116,Osmia juxta,Erigeron corymbosus,1.0,0.27,0
1117,Osmia raritatis,Erigeron corymbosus,0.0,0.06,0
1118,Osmia sp. 2,Erigeron corymbosus,0.0,0.08,0
1119,Panurginus torchio,Erigeron corymbosus,0.0,0.07,0
1120,Perdita wyomingensis,Erigeron corymbosus,0.0,0.07,0
1121,Sphecodes sp.,Erigeron corymbosus,0.0,0.06,0
1122,Svastra obliqua,Erigeron corymbosus,0.0,0.18,0
1123,Triepeolus paenepectoralis,Erigeron corymbosus,0.0,0.21,0
1124,Xeromelecta californica,Erigeron corymbosus,0.0,0.07,0
1125,Agapostemon femoratus,Erigeron pumilus,0.0,0.37,0
1126,Agapostemon texanus,Erigeron pumilus,0.0,0.26,0
1127,Andrena astragali,Erigeron pumilus,0.0,0.24,0
1128,Andrena barbilabris,Erigeron pumilus,0.0,0.07,0
1129,Andrena cyanophila,Erigeron pumilus,0.0,0.07,0
1130,Andrena melanochroa,Erigeron pumilus,0.0,0.32,0
1131,Andrena nigrocaerulea,Erigeron pumilus,0.0,0.31,0
1132,Andrena nivalis,Erigeron pumilus,0.0,0.07,0
1133,Andrena pallidifovea,Erigeron pumilus,0.0,0.28,0
1134,Andrena prunorum,Erigeron pumilus,0.0,0.25,0
1135,Andrena sp. 1,Erigeron pumilus,0.0,0.06,0
1136,Andrena sp. A,Erigeron pumilus,0.0,0.07,0
1137,Andrena transnigra,Erigeron pumilus,0.0,0.07,0
1138,Andrena vicinoides,Erigeron pumilus,0.0,0.27,0
1139,Anthophora bomboides,Erigeron pumilus,0.0,0.08,0
1140,Anthophora curta,Erigeron pumilus,0.0,0.28,0
1141,Anthophora pacifica,Erigeron pumilus,0.0,0.06,0
1142,Anthophora urbana,Erigeron pumilus,0.0,0.31,0
1143,Bombus appositus,Erigeron pumilus,0.0,0.39,0
1144,Bombus bifarius,Erigeron pumilus,0.0,0.57,1
1145,Bombus californicus,Erigeron pumilus,0.0,0.58,1
1146,Bombus centralis,Erigeron pumilus,0.0,0.47,0
1147,Bombus fernaldae,Erigeron pumilus,0.0,0.06,0
1148,Bombus fervidus,Erigeron pumilus,0.0,0.08,0
1149,Bombus flavifrons,Erigeron pumilus,0.0,0.52,1
1150,Bombus griseocollis,Erigeron pumilus,0.0,0.31,0
1151,Bombus huntii,Erigeron pumilus,0.0,0.36,0
1152,Bombus insularis,Erigeron pumilus,0.0,0.25,0
1153,Bombus mixtus,Erigeron pumilus,0.0,0.4,0
1154,Bombus nevadensis,Erigeron pumilus,0.0,0.38,0
1155,Bombus rufocinctus,Erigeron pumilus,0.0,0.36,0
1156,Bombus vosnesenskii,Erigeron pumilus,0.0,0.37,0
1157,Coelioxys rufitarsis,Erigeron pumilus,0.0,0.3,0
1158,Colletes phaceliae,Erigeron pumilus,0.0,0.29,0
1159,Diadasia nigrifrons,Erigeron pumilus,0.0,0.08,0
1160,Halictus farinosus,Erigeron pumilus,0.0,0.38,0
1161,Halictus ligatus,Erigeron pumilus,1.0,0.42,0
1162,Halictus rubicundus,Erigeron pumilus,1.0,0.38,0
1163,Halictus tripartitus,Erigeron pumilus,0.0,0.3,0
1164,Hylaeus verticalis,Erigeron pumilus,0.0,0.07,0
1165,Lasioglossum albipenne,Erigeron pumilus,1.0,0.79,1
1166,Lasioglossum cooleyi,Erigeron pumilus,0.0,0.08,0
1167,Lasioglossum incompletum,Erigeron pumilus,0.0,0.24,0
1168,Lasioglossum laevissimum,Erigeron pumilus,0.0,0.24,0
1169,Lasioglossum nevadense,Erigeron pumilus,0.0,0.22,0
1170,Lasioglossum olympiae,Erigeron pumilus,0.0,0.07,0
1171,Lasioglossum ovaliceps,Erigeron pumilus,0.0,0.08,0
1172,Lasioglossum sedi,Erigeron pumilus,0.0,0.07,0
1173,Lasioglossum sp.,Erigeron pumilus,0.0,0.4,0
1174,Lasioglossum sp. 2,Erigeron pumilus,0.0,0.27,0
1175,Lasioglossum titusi,Erigeron pumilus,0.0,0.28,0
1176,Megachile apicalis,Erigeron pumilus,0.0,0.26,0
1177,Megachile nevadensis,Erigeron pumilus,0.0,0.07,0
1178,Megachile onobrychidis,Erigeron pumilus,1.0,0.32,0
1179,Megachile perihirta,Erigeron pumilus,1.0,0.35,0
1180,Melissodes bimatris,Erigeron pumilus,0.0,0.23,0
1181,Melissodes lupinus,Erigeron pumilus,1.0,0.31,0
1182,Melissodes lutulentus,Erigeron pumilus,0.0,0.21,0
1183,Melissodes microstictus,Erigeron pumilus,0.0,0.24,0
1184,Melissodes pallidisignatus,Erigeron pumilus,0.0,0.26,0
1185,Melissodes rivalis,Erigeron pumilus,0.0,0.08,0
1186,Melissodes subagilis,Erigeron pumilus,0.0,0.22,0
1187,Osmia atrocyanea,Erigeron pumilus,0.0,0.06,0
1188,Osmia brevis,Erigeron pumilus,0.0,0.06,0
1189,Osmia bucephala,Erigeron pumilus,0.0,0.06,0
1190,Osmia integra,Erigeron pumilus,0.0,0.06,0
1191,Osmia juxta,Erigeron pumilus,0.0,0.24,0
1192,Osmia raritatis,Erigeron pumilus,0.0,0.06,0
1193,Osmia sp. 2,Erigeron pumilus,0.0,0.08,0
1194,Panurginus torchio,Erigeron pumilus,0.0,0.07,0
1195,Perdita wyomingensis,Erigeron pumilus,0.0,0.07,0
1196,Sphecodes sp.,Erigeron pumilus,0.0,0.06,0
1197,Svastra obliqua,Erigeron pumilus,0.0,0.19,0
1198,Triepeolus paenepectoralis,Erigeron pumilus,0.0,0.23,0
1199,Xeromelecta californica,Erigeron pumilus,0.0,0.07,0
1200,Agapostemon femoratus,Erigeron speciosus,0.0,0.18,0
1201,Agapostemon texanus,Erigeron speciosus,0.0,0.11,0
1202,Andrena astragali,Erigeron speciosus,0.0,0.16,0
1203,Andrena barbilabris,Erigeron speciosus,0.0,0.07,0
1204,Andrena cyanophila,Erigeron speciosus,0.0,0.07,0
1205,Andrena melanochroa,Erigeron speciosus,0.0,0.22,0
1206,Andrena nigrocaerulea,Erigeron speciosus,0.0,0.2,0
1207,Andrena nivalis,Erigeron speciosus,0.0,0.07,0
1208,Andrena pallidifovea,Erigeron speciosus,0.0,0.21,0
1209,Andrena prunorum,Erigeron speciosus,0.0,0.15,0
1210,Andrena sp. 1,Erigeron speciosus,0.0,0.08,0
1211,Andrena sp. A,Erigeron speciosus,0.0,0.07,0
1212,Andrena transnigra,Erigeron speciosus,0.0,0.07,0
1213,Andrena vicinoides,Erigeron speciosus,0.0,0.13,0
1214,Anthophora bomboides,Erigeron speciosus,0.0,0.08,0
1215,Anthophora curta,Erigeron speciosus,0.0,0.13,0
1216,Anthophora pacifica,Erigeron speciosus,0.0,0.08,0
1217,Anthophora urbana,Erigeron speciosus,0.0,0.25,0
1218,Bombus appositus,Erigeron speciosus,0.0,0.26,0
1219,Bombus bifarius,Erigeron speciosus,0.0,0.39,0
1220,Bombus californicus,Erigeron speciosus,0.0,0.37,0
1221,Bombus centralis,Erigeron speciosus,0.0,0.29,0
1222,Bombus fernaldae,Erigeron speciosus,0.0,0.08,0
1223,Bombus fervidus,Erigeron speciosus,0.0,0.09,0
1224,Bombus flavifrons,Erigeron speciosus,0.0,0.32,0
1225,Bombus griseocollis,Erigeron speciosus,0.0,0.19,0
1226,Bombus huntii,Erigeron speciosus,0.0,0.24,0
1227,Bombus insularis,Erigeron speciosus,0.0,0.12,0
1228,Bombus mixtus,Erigeron speciosus,0.0,0.24,0
1229,Bombus nevadensis,Erigeron speciosus,0.0,0.26,0
1230,Bombus rufocinctus,Erigeron speciosus,0.0,0.26,0
1231,Bombus vosnesenskii,Erigeron speciosus,0.0,0.24,0
1232,Coelioxys rufitarsis,Erigeron speciosus,0.0,0.23,0
1233,Colletes phaceliae,Erigeron speciosus,0.0,0.19,0
1234,Diadasia nigrifrons,Erigeron speciosus,0.0,0.09,0
1235,Halictus farinosus,Erigeron speciosus,0.0,0.25,0
1236,Halictus ligatus,Erigeron speciosus,0.0,0.28,0
1237,Halictus rubicundus,Erigeron speciosus,0.0,0.23,0
1238,Halictus tripartitus,Erigeron speciosus,0.0,0.2,0
1239,Hylaeus verticalis,Erigeron speciosus,0.0,0.08,0
1240,Lasioglossum albipenne,Erigeron speciosus,0.0,0.08,0
1241,Lasioglossum cooleyi,Erigeron speciosus,0.0,0.08,0
1242,Lasioglossum incompletum,Erigeron speciosus,0.0,0.1,0
1243,Lasioglossum laevissimum,Erigeron speciosus,0.0,0.12,0
1244,Lasioglossum nevadense,Erigeron speciosus,0.0,0.14,0
1245,Lasioglossum olympiae,Erigeron speciosus,0.0,0.07,0
1246,Lasioglossum ovaliceps,Erigeron speciosus,0.0,0.09,0
1247,Lasioglossum sedi,Erigeron speciosus,0.0,0.08,0
1248,Lasioglossum sp.,Erigeron speciosus,0.0,0.27,0
1249,Lasioglossum sp. 2,Erigeron speciosus,0.0,0.13,0
1250,Lasioglossum titusi,Erigeron speciosus,0.0,0.2,0
1251,Megachile apicalis,Erigeron speciosus,0.0,0.12,0
1252,Megachile nevadensis,Erigeron speciosus,0.0,0.08,0
1253,Megachile onobrychidis,Erigeron speciosus,0.0,0.18,0
1254,Megachile perihirta,Erigeron speciosus,0.0,0.19,0
1255,Melissodes bimatris,Erigeron speciosus,0.0,0.1,0
1256,Melissodes lupinus,Erigeron speciosus,0.0,0.18,0
1257,Melissodes lutulentus,Erigeron speciosus,0.0,0.08,0
1258,Melissodes microstictus,Erigeron speciosus,1.0,0.34,0
1259,Melissodes pallidisignatus,Erigeron speciosus,0.0,0.12,0
1260,Melissodes rivalis,Erigeron speciosus,0.0,0.09,0
1261,Melissodes subagilis,Erigeron speciosus,0.0,0.09,0
1262,Osmia atrocyanea,Erigeron speciosus,0.0,0.07,0
1263,Osmia brevis,Erigeron speciosus,0.0,0.07,0
1264,Osmia bucephala,Erigeron speciosus,0.0,0.08,0
1265,Osmia integra,Erigeron speciosus,0.0,0.08,0
1266,Osmia juxta,Erigeron speciosus,0.0,0.09,0
1267,Osmia raritatis,Erigeron speciosus,0.0,0.08,0
1268,Osmia sp. 2,Erigeron speciosus,0.0,0.09,0
1269,Panurginus torchio,Erigeron speciosus,0.0,0.07,0
1270,Perdita wyomingensis,Erigeron speciosus,0.0,0.07,0
1271,Sphecodes sp.,Erigeron speciosus,0.0,0.08,0
1272,Svastra obliqua,Erigeron speciosus,0.0,0.08,0
1273,Triepeolus paenepectoralis,Erigeron speciosus,0.0,0.1,0
1274,Xeromelecta californica,Erigeron speciosus,0.0,0.08,0
1275,Agapostemon femoratus,Eriogonum heracleoides,0.0,0.25,0
1276,Agapostemon texanus,Eriogonum heracleoides,0.0,0.17,0
1277,Andrena astragali,Eriogonum heracleoides,0.0,0.18,0
1278,Andrena barbilabris,Eriogonum heracleoides,0.0,0.04,0
1279,Andrena cyanophila,Eriogonum heracleoides,0.0,0.04,0
1280,Andrena melanochroa,Eriogonum heracleoides,0.0,0.23,0
1281,Andrena nigrocaerulea,Eriogonum heracleoides,0.0,0.22,0
1282,Andrena nivalis,Eriogonum heracleoides,0.0,0.04,0
1283,Andrena pallidifovea,Eriogonum heracleoides,0.0,0.2,0
1284,Andrena prunorum,Eriogonum heracleoides,1.0,0.4,0
1285,Andrena sp. 1,Eriogonum heracleoides,0.0,0.04,0
1286,Andrena sp. A,Eriogonum heracleoides,0.0,0.04,0
1287,Andrena transnigra,Eriogonum heracleoides,0.0,0.04,0
1288,Andrena vicinoides,Eriogonum heracleoides,0.0,0.17,0
1289,Anthophora bomboides,Eriogonum heracleoides,0.0,0.06,0
1290,Anthophora curta,Eriogonum heracleoides,0.0,0.18,0
1291,Anthophora pacifica,Eriogonum heracleoides,0.0,0.04,0
1292,Anthophora urbana,Eriogonum heracleoides,0.0,0.22,0
1293,Bombus appositus,Eriogonum heracleoides,0.0,0.3,0
1294,Bombus bifarius,Eriogonum heracleoides,1.0,0.54,1
1295,Bombus californicus,Eriogonum heracleoides,0.0,0.52,1
1296,Bombus centralis,Eriogonum heracleoides,0.0,0.41,0
1297,Bombus fernaldae,Eriogonum heracleoides,0.0,0.04,0
1298,Bombus fervidus,Eriogonum heracleoides,0.0,0.06,0
1299,Bombus flavifrons,Eriogonum heracleoides,0.0,0.46,0
1300,Bombus griseocollis,Eriogonum heracleoides,0.0,0.23,0
1301,Bombus huntii,Eriogonum heracleoides,0.0,0.28,0
1302,Bombus insularis,Eriogonum heracleoides,0.0,0.17,0
1303,Bombus mixtus,Eriogonum heracleoides,0.0,0.3,0
1304,Bombus nevadensis,Eriogonum heracleoides,0.0,0.27,0
1305,Bombus rufocinctus,Eriogonum heracleoides,0.0,0.28,0
1306,Bombus vosnesenskii,Eriogonum heracleoides,0.0,0.28,0
1307,Coelioxys rufitarsis,Eriogonum heracleoides,0.0,0.22,0
1308,Colletes phaceliae,Eriogonum heracleoides,0.0,0.21,0
1309,Diadasia nigrifrons,Eriogonum heracleoides,0.0,0.06,0
1310,Halictus farinosus,Eriogonum heracleoides,0.0,0.31,0
1311,Halictus ligatus,Eriogonum heracleoides,0.0,0.33,0
1312,Halictus rubicundus,Eriogonum heracleoides,0.0,0.28,0
1313,Halictus tripartitus,Eriogonum heracleoides,0.0,0.22,0
1314,Hylaeus verticalis,Eriogonum heracleoides,0.0,0.04,0
1315,Lasioglossum albipenne,Eriogonum heracleoides,0.0,0.05,0
1316,Lasioglossum cooleyi,Eriogonum heracleoides,0.0,0.06,0
1317,Lasioglossum incompletum,Eriogonum heracleoides,0.0,0.15,0
1318,Lasioglossum laevissimum,Eriogonum heracleoides,0.0,0.15,0
1319,Lasioglossum nevadense,Eriogonum heracleoides,0.0,0.16,0
1320,Lasioglossum olympiae,Eriogonum heracleoides,0.0,0.04,0
1321,Lasioglossum ovaliceps,Eriogonum heracleoides,0.0,0.06,0
1322,Lasioglossum sedi,Eriogonum heracleoides,0.0,0.04,0
1323,Lasioglossum sp.,Eriogonum heracleoides,0.0,0.31,0
1324,Lasioglossum sp. 2,Eriogonum heracleoides,0.0,0.17,0
1325,Lasioglossum titusi,Eriogonum heracleoides,0.0,0.21,0
1326,Megachile apicalis,Eriogonum heracleoides,0.0,0.16,0
1327,Megachile nevadensis,Eriogonum heracleoides,0.0,0.05,0
1328,Megachile onobrychidis,Eriogonum heracleoides,0.0,0.22,0
1329,Megachile perihirta,Eriogonum heracleoides,0.0,0.21,0
1330,Melissodes bimatris,Eriogonum heracleoides,0.0,0.13,0
1331,Melissodes lupinus,Eriogonum heracleoides,0.0,0.21,0
1332,Melissodes lutulentus,Eriogonum heracleoides,0.0,0.11,0
1333,Melissodes microstictus,Eriogonum heracleoides,0.0,0.18,0
1334,Melissodes pallidisignatus,Eriogonum heracleoides,0.0,0.16,0
1335,Melissodes rivalis,Eriogonum heracleoides,0.0,0.06,0
1336,Melissodes subagilis,Eriogonum heracleoides,0.0,0.12,0
1337,Osmia atrocyanea,Eriogonum heracleoides,0.0,0.03,0
1338,Osmia brevis,Eriogonum heracleoides,0.0,0.03,0
1339,Osmia bucephala,Eriogonum heracleoides,0.0,0.04,0
1340,Osmia integra,Eriogonum heracleoides,0.0,0.04,0
1341,Osmia juxta,Eriogonum heracleoides,0.0,0.15,0
1342,Osmia raritatis,Eriogonum heracleoides,0.0,0.04,0
1343,Osmia sp. 2,Eriogonum heracleoides,0.0,0.06,0
1344,Panurginus torchio,Eriogonum heracleoides,0.0,0.04,0
1345,Perdita wyomingensis,Eriogonum heracleoides,0.0,0.04,0
1346,Sphecodes sp.,Eriogonum heracleoides,0.0,0.03,0
1347,Svastra obliqua,Eriogonum heracleoides,0.0,0.09,0
1348,Triepeolus paenepectoralis,Eriogonum heracleoides,0.0,0.13,0
1349,Xeromelecta californica,Eriogonum heracleoides,0.0,0.05,0
1350,Agapostemon femoratus,Frasera albicaulis,0.0,0.46,0
1351,Agapostemon texanus,Frasera albicaulis,0.0,0.33,0
1352,Andrena astragali,Frasera albicaulis,0.0,0.27,0
1353,Andrena barbilabris,Frasera albicaulis,0.0,0.07,0
1354,Andrena cyanophila,Frasera albicaulis,0.0,0.07,0
1355,Andrena melanochroa,Frasera albicaulis,0.0,0.38,0
1356,Andrena nigrocaerulea,Frasera albicaulis,1.0,0.37,0
1357,Andrena nivalis,Frasera albicaulis,0.0,0.07,0
1358,Andrena pallidifovea,Frasera albicaulis,0.0,0.33,0
1359,Andrena prunorum,Frasera albicaulis,0.0,0.29,0
1360,Andrena sp. 1,Frasera albicaulis,0.0,0.06,0
1361,Andrena sp. A,Frasera albicaulis,0.0,0.07,0
1362,Andrena transnigra,Frasera albicaulis,0.0,0.07,0
1363,Andrena vicinoides,Frasera albicaulis,0.0,0.32,0
1364,Anthophora bomboides,Frasera albicaulis,0.0,0.08,0
1365,Anthophora curta,Frasera albicaulis,0.0,0.33,0
1366,Anthophora pacifica,Frasera albicaulis,0.0,0.06,0
1367,Anthophora urbana,Frasera albicaulis,0.0,0.34,0
1368,Bombus appositus,Frasera albicaulis,1.0,0.44,0
1369,Bombus bifarius,Frasera albicaulis,1.0,0.66,1
1370,Bombus californicus,Frasera albicaulis,1.0,0.65,1
1371,Bombus centralis,Frasera albicaulis,0.0,0.54,1
1372,Bombus fernaldae,Frasera albicaulis,0.0,0.07,0
1373,Bombus fervidus,Frasera albicaulis,0.0,0.07,0
1374,Bombus flavifrons,Frasera albicaulis,0.0,0.58,1
1375,Bombus griseocollis,Frasera albicaulis,0.0,0.37,0
1376,Bombus huntii,Frasera albicaulis,0.0,0.45,0
1377,Bombus insularis,Frasera albicaulis,1.0,0.33,0
1378,Bombus mixtus,Frasera albicaulis,0.0,0.46,0
1379,Bombus nevadensis,Frasera albicaulis,1.0,0.42,0
1380,Bombus rufocinctus,Frasera albicaulis,1.0,0.41,0
1381,Bombus vosnesenskii,Frasera albicaulis,1.0,0.42,0
1382,Coelioxys rufitarsis,Frasera albicaulis,0.0,0.34,0
1383,Colletes phaceliae,Frasera albicaulis,0.0,0.34,0
1384,Diadasia nigrifrons,Frasera albicaulis,0.0,0.08,0
1385,Halictus farinosus,Frasera albicaulis,0.0,0.45,0
1386,Halictus ligatus,Frasera albicaulis,0.0,0.49,0
1387,Halictus rubicundus,Frasera albicaulis,0.0,0.43,0
1388,Halictus tripartitus,Frasera albicaulis,0.0,0.34,0
1389,Hylaeus verticalis,Frasera albicaulis,0.0,0.07,0
1390,Lasioglossum albipenne,Frasera albicaulis,0.0,0.07,0
1391,Lasioglossum cooleyi,Frasera albicaulis,0.0,0.08,0
1392,Lasioglossum incompletum,Frasera albicaulis,0.0,0.29,0
1393,Lasioglossum laevissimum,Frasera albicaulis,0.0,0.3,0
1394,Lasioglossum nevadense,Frasera albicaulis,0.0,0.27,0
1395,Lasioglossum olympiae,Frasera albicaulis,0.0,0.07,0
1396,Lasioglossum ovaliceps,Frasera albicaulis,0.0,0.07,0
1397,Lasioglossum sedi,Frasera albicaulis,0.0,0.07,0
1398,Lasioglossum sp.,Frasera albicaulis,0.0,0.45,0
1399,Lasioglossum sp. 2,Frasera albicaulis,0.0,0.32,0
1400,Lasioglossum titusi,Frasera albicaulis,0.0,0.33,0
1401,Megachile apicalis,Frasera albicaulis,0.0,0.29,0
1402,Megachile nevadensis,Frasera albicaulis,0.0,0.07,0
1403,Megachile onobrychidis,Frasera albicaulis,0.0,0.38,0
1404,Megachile perihirta,Frasera albicaulis,0.0,0.34,0
1405,Melissodes bimatris,Frasera albicaulis,0.0,0.25,0
1406,Melissodes lupinus,Frasera albicaulis,0.0,0.31,0
1407,Melissodes lutulentus,Frasera albicaulis,0.0,0.23,0
1408,Melissodes microstictus,Frasera albicaulis,0.0,0.27,0
1409,Melissodes pallidisignatus,Frasera albicaulis,0.0,0.29,0
1410,Melissodes rivalis,Frasera albicaulis,0.0,0.07,0
1411,Melissodes subagilis,Frasera albicaulis,0.0,0.25,0
1412,Osmia atrocyanea,Frasera albicaulis,0.0,0.06,0
1413,Osmia brevis,Frasera albicaulis,0.0,0.06,0
1414,Osmia bucephala,Frasera albicaulis,0.0,0.06,0
1415,Osmia integra,Frasera albicaulis,0.0,0.06,0
1416,Osmia juxta,Frasera albicaulis,0.0,0.29,0
1417,Osmia raritatis,Frasera albicaulis,0.0,0.07,0
1418,Osmia sp. 2,Frasera albicaulis,0.0,0.07,0
1419,Panurginus torchio,Frasera albicaulis,0.0,0.07,0
1420,Perdita wyomingensis,Frasera albicaulis,0.0,0.07,0
1421,Sphecodes sp.,Frasera albicaulis,0.0,0.06,0
1422,Svastra obliqua,Frasera albicaulis,0.0,0.21,0
1423,Triepeolus paenepectoralis,Frasera albicaulis,0.0,0.25,0
1424,Xeromelecta californica,Frasera albicaulis,0.0,0.07,0
1425,Agapostemon femoratus,Geranium spp.,0.0,0.06,0
1426,Agapostemon texanus,Geranium spp.,0.0,0.04,0
1427,Andrena astragali,Geranium spp.,0.0,0.11,0
1428,Andrena barbilabris,Geranium spp.,0.0,0.02,0
1429,Andrena cyanophila,Geranium spp.,0.0,0.02,0
1430,Andrena melanochroa,Geranium spp.,0.0,0.07,0
1431,Andrena nigrocaerulea,Geranium spp.,0.0,0.06,0
1432,Andrena nivalis,Geranium spp.,0.0,0.02,0
1433,Andrena pallidifovea,Geranium spp.,0.0,0.05,0
1434,Andrena prunorum,Geranium spp.,0.0,0.05,0
1435,Andrena sp. 1,Geranium spp.,0.0,0.02,0
1436,Andrena sp. A,Geranium spp.,0.0,0.02,0
1437,Andrena transnigra,Geranium spp.,0.0,0.02,0
1438,Andrena vicinoides,Geranium spp.,0.0,0.04,0
1439,Anthophora bomboides,Geranium spp.,0.0,0.02,0
1440,Anthophora curta,Geranium spp.,0.0,0.05,0
1441,Anthophora pacifica,Geranium spp.,0.0,0.02,0
1442,Anthophora urbana,Geranium spp.,0.0,0.06,0
1443,Bombus appositus,Geranium spp.,0.0,0.07,0
1444,Bombus bifarius,Geranium spp.,0.0,0.13,0
1445,Bombus californicus,Geranium spp.,0.0,0.12,0
1446,Bombus centralis,Geranium spp.,0.0,0.09,0
1447,Bombus fernaldae,Geranium spp.,0.0,0.02,0
1448,Bombus fervidus,Geranium spp.,0.0,0.02,0
1449,Bombus flavifrons,Geranium spp.,0.0,0.09,0
1450,Bombus griseocollis,Geranium spp.,0.0,0.06,0
1451,Bombus huntii,Geranium spp.,0.0,0.07,0
1452,Bombus insularis,Geranium spp.,0.0,0.04,0
1453,Bombus mixtus,Geranium spp.,0.0,0.08,0
1454,Bombus nevadensis,Geranium spp.,0.0,0.08,0
1455,Bombus rufocinctus,Geranium spp.,0.0,0.07,0
1456,Bombus vosnesenskii,Geranium spp.,0.0,0.07,0
1457,Coelioxys rufitarsis,Geranium spp.,0.0,0.06,0
1458,Colletes phaceliae,Geranium spp.,0.0,0.06,0
1459,Diadasia nigrifrons,Geranium spp.,0.0,0.02,0
1460,Halictus farinosus,Geranium spp.,0.0,0.08,0
1461,Halictus ligatus,Geranium spp.,0.0,0.08,0
1462,Halictus rubicundus,Geranium spp.,0.0,0.07,0
1463,Halictus tripartitus,Geranium spp.,1.0,0.59,1
1464,Hylaeus verticalis,Geranium spp.,0.0,0.02,0
1465,Lasioglossum albipenne,Geranium spp.,0.0,0.02,0
1466,Lasioglossum cooleyi,Geranium spp.,0.0,0.02,0
1467,Lasioglossum incompletum,Geranium spp.,0.0,0.03,0
1468,Lasioglossum laevissimum,Geranium spp.,0.0,0.04,0
1469,Lasioglossum nevadense,Geranium spp.,0.0,0.05,0
1470,Lasioglossum olympiae,Geranium spp.,0.0,0.02,0
1471,Lasioglossum ovaliceps,Geranium spp.,0.0,0.02,0
1472,Lasioglossum sedi,Geranium spp.,0.0,0.02,0
1473,Lasioglossum sp.,Geranium spp.,0.0,0.09,0
1474,Lasioglossum sp. 2,Geranium spp.,0.0,0.04,0
1475,Lasioglossum titusi,Geranium spp.,0.0,0.06,0
1476,Megachile apicalis,Geranium spp.,0.0,0.05,0
1477,Megachile nevadensis,Geranium spp.,0.0,0.02,0
1478,Megachile onobrychidis,Geranium spp.,0.0,0.05,0
1479,Megachile perihirta,Geranium spp.,0.0,0.06,0
1480,Melissodes bimatris,Geranium spp.,0.0,0.04,0
1481,Melissodes lupinus,Geranium spp.,0.0,0.05,0
1482,Melissodes lutulentus,Geranium spp.,0.0,0.03,0
1483,Melissodes microstictus,Geranium spp.,0.0,0.11,0
1484,Melissodes pallidisignatus,Geranium spp.,0.0,0.05,0
1485,Melissodes rivalis,Geranium spp.,0.0,0.03,0
1486,Melissodes subagilis,Geranium spp.,0.0,0.03,0
1487,Osmia atrocyanea,Geranium spp.,0.0,0.02,0
1488,Osmia brevis,Geranium spp.,0.0,0.02,0
1489,Osmia bucephala,Geranium spp.,0.0,0.02,0
1490,Osmia integra,Geranium spp.,0.0,0.02,0
1491,Osmia juxta,Geranium spp.,0.0,0.04,0
1492,Osmia raritatis,Geranium spp.,0.0,0.02,0
1493,Osmia sp. 2,Geranium spp.,0.0,0.03,0
1494,Panurginus torchio,Geranium spp.,0.0,0.02,0
1495,Perdita wyomingensis,Geranium spp.,0.0,0.02,0
1496,Sphecodes sp.,Geranium spp.,0.0,0.02,0
1497,Svastra obliqua,Geranium spp.,0.0,0.03,0
1498,Triepeolus paenepectoralis,Geranium spp.,0.0,0.04,0
1499,Xeromelecta californica,Geranium spp.,0.0,0.02,0
1500,Agapostemon femoratus,Geranium viscosissimum,0.0,0.23,0
1501,Agapostemon texanus,Geranium viscosissimum,0.0,0.1,0
1502,Andrena astragali,Geranium viscosissimum,0.0,0.11,0
1503,Andrena barbilabris,Geranium viscosissimum,0.0,0.04,0
1504,Andrena cyanophila,Geranium viscosissimum,0.0,0.04,0
1505,Andrena melanochroa,Geranium viscosissimum,0.0,0.17,0
1506,Andrena nigrocaerulea,Geranium viscosissimum,0.0,0.12,0
1507,Andrena nivalis,Geranium viscosissimum,0.0,0.04,0
1508,Andrena pallidifovea,Geranium viscosissimum,0.0,0.13,0
1509,Andrena prunorum,Geranium viscosissimum,0.0,0.1,0
1510,Andrena sp. 1,Geranium viscosissimum,0.0,0.03,0
1511,Andrena sp. A,Geranium viscosissimum,0.0,0.04,0
1512,Andrena transnigra,Geranium viscosissimum,0.0,0.04,0
1513,Andrena vicinoides,Geranium viscosissimum,0.0,0.12,0
1514,Anthophora bomboides,Geranium viscosissimum,0.0,0.04,0
1515,Anthophora curta,Geranium viscosissimum,0.0,0.13,0
1516,Anthophora pacifica,Geranium viscosissimum,0.0,0.03,0
1517,Anthophora urbana,Geranium viscosissimum,0.0,0.15,0
1518,Bombus appositus,Geranium viscosissimum,0.0,0.27,0
1519,Bombus bifarius,Geranium viscosissimum,0.0,0.51,1
1520,Bombus californicus,Geranium viscosissimum,0.0,0.52,1
1521,Bombus centralis,Geranium viscosissimum,1.0,0.42,0
1522,Bombus fernaldae,Geranium viscosissimum,0.0,0.03,0
1523,Bombus fervidus,Geranium viscosissimum,0.0,0.04,0
1524,Bombus flavifrons,Geranium viscosissimum,1.0,0.48,0
1525,Bombus griseocollis,Geranium viscosissimum,0.0,0.14,0
1526,Bombus huntii,Geranium viscosissimum,0.0,0.2,0
1527,Bombus insularis,Geranium viscosissimum,0.0,0.08,0
1528,Bombus mixtus,Geranium viscosissimum,0.0,0.28,0
1529,Bombus nevadensis,Geranium viscosissimum,0.0,0.22,0
1530,Bombus rufocinctus,Geranium viscosissimum,0.0,0.22,0
1531,Bombus vosnesenskii,Geranium viscosissimum,0.0,0.21,0
1532,Coelioxys rufitarsis,Geranium viscosissimum,0.0,0.14,0
1533,Colletes phaceliae,Geranium viscosissimum,0.0,0.12,0
1534,Diadasia nigrifrons,Geranium viscosissimum,0.0,0.03,0
1535,Halictus farinosus,Geranium viscosissimum,0.0,0.25,0
1536,Halictus ligatus,Geranium viscosissimum,0.0,0.33,0
1537,Halictus rubicundus,Geranium viscosissimum,0.0,0.22,0
1538,Halictus tripartitus,Geranium viscosissimum,0.0,0.13,0
1539,Hylaeus verticalis,Geranium viscosissimum,0.0,0.03,0
1540,Lasioglossum albipenne,Geranium viscosissimum,0.0,0.03,0
1541,Lasioglossum cooleyi,Geranium viscosissimum,0.0,0.04,0
1542,Lasioglossum incompletum,Geranium viscosissimum,0.0,0.08,0
1543,Lasioglossum laevissimum,Geranium viscosissimum,0.0,0.1,0
1544,Lasioglossum nevadense,Geranium viscosissimum,0.0,0.09,0
1545,Lasioglossum olympiae,Geranium viscosissimum,0.0,0.04,0
1546,Lasioglossum ovaliceps,Geranium viscosissimum,0.0,0.03,0
1547,Lasioglossum sedi,Geranium viscosissimum,0.0,0.03,0
1548,Lasioglossum sp.,Geranium viscosissimum,0.0,0.26,0
1549,Lasioglossum sp. 2,Geranium viscosissimum,0.0,0.11,0
1550,Lasioglossum titusi,Geranium viscosissimum,0.0,0.13,0
1551,Megachile apicalis,Geranium viscosissimum,0.0,0.1,0
1552,Megachile nevadensis,Geranium viscosissimum,0.0,0.03,0
1553,Megachile onobrychidis,Geranium viscosissimum,0.0,0.13,0
1554,Megachile perihirta,Geranium viscosissimum,0.0,0.13,0
1555,Melissodes bimatris,Geranium viscosissimum,0.0,0.09,0
1556,Melissodes lupinus,Geranium viscosissimum,0.0,0.11,0
1557,Melissodes lutulentus,Geranium viscosissimum,0.0,0.06,0
1558,Melissodes microstictus,Geranium viscosissimum,0.0,0.11,0
1559,Melissodes pallidisignatus,Geranium viscosissimum,0.0,0.1,0
1560,Melissodes rivalis,Geranium viscosissimum,0.0,0.04,0
1561,Melissodes subagilis,Geranium viscosissimum,0.0,0.07,0
1562,Osmia atrocyanea,Geranium viscosissimum,0.0,0.03,0
1563,Osmia brevis,Geranium viscosissimum,0.0,0.03,0
1564,Osmia bucephala,Geranium viscosissimum,0.0,0.03,0
1565,Osmia integra,Geranium viscosissimum,0.0,0.03,0
1566,Osmia juxta,Geranium viscosissimum,0.0,0.09,0
1567,Osmia raritatis,Geranium viscosissimum,0.0,0.03,0
1568,Osmia sp. 2,Geranium viscosissimum,0.0,0.04,0
1569,Panurginus torchio,Geranium viscosissimum,0.0,0.04,0
1570,Perdita wyomingensis,Geranium viscosissimum,0.0,0.04,0
1571,Sphecodes sp.,Geranium viscosissimum,0.0,0.03,0
1572,Svastra obliqua,Geranium viscosissimum,0.0,0.07,0
1573,Triepeolus paenepectoralis,Geranium viscosissimum,0.0,0.09,0
1574,Xeromelecta californica,Geranium viscosissimum,0.0,0.03,0
1575,Agapostemon femoratus,Grindelia nana,0.0,0.28,0
1576,Agapostemon texanus,Grindelia nana,0.0,0.18,0
1577,Andrena astragali,Grindelia nana,0.0,0.18,0
1578,Andrena barbilabris,Grindelia nana,0.0,0.05,0
1579,Andrena cyanophila,Grindelia nana,0.0,0.05,0
1580,Andrena melanochroa,Grindelia nana,0.0,0.26,0
1581,Andrena nigrocaerulea,Grindelia nana,0.0,0.24,0
1582,Andrena nivalis,Grindelia nana,0.0,0.05,0
1583,Andrena pallidifovea,Grindelia nana,0.0,0.22,0
1584,Andrena prunorum,Grindelia nana,0.0,0.22,0
1585,Andrena sp. 1,Grindelia nana,0.0,0.04,0
1586,Andrena sp. A,Grindelia nana,0.0,0.05,0
1587,Andrena transnigra,Grindelia nana,0.0,0.05,0
1588,Andrena vicinoides,Grindelia nana,0.0,0.21,0
1589,Anthophora bomboides,Grindelia nana,0.0,0.07,0
1590,Anthophora curta,Grindelia nana,0.0,0.2,0
1591,Anthophora pacifica,Grindelia nana,0.0,0.04,0
1592,Anthophora urbana,Grindelia nana,0.0,0.27,0
1593,Bombus appositus,Grindelia nana,0.0,0.32,0
1594,Bombus bifarius,Grindelia nana,0.0,0.54,1
1595,Bombus californicus,Grindelia nana,0.0,0.55,1
1596,Bombus centralis,Grindelia nana,0.0,0.43,0
1597,Bombus fernaldae,Grindelia nana,0.0,0.05,0
1598,Bombus fervidus,Grindelia nana,0.0,0.07,0
1599,Bombus flavifrons,Grindelia nana,0.0,0.47,0
1600,Bombus griseocollis,Grindelia nana,0.0,0.25,0
1601,Bombus huntii,Grindelia nana,0.0,0.3,0
1602,Bombus insularis,Grindelia nana,0.0,0.19,0
1603,Bombus mixtus,Grindelia nana,0.0,0.33,0
1604,Bombus nevadensis,Grindelia nana,0.0,0.33,0
1605,Bombus rufocinctus,Grindelia nana,0.0,0.29,0
1606,Bombus vosnesenskii,Grindelia nana,0.0,0.31,0
1607,Coelioxys rufitarsis,Grindelia nana,0.0,0.25,0
1608,Colletes phaceliae,Grindelia nana,0.0,0.23,0
1609,Diadasia nigrifrons,Grindelia nana,0.0,0.07,0
1610,Halictus farinosus,Grindelia nana,0.0,0.32,0
1611,Halictus ligatus,Grindelia nana,1.0,0.37,0
1612,Halictus rubicundus,Grindelia nana,1.0,0.31,0
1613,Halictus tripartitus,Grindelia nana,0.0,0.26,0
1614,Hylaeus verticalis,Grindelia nana,0.0,0.05,0
1615,Lasioglossum albipenne,Grindelia nana,0.0,0.05,0
1616,Lasioglossum cooleyi,Grindelia nana,0.0,0.07,0
1617,Lasioglossum incompletum,Grindelia nana,0.0,0.18,0
1618,Lasioglossum laevissimum,Grindelia nana,0.0,0.18,0
1619,Lasioglossum nevadense,Grindelia nana,0.0,0.19,0
1620,Lasioglossum olympiae,Grindelia nana,0.0,0.05,0
1621,Lasioglossum ovaliceps,Grindelia nana,1.0,0.74,1
1622,Lasioglossum sedi,Grindelia nana,0.0,0.05,0
1623,Lasioglossum sp.,Grindelia nana,0.0,0.36,0
1624,Lasioglossum sp. 2,Grindelia nana,0.0,0.21,0
1625,Lasioglossum titusi,Grindelia nana,0.0,0.23,0
1626,Megachile apicalis,Grindelia nana,0.0,0.18,0
1627,Megachile nevadensis,Grindelia nana,0.0,0.06,0
1628,Megachile onobrychidis,Grindelia nana,0.0,0.24,0
1629,Megachile perihirta,Grindelia nana,0.0,0.23,0
1630,Melissodes bimatris,Grindelia nana,0.0,0.14,0
1631,Melissodes lupinus,Grindelia nana,0.0,0.21,0
1632,Melissodes lutulentus,Grindelia nana,0.0,0.14,0
1633,Melissodes microstictus,Grindelia nana,0.0,0.18,0
1634,Melissodes pallidisignatus,Grindelia nana,0.0,0.17,0
1635,Melissodes rivalis,Grindelia nana,0.0,0.07,0
1636,Melissodes subagilis,Grindelia nana,0.0,0.15,0
1637,Osmia atrocyanea,Grindelia nana,0.0,0.04,0
1638,Osmia brevis,Grindelia nana,0.0,0.04,0
1639,Osmia bucephala,Grindelia nana,0.0,0.04,0
1640,Osmia integra,Grindelia nana,0.0,0.04,0
1641,Osmia juxta,Grindelia nana,0.0,0.17,0
1642,Osmia raritatis,Grindelia nana,0.0,0.05,0
1643,Osmia sp. 2,Grindelia nana,0.0,0.07,0
1644,Panurginus torchio,Grindelia nana,0.0,0.05,0
1645,Perdita wyomingensis,Grindelia nana,0.0,0.05,0
1646,Sphecodes sp.,Grindelia nana,0.0,0.04,0
1647,Svastra obliqua,Grindelia nana,0.0,0.12,0
1648,Triepeolus paenepectoralis,Grindelia nana,0.0,0.14,0
1649,Xeromelecta californica,Grindelia nana,0.0,0.06,0
1650,Agapostemon femoratus,Gutierrezia sarothrae,1.0,0.32,0
1651,Agapostemon texanus,Gutierrezia sarothrae,0.0,0.18,0
1652,Andrena astragali,Gutierrezia sarothrae,0.0,0.12,0
1653,Andrena barbilabris,Gutierrezia sarothrae,0.0,0.06,0
1654,Andrena cyanophila,Gutierrezia sarothrae,0.0,0.06,0
1655,Andrena melanochroa,Gutierrezia sarothrae,0.0,0.25,0
1656,Andrena nigrocaerulea,Gutierrezia sarothrae,0.0,0.2,0
1657,Andrena nivalis,Gutierrezia sarothrae,0.0,0.06,0
1658,Andrena pallidifovea,Gutierrezia sarothrae,0.0,0.19,0
1659,Andrena prunorum,Gutierrezia sarothrae,0.0,0.13,0
1660,Andrena sp. 1,Gutierrezia sarothrae,0.0,0.04,0
1661,Andrena sp. A,Gutierrezia sarothrae,0.0,0.06,0
1662,Andrena transnigra,Gutierrezia sarothrae,0.0,0.06,0
1663,Andrena vicinoides,Gutierrezia sarothrae,0.0,0.21,0
1664,Anthophora bomboides,Gutierrezia sarothrae,0.0,0.05,0
1665,Anthophora curta,Gutierrezia sarothrae,1.0,0.22,0
1666,Anthophora pacifica,Gutierrezia sarothrae,0.0,0.04,0
1667,Anthophora urbana,Gutierrezia sarothrae,0.0,0.24,0
1668,Bombus appositus,Gutierrezia sarothrae,0.0,0.33,0
1669,Bombus bifarius,Gutierrezia sarothrae,0.0,0.51,1
1670,Bombus californicus,Gutierrezia sarothrae,0.0,0.51,1
1671,Bombus centralis,Gutierrezia sarothrae,0.0,0.41,0
1672,Bombus fernaldae,Gutierrezia sarothrae,0.0,0.04,0
1673,Bombus fervidus,Gutierrezia sarothrae,0.0,0.04,0
1674,Bombus flavifrons,Gutierrezia sarothrae,0.0,0.46,0
1675,Bombus griseocollis,Gutierrezia sarothrae,0.0,0.23,0
1676,Bombus huntii,Gutierrezia sarothrae,0.0,0.26,0
1677,Bombus insularis,Gutierrezia sarothrae,0.0,0.14,0
1678,Bombus mixtus,Gutierrezia sarothrae,0.0,0.34,0
1679,Bombus nevadensis,Gutierrezia sarothrae,0.0,0.29,0
1680,Bombus rufocinctus,Gutierrezia sarothrae,0.0,0.29,0
1681,Bombus vosnesenskii,Gutierrezia sarothrae,0.0,0.28,0
1682,Coelioxys rufitarsis,Gutierrezia sarothrae,0.0,0.21,0
1683,Colletes phaceliae,Gutierrezia sarothrae,0.0,0.2,0
1684,Diadasia nigrifrons,Gutierrezia sarothrae,0.0,0.05,0
1685,Halictus farinosus,Gutierrezia sarothrae,0.0,0.35,0
1686,Halictus ligatus,Gutierrezia sarothrae,0.0,0.38,0
1687,Halictus rubicundus,Gutierrezia sarothrae,0.0,0.29,0
1688,Halictus tripartitus,Gutierrezia sarothrae,0.0,0.2,0
1689,Hylaeus verticalis,Gutierrezia sarothrae,0.0,0.04,0
1690,Lasioglossum albipenne,Gutierrezia sarothrae,0.0,0.04,0
1691,Lasioglossum cooleyi,Gutierrezia sarothrae,0.0,0.05,0
1692,Lasioglossum incompletum,Gutierrezia sarothrae,0.0,0.13,0
1693,Lasioglossum laevissimum,Gutierrezia sarothrae,0.0,0.14,0
1694,Lasioglossum nevadense,Gutierrezia sarothrae,0.0,0.12,0
1695,Lasioglossum olympiae,Gutierrezia sarothrae,0.0,0.06,0
1696,Lasioglossum ovaliceps,Gutierrezia sarothrae,0.0,0.05,0
1697,Lasioglossum sedi,Gutierrezia sarothrae,0.0,0.04,0
1698,Lasioglossum sp.,Gutierrezia sarothrae,0.0,0.36,0
1699,Lasioglossum sp. 2,Gutierrezia sarothrae,0.0,0.2,0
1700,Lasioglossum titusi,Gutierrezia sarothrae,0.0,0.22,0
1701,Megachile apicalis,Gutierrezia sarothrae,0.0,0.18,0
1702,Megachile nevadensis,Gutierrezia sarothrae,0.0,0.04,0
1703,Megachile onobrychidis,Gutierrezia sarothrae,0.0,0.24,0
1704,Megachile perihirta,Gutierrezia sarothrae,0.0,0.21,0
1705,Melissodes bimatris,Gutierrezia sarothrae,0.0,0.18,0
1706,Melissodes lupinus,Gutierrezia sarothrae,0.0,0.17,0
1707,Melissodes lutulentus,Gutierrezia sarothrae,1.0,0.16,0
1708,Melissodes microstictus,Gutierrezia sarothrae,0.0,0.12,0
1709,Melissodes pallidisignatus,Gutierrezia sarothrae,1.0,0.17,0
1710,Melissodes rivalis,Gutierrezia sarothrae,0.0,0.05,0
1711,Melissodes subagilis,Gutierrezia sarothrae,1.0,0.17,0
1712,Osmia atrocyanea,Gutierrezia sarothrae,0.0,0.04,0
1713,Osmia brevis,Gutierrezia sarothrae,0.0,0.04,0
1714,Osmia bucephala,Gutierrezia sarothrae,0.0,0.04,0
1715,Osmia integra,Gutierrezia sarothrae,0.0,0.04,0
1716,Osmia juxta,Gutierrezia sarothrae,0.0,0.15,0
1717,Osmia raritatis,Gutierrezia sarothrae,0.0,0.04,0
1718,Osmia sp. 2,Gutierrezia sarothrae,0.0,0.05,0
1719,Panurginus torchio,Gutierrezia sarothrae,0.0,0.06,0
1720,Perdita wyomingensis,Gutierrezia sarothrae,0.0,0.06,0
1721,Sphecodes sp.,Gutierrezia sarothrae,0.0,0.04,0
1722,Svastra obliqua,Gutierrezia sarothrae,0.0,0.15,0
1723,Triepeolus paenepectoralis,Gutierrezia sarothrae,0.0,0.18,0
1724,Xeromelecta californica,Gutierrezia sarothrae,0.0,0.05,0
1725,Agapostemon femoratus,Hieracium cynoglossoides,0.0,0.04,0
1726,Agapostemon texanus,Hieracium cynoglossoides,0.0,0.03,0
1727,Andrena astragali,Hieracium cynoglossoides,0.0,0.09,0
1728,Andrena barbilabris,Hieracium cynoglossoides,0.0,0.02,0
1729,Andrena cyanophila,Hieracium cynoglossoides,0.0,0.02,0
1730,Andrena melanochroa,Hieracium cynoglossoides,0.0,0.05,0
1731,Andrena nigrocaerulea,Hieracium cynoglossoides,0.0,0.03,0
1732,Andrena nivalis,Hieracium cynoglossoides,0.0,0.02,0
1733,Andrena pallidifovea,Hieracium cynoglossoides,0.0,0.04,0
1734,Andrena prunorum,Hieracium cynoglossoides,0.0,0.03,0
1735,Andrena sp. 1,Hieracium cynoglossoides,0.0,0.02,0
1736,Andrena sp. A,Hieracium cynoglossoides,0.0,0.02,0
1737,Andrena transnigra,Hieracium cynoglossoides,0.0,0.02,0
1738,Andrena vicinoides,Hieracium cynoglossoides,0.0,0.03,0
1739,Anthophora bomboides,Hieracium cynoglossoides,0.0,0.02,0
1740,Anthophora curta,Hieracium cynoglossoides,0.0,0.04,0
1741,Anthophora pacifica,Hieracium cynoglossoides,0.0,0.02,0
1742,Anthophora urbana,Hieracium cynoglossoides,0.0,0.04,0
1743,Bombus appositus,Hieracium cynoglossoides,0.0,0.05,0
1744,Bombus bifarius,Hieracium cynoglossoides,0.0,0.12,0
1745,Bombus californicus,Hieracium cynoglossoides,1.0,0.93,1
1746,Bombus centralis,Hieracium cynoglossoides,0.0,0.08,0
1747,Bombus fernaldae,Hieracium cynoglossoides,0.0,0.02,0
1748,Bombus fervidus,Hieracium cynoglossoides,0.0,0.02,0
1749,Bombus flavifrons,Hieracium cynoglossoides,0.0,0.1,0
1750,Bombus griseocollis,Hieracium cynoglossoides,0.0,0.04,0
1751,Bombus huntii,Hieracium cynoglossoides,0.0,0.05,0
1752,Bombus insularis,Hieracium cynoglossoides,0.0,0.03,0
1753,Bombus mixtus,Hieracium cynoglossoides,0.0,0.05,0
1754,Bombus nevadensis,Hieracium cynoglossoides,0.0,0.05,0
1755,Bombus rufocinctus,Hieracium cynoglossoides,0.0,0.05,0
1756,Bombus vosnesenskii,Hieracium cynoglossoides,0.0,0.05,0
1757,Coelioxys rufitarsis,Hieracium cynoglossoides,0.0,0.04,0
1758,Colletes phaceliae,Hieracium cynoglossoides,0.0,0.03,0
1759,Diadasia nigrifrons,Hieracium cynoglossoides,0.0,0.02,0
1760,Halictus farinosus,Hieracium cynoglossoides,0.0,0.05,0
1761,Halictus ligatus,Hieracium cynoglossoides,0.0,0.05,0
1762,Halictus rubicundus,Hieracium cynoglossoides,0.0,0.05,0
1763,Halictus tripartitus,Hieracium cynoglossoides,0.0,0.03,0
1764,Hylaeus verticalis,Hieracium cynoglossoides,0.0,0.02,0
1765,Lasioglossum albipenne,Hieracium cynoglossoides,0.0,0.02,0
1766,Lasioglossum cooleyi,Hieracium cynoglossoides,0.0,0.02,0
1767,Lasioglossum incompletum,Hieracium cynoglossoides,0.0,0.03,0
1768,Lasioglossum laevissimum,Hieracium cynoglossoides,0.0,0.03,0
1769,Lasioglossum nevadense,Hieracium cynoglossoides,0.0,0.03,0
1770,Lasioglossum olympiae,Hieracium cynoglossoides,0.0,0.02,0
1771,Lasioglossum ovaliceps,Hieracium cynoglossoides,0.0,0.02,0
1772,Lasioglossum sedi,Hieracium cynoglossoides,0.0,0.02,0
1773,Lasioglossum sp.,Hieracium cynoglossoides,0.0,0.06,0
1774,Lasioglossum sp. 2,Hieracium cynoglossoides,0.0,0.03,0
1775,Lasioglossum titusi,Hieracium cynoglossoides,0.0,0.04,0
1776,Megachile apicalis,Hieracium cynoglossoides,0.0,0.04,0
1777,Megachile nevadensis,Hieracium cynoglossoides,0.0,0.02,0
1778,Megachile onobrychidis,Hieracium cynoglossoides,0.0,0.04,0
1779,Megachile perihirta,Hieracium cynoglossoides,0.0,0.04,0
1780,Melissodes bimatris,Hieracium cynoglossoides,0.0,0.04,0
1781,Melissodes lupinus,Hieracium cynoglossoides,0.0,0.03,0
1782,Melissodes lutulentus,Hieracium cynoglossoides,0.0,0.03,0
1783,Melissodes microstictus,Hieracium cynoglossoides,0.0,0.09,0
1784,Melissodes pallidisignatus,Hieracium cynoglossoides,0.0,0.04,0
1785,Melissodes rivalis,Hieracium cynoglossoides,0.0,0.03,0
1786,Melissodes subagilis,Hieracium cynoglossoides,0.0,0.03,0
1787,Osmia atrocyanea,Hieracium cynoglossoides,0.0,0.02,0
1788,Osmia brevis,Hieracium cynoglossoides,0.0,0.02,0
1789,Osmia bucephala,Hieracium cynoglossoides,0.0,0.02,0
1790,Osmia integra,Hieracium cynoglossoides,0.0,0.02,0
1791,Osmia juxta,Hieracium cynoglossoides,0.0,0.03,0
1792,Osmia raritatis,Hieracium cynoglossoides,0.0,0.02,0
1793,Osmia sp. 2,Hieracium cynoglossoides,0.0,0.03,0
1794,Panurginus torchio,Hieracium cynoglossoides,0.0,0.02,0
1795,Perdita wyomingensis,Hieracium cynoglossoides,0.0,0.02,0
1796,Sphecodes sp.,Hieracium cynoglossoides,0.0,0.02,0
1797,Svastra obliqua,Hieracium cynoglossoides,0.0,0.03,0
1798,Triepeolus paenepectoralis,Hieracium cynoglossoides,0.0,0.04,0
1799,Xeromelecta californica,Hieracium cynoglossoides,0.0,0.02,0
1800,Agapostemon femoratus,Hypericum perforatum,0.0,0.26,0
1801,Agapostemon texanus,Hypericum perforatum,0.0,0.14,0
1802,Andrena astragali,Hypericum perforatum,0.0,0.12,0
1803,Andrena barbilabris,Hypericum perforatum,0.0,0.05,0
1804,Andrena cyanophila,Hypericum perforatum,0.0,0.05,0
1805,Andrena melanochroa,Hypericum perforatum,0.0,0.24,0
1806,Andrena nigrocaerulea,Hypericum perforatum,0.0,0.21,0
1807,Andrena nivalis,Hypericum perforatum,0.0,0.05,0
1808,Andrena pallidifovea,Hypericum perforatum,0.0,0.21,0
1809,Andrena prunorum,Hypericum perforatum,0.0,0.17,0
1810,Andrena sp. 1,Hypericum perforatum,0.0,0.05,0
1811,Andrena sp. A,Hypericum perforatum,0.0,0.05,0
1812,Andrena transnigra,Hypericum perforatum,0.0,0.05,0
1813,Andrena vicinoides,Hypericum perforatum,0.0,0.18,0
1814,Anthophora bomboides,Hypericum perforatum,0.0,0.06,0
1815,Anthophora curta,Hypericum perforatum,0.0,0.16,0
1816,Anthophora pacifica,Hypericum perforatum,0.0,0.05,0
1817,Anthophora urbana,Hypericum perforatum,0.0,0.24,0
1818,Bombus appositus,Hypericum perforatum,0.0,0.31,0
1819,Bombus bifarius,Hypericum perforatum,0.0,0.47,0
1820,Bombus californicus,Hypericum perforatum,0.0,0.46,0
1821,Bombus centralis,Hypericum perforatum,0.0,0.4,0
1822,Bombus fernaldae,Hypericum perforatum,0.0,0.04,0
1823,Bombus fervidus,Hypericum perforatum,0.0,0.06,0
1824,Bombus flavifrons,Hypericum perforatum,0.0,0.44,0
1825,Bombus griseocollis,Hypericum perforatum,0.0,0.23,0
1826,Bombus huntii,Hypericum perforatum,0.0,0.24,0
1827,Bombus insularis,Hypericum perforatum,0.0,0.15,0
1828,Bombus mixtus,Hypericum perforatum,1.0,0.31,0
1829,Bombus nevadensis,Hypericum perforatum,0.0,0.26,0
1830,Bombus rufocinctus,Hypericum perforatum,0.0,0.26,0
1831,Bombus vosnesenskii,Hypericum perforatum,0.0,0.25,0
1832,Coelioxys rufitarsis,Hypericum perforatum,0.0,0.22,0
1833,Colletes phaceliae,Hypericum perforatum,0.0,0.21,0
1834,Diadasia nigrifrons,Hypericum perforatum,0.0,0.06,0
1835,Halictus farinosus,Hypericum perforatum,0.0,0.32,0
1836,Halictus ligatus,Hypericum perforatum,0.0,0.34,0
1837,Halictus rubicundus,Hypericum perforatum,0.0,0.26,0
1838,Halictus tripartitus,Hypericum perforatum,0.0,0.23,0
1839,Hylaeus verticalis,Hypericum perforatum,0.0,0.04,0
1840,Lasioglossum albipenne,Hypericum perforatum,0.0,0.05,0
1841,Lasioglossum cooleyi,Hypericum perforatum,0.0,0.06,0
1842,Lasioglossum incompletum,Hypericum perforatum,0.0,0.14,0
1843,Lasioglossum laevissimum,Hypericum perforatum,1.0,0.19,0
1844,Lasioglossum nevadense,Hypericum perforatum,1.0,0.21,0
1845,Lasioglossum olympiae,Hypericum perforatum,0.0,0.05,0
1846,Lasioglossum ovaliceps,Hypericum perforatum,0.0,0.06,0
1847,Lasioglossum sedi,Hypericum perforatum,0.0,0.04,0
1848,Lasioglossum sp.,Hypericum perforatum,0.0,0.32,0
1849,Lasioglossum sp. 2,Hypericum perforatum,0.0,0.17,0
1850,Lasioglossum titusi,Hypericum perforatum,0.0,0.2,0
1851,Megachile apicalis,Hypericum perforatum,0.0,0.13,0
1852,Megachile nevadensis,Hypericum perforatum,0.0,0.04,0
1853,Megachile onobrychidis,Hypericum perforatum,0.0,0.21,0
1854,Megachile perihirta,Hypericum perforatum,0.0,0.21,0
1855,Melissodes bimatris,Hypericum perforatum,0.0,0.12,0
1856,Melissodes lupinus,Hypericum perforatum,0.0,0.18,0
1857,Melissodes lutulentus,Hypericum perforatum,0.0,0.1,0
1858,Melissodes microstictus,Hypericum perforatum,0.0,0.12,0
1859,Melissodes pallidisignatus,Hypericum perforatum,0.0,0.13,0
1860,Melissodes rivalis,Hypericum perforatum,0.0,0.06,0
1861,Melissodes subagilis,Hypericum perforatum,0.0,0.11,0
1862,Osmia atrocyanea,Hypericum perforatum,0.0,0.04,0
1863,Osmia brevis,Hypericum perforatum,0.0,0.04,0
1864,Osmia bucephala,Hypericum perforatum,0.0,0.04,0
1865,Osmia integra,Hypericum perforatum,0.0,0.04,0
1866,Osmia juxta,Hypericum perforatum,0.0,0.13,0
1867,Osmia raritatis,Hypericum perforatum,0.0,0.04,0
1868,Osmia sp. 2,Hypericum perforatum,0.0,0.06,0
1869,Panurginus torchio,Hypericum perforatum,0.0,0.05,0
1870,Perdita wyomingensis,Hypericum perforatum,0.0,0.05,0
1871,Sphecodes sp.,Hypericum perforatum,0.0,0.04,0
1872,Svastra obliqua,Hypericum perforatum,0.0,0.09,0
1873,Triepeolus paenepectoralis,Hypericum perforatum,0.0,0.12,0
1874,Xeromelecta californica,Hypericum perforatum,0.0,0.04,0
1875,Agapostemon femoratus,Lupinus caudatus,0.0,0.25,0
1876,Agapostemon texanus,Lupinus caudatus,0.0,0.13,0
1877,Andrena astragali,Lupinus caudatus,0.0,0.12,0
1878,Andrena barbilabris,Lupinus caudatus,0.0,0.04,0
1879,Andrena cyanophila,Lupinus caudatus,0.0,0.04,0
1880,Andrena melanochroa,Lupinus caudatus,0.0,0.22,0
1881,Andrena nigrocaerulea,Lupinus caudatus,0.0,0.19,0
1882,Andrena nivalis,Lupinus caudatus,0.0,0.04,0
1883,Andrena pallidifovea,Lupinus caudatus,1.0,0.25,0
1884,Andrena prunorum,Lupinus caudatus,0.0,0.16,0
1885,Andrena sp. 1,Lupinus caudatus,0.0,0.04,0
1886,Andrena sp. A,Lupinus caudatus,0.0,0.04,0
1887,Andrena transnigra,Lupinus caudatus,0.0,0.04,0
1888,Andrena vicinoides,Lupinus caudatus,0.0,0.15,0
1889,Anthophora bomboides,Lupinus caudatus,0.0,0.06,0
1890,Anthophora curta,Lupinus caudatus,0.0,0.15,0
1891,Anthophora pacifica,Lupinus caudatus,0.0,0.04,0
1892,Anthophora urbana,Lupinus caudatus,0.0,0.2,0
1893,Bombus appositus,Lupinus caudatus,0.0,0.3,0
1894,Bombus bifarius,Lupinus caudatus,0.0,0.47,0
1895,Bombus californicus,Lupinus caudatus,0.0,0.48,0
1896,Bombus centralis,Lupinus caudatus,1.0,0.42,0
1897,Bombus fernaldae,Lupinus caudatus,0.0,0.04,0
1898,Bombus fervidus,Lupinus caudatus,0.0,0.05,0
1899,Bombus flavifrons,Lupinus caudatus,0.0,0.44,0
1900,Bombus griseocollis,Lupinus caudatus,0.0,0.2,0
1901,Bombus huntii,Lupinus caudatus,0.0,0.23,0
1902,Bombus insularis,Lupinus caudatus,0.0,0.12,0
1903,Bombus mixtus,Lupinus caudatus,0.0,0.3,0
1904,Bombus nevadensis,Lupinus caudatus,0.0,0.25,0
1905,Bombus rufocinctus,Lupinus caudatus,0.0,0.27,0
1906,Bombus vosnesenskii,Lupinus caudatus,0.0,0.25,0
1907,Coelioxys rufitarsis,Lupinus caudatus,0.0,0.19,0
1908,Colletes phaceliae,Lupinus caudatus,0.0,0.18,0
1909,Diadasia nigrifrons,Lupinus caudatus,0.0,0.05,0
1910,Halictus farinosus,Lupinus caudatus,0.0,0.3,0
1911,Halictus ligatus,Lupinus caudatus,0.0,0.33,0
1912,Halictus rubicundus,Lupinus caudatus,0.0,0.28,0
1913,Halictus tripartitus,Lupinus caudatus,0.0,0.18,0
1914,Hylaeus verticalis,Lupinus caudatus,0.0,0.04,0
1915,Lasioglossum albipenne,Lupinus caudatus,0.0,0.04,0
1916,Lasioglossum cooleyi,Lupinus caudatus,0.0,0.06,0
1917,Lasioglossum incompletum,Lupinus caudatus,0.0,0.1,0
1918,Lasioglossum laevissimum,Lupinus caudatus,0.0,0.11,0
1919,Lasioglossum nevadense,Lupinus caudatus,0.0,0.13,0
1920,Lasioglossum olympiae,Lupinus caudatus,0.0,0.04,0
1921,Lasioglossum ovaliceps,Lupinus caudatus,0.0,0.05,0
1922,Lasioglossum sedi,Lupinus caudatus,0.0,0.04,0
1923,Lasioglossum sp.,Lupinus caudatus,0.0,0.32,0
1924,Lasioglossum sp. 2,Lupinus caudatus,0.0,0.14,0
1925,Lasioglossum titusi,Lupinus caudatus,0.0,0.17,0
1926,Megachile apicalis,Lupinus caudatus,0.0,0.12,0
1927,Megachile nevadensis,Lupinus caudatus,0.0,0.04,0
1928,Megachile onobrychidis,Lupinus caudatus,0.0,0.19,0
1929,Megachile perihirta,Lupinus caudatus,0.0,0.17,0
1930,Melissodes bimatris,Lupinus caudatus,0.0,0.11,0
1931,Melissodes lupinus,Lupinus caudatus,0.0,0.16,0
1932,Melissodes lutulentus,Lupinus caudatus,0.0,0.08,0
1933,Melissodes microstictus,Lupinus caudatus,0.0,0.12,0
1934,Melissodes pallidisignatus,Lupinus caudatus,0.0,0.12,0
1935,Melissodes rivalis,Lupinus caudatus,0.0,0.05,0
1936,Melissodes subagilis,Lupinus caudatus,0.0,0.1,0
1937,Osmia atrocyanea,Lupinus caudatus,0.0,0.03,0
1938,Osmia brevis,Lupinus caudatus,0.0,0.03,0
1939,Osmia bucephala,Lupinus caudatus,0.0,0.04,0
1940,Osmia integra,Lupinus caudatus,0.0,0.04,0
1941,Osmia juxta,Lupinus caudatus,0.0,0.12,0
1942,Osmia raritatis,Lupinus caudatus,0.0,0.04,0
1943,Osmia sp. 2,Lupinus caudatus,0.0,0.05,0
1944,Panurginus torchio,Lupinus caudatus,0.0,0.04,0
1945,Perdita wyomingensis,Lupinus caudatus,0.0,0.04,0
1946,Sphecodes sp.,Lupinus caudatus,0.0,0.04,0
1947,Svastra obliqua,Lupinus caudatus,0.0,0.08,0
1948,Triepeolus paenepectoralis,Lupinus caudatus,0.0,0.11,0
1949,Xeromelecta californica,Lupinus caudatus,0.0,0.04,0
1950,Agapostemon femoratus,Lupinus leucophyllus,0.0,0.26,0
1951,Agapostemon texanus,Lupinus leucophyllus,0.0,0.16,0
1952,Andrena astragali,Lupinus leucophyllus,0.0,0.18,0
1953,Andrena barbilabris,Lupinus leucophyllus,0.0,0.04,0
1954,Andrena cyanophila,Lupinus leucophyllus,0.0,0.04,0
1955,Andrena melanochroa,Lupinus leucophyllus,0.0,0.24,0
1956,Andrena nigrocaerulea,Lupinus leucophyllus,0.0,0.22,0
1957,Andrena nivalis,Lupinus leucophyllus,0.0,0.04,0
1958,Andrena pallidifovea,Lupinus leucophyllus,0.0,0.2,0
1959,Andrena prunorum,Lupinus leucophyllus,0.0,0.21,0
1960,Andrena sp. 1,Lupinus leucophyllus,0.0,0.03,0
1961,Andrena sp. A,Lupinus leucophyllus,0.0,0.04,0
1962,Andrena transnigra,Lupinus leucophyllus,0.0,0.04,0
1963,Andrena vicinoides,Lupinus leucophyllus,0.0,0.17,0
1964,Anthophora bomboides,Lupinus leucophyllus,0.0,0.06,0
1965,Anthophora curta,Lupinus leucophyllus,0.0,0.18,0
1966,Anthophora pacifica,Lupinus leucophyllus,0.0,0.03,0
1967,Anthophora urbana,Lupinus leucophyllus,0.0,0.22,0
1968,Bombus appositus,Lupinus leucophyllus,0.0,0.3,0
1969,Bombus bifarius,Lupinus leucophyllus,0.0,0.49,0
1970,Bombus californicus,Lupinus leucophyllus,0.0,0.52,1
1971,Bombus centralis,Lupinus leucophyllus,1.0,0.44,0
1972,Bombus fernaldae,Lupinus leucophyllus,0.0,0.05,0
1973,Bombus fervidus,Lupinus leucophyllus,0.0,0.06,0
1974,Bombus flavifrons,Lupinus leucophyllus,0.0,0.46,0
1975,Bombus griseocollis,Lupinus leucophyllus,0.0,0.23,0
1976,Bombus huntii,Lupinus leucophyllus,1.0,0.4,0
1977,Bombus insularis,Lupinus leucophyllus,0.0,0.15,0
1978,Bombus mixtus,Lupinus leucophyllus,0.0,0.3,0
1979,Bombus nevadensis,Lupinus leucophyllus,0.0,0.27,0
1980,Bombus rufocinctus,Lupinus leucophyllus,0.0,0.29,0
1981,Bombus vosnesenskii,Lupinus leucophyllus,0.0,0.28,0
1982,Coelioxys rufitarsis,Lupinus leucophyllus,0.0,0.21,0
1983,Colletes phaceliae,Lupinus leucophyllus,0.0,0.21,0
1984,Diadasia nigrifrons,Lupinus leucophyllus,0.0,0.07,0
1985,Halictus farinosus,Lupinus leucophyllus,0.0,0.31,0
1986,Halictus ligatus,Lupinus leucophyllus,0.0,0.37,0
1987,Halictus rubicundus,Lupinus leucophyllus,0.0,0.31,0
1988,Halictus tripartitus,Lupinus leucophyllus,0.0,0.22,0
1989,Hylaeus verticalis,Lupinus leucophyllus,0.0,0.04,0
1990,Lasioglossum albipenne,Lupinus leucophyllus,0.0,0.05,0
1991,Lasioglossum cooleyi,Lupinus leucophyllus,0.0,0.07,0
1992,Lasioglossum incompletum,Lupinus leucophyllus,0.0,0.12,0
1993,Lasioglossum laevissimum,Lupinus leucophyllus,0.0,0.13,0
1994,Lasioglossum nevadense,Lupinus leucophyllus,0.0,0.15,0
1995,Lasioglossum olympiae,Lupinus leucophyllus,0.0,0.04,0
1996,Lasioglossum ovaliceps,Lupinus leucophyllus,0.0,0.06,0
1997,Lasioglossum sedi,Lupinus leucophyllus,0.0,0.04,0
1998,Lasioglossum sp.,Lupinus leucophyllus,0.0,0.31,0
1999,Lasioglossum sp. 2,Lupinus leucophyllus,0.0,0.17,0
2000,Lasioglossum titusi,Lupinus leucophyllus,0.0,0.2,0
2001,Megachile apicalis,Lupinus leucophyllus,0.0,0.16,0
2002,Megachile nevadensis,Lupinus leucophyllus,0.0,0.05,0
2003,Megachile onobrychidis,Lupinus leucophyllus,0.0,0.22,0
2004,Megachile perihirta,Lupinus leucophyllus,0.0,0.2,0
2005,Melissodes bimatris,Lupinus leucophyllus,0.0,0.12,0
2006,Melissodes lupinus,Lupinus leucophyllus,0.0,0.2,0
2007,Melissodes lutulentus,Lupinus leucophyllus,0.0,0.1,0
2008,Melissodes microstictus,Lupinus leucophyllus,0.0,0.18,0
2009,Melissodes pallidisignatus,Lupinus leucophyllus,0.0,0.16,0
2010,Melissodes rivalis,Lupinus leucophyllus,0.0,0.06,0
2011,Melissodes subagilis,Lupinus leucophyllus,0.0,0.13,0
2012,Osmia atrocyanea,Lupinus leucophyllus,0.0,0.03,0
2013,Osmia brevis,Lupinus leucophyllus,0.0,0.03,0
2014,Osmia bucephala,Lupinus leucophyllus,0.0,0.04,0
2015,Osmia integra,Lupinus leucophyllus,0.0,0.04,0
2016,Osmia juxta,Lupinus leucophyllus,0.0,0.14,0
2017,Osmia raritatis,Lupinus leucophyllus,0.0,0.05,0
2018,Osmia sp. 2,Lupinus leucophyllus,0.0,0.06,0
2019,Panurginus torchio,Lupinus leucophyllus,0.0,0.04,0
2020,Perdita wyomingensis,Lupinus leucophyllus,0.0,0.04,0
2021,Sphecodes sp.,Lupinus leucophyllus,0.0,0.04,0
2022,Svastra obliqua,Lupinus leucophyllus,0.0,0.09,0
2023,Triepeolus paenepectoralis,Lupinus leucophyllus,0.0,0.12,0
2024,Xeromelecta californica,Lupinus leucophyllus,0.0,0.05,0
2025,Agapostemon femoratus,Lupinus sericeus,0.0,0.42,0
2026,Agapostemon texanus,Lupinus sericeus,0.0,0.29,0
2027,Andrena astragali,Lupinus sericeus,0.0,0.27,0
2028,Andrena barbilabris,Lupinus sericeus,0.0,0.07,0
2029,Andrena cyanophila,Lupinus sericeus,0.0,0.07,0
2030,Andrena melanochroa,Lupinus sericeus,0.0,0.33,0
2031,Andrena nigrocaerulea,Lupinus sericeus,0.0,0.3,0
2032,Andrena nivalis,Lupinus sericeus,0.0,0.07,0
2033,Andrena pallidifovea,Lupinus sericeus,0.0,0.29,0
2034,Andrena prunorum,Lupinus sericeus,0.0,0.24,0
2035,Andrena sp. 1,Lupinus sericeus,1.0,0.75,1
2036,Andrena sp. A,Lupinus sericeus,0.0,0.07,0
2037,Andrena transnigra,Lupinus sericeus,0.0,0.07,0
2038,Andrena vicinoides,Lupinus sericeus,1.0,0.3,0
2039,Anthophora bomboides,Lupinus sericeus,0.0,0.09,0
2040,Anthophora curta,Lupinus sericeus,0.0,0.28,0
2041,Anthophora pacifica,Lupinus sericeus,1.0,0.75,1
2042,Anthophora urbana,Lupinus sericeus,0.0,0.3,0
2043,Bombus appositus,Lupinus sericeus,1.0,0.41,0
2044,Bombus bifarius,Lupinus sericeus,0.0,0.61,1
2045,Bombus californicus,Lupinus sericeus,0.0,0.62,1
2046,Bombus centralis,Lupinus sericeus,1.0,0.5,1
2047,Bombus fernaldae,Lupinus sericeus,0.0,0.07,0
2048,Bombus fervidus,Lupinus sericeus,0.0,0.08,0
2049,Bombus flavifrons,Lupinus sericeus,0.0,0.54,1
2050,Bombus griseocollis,Lupinus sericeus,0.0,0.33,0
2051,Bombus huntii,Lupinus sericeus,0.0,0.39,0
2052,Bombus insularis,Lupinus sericeus,0.0,0.28,0
2053,Bombus mixtus,Lupinus sericeus,0.0,0.43,0
2054,Bombus nevadensis,Lupinus sericeus,1.0,0.38,0
2055,Bombus rufocinctus,Lupinus sericeus,0.0,0.39,0
2056,Bombus vosnesenskii,Lupinus sericeus,1.0,0.39,0
2057,Coelioxys rufitarsis,Lupinus sericeus,0.0,0.3,0
2058,Colletes phaceliae,Lupinus sericeus,0.0,0.32,0
2059,Diadasia nigrifrons,Lupinus sericeus,0.0,0.08,0
2060,Halictus farinosus,Lupinus sericeus,0.0,0.44,0
2061,Halictus ligatus,Lupinus sericeus,0.0,0.48,0
2062,Halictus rubicundus,Lupinus sericeus,0.0,0.39,0
2063,Halictus tripartitus,Lupinus sericeus,0.0,0.3,0
2064,Hylaeus verticalis,Lupinus sericeus,0.0,0.06,0
2065,Lasioglossum albipenne,Lupinus sericeus,0.0,0.08,0
2066,Lasioglossum cooleyi,Lupinus sericeus,0.0,0.09,0
2067,Lasioglossum incompletum,Lupinus sericeus,0.0,0.22,0
2068,Lasioglossum laevissimum,Lupinus sericeus,0.0,0.27,0
2069,Lasioglossum nevadense,Lupinus sericeus,0.0,0.23,0
2070,Lasioglossum olympiae,Lupinus sericeus,0.0,0.07,0
2071,Lasioglossum ovaliceps,Lupinus sericeus,0.0,0.08,0
2072,Lasioglossum sedi,Lupinus sericeus,0.0,0.06,0
2073,Lasioglossum sp.,Lupinus sericeus,0.0,0.43,0
2074,Lasioglossum sp. 2,Lupinus sericeus,0.0,0.29,0
2075,Lasioglossum titusi,Lupinus sericeus,0.0,0.28,0
2076,Megachile apicalis,Lupinus sericeus,0.0,0.26,0
2077,Megachile nevadensis,Lupinus sericeus,0.0,0.08,0
2078,Megachile onobrychidis,Lupinus sericeus,0.0,0.32,0
2079,Megachile perihirta,Lupinus sericeus,0.0,0.3,0
2080,Melissodes bimatris,Lupinus sericeus,0.0,0.22,0
2081,Melissodes lupinus,Lupinus sericeus,0.0,0.27,0
2082,Melissodes lutulentus,Lupinus sericeus,0.0,0.21,0
2083,Melissodes microstictus,Lupinus sericeus,0.0,0.27,0
2084,Melissodes pallidisignatus,Lupinus sericeus,0.0,0.26,0
2085,Melissodes rivalis,Lupinus sericeus,0.0,0.08,0
2086,Melissodes subagilis,Lupinus sericeus,0.0,0.22,0
2087,Osmia atrocyanea,Lupinus sericeus,0.0,0.06,0
2088,Osmia brevis,Lupinus sericeus,0.0,0.06,0
2089,Osmia bucephala,Lupinus sericeus,0.0,0.06,0
2090,Osmia integra,Lupinus sericeus,0.0,0.06,0
2091,Osmia juxta,Lupinus sericeus,0.0,0.27,0
2092,Osmia raritatis,Lupinus sericeus,0.0,0.07,0
2093,Osmia sp. 2,Lupinus sericeus,0.0,0.08,0
2094,Panurginus torchio,Lupinus sericeus,0.0,0.07,0
2095,Perdita wyomingensis,Lupinus sericeus,0.0,0.07,0
2096,Sphecodes sp.,Lupinus sericeus,0.0,0.06,0
2097,Svastra obliqua,Lupinus sericeus,0.0,0.18,0
2098,Triepeolus paenepectoralis,Lupinus sericeus,0.0,0.22,0
2099,Xeromelecta californica,Lupinus sericeus,0.0,0.08,0
2100,Agapostemon femoratus,Lupinus sp.,0.0,0.36,0
2101,Agapostemon texanus,Lupinus sp.,0.0,0.24,0
2102,Andrena astragali,Lupinus sp.,0.0,0.23,0
2103,Andrena barbilabris,Lupinus sp.,0.0,0.06,0
2104,Andrena cyanophila,Lupinus sp.,0.0,0.06,0
2105,Andrena melanochroa,Lupinus sp.,0.0,0.29,0
2106,Andrena nigrocaerulea,Lupinus sp.,0.0,0.26,0
2107,Andrena nivalis,Lupinus sp.,0.0,0.06,0
2108,Andrena pallidifovea,Lupinus sp.,0.0,0.24,0
2109,Andrena prunorum,Lupinus sp.,0.0,0.22,0
2110,Andrena sp. 1,Lupinus sp.,0.0,0.05,0
2111,Andrena sp. A,Lupinus sp.,0.0,0.06,0
2112,Andrena transnigra,Lupinus sp.,0.0,0.06,0
2113,Andrena vicinoides,Lupinus sp.,0.0,0.25,0
2114,Anthophora bomboides,Lupinus sp.,0.0,0.07,0
2115,Anthophora curta,Lupinus sp.,0.0,0.24,0
2116,Anthophora pacifica,Lupinus sp.,0.0,0.05,0
2117,Anthophora urbana,Lupinus sp.,0.0,0.28,0
2118,Bombus appositus,Lupinus sp.,0.0,0.37,0
2119,Bombus bifarius,Lupinus sp.,1.0,0.6,1
2120,Bombus californicus,Lupinus sp.,0.0,0.61,1
2121,Bombus centralis,Lupinus sp.,1.0,0.49,0
2122,Bombus fernaldae,Lupinus sp.,0.0,0.06,0
2123,Bombus fervidus,Lupinus sp.,1.0,0.77,1
2124,Bombus flavifrons,Lupinus sp.,0.0,0.54,1
2125,Bombus griseocollis,Lupinus sp.,0.0,0.28,0
2126,Bombus huntii,Lupinus sp.,0.0,0.33,0
2127,Bombus insularis,Lupinus sp.,0.0,0.22,0
2128,Bombus mixtus,Lupinus sp.,1.0,0.39,0
2129,Bombus nevadensis,Lupinus sp.,1.0,0.35,0
2130,Bombus rufocinctus,Lupinus sp.,0.0,0.34,0
2131,Bombus vosnesenskii,Lupinus sp.,0.0,0.35,0
2132,Coelioxys rufitarsis,Lupinus sp.,0.0,0.27,0
2133,Colletes phaceliae,Lupinus sp.,0.0,0.26,0
2134,Diadasia nigrifrons,Lupinus sp.,0.0,0.07,0
2135,Halictus farinosus,Lupinus sp.,0.0,0.37,0
2136,Halictus ligatus,Lupinus sp.,0.0,0.42,0
2137,Halictus rubicundus,Lupinus sp.,0.0,0.35,0
2138,Halictus tripartitus,Lupinus sp.,0.0,0.25,0
2139,Hylaeus verticalis,Lupinus sp.,0.0,0.05,0
2140,Lasioglossum albipenne,Lupinus sp.,0.0,0.07,0
2141,Lasioglossum cooleyi,Lupinus sp.,0.0,0.07,0
2142,Lasioglossum incompletum,Lupinus sp.,0.0,0.22,0
2143,Lasioglossum laevissimum,Lupinus sp.,0.0,0.21,0
2144,Lasioglossum nevadense,Lupinus sp.,0.0,0.19,0
2145,Lasioglossum olympiae,Lupinus sp.,0.0,0.06,0
2146,Lasioglossum ovaliceps,Lupinus sp.,0.0,0.07,0
2147,Lasioglossum sedi,Lupinus sp.,0.0,0.05,0
2148,Lasioglossum sp.,Lupinus sp.,0.0,0.39,0
2149,Lasioglossum sp. 2,Lupinus sp.,0.0,0.25,0
2150,Lasioglossum titusi,Lupinus sp.,0.0,0.26,0
2151,Megachile apicalis,Lupinus sp.,0.0,0.22,0
2152,Megachile nevadensis,Lupinus sp.,0.0,0.07,0
2153,Megachile onobrychidis,Lupinus sp.,0.0,0.29,0
2154,Megachile perihirta,Lupinus sp.,0.0,0.25,0
2155,Melissodes bimatris,Lupinus sp.,0.0,0.19,0
2156,Melissodes lupinus,Lupinus sp.,0.0,0.24,0
2157,Melissodes lutulentus,Lupinus sp.,0.0,0.18,0
2158,Melissodes microstictus,Lupinus sp.,0.0,0.23,0
2159,Melissodes pallidisignatus,Lupinus sp.,0.0,0.22,0
2160,Melissodes rivalis,Lupinus sp.,0.0,0.07,0
2161,Melissodes subagilis,Lupinus sp.,0.0,0.19,0
2162,Osmia atrocyanea,Lupinus sp.,0.0,0.05,0
2163,Osmia brevis,Lupinus sp.,0.0,0.05,0
2164,Osmia bucephala,Lupinus sp.,0.0,0.06,0
2165,Osmia integra,Lupinus sp.,0.0,0.06,0
2166,Osmia juxta,Lupinus sp.,0.0,0.22,0
2167,Osmia raritatis,Lupinus sp.,0.0,0.06,0
2168,Osmia sp. 2,Lupinus sp.,0.0,0.07,0
2169,Panurginus torchio,Lupinus sp.,0.0,0.06,0
2170,Perdita wyomingensis,Lupinus sp.,0.0,0.06,0
2171,Sphecodes sp.,Lupinus sp.,0.0,0.05,0
2172,Svastra obliqua,Lupinus sp.,0.0,0.15,0
2173,Triepeolus paenepectoralis,Lupinus sp.,0.0,0.19,0
2174,Xeromelecta californica,Lupinus sp.,0.0,0.07,0
2175,Agapostemon femoratus,Mentha arvensis,0.0,0.06,0
2176,Agapostemon texanus,Mentha arvensis,0.0,0.04,0
2177,Andrena astragali,Mentha arvensis,0.0,0.11,0
2178,Andrena barbilabris,Mentha arvensis,0.0,0.02,0
2179,Andrena cyanophila,Mentha arvensis,0.0,0.02,0
2180,Andrena melanochroa,Mentha arvensis,0.0,0.07,0
2181,Andrena nigrocaerulea,Mentha arvensis,0.0,0.06,0
2182,Andrena nivalis,Mentha arvensis,0.0,0.02,0
2183,Andrena pallidifovea,Mentha arvensis,0.0,0.06,0
2184,Andrena prunorum,Mentha arvensis,0.0,0.05,0
2185,Andrena sp. 1,Mentha arvensis,0.0,0.02,0
2186,Andrena sp. A,Mentha arvensis,0.0,0.02,0
2187,Andrena transnigra,Mentha arvensis,0.0,0.02,0
2188,Andrena vicinoides,Mentha arvensis,0.0,0.04,0
2189,Anthophora bomboides,Mentha arvensis,0.0,0.02,0
2190,Anthophora curta,Mentha arvensis,0.0,0.05,0
2191,Anthophora pacifica,Mentha arvensis,0.0,0.02,0
2192,Anthophora urbana,Mentha arvensis,0.0,0.06,0
2193,Bombus appositus,Mentha arvensis,0.0,0.08,0
2194,Bombus bifarius,Mentha arvensis,0.0,0.13,0
2195,Bombus californicus,Mentha arvensis,0.0,0.13,0
2196,Bombus centralis,Mentha arvensis,0.0,0.08,0
2197,Bombus fernaldae,Mentha arvensis,0.0,0.02,0
2198,Bombus fervidus,Mentha arvensis,0.0,0.02,0
2199,Bombus flavifrons,Mentha arvensis,0.0,0.08,0
2200,Bombus griseocollis,Mentha arvensis,0.0,0.06,0
2201,Bombus huntii,Mentha arvensis,0.0,0.07,0
2202,Bombus insularis,Mentha arvensis,0.0,0.04,0
2203,Bombus mixtus,Mentha arvensis,0.0,0.07,0
2204,Bombus nevadensis,Mentha arvensis,0.0,0.07,0
2205,Bombus rufocinctus,Mentha arvensis,0.0,0.07,0
2206,Bombus vosnesenskii,Mentha arvensis,0.0,0.07,0
2207,Coelioxys rufitarsis,Mentha arvensis,0.0,0.06,0
2208,Colletes phaceliae,Mentha arvensis,0.0,0.05,0
2209,Diadasia nigrifrons,Mentha arvensis,0.0,0.02,0
2210,Halictus farinosus,Mentha arvensis,1.0,0.74,1
2211,Halictus ligatus,Mentha arvensis,0.0,0.08,0
2212,Halictus rubicundus,Mentha arvensis,0.0,0.06,0
2213,Halictus tripartitus,Mentha arvensis,0.0,0.06,0
2214,Hylaeus verticalis,Mentha arvensis,0.0,0.02,0
2215,Lasioglossum albipenne,Mentha arvensis,0.0,0.02,0
2216,Lasioglossum cooleyi,Mentha arvensis,0.0,0.02,0
2217,Lasioglossum incompletum,Mentha arvensis,0.0,0.03,0
2218,Lasioglossum laevissimum,Mentha arvensis,0.0,0.04,0
2219,Lasioglossum nevadense,Mentha arvensis,0.0,0.04,0
2220,Lasioglossum olympiae,Mentha arvensis,0.0,0.02,0
2221,Lasioglossum ovaliceps,Mentha arvensis,0.0,0.02,0
2222,Lasioglossum sedi,Mentha arvensis,0.0,0.02,0
2223,Lasioglossum sp.,Mentha arvensis,0.0,0.09,0
2224,Lasioglossum sp. 2,Mentha arvensis,0.0,0.04,0
2225,Lasioglossum titusi,Mentha arvensis,0.0,0.06,0
2226,Megachile apicalis,Mentha arvensis,0.0,0.04,0
2227,Megachile nevadensis,Mentha arvensis,0.0,0.02,0
2228,Megachile onobrychidis,Mentha arvensis,0.0,0.06,0
2229,Megachile perihirta,Mentha arvensis,0.0,0.06,0
2230,Melissodes bimatris,Mentha arvensis,0.0,0.04,0
2231,Melissodes lupinus,Mentha arvensis,0.0,0.05,0
2232,Melissodes lutulentus,Mentha arvensis,0.0,0.03,0
2233,Melissodes microstictus,Mentha arvensis,0.0,0.11,0
2234,Melissodes pallidisignatus,Mentha arvensis,0.0,0.05,0
2235,Melissodes rivalis,Mentha arvensis,0.0,0.03,0
2236,Melissodes subagilis,Mentha arvensis,0.0,0.03,0
2237,Osmia atrocyanea,Mentha arvensis,0.0,0.02,0
2238,Osmia brevis,Mentha arvensis,0.0,0.02,0
2239,Osmia bucephala,Mentha arvensis,0.0,0.02,0
2240,Osmia integra,Mentha arvensis,0.0,0.02,0
2241,Osmia juxta,Mentha arvensis,0.0,0.04,0
2242,Osmia raritatis,Mentha arvensis,0.0,0.02,0
2243,Osmia sp. 2,Mentha arvensis,0.0,0.03,0
2244,Panurginus torchio,Mentha arvensis,0.0,0.02,0
2245,Perdita wyomingensis,Mentha arvensis,0.0,0.02,0
2246,Sphecodes sp.,Mentha arvensis,0.0,0.02,0
2247,Svastra obliqua,Mentha arvensis,0.0,0.03,0
2248,Triepeolus paenepectoralis,Mentha arvensis,0.0,0.04,0
2249,Xeromelecta californica,Mentha arvensis,0.0,0.02,0
2250,Agapostemon femoratus,Monardella odoratissima,0.0,0.42,0
2251,Agapostemon texanus,Monardella odoratissima,0.0,0.29,0
2252,Andrena astragali,Monardella odoratissima,0.0,0.27,0
2253,Andrena barbilabris,Monardella odoratissima,0.0,0.07,0
2254,Andrena cyanophila,Monardella odoratissima,0.0,0.07,0
2255,Andrena melanochroa,Monardella odoratissima,0.0,0.35,0
2256,Andrena nigrocaerulea,Monardella odoratissima,0.0,0.32,0
2257,Andrena nivalis,Monardella odoratissima,0.0,0.07,0
2258,Andrena pallidifovea,Monardella odoratissima,0.0,0.31,0
2259,Andrena prunorum,Monardella odoratissima,0.0,0.28,0
2260,Andrena sp. 1,Monardella odoratissima,0.0,0.06,0
2261,Andrena sp. A,Monardella odoratissima,0.0,0.07,0
2262,Andrena transnigra,Monardella odoratissima,0.0,0.07,0
2263,Andrena vicinoides,Monardella odoratissima,0.0,0.3,0
2264,Anthophora bomboides,Monardella odoratissima,1.0,0.79,1
2265,Anthophora curta,Monardella odoratissima,0.0,0.3,0
2266,Anthophora pacifica,Monardella odoratissima,0.0,0.06,0
2267,Anthophora urbana,Monardella odoratissima,0.0,0.32,0
2268,Bombus appositus,Monardella odoratissima,1.0,0.4,0
2269,Bombus bifarius,Monardella odoratissima,1.0,0.64,1
2270,Bombus californicus,Monardella odoratissima,1.0,0.65,1
2271,Bombus centralis,Monardella odoratissima,1.0,0.52,1
2272,Bombus fernaldae,Monardella odoratissima,0.0,0.07,0
2273,Bombus fervidus,Monardella odoratissima,0.0,0.08,0
2274,Bombus flavifrons,Monardella odoratissima,1.0,0.57,1
2275,Bombus griseocollis,Monardella odoratissima,0.0,0.35,0
2276,Bombus huntii,Monardella odoratissima,0.0,0.4,0
2277,Bombus insularis,Monardella odoratissima,0.0,0.3,0
2278,Bombus mixtus,Monardella odoratissima,0.0,0.45,0
2279,Bombus nevadensis,Monardella odoratissima,0.0,0.4,0
2280,Bombus rufocinctus,Monardella odoratissima,0.0,0.39,0
2281,Bombus vosnesenskii,Monardella odoratissima,0.0,0.4,0
2282,Coelioxys rufitarsis,Monardella odoratissima,0.0,0.33,0
2283,Colletes phaceliae,Monardella odoratissima,0.0,0.32,0
2284,Diadasia nigrifrons,Monardella odoratissima,0.0,0.08,0
2285,Halictus farinosus,Monardella odoratissima,0.0,0.43,0
2286,Halictus ligatus,Monardella odoratissima,0.0,0.47,0
2287,Halictus rubicundus,Monardella odoratissima,0.0,0.41,0
2288,Halictus tripartitus,Monardella odoratissima,0.0,0.32,0
2289,Hylaeus verticalis,Monardella odoratissima,0.0,0.07,0
2290,Lasioglossum albipenne,Monardella odoratissima,0.0,0.09,0
2291,Lasioglossum cooleyi,Monardella odoratissima,0.0,0.09,0
2292,Lasioglossum incompletum,Monardella odoratissima,0.0,0.27,0
2293,Lasioglossum laevissimum,Monardella odoratissima,0.0,0.28,0
2294,Lasioglossum nevadense,Monardella odoratissima,1.0,0.26,0
2295,Lasioglossum olympiae,Monardella odoratissima,0.0,0.07,0
2296,Lasioglossum ovaliceps,Monardella odoratissima,0.0,0.09,0
2297,Lasioglossum sedi,Monardella odoratissima,0.0,0.07,0
2298,Lasioglossum sp.,Monardella odoratissima,0.0,0.44,0
2299,Lasioglossum sp. 2,Monardella odoratissima,0.0,0.3,0
2300,Lasioglossum titusi,Monardella odoratissima,0.0,0.3,0
2301,Megachile apicalis,Monardella odoratissima,0.0,0.28,0
2302,Megachile nevadensis,Monardella odoratissima,0.0,0.09,0
2303,Megachile onobrychidis,Monardella odoratissima,0.0,0.35,0
2304,Megachile perihirta,Monardella odoratissima,0.0,0.32,0
2305,Melissodes bimatris,Monardella odoratissima,0.0,0.25,0
2306,Melissodes lupinus,Monardella odoratissima,0.0,0.3,0
2307,Melissodes lutulentus,Monardella odoratissima,0.0,0.24,0
2308,Melissodes microstictus,Monardella odoratissima,0.0,0.27,0
2309,Melissodes pallidisignatus,Monardella odoratissima,0.0,0.28,0
2310,Melissodes rivalis,Monardella odoratissima,0.0,0.08,0
2311,Melissodes subagilis,Monardella odoratissima,0.0,0.25,0
2312,Osmia atrocyanea,Monardella odoratissima,0.0,0.06,0
2313,Osmia brevis,Monardella odoratissima,0.0,0.06,0
2314,Osmia bucephala,Monardella odoratissima,0.0,0.06,0
2315,Osmia integra,Monardella odoratissima,0.0,0.06,0
2316,Osmia juxta,Monardella odoratissima,0.0,0.29,0
2317,Osmia raritatis,Monardella odoratissima,0.0,0.07,0
2318,Osmia sp. 2,Monardella odoratissima,0.0,0.08,0
2319,Panurginus torchio,Monardella odoratissima,0.0,0.07,0
2320,Perdita wyomingensis,Monardella odoratissima,0.0,0.07,0
2321,Sphecodes sp.,Monardella odoratissima,0.0,0.07,0
2322,Svastra obliqua,Monardella odoratissima,0.0,0.21,0
2323,Triepeolus paenepectoralis,Monardella odoratissima,0.0,0.25,0
2324,Xeromelecta californica,Monardella odoratissima,0.0,0.09,0
2325,Agapostemon femoratus,Onopordum acanthium,1.0,0.35,0
2326,Agapostemon texanus,Onopordum acanthium,1.0,0.23,0
2327,Andrena astragali,Onopordum acanthium,0.0,0.24,0
2328,Andrena barbilabris,Onopordum acanthium,0.0,0.06,0
2329,Andrena cyanophila,Onopordum acanthium,0.0,0.06,0
2330,Andrena melanochroa,Onopordum acanthium,0.0,0.31,0
2331,Andrena nigrocaerulea,Onopordum acanthium,0.0,0.26,0
2332,Andrena nivalis,Onopordum acanthium,0.0,0.06,0
2333,Andrena pallidifovea,Onopordum acanthium,0.0,0.28,0
2334,Andrena prunorum,Onopordum acanthium,0.0,0.22,0
2335,Andrena sp. 1,Onopordum acanthium,0.0,0.05,0
2336,Andrena sp. A,Onopordum acanthium,0.0,0.06,0
2337,Andrena transnigra,Onopordum acanthium,0.0,0.06,0
2338,Andrena vicinoides,Onopordum acanthium,0.0,0.26,0
2339,Anthophora bomboides,Onopordum acanthium,0.0,0.07,0
2340,Anthophora curta,Onopordum acanthium,0.0,0.26,0
2341,Anthophora pacifica,Onopordum acanthium,0.0,0.05,0
2342,Anthophora urbana,Onopordum acanthium,0.0,0.28,0
2343,Bombus appositus,Onopordum acanthium,0.0,0.38,0
2344,Bombus bifarius,Onopordum acanthium,0.0,0.58,1
2345,Bombus californicus,Onopordum acanthium,0.0,0.59,1
2346,Bombus centralis,Onopordum acanthium,0.0,0.48,0
2347,Bombus fernaldae,Onopordum acanthium,0.0,0.06,0
2348,Bombus fervidus,Onopordum acanthium,0.0,0.07,0
2349,Bombus flavifrons,Onopordum acanthium,0.0,0.53,1
2350,Bombus griseocollis,Onopordum acanthium,1.0,0.3,0
2351,Bombus huntii,Onopordum acanthium,0.0,0.33,0
2352,Bombus insularis,Onopordum acanthium,0.0,0.23,0
2353,Bombus mixtus,Onopordum acanthium,0.0,0.39,0
2354,Bombus nevadensis,Onopordum acanthium,1.0,0.37,0
2355,Bombus rufocinctus,Onopordum acanthium,0.0,0.35,0
2356,Bombus vosnesenskii,Onopordum acanthium,0.0,0.36,0
2357,Coelioxys rufitarsis,Onopordum acanthium,0.0,0.27,0
2358,Colletes phaceliae,Onopordum acanthium,0.0,0.26,0
2359,Diadasia nigrifrons,Onopordum acanthium,0.0,0.07,0
2360,Halictus farinosus,Onopordum acanthium,0.0,0.38,0
2361,Halictus ligatus,Onopordum acanthium,0.0,0.45,0
2362,Halictus rubicundus,Onopordum acanthium,0.0,0.38,0
2363,Halictus tripartitus,Onopordum acanthium,0.0,0.29,0
2364,Hylaeus verticalis,Onopordum acanthium,0.0,0.06,0
2365,Lasioglossum albipenne,Onopordum acanthium,0.0,0.06,0
2366,Lasioglossum cooleyi,Onopordum acanthium,0.0,0.07,0
2367,Lasioglossum incompletum,Onopordum acanthium,0.0,0.2,0
2368,Lasioglossum laevissimum,Onopordum acanthium,0.0,0.2,0
2369,Lasioglossum nevadense,Onopordum acanthium,0.0,0.19,0
2370,Lasioglossum olympiae,Onopordum acanthium,0.0,0.06,0
2371,Lasioglossum ovaliceps,Onopordum acanthium,0.0,0.08,0
2372,Lasioglossum sedi,Onopordum acanthium,0.0,0.06,0
2373,Lasioglossum sp.,Onopordum acanthium,1.0,0.4,0
2374,Lasioglossum sp. 2,Onopordum acanthium,0.0,0.26,0
2375,Lasioglossum titusi,Onopordum acanthium,0.0,0.28,0
2376,Megachile apicalis,Onopordum acanthium,0.0,0.23,0
2377,Megachile nevadensis,Onopordum acanthium,0.0,0.06,0
2378,Megachile onobrychidis,Onopordum acanthium,0.0,0.28,0
2379,Megachile perihirta,Onopordum acanthium,0.0,0.28,0
2380,Melissodes bimatris,Onopordum acanthium,0.0,0.21,0
2381,Melissodes lupinus,Onopordum acanthium,0.0,0.25,0
2382,Melissodes lutulentus,Onopordum acanthium,0.0,0.19,0
2383,Melissodes microstictus,Onopordum acanthium,0.0,0.24,0
2384,Melissodes pallidisignatus,Onopordum acanthium,0.0,0.23,0
2385,Melissodes rivalis,Onopordum acanthium,0.0,0.07,0
2386,Melissodes subagilis,Onopordum acanthium,0.0,0.2,0
2387,Osmia atrocyanea,Onopordum acanthium,0.0,0.05,0
2388,Osmia brevis,Onopordum acanthium,0.0,0.05,0
2389,Osmia bucephala,Onopordum acanthium,0.0,0.05,0
2390,Osmia integra,Onopordum acanthium,0.0,0.05,0
2391,Osmia juxta,Onopordum acanthium,0.0,0.2,0
2392,Osmia raritatis,Onopordum acanthium,0.0,0.06,0
2393,Osmia sp. 2,Onopordum acanthium,0.0,0.07,0
2394,Panurginus torchio,Onopordum acanthium,0.0,0.06,0
2395,Perdita wyomingensis,Onopordum acanthium,0.0,0.06,0
2396,Sphecodes sp.,Onopordum acanthium,0.0,0.05,0
2397,Svastra obliqua,Onopordum acanthium,0.0,0.17,0
2398,Triepeolus paenepectoralis,Onopordum acanthium,0.0,0.21,0
2399,Xeromelecta californica,Onopordum acanthium,0.0,0.06,0
2400,Agapostemon femoratus,Orthocarpus tenuifolius,0.0,0.04,0
2401,Agapostemon texanus,Orthocarpus tenuifolius,0.0,0.03,0
2402,Andrena astragali,Orthocarpus tenuifolius,0.0,0.09,0
2403,Andrena barbilabris,Orthocarpus tenuifolius,0.0,0.02,0
2404,Andrena cyanophila,Orthocarpus tenuifolius,0.0,0.02,0
2405,Andrena melanochroa,Orthocarpus tenuifolius,0.0,0.05,0
2406,Andrena nigrocaerulea,Orthocarpus tenuifolius,0.0,0.03,0
2407,Andrena nivalis,Orthocarpus tenuifolius,0.0,0.02,0
2408,Andrena pallidifovea,Orthocarpus tenuifolius,0.0,0.04,0
2409,Andrena prunorum,Orthocarpus tenuifolius,0.0,0.03,0
2410,Andrena sp. 1,Orthocarpus tenuifolius,0.0,0.02,0
2411,Andrena sp. A,Orthocarpus tenuifolius,0.0,0.02,0
2412,Andrena transnigra,Orthocarpus tenuifolius,0.0,0.02,0
2413,Andrena vicinoides,Orthocarpus tenuifolius,0.0,0.03,0
2414,Anthophora bomboides,Orthocarpus tenuifolius,0.0,0.02,0
2415,Anthophora curta,Orthocarpus tenuifolius,0.0,0.04,0
2416,Anthophora pacifica,Orthocarpus tenuifolius,0.0,0.02,0
2417,Anthophora urbana,Orthocarpus tenuifolius,0.0,0.04,0
2418,Bombus appositus,Orthocarpus tenuifolius,0.0,0.05,0
2419,Bombus bifarius,Orthocarpus tenuifolius,0.0,0.12,0
2420,Bombus californicus,Orthocarpus tenuifolius,1.0,0.93,1
2421,Bombus centralis,Orthocarpus tenuifolius,0.0,0.08,0
2422,Bombus fernaldae,Orthocarpus tenuifolius,0.0,0.02,0
2423,Bombus fervidus,Orthocarpus tenuifolius,0.0,0.02,0
2424,Bombus flavifrons,Orthocarpus tenuifolius,0.0,0.1,0
2425,Bombus griseocollis,Orthocarpus tenuifolius,0.0,0.04,0
2426,Bombus huntii,Orthocarpus tenuifolius,0.0,0.05,0
2427,Bombus insularis,Orthocarpus tenuifolius,0.0,0.03,0
2428,Bombus mixtus,Orthocarpus tenuifolius,0.0,0.05,0
2429,Bombus nevadensis,Orthocarpus tenuifolius,0.0,0.05,0
2430,Bombus rufocinctus,Orthocarpus tenuifolius,0.0,0.05,0
2431,Bombus vosnesenskii,Orthocarpus tenuifolius,0.0,0.05,0
2432,Coelioxys rufitarsis,Orthocarpus tenuifolius,0.0,0.04,0
2433,Colletes phaceliae,Orthocarpus tenuifolius,0.0,0.03,0
2434,Diadasia nigrifrons,Orthocarpus tenuifolius,0.0,0.02,0
2435,Halictus farinosus,Orthocarpus tenuifolius,0.0,0.05,0
2436,Halictus ligatus,Orthocarpus tenuifolius,0.0,0.05,0
2437,Halictus rubicundus,Orthocarpus tenuifolius,0.0,0.05,0
2438,Halictus tripartitus,Orthocarpus tenuifolius,0.0,0.03,0
2439,Hylaeus verticalis,Orthocarpus tenuifolius,0.0,0.02,0
2440,Lasioglossum albipenne,Orthocarpus tenuifolius,0.0,0.02,0
2441,Lasioglossum cooleyi,Orthocarpus tenuifolius,0.0,0.02,0
2442,Lasioglossum incompletum,Orthocarpus tenuifolius,0.0,0.03,0
2443,Lasioglossum laevissimum,Orthocarpus tenuifolius,0.0,0.03,0
2444,Lasioglossum nevadense,Orthocarpus tenuifolius,0.0,0.03,0
2445,Lasioglossum olympiae,Orthocarpus tenuifolius,0.0,0.02,0
2446,Lasioglossum ovaliceps,Orthocarpus tenuifolius,0.0,0.02,0
2447,Lasioglossum sedi,Orthocarpus tenuifolius,0.0,0.02,0
2448,Lasioglossum sp.,Orthocarpus tenuifolius,0.0,0.06,0
2449,Lasioglossum sp. 2,Orthocarpus tenuifolius,0.0,0.03,0
2450,Lasioglossum titusi,Orthocarpus tenuifolius,0.0,0.04,0
2451,Megachile apicalis,Orthocarpus tenuifolius,0.0,0.04,0
2452,Megachile nevadensis,Orthocarpus tenuifolius,0.0,0.02,0
2453,Megachile onobrychidis,Orthocarpus tenuifolius,0.0,0.04,0
2454,Megachile perihirta,Orthocarpus tenuifolius,0.0,0.04,0
2455,Melissodes bimatris,Orthocarpus tenuifolius,0.0,0.04,0
2456,Melissodes lupinus,Orthocarpus tenuifolius,0.0,0.03,0
2457,Melissodes lutulentus,Orthocarpus tenuifolius,0.0,0.03,0
2458,Melissodes microstictus,Orthocarpus tenuifolius,0.0,0.09,0
2459,Melissodes pallidisignatus,Orthocarpus tenuifolius,0.0,0.04,0
2460,Melissodes rivalis,Orthocarpus tenuifolius,0.0,0.03,0
2461,Melissodes subagilis,Orthocarpus tenuifolius,0.0,0.03,0
2462,Osmia atrocyanea,Orthocarpus tenuifolius,0.0,0.02,0
2463,Osmia brevis,Orthocarpus tenuifolius,0.0,0.02,0
2464,Osmia bucephala,Orthocarpus tenuifolius,0.0,0.02,0
2465,Osmia integra,Orthocarpus tenuifolius,0.0,0.02,0
2466,Osmia juxta,Orthocarpus tenuifolius,0.0,0.03,0
2467,Osmia raritatis,Orthocarpus tenuifolius,0.0,0.02,0
2468,Osmia sp. 2,Orthocarpus tenuifolius,0.0,0.03,0
2469,Panurginus torchio,Orthocarpus tenuifolius,0.0,0.02,0
2470,Perdita wyomingensis,Orthocarpus tenuifolius,0.0,0.02,0
2471,Sphecodes sp.,Orthocarpus tenuifolius,0.0,0.02,0
2472,Svastra obliqua,Orthocarpus tenuifolius,0.0,0.03,0
2473,Triepeolus paenepectoralis,Orthocarpus tenuifolius,0.0,0.04,0
2474,Xeromelecta californica,Orthocarpus tenuifolius,0.0,0.02,0
2475,Agapostemon femoratus,Penstemon procerus,0.0,0.38,0
2476,Agapostemon texanus,Penstemon procerus,0.0,0.25,0
2477,Andrena astragali,Penstemon procerus,0.0,0.24,0
2478,Andrena barbilabris,Penstemon procerus,0.0,0.07,0
2479,Andrena cyanophila,Penstemon procerus,0.0,0.07,0
2480,Andrena melanochroa,Penstemon procerus,0.0,0.32,0
2481,Andrena nigrocaerulea,Penstemon procerus,0.0,0.31,0
2482,Andrena nivalis,Penstemon procerus,0.0,0.07,0
2483,Andrena pallidifovea,Penstemon procerus,0.0,0.28,0
2484,Andrena prunorum,Penstemon procerus,0.0,0.25,0
2485,Andrena sp. 1,Penstemon procerus,0.0,0.06,0
2486,Andrena sp. A,Penstemon procerus,0.0,0.07,0
2487,Andrena transnigra,Penstemon procerus,0.0,0.07,0
2488,Andrena vicinoides,Penstemon procerus,0.0,0.27,0
2489,Anthophora bomboides,Penstemon procerus,0.0,0.08,0
2490,Anthophora curta,Penstemon procerus,0.0,0.27,0
2491,Anthophora pacifica,Penstemon procerus,0.0,0.06,0
2492,Anthophora urbana,Penstemon procerus,0.0,0.29,0
2493,Bombus appositus,Penstemon procerus,0.0,0.4,0
2494,Bombus bifarius,Penstemon procerus,0.0,0.58,1
2495,Bombus californicus,Penstemon procerus,0.0,0.6,1
2496,Bombus centralis,Penstemon procerus,1.0,0.48,0
2497,Bombus fernaldae,Penstemon procerus,0.0,0.07,0
2498,Bombus fervidus,Penstemon procerus,0.0,0.08,0
2499,Bombus flavifrons,Penstemon procerus,1.0,0.53,1
2500,Bombus griseocollis,Penstemon procerus,0.0,0.3,0
2501,Bombus huntii,Penstemon procerus,0.0,0.37,0
2502,Bombus insularis,Penstemon procerus,0.0,0.24,0
2503,Bombus mixtus,Penstemon procerus,0.0,0.41,0
2504,Bombus nevadensis,Penstemon procerus,0.0,0.38,0
2505,Bombus rufocinctus,Penstemon procerus,0.0,0.37,0
2506,Bombus vosnesenskii,Penstemon procerus,0.0,0.38,0
2507,Coelioxys rufitarsis,Penstemon procerus,0.0,0.28,0
2508,Colletes phaceliae,Penstemon procerus,0.0,0.29,0
2509,Diadasia nigrifrons,Penstemon procerus,0.0,0.08,0
2510,Halictus farinosus,Penstemon procerus,0.0,0.41,0
2511,Halictus ligatus,Penstemon procerus,0.0,0.44,0
2512,Halictus rubicundus,Penstemon procerus,0.0,0.39,0
2513,Halictus tripartitus,Penstemon procerus,0.0,0.29,0
2514,Hylaeus verticalis,Penstemon procerus,0.0,0.07,0
2515,Lasioglossum albipenne,Penstemon procerus,0.0,0.07,0
2516,Lasioglossum cooleyi,Penstemon procerus,0.0,0.08,0
2517,Lasioglossum incompletum,Penstemon procerus,0.0,0.25,0
2518,Lasioglossum laevissimum,Penstemon procerus,0.0,0.24,0
2519,Lasioglossum nevadense,Penstemon procerus,0.0,0.22,0
2520,Lasioglossum olympiae,Penstemon procerus,0.0,0.07,0
2521,Lasioglossum ovaliceps,Penstemon procerus,0.0,0.08,0
2522,Lasioglossum sedi,Penstemon procerus,0.0,0.07,0
2523,Lasioglossum sp.,Penstemon procerus,0.0,0.44,0
2524,Lasioglossum sp. 2,Penstemon procerus,1.0,0.3,0
2525,Lasioglossum titusi,Penstemon procerus,0.0,0.26,0
2526,Megachile apicalis,Penstemon procerus,0.0,0.25,0
2527,Megachile nevadensis,Penstemon procerus,0.0,0.07,0
2528,Megachile onobrychidis,Penstemon procerus,0.0,0.31,0
2529,Megachile perihirta,Penstemon procerus,0.0,0.28,0
2530,Melissodes bimatris,Penstemon procerus,0.0,0.22,0
2531,Melissodes lupinus,Penstemon procerus,0.0,0.26,0
2532,Melissodes lutulentus,Penstemon procerus,0.0,0.2,0
2533,Melissodes microstictus,Penstemon procerus,0.0,0.24,0
2534,Melissodes pallidisignatus,Penstemon procerus,0.0,0.25,0
2535,Melissodes rivalis,Penstemon procerus,0.0,0.08,0
2536,Melissodes subagilis,Penstemon procerus,0.0,0.21,0
2537,Osmia atrocyanea,Penstemon procerus,1.0,0.75,1
2538,Osmia brevis,Penstemon procerus,1.0,0.75,1
2539,Osmia bucephala,Penstemon procerus,0.0,0.06,0
2540,Osmia integra,Penstemon procerus,0.0,0.06,0
2541,Osmia juxta,Penstemon procerus,1.0,0.27,0
2542,Osmia raritatis,Penstemon procerus,0.0,0.07,0
2543,Osmia sp. 2,Penstemon procerus,0.0,0.08,0
2544,Panurginus torchio,Penstemon procerus,0.0,0.07,0
2545,Perdita wyomingensis,Penstemon procerus,0.0,0.07,0
2546,Sphecodes sp.,Penstemon procerus,0.0,0.06,0
2547,Svastra obliqua,Penstemon procerus,0.0,0.18,0
2548,Triepeolus paenepectoralis,Penstemon procerus,0.0,0.22,0
2549,Xeromelecta californica,Penstemon procerus,0.0,0.07,0
2550,Agapostemon femoratus,Polemonium occidentale,0.0,0.04,0
2551,Agapostemon texanus,Polemonium occidentale,0.0,0.03,0
2552,Andrena astragali,Polemonium occidentale,0.0,0.09,0
2553,Andrena barbilabris,Polemonium occidentale,0.0,0.02,0
2554,Andrena cyanophila,Polemonium occidentale,0.0,0.02,0
2555,Andrena melanochroa,Polemonium occidentale,0.0,0.05,0
2556,Andrena nigrocaerulea,Polemonium occidentale,0.0,0.04,0
2557,Andrena nivalis,Polemonium occidentale,0.0,0.02,0
2558,Andrena pallidifovea,Polemonium occidentale,0.0,0.04,0
2559,Andrena prunorum,Polemonium occidentale,0.0,0.03,0
2560,Andrena sp. 1,Polemonium occidentale,0.0,0.02,0
2561,Andrena sp. A,Polemonium occidentale,0.0,0.02,0
2562,Andrena transnigra,Polemonium occidentale,0.0,0.02,0
2563,Andrena vicinoides,Polemonium occidentale,0.0,0.03,0
2564,Anthophora bomboides,Polemonium occidentale,0.0,0.02,0
2565,Anthophora curta,Polemonium occidentale,0.0,0.04,0
2566,Anthophora pacifica,Polemonium occidentale,0.0,0.02,0
2567,Anthophora urbana,Polemonium occidentale,0.0,0.05,0
2568,Bombus appositus,Polemonium occidentale,0.0,0.06,0
2569,Bombus bifarius,Polemonium occidentale,0.0,0.13,0
2570,Bombus californicus,Polemonium occidentale,0.0,0.12,0
2571,Bombus centralis,Polemonium occidentale,0.0,0.09,0
2572,Bombus fernaldae,Polemonium occidentale,0.0,0.02,0
2573,Bombus fervidus,Polemonium occidentale,0.0,0.02,0
2574,Bombus flavifrons,Polemonium occidentale,1.0,0.92,1
2575,Bombus griseocollis,Polemonium occidentale,0.0,0.05,0
2576,Bombus huntii,Polemonium occidentale,0.0,0.05,0
2577,Bombus insularis,Polemonium occidentale,0.0,0.03,0
2578,Bombus mixtus,Polemonium occidentale,0.0,0.05,0
2579,Bombus nevadensis,Polemonium occidentale,0.0,0.05,0
2580,Bombus rufocinctus,Polemonium occidentale,0.0,0.05,0
2581,Bombus vosnesenskii,Polemonium occidentale,0.0,0.05,0
2582,Coelioxys rufitarsis,Polemonium occidentale,0.0,0.05,0
2583,Colletes phaceliae,Polemonium occidentale,0.0,0.04,0
2584,Diadasia nigrifrons,Polemonium occidentale,0.0,0.02,0
2585,Halictus farinosus,Polemonium occidentale,0.0,0.06,0
2586,Halictus ligatus,Polemonium occidentale,0.0,0.07,0
2587,Halictus rubicundus,Polemonium occidentale,0.0,0.05,0
2588,Halictus tripartitus,Polemonium occidentale,0.0,0.04,0
2589,Hylaeus verticalis,Polemonium occidentale,0.0,0.02,0
2590,Lasioglossum albipenne,Polemonium occidentale,0.0,0.02,0
2591,Lasioglossum cooleyi,Polemonium occidentale,0.0,0.02,0
2592,Lasioglossum incompletum,Polemonium occidentale,0.0,0.03,0
2593,Lasioglossum laevissimum,Polemonium occidentale,0.0,0.03,0
2594,Lasioglossum nevadense,Polemonium occidentale,0.0,0.03,0
2595,Lasioglossum olympiae,Polemonium occidentale,0.0,0.02,0
2596,Lasioglossum ovaliceps,Polemonium occidentale,0.0,0.02,0
2597,Lasioglossum sedi,Polemonium occidentale,0.0,0.02,0
2598,Lasioglossum sp.,Polemonium occidentale,0.0,0.07,0
2599,Lasioglossum sp. 2,Polemonium occidentale,0.0,0.03,0
2600,Lasioglossum titusi,Polemonium occidentale,0.0,0.04,0
2601,Megachile apicalis,Polemonium occidentale,0.0,0.04,0
2602,Megachile nevadensis,Polemonium occidentale,0.0,0.02,0
2603,Megachile onobrychidis,Polemonium occidentale,0.0,0.04,0
2604,Megachile perihirta,Polemonium occidentale,0.0,0.04,0
2605,Melissodes bimatris,Polemonium occidentale,0.0,0.03,0
2606,Melissodes lupinus,Polemonium occidentale,0.0,0.04,0
2607,Melissodes lutulentus,Polemonium occidentale,0.0,0.03,0
2608,Melissodes microstictus,Polemonium occidentale,0.0,0.09,0
2609,Melissodes pallidisignatus,Polemonium occidentale,0.0,0.04,0
2610,Melissodes rivalis,Polemonium occidentale,0.0,0.02,0
2611,Melissodes subagilis,Polemonium occidentale,0.0,0.03,0
2612,Osmia atrocyanea,Polemonium occidentale,0.0,0.02,0
2613,Osmia brevis,Polemonium occidentale,0.0,0.02,0
2614,Osmia bucephala,Polemonium occidentale,0.0,0.02,0
2615,Osmia integra,Polemonium occidentale,0.0,0.02,0
2616,Osmia juxta,Polemonium occidentale,0.0,0.03,0
2617,Osmia raritatis,Polemonium occidentale,0.0,0.02,0
2618,Osmia sp. 2,Polemonium occidentale,0.0,0.02,0
2619,Panurginus torchio,Polemonium occidentale,0.0,0.02,0
2620,Perdita wyomingensis,Polemonium occidentale,0.0,0.02,0
2621,Sphecodes sp.,Polemonium occidentale,0.0,0.02,0
2622,Svastra obliqua,Polemonium occidentale,0.0,0.03,0
2623,Triepeolus paenepectoralis,Polemonium occidentale,0.0,0.03,0
2624,Xeromelecta californica,Polemonium occidentale,0.0,0.02,0
2625,Agapostemon femoratus,Potentilla arguta,0.0,0.39,0
2626,Agapostemon texanus,Potentilla arguta,0.0,0.26,0
2627,Andrena astragali,Potentilla arguta,0.0,0.24,0
2628,Andrena barbilabris,Potentilla arguta,0.0,0.07,0
2629,Andrena cyanophila,Potentilla arguta,0.0,0.07,0
2630,Andrena melanochroa,Potentilla arguta,1.0,0.33,0
2631,Andrena nigrocaerulea,Potentilla arguta,0.0,0.28,0
2632,Andrena nivalis,Potentilla arguta,0.0,0.07,0
2633,Andrena pallidifovea,Potentilla arguta,0.0,0.28,0
2634,Andrena prunorum,Potentilla arguta,0.0,0.24,0
2635,Andrena sp. 1,Potentilla arguta,0.0,0.07,0
2636,Andrena sp. A,Potentilla arguta,0.0,0.07,0
2637,Andrena transnigra,Potentilla arguta,0.0,0.07,0
2638,Andrena vicinoides,Potentilla arguta,0.0,0.26,0
2639,Anthophora bomboides,Potentilla arguta,0.0,0.08,0
2640,Anthophora curta,Potentilla arguta,0.0,0.29,0
2641,Anthophora pacifica,Potentilla arguta,0.0,0.07,0
2642,Anthophora urbana,Potentilla arguta,0.0,0.3,0
2643,Bombus appositus,Potentilla arguta,0.0,0.41,0
2644,Bombus bifarius,Potentilla arguta,1.0,0.6,1
2645,Bombus californicus,Potentilla arguta,0.0,0.61,1
2646,Bombus centralis,Potentilla arguta,0.0,0.49,0
2647,Bombus fernaldae,Potentilla arguta,0.0,0.06,0
2648,Bombus fervidus,Potentilla arguta,0.0,0.08,0
2649,Bombus flavifrons,Potentilla arguta,0.0,0.53,1
2650,Bombus griseocollis,Potentilla arguta,0.0,0.32,0
2651,Bombus huntii,Potentilla arguta,0.0,0.37,0
2652,Bombus insularis,Potentilla arguta,0.0,0.24,0
2653,Bombus mixtus,Potentilla arguta,1.0,0.41,0
2654,Bombus nevadensis,Potentilla arguta,0.0,0.38,0
2655,Bombus rufocinctus,Potentilla arguta,0.0,0.37,0
2656,Bombus vosnesenskii,Potentilla arguta,0.0,0.38,0
2657,Coelioxys rufitarsis,Potentilla arguta,0.0,0.29,0
2658,Colletes phaceliae,Potentilla arguta,0.0,0.28,0
2659,Diadasia nigrifrons,Potentilla arguta,0.0,0.08,0
2660,Halictus farinosus,Potentilla arguta,0.0,0.4,0
2661,Halictus ligatus,Potentilla arguta,0.0,0.45,0
2662,Halictus rubicundus,Potentilla arguta,0.0,0.39,0
2663,Halictus tripartitus,Potentilla arguta,0.0,0.29,0
2664,Hylaeus verticalis,Potentilla arguta,1.0,0.77,1
2665,Lasioglossum albipenne,Potentilla arguta,0.0,0.07,0
2666,Lasioglossum cooleyi,Potentilla arguta,0.0,0.08,0
2667,Lasioglossum incompletum,Potentilla arguta,0.0,0.24,0
2668,Lasioglossum laevissimum,Potentilla arguta,0.0,0.23,0
2669,Lasioglossum nevadense,Potentilla arguta,0.0,0.22,0
2670,Lasioglossum olympiae,Potentilla arguta,0.0,0.07,0
2671,Lasioglossum ovaliceps,Potentilla arguta,0.0,0.08,0
2672,Lasioglossum sedi,Potentilla arguta,1.0,0.77,1
2673,Lasioglossum sp.,Potentilla arguta,1.0,0.43,0
2674,Lasioglossum sp. 2,Potentilla arguta,0.0,0.26,0
2675,Lasioglossum titusi,Potentilla arguta,0.0,0.27,0
2676,Megachile apicalis,Potentilla arguta,0.0,0.26,0
2677,Megachile nevadensis,Potentilla arguta,0.0,0.07,0
2678,Megachile onobrychidis,Potentilla arguta,0.0,0.31,0
2679,Megachile perihirta,Potentilla arguta,0.0,0.28,0
2680,Melissodes bimatris,Potentilla arguta,0.0,0.23,0
2681,Melissodes lupinus,Potentilla arguta,0.0,0.26,0
2682,Melissodes lutulentus,Potentilla arguta,0.0,0.21,0
2683,Melissodes microstictus,Potentilla arguta,0.0,0.24,0
2684,Melissodes pallidisignatus,Potentilla arguta,0.0,0.26,0
2685,Melissodes rivalis,Potentilla arguta,0.0,0.08,0
2686,Melissodes subagilis,Potentilla arguta,0.0,0.22,0
2687,Osmia atrocyanea,Potentilla arguta,0.0,0.06,0
2688,Osmia brevis,Potentilla arguta,0.0,0.06,0
2689,Osmia bucephala,Potentilla arguta,0.0,0.06,0
2690,Osmia integra,Potentilla arguta,0.0,0.06,0
2691,Osmia juxta,Potentilla arguta,0.0,0.24,0
2692,Osmia raritatis,Potentilla arguta,0.0,0.06,0
2693,Osmia sp. 2,Potentilla arguta,0.0,0.08,0
2694,Panurginus torchio,Potentilla arguta,0.0,0.07,0
2695,Perdita wyomingensis,Potentilla arguta,0.0,0.07,0
2696,Sphecodes sp.,Potentilla arguta,0.0,0.06,0
2697,Svastra obliqua,Potentilla arguta,0.0,0.19,0
2698,Triepeolus paenepectoralis,Potentilla arguta,0.0,0.23,0
2699,Xeromelecta californica,Potentilla arguta,0.0,0.07,0
2700,Agapostemon femoratus,Potentilla gracilis,0.0,0.68,1
2701,Agapostemon texanus,Potentilla gracilis,0.0,0.53,1
2702,Andrena astragali,Potentilla gracilis,0.0,0.36,0
2703,Andrena barbilabris,Potentilla gracilis,1.0,0.95,1
2704,Andrena cyanophila,Potentilla gracilis,1.0,0.95,1
2705,Andrena melanochroa,Potentilla gracilis,1.0,0.58,1
2706,Andrena nigrocaerulea,Potentilla gracilis,0.0,0.52,1
2707,Andrena nivalis,Potentilla gracilis,1.0,0.95,1
2708,Andrena pallidifovea,Potentilla gracilis,0.0,0.53,1
2709,Andrena prunorum,Potentilla gracilis,0.0,0.44,0
2710,Andrena sp. 1,Potentilla gracilis,0.0,0.18,0
2711,Andrena sp. A,Potentilla gracilis,1.0,0.95,1
2712,Andrena transnigra,Potentilla gracilis,1.0,0.95,1
2713,Andrena vicinoides,Potentilla gracilis,1.0,0.61,1
2714,Anthophora bomboides,Potentilla gracilis,0.0,0.17,0
2715,Anthophora curta,Potentilla gracilis,0.0,0.59,1
2716,Anthophora pacifica,Potentilla gracilis,0.0,0.18,0
2717,Anthophora urbana,Potentilla gracilis,0.0,0.53,1
2718,Bombus appositus,Potentilla gracilis,1.0,0.69,1
2719,Bombus bifarius,Potentilla gracilis,1.0,0.8,1
2720,Bombus californicus,Potentilla gracilis,1.0,0.77,1
2721,Bombus centralis,Potentilla gracilis,0.0,0.72,1
2722,Bombus fernaldae,Potentilla gracilis,0.0,0.18,0
2723,Bombus fervidus,Potentilla gracilis,0.0,0.18,0
2724,Bombus flavifrons,Potentilla gracilis,1.0,0.73,1
2725,Bombus griseocollis,Potentilla gracilis,0.0,0.57,1
2726,Bombus huntii,Potentilla gracilis,0.0,0.63,1
2727,Bombus insularis,Potentilla gracilis,0.0,0.54,1
2728,Bombus mixtus,Potentilla gracilis,1.0,0.67,1
2729,Bombus nevadensis,Potentilla gracilis,0.0,0.65,1
2730,Bombus rufocinctus,Potentilla gracilis,1.0,0.64,1
2731,Bombus vosnesenskii,Potentilla gracilis,0.0,0.65,1
2732,Coelioxys rufitarsis,Potentilla gracilis,0.0,0.53,1
2733,Colletes phaceliae,Potentilla gracilis,0.0,0.51,1
2734,Diadasia nigrifrons,Potentilla gracilis,0.0,0.17,0
2735,Halictus farinosus,Potentilla gracilis,0.0,0.67,1
2736,Halictus ligatus,Potentilla gracilis,0.0,0.69,1
2737,Halictus rubicundus,Potentilla gracilis,1.0,0.64,1
2738,Halictus tripartitus,Potentilla gracilis,0.0,0.51,1
2739,Hylaeus verticalis,Potentilla gracilis,0.0,0.18,0
2740,Lasioglossum albipenne,Potentilla gracilis,0.0,0.17,0
2741,Lasioglossum cooleyi,Potentilla gracilis,0.0,0.17,0
2742,Lasioglossum incompletum,Potentilla gracilis,0.0,0.49,0
2743,Lasioglossum laevissimum,Potentilla gracilis,1.0,0.58,1
2744,Lasioglossum nevadense,Potentilla gracilis,0.0,0.43,0
2745,Lasioglossum olympiae,Potentilla gracilis,1.0,0.95,1
2746,Lasioglossum ovaliceps,Potentilla gracilis,0.0,0.17,0
2747,Lasioglossum sedi,Potentilla gracilis,0.0,0.18,0
2748,Lasioglossum sp.,Potentilla gracilis,0.0,0.66,1
2749,Lasioglossum sp. 2,Potentilla gracilis,1.0,0.6,1
2750,Lasioglossum titusi,Potentilla gracilis,1.0,0.57,1
2751,Megachile apicalis,Potentilla gracilis,0.0,0.53,1
2752,Megachile nevadensis,Potentilla gracilis,0.0,0.17,0
2753,Megachile onobrychidis,Potentilla gracilis,0.0,0.59,1
2754,Megachile perihirta,Potentilla gracilis,0.0,0.5,0
2755,Melissodes bimatris,Potentilla gracilis,0.0,0.51,1
2756,Melissodes lupinus,Potentilla gracilis,0.0,0.48,0
2757,Melissodes lutulentus,Potentilla gracilis,0.0,0.43,0
2758,Melissodes microstictus,Potentilla gracilis,0.0,0.36,0
2759,Melissodes pallidisignatus,Potentilla gracilis,0.0,0.53,1
2760,Melissodes rivalis,Potentilla gracilis,0.0,0.18,0
2761,Melissodes subagilis,Potentilla gracilis,0.0,0.45,0
2762,Osmia atrocyanea,Potentilla gracilis,0.0,0.17,0
2763,Osmia brevis,Potentilla gracilis,0.0,0.17,0
2764,Osmia bucephala,Potentilla gracilis,0.0,0.17,0
2765,Osmia integra,Potentilla gracilis,0.0,0.17,0
2766,Osmia juxta,Potentilla gracilis,0.0,0.49,0
2767,Osmia raritatis,Potentilla gracilis,0.0,0.18,0
2768,Osmia sp. 2,Potentilla gracilis,0.0,0.18,0
2769,Panurginus torchio,Potentilla gracilis,1.0,0.95,1
2770,Perdita wyomingensis,Potentilla gracilis,1.0,0.95,1
2771,Sphecodes sp.,Potentilla gracilis,0.0,0.16,0
2772,Svastra obliqua,Potentilla gracilis,0.0,0.42,0
2773,Triepeolus paenepectoralis,Potentilla gracilis,0.0,0.51,1
2774,Xeromelecta californica,Potentilla gracilis,0.0,0.17,0
2775,Agapostemon femoratus,Psoralidium lanceolatum,1.0,0.33,0
2776,Agapostemon texanus,Psoralidium lanceolatum,0.0,0.21,0
2777,Andrena astragali,Psoralidium lanceolatum,0.0,0.21,0
2778,Andrena barbilabris,Psoralidium lanceolatum,0.0,0.06,0
2779,Andrena cyanophila,Psoralidium lanceolatum,0.0,0.06,0
2780,Andrena melanochroa,Psoralidium lanceolatum,0.0,0.3,0
2781,Andrena nigrocaerulea,Psoralidium lanceolatum,0.0,0.28,0
2782,Andrena nivalis,Psoralidium lanceolatum,0.0,0.06,0
2783,Andrena pallidifovea,Psoralidium lanceolatum,0.0,0.24,0
2784,Andrena prunorum,Psoralidium lanceolatum,0.0,0.22,0
2785,Andrena sp. 1,Psoralidium lanceolatum,0.0,0.05,0
2786,Andrena sp. A,Psoralidium lanceolatum,0.0,0.06,0
2787,Andrena transnigra,Psoralidium lanceolatum,0.0,0.06,0
2788,Andrena vicinoides,Psoralidium lanceolatum,0.0,0.25,0
2789,Anthophora bomboides,Psoralidium lanceolatum,0.0,0.08,0
2790,Anthophora curta,Psoralidium lanceolatum,0.0,0.24,0
2791,Anthophora pacifica,Psoralidium lanceolatum,0.0,0.05,0
2792,Anthophora urbana,Psoralidium lanceolatum,0.0,0.28,0
2793,Bombus appositus,Psoralidium lanceolatum,0.0,0.38,0
2794,Bombus bifarius,Psoralidium lanceolatum,0.0,0.56,1
2795,Bombus californicus,Psoralidium lanceolatum,0.0,0.57,1
2796,Bombus centralis,Psoralidium lanceolatum,0.0,0.44,0
2797,Bombus fernaldae,Psoralidium lanceolatum,0.0,0.06,0
2798,Bombus fervidus,Psoralidium lanceolatum,0.0,0.08,0
2799,Bombus flavifrons,Psoralidium lanceolatum,0.0,0.52,1
2800,Bombus griseocollis,Psoralidium lanceolatum,0.0,0.26,0
2801,Bombus huntii,Psoralidium lanceolatum,1.0,0.32,0
2802,Bombus insularis,Psoralidium lanceolatum,0.0,0.21,0
2803,Bombus mixtus,Psoralidium lanceolatum,0.0,0.37,0
2804,Bombus nevadensis,Psoralidium lanceolatum,0.0,0.33,0
2805,Bombus rufocinctus,Psoralidium lanceolatum,0.0,0.35,0
2806,Bombus vosnesenskii,Psoralidium lanceolatum,0.0,0.35,0
2807,Coelioxys rufitarsis,Psoralidium lanceolatum,0.0,0.26,0
2808,Colletes phaceliae,Psoralidium lanceolatum,0.0,0.25,0
2809,Diadasia nigrifrons,Psoralidium lanceolatum,0.0,0.08,0
2810,Halictus farinosus,Psoralidium lanceolatum,1.0,0.37,0
2811,Halictus ligatus,Psoralidium lanceolatum,0.0,0.39,0
2812,Halictus rubicundus,Psoralidium lanceolatum,0.0,0.35,0
2813,Halictus tripartitus,Psoralidium lanceolatum,0.0,0.27,0
2814,Hylaeus verticalis,Psoralidium lanceolatum,0.0,0.06,0
2815,Lasioglossum albipenne,Psoralidium lanceolatum,0.0,0.07,0
2816,Lasioglossum cooleyi,Psoralidium lanceolatum,0.0,0.08,0
2817,Lasioglossum incompletum,Psoralidium lanceolatum,0.0,0.2,0
2818,Lasioglossum laevissimum,Psoralidium lanceolatum,0.0,0.19,0
2819,Lasioglossum nevadense,Psoralidium lanceolatum,0.0,0.19,0
2820,Lasioglossum olympiae,Psoralidium lanceolatum,0.0,0.06,0
2821,Lasioglossum ovaliceps,Psoralidium lanceolatum,0.0,0.08,0
2822,Lasioglossum sedi,Psoralidium lanceolatum,0.0,0.06,0
2823,Lasioglossum sp.,Psoralidium lanceolatum,0.0,0.38,0
2824,Lasioglossum sp. 2,Psoralidium lanceolatum,0.0,0.25,0
2825,Lasioglossum titusi,Psoralidium lanceolatum,0.0,0.25,0
2826,Megachile apicalis,Psoralidium lanceolatum,1.0,0.23,0
2827,Megachile nevadensis,Psoralidium lanceolatum,0.0,0.06,0
2828,Megachile onobrychidis,Psoralidium lanceolatum,0.0,0.26,0
2829,Megachile perihirta,Psoralidium lanceolatum,0.0,0.28,0
2830,Melissodes bimatris,Psoralidium lanceolatum,0.0,0.18,0
2831,Melissodes lupinus,Psoralidium lanceolatum,0.0,0.23,0
2832,Melissodes lutulentus,Psoralidium lanceolatum,0.0,0.18,0
2833,Melissodes microstictus,Psoralidium lanceolatum,0.0,0.21,0
2834,Melissodes pallidisignatus,Psoralidium lanceolatum,0.0,0.21,0
2835,Melissodes rivalis,Psoralidium lanceolatum,0.0,0.08,0
2836,Melissodes subagilis,Psoralidium lanceolatum,0.0,0.19,0
2837,Osmia atrocyanea,Psoralidium lanceolatum,0.0,0.05,0
2838,Osmia brevis,Psoralidium lanceolatum,0.0,0.05,0
2839,Osmia bucephala,Psoralidium lanceolatum,0.0,0.05,0
2840,Osmia integra,Psoralidium lanceolatum,0.0,0.05,0
2841,Osmia juxta,Psoralidium lanceolatum,0.0,0.19,0
2842,Osmia raritatis,Psoralidium lanceolatum,0.0,0.06,0
2843,Osmia sp. 2,Psoralidium lanceolatum,0.0,0.08,0
2844,Panurginus torchio,Psoralidium lanceolatum,0.0,0.06,0
2845,Perdita wyomingensis,Psoralidium lanceolatum,0.0,0.06,0
2846,Sphecodes sp.,Psoralidium lanceolatum,0.0,0.05,0
2847,Svastra obliqua,Psoralidium lanceolatum,0.0,0.14,0
2848,Triepeolus paenepectoralis,Psoralidium lanceolatum,0.0,0.18,0
2849,Xeromelecta californica,Psoralidium lanceolatum,0.0,0.06,0
2850,Agapostemon femoratus,Salsola kali,0.0,0.06,0
2851,Agapostemon texanus,Salsola kali,0.0,0.04,0
2852,Andrena astragali,Salsola kali,0.0,0.11,0
2853,Andrena barbilabris,Salsola kali,0.0,0.02,0
2854,Andrena cyanophila,Salsola kali,0.0,0.02,0
2855,Andrena melanochroa,Salsola kali,0.0,0.07,0
2856,Andrena nigrocaerulea,Salsola kali,0.0,0.06,0
2857,Andrena nivalis,Salsola kali,0.0,0.02,0
2858,Andrena pallidifovea,Salsola kali,0.0,0.05,0
2859,Andrena prunorum,Salsola kali,0.0,0.05,0
2860,Andrena sp. 1,Salsola kali,0.0,0.02,0
2861,Andrena sp. A,Salsola kali,0.0,0.02,0
2862,Andrena transnigra,Salsola kali,0.0,0.02,0
2863,Andrena vicinoides,Salsola kali,0.0,0.04,0
2864,Anthophora bomboides,Salsola kali,0.0,0.02,0
2865,Anthophora curta,Salsola kali,0.0,0.04,0
2866,Anthophora pacifica,Salsola kali,0.0,0.02,0
2867,Anthophora urbana,Salsola kali,0.0,0.06,0
2868,Bombus appositus,Salsola kali,0.0,0.07,0
2869,Bombus bifarius,Salsola kali,0.0,0.13,0
2870,Bombus californicus,Salsola kali,0.0,0.13,0
2871,Bombus centralis,Salsola kali,0.0,0.08,0
2872,Bombus fernaldae,Salsola kali,0.0,0.02,0
2873,Bombus fervidus,Salsola kali,0.0,0.02,0
2874,Bombus flavifrons,Salsola kali,0.0,0.09,0
2875,Bombus griseocollis,Salsola kali,1.0,0.62,1
2876,Bombus huntii,Salsola kali,0.0,0.06,0
2877,Bombus insularis,Salsola kali,0.0,0.04,0
2878,Bombus mixtus,Salsola kali,0.0,0.08,0
2879,Bombus nevadensis,Salsola kali,0.0,0.07,0
2880,Bombus rufocinctus,Salsola kali,0.0,0.07,0
2881,Bombus vosnesenskii,Salsola kali,0.0,0.07,0
2882,Coelioxys rufitarsis,Salsola kali,0.0,0.07,0
2883,Colletes phaceliae,Salsola kali,0.0,0.06,0
2884,Diadasia nigrifrons,Salsola kali,0.0,0.02,0
2885,Halictus farinosus,Salsola kali,0.0,0.08,0
2886,Halictus ligatus,Salsola kali,0.0,0.08,0
2887,Halictus rubicundus,Salsola kali,0.0,0.07,0
2888,Halictus tripartitus,Salsola kali,0.0,0.06,0
2889,Hylaeus verticalis,Salsola kali,0.0,0.02,0
2890,Lasioglossum albipenne,Salsola kali,0.0,0.02,0
2891,Lasioglossum cooleyi,Salsola kali,0.0,0.02,0
2892,Lasioglossum incompletum,Salsola kali,0.0,0.03,0
2893,Lasioglossum laevissimum,Salsola kali,0.0,0.04,0
2894,Lasioglossum nevadense,Salsola kali,0.0,0.05,0
2895,Lasioglossum olympiae,Salsola kali,0.0,0.02,0
2896,Lasioglossum ovaliceps,Salsola kali,0.0,0.02,0
2897,Lasioglossum sedi,Salsola kali,0.0,0.02,0
2898,Lasioglossum sp.,Salsola kali,0.0,0.08,0
2899,Lasioglossum sp. 2,Salsola kali,0.0,0.04,0
2900,Lasioglossum titusi,Salsola kali,0.0,0.06,0
2901,Megachile apicalis,Salsola kali,0.0,0.04,0
2902,Megachile nevadensis,Salsola kali,0.0,0.02,0
2903,Megachile onobrychidis,Salsola kali,0.0,0.05,0
2904,Megachile perihirta,Salsola kali,0.0,0.06,0
2905,Melissodes bimatris,Salsola kali,0.0,0.04,0
2906,Melissodes lupinus,Salsola kali,0.0,0.05,0
2907,Melissodes lutulentus,Salsola kali,0.0,0.03,0
2908,Melissodes microstictus,Salsola kali,0.0,0.11,0
2909,Melissodes pallidisignatus,Salsola kali,0.0,0.04,0
2910,Melissodes rivalis,Salsola kali,0.0,0.03,0
2911,Melissodes subagilis,Salsola kali,0.0,0.03,0
2912,Osmia atrocyanea,Salsola kali,0.0,0.02,0
2913,Osmia brevis,Salsola kali,0.0,0.02,0
2914,Osmia bucephala,Salsola kali,0.0,0.02,0
2915,Osmia integra,Salsola kali,0.0,0.02,0
2916,Osmia juxta,Salsola kali,0.0,0.04,0
2917,Osmia raritatis,Salsola kali,0.0,0.02,0
2918,Osmia sp. 2,Salsola kali,0.0,0.03,0
2919,Panurginus torchio,Salsola kali,0.0,0.02,0
2920,Perdita wyomingensis,Salsola kali,0.0,0.02,0
2921,Sphecodes sp.,Salsola kali,0.0,0.02,0
2922,Svastra obliqua,Salsola kali,0.0,0.03,0
2923,Triepeolus paenepectoralis,Salsola kali,0.0,0.04,0
2924,Xeromelecta californica,Salsola kali,0.0,0.02,0
2925,Agapostemon femoratus,Senecio serra,0.0,0.05,0
2926,Agapostemon texanus,Senecio serra,0.0,0.04,0
2927,Andrena astragali,Senecio serra,0.0,0.11,0
2928,Andrena barbilabris,Senecio serra,0.0,0.02,0
2929,Andrena cyanophila,Senecio serra,0.0,0.02,0
2930,Andrena melanochroa,Senecio serra,0.0,0.06,0
2931,Andrena nigrocaerulea,Senecio serra,0.0,0.05,0
2932,Andrena nivalis,Senecio serra,0.0,0.02,0
2933,Andrena pallidifovea,Senecio serra,0.0,0.05,0
2934,Andrena prunorum,Senecio serra,0.0,0.05,0
2935,Andrena sp. 1,Senecio serra,0.0,0.02,0
2936,Andrena sp. A,Senecio serra,0.0,0.02,0
2937,Andrena transnigra,Senecio serra,0.0,0.02,0
2938,Andrena vicinoides,Senecio serra,0.0,0.04,0
2939,Anthophora bomboides,Senecio serra,0.0,0.02,0
2940,Anthophora curta,Senecio serra,0.0,0.05,0
2941,Anthophora pacifica,Senecio serra,0.0,0.02,0
2942,Anthophora urbana,Senecio serra,0.0,0.05,0
2943,Bombus appositus,Senecio serra,0.0,0.06,0
2944,Bombus bifarius,Senecio serra,1.0,0.9,1
2945,Bombus californicus,Senecio serra,0.0,0.12,0
2946,Bombus centralis,Senecio serra,0.0,0.09,0
2947,Bombus fernaldae,Senecio serra,0.0,0.02,0
2948,Bombus fervidus,Senecio serra,0.0,0.02,0
2949,Bombus flavifrons,Senecio serra,0.0,0.11,0
2950,Bombus griseocollis,Senecio serra,0.0,0.06,0
2951,Bombus huntii,Senecio serra,0.0,0.06,0
2952,Bombus insularis,Senecio serra,0.0,0.04,0
2953,Bombus mixtus,Senecio serra,0.0,0.06,0
2954,Bombus nevadensis,Senecio serra,0.0,0.06,0
2955,Bombus rufocinctus,Senecio serra,0.0,0.06,0
2956,Bombus vosnesenskii,Senecio serra,0.0,0.06,0
2957,Coelioxys rufitarsis,Senecio serra,0.0,0.05,0
2958,Colletes phaceliae,Senecio serra,0.0,0.04,0
2959,Diadasia nigrifrons,Senecio serra,0.0,0.02,0
2960,Halictus farinosus,Senecio serra,0.0,0.07,0
2961,Halictus ligatus,Senecio serra,0.0,0.07,0
2962,Halictus rubicundus,Senecio serra,0.0,0.05,0
2963,Halictus tripartitus,Senecio serra,0.0,0.05,0
2964,Hylaeus verticalis,Senecio serra,0.0,0.02,0
2965,Lasioglossum albipenne,Senecio serra,0.0,0.02,0
2966,Lasioglossum cooleyi,Senecio serra,0.0,0.02,0
2967,Lasioglossum incompletum,Senecio serra,0.0,0.04,0
2968,Lasioglossum laevissimum,Senecio serra,0.0,0.04,0
2969,Lasioglossum nevadense,Senecio serra,0.0,0.04,0
2970,Lasioglossum olympiae,Senecio serra,0.0,0.02,0
2971,Lasioglossum ovaliceps,Senecio serra,0.0,0.02,0
2972,Lasioglossum sedi,Senecio serra,0.0,0.02,0
2973,Lasioglossum sp.,Senecio serra,0.0,0.07,0
2974,Lasioglossum sp. 2,Senecio serra,0.0,0.04,0
2975,Lasioglossum titusi,Senecio serra,0.0,0.05,0
2976,Megachile apicalis,Senecio serra,0.0,0.05,0
2977,Megachile nevadensis,Senecio serra,0.0,0.02,0
2978,Megachile onobrychidis,Senecio serra,0.0,0.05,0
2979,Megachile perihirta,Senecio serra,0.0,0.05,0
2980,Melissodes bimatris,Senecio serra,0.0,0.05,0
2981,Melissodes lupinus,Senecio serra,0.0,0.05,0
2982,Melissodes lutulentus,Senecio serra,0.0,0.03,0
2983,Melissodes microstictus,Senecio serra,0.0,0.11,0
2984,Melissodes pallidisignatus,Senecio serra,0.0,0.05,0
2985,Melissodes rivalis,Senecio serra,0.0,0.03,0
2986,Melissodes subagilis,Senecio serra,0.0,0.03,0
2987,Osmia atrocyanea,Senecio serra,0.0,0.02,0
2988,Osmia brevis,Senecio serra,0.0,0.02,0
2989,Osmia bucephala,Senecio serra,0.0,0.02,0
2990,Osmia integra,Senecio serra,0.0,0.02,0
2991,Osmia juxta,Senecio serra,0.0,0.04,0
2992,Osmia raritatis,Senecio serra,0.0,0.02,0
2993,Osmia sp. 2,Senecio serra,0.0,0.03,0
2994,Panurginus torchio,Senecio serra,0.0,0.02,0
2995,Perdita wyomingensis,Senecio serra,0.0,0.02,0
2996,Sphecodes sp.,Senecio serra,0.0,0.02,0
2997,Svastra obliqua,Senecio serra,0.0,0.04,0
2998,Triepeolus paenepectoralis,Senecio serra,0.0,0.05,0
2999,Xeromelecta californica,Senecio serra,0.0,0.02,0
3000,Agapostemon femoratus,Sidalcea oregana,0.0,0.28,0
3001,Agapostemon texanus,Sidalcea oregana,0.0,0.18,0
3002,Andrena astragali,Sidalcea oregana,0.0,0.19,0
3003,Andrena barbilabris,Sidalcea oregana,0.0,0.05,0
3004,Andrena cyanophila,Sidalcea oregana,0.0,0.05,0
3005,Andrena melanochroa,Sidalcea oregana,0.0,0.24,0
3006,Andrena nigrocaerulea,Sidalcea oregana,0.0,0.21,0
3007,Andrena nivalis,Sidalcea oregana,0.0,0.05,0
3008,Andrena pallidifovea,Sidalcea oregana,0.0,0.21,0
3009,Andrena prunorum,Sidalcea oregana,0.0,0.19,0
3010,Andrena sp. 1,Sidalcea oregana,0.0,0.04,0
3011,Andrena sp. A,Sidalcea oregana,0.0,0.05,0
3012,Andrena transnigra,Sidalcea oregana,0.0,0.05,0
3013,Andrena vicinoides,Sidalcea oregana,0.0,0.19,0
3014,Anthophora bomboides,Sidalcea oregana,0.0,0.07,0
3015,Anthophora curta,Sidalcea oregana,0.0,0.19,0
3016,Anthophora pacifica,Sidalcea oregana,0.0,0.04,0
3017,Anthophora urbana,Sidalcea oregana,0.0,0.21,0
3018,Bombus appositus,Sidalcea oregana,0.0,0.31,0
3019,Bombus bifarius,Sidalcea oregana,1.0,0.55,1
3020,Bombus californicus,Sidalcea oregana,0.0,0.55,1
3021,Bombus centralis,Sidalcea oregana,0.0,0.42,0
3022,Bombus fernaldae,Sidalcea oregana,0.0,0.05,0
3023,Bombus fervidus,Sidalcea oregana,0.0,0.06,0
3024,Bombus flavifrons,Sidalcea oregana,1.0,0.48,0
3025,Bombus griseocollis,Sidalcea oregana,0.0,0.24,0
3026,Bombus huntii,Sidalcea oregana,0.0,0.28,0
3027,Bombus insularis,Sidalcea oregana,0.0,0.18,0
3028,Bombus mixtus,Sidalcea oregana,0.0,0.31,0
3029,Bombus nevadensis,Sidalcea oregana,0.0,0.28,0
3030,Bombus rufocinctus,Sidalcea oregana,0.0,0.28,0
3031,Bombus vosnesenskii,Sidalcea oregana,0.0,0.29,0
3032,Coelioxys rufitarsis,Sidalcea oregana,0.0,0.21,0
3033,Colletes phaceliae,Sidalcea oregana,0.0,0.21,0
3034,Diadasia nigrifrons,Sidalcea oregana,1.0,0.72,1
3035,Halictus farinosus,Sidalcea oregana,0.0,0.32,0
3036,Halictus ligatus,Sidalcea oregana,0.0,0.34,0
3037,Halictus rubicundus,Sidalcea oregana,0.0,0.29,0
3038,Halictus tripartitus,Sidalcea oregana,0.0,0.21,0
3039,Hylaeus verticalis,Sidalcea oregana,0.0,0.05,0
3040,Lasioglossum albipenne,Sidalcea oregana,0.0,0.06,0
3041,Lasioglossum cooleyi,Sidalcea oregana,0.0,0.06,0
3042,Lasioglossum incompletum,Sidalcea oregana,0.0,0.17,0
3043,Lasioglossum laevissimum,Sidalcea oregana,0.0,0.17,0
3044,Lasioglossum nevadense,Sidalcea oregana,0.0,0.17,0
3045,Lasioglossum olympiae,Sidalcea oregana,0.0,0.05,0
3046,Lasioglossum ovaliceps,Sidalcea oregana,0.0,0.07,0
3047,Lasioglossum sedi,Sidalcea oregana,0.0,0.05,0
3048,Lasioglossum sp.,Sidalcea oregana,0.0,0.33,0
3049,Lasioglossum sp. 2,Sidalcea oregana,0.0,0.19,0
3050,Lasioglossum titusi,Sidalcea oregana,0.0,0.2,0
3051,Megachile apicalis,Sidalcea oregana,0.0,0.17,0
3052,Megachile nevadensis,Sidalcea oregana,0.0,0.06,0
3053,Megachile onobrychidis,Sidalcea oregana,0.0,0.22,0
3054,Megachile perihirta,Sidalcea oregana,0.0,0.21,0
3055,Melissodes bimatris,Sidalcea oregana,0.0,0.13,0
3056,Melissodes lupinus,Sidalcea oregana,0.0,0.21,0
3057,Melissodes lutulentus,Sidalcea oregana,0.0,0.13,0
3058,Melissodes microstictus,Sidalcea oregana,0.0,0.19,0
3059,Melissodes pallidisignatus,Sidalcea oregana,0.0,0.17,0
3060,Melissodes rivalis,Sidalcea oregana,0.0,0.07,0
3061,Melissodes subagilis,Sidalcea oregana,0.0,0.14,0
3062,Osmia atrocyanea,Sidalcea oregana,0.0,0.04,0
3063,Osmia brevis,Sidalcea oregana,0.0,0.04,0
3064,Osmia bucephala,Sidalcea oregana,0.0,0.04,0
3065,Osmia integra,Sidalcea oregana,0.0,0.04,0
3066,Osmia juxta,Sidalcea oregana,0.0,0.17,0
3067,Osmia raritatis,Sidalcea oregana,0.0,0.05,0
3068,Osmia sp. 2,Sidalcea oregana,0.0,0.07,0
3069,Panurginus torchio,Sidalcea oregana,0.0,0.05,0
3070,Perdita wyomingensis,Sidalcea oregana,0.0,0.05,0
3071,Sphecodes sp.,Sidalcea oregana,0.0,0.04,0
3072,Svastra obliqua,Sidalcea oregana,0.0,0.11,0
3073,Triepeolus paenepectoralis,Sidalcea oregana,0.0,0.13,0
3074,Xeromelecta californica,Sidalcea oregana,0.0,0.06,0
3075,Agapostemon femoratus,Sisymbrium altissimum,0.0,0.32,0
3076,Agapostemon texanus,Sisymbrium altissimum,0.0,0.21,0
3077,Andrena astragali,Sisymbrium altissimum,0.0,0.21,0
3078,Andrena barbilabris,Sisymbrium altissimum,0.0,0.06,0
3079,Andrena cyanophila,Sisymbrium altissimum,0.0,0.06,0
3080,Andrena melanochroa,Sisymbrium altissimum,0.0,0.29,0
3081,Andrena nigrocaerulea,Sisymbrium altissimum,1.0,0.36,0
3082,Andrena nivalis,Sisymbrium altissimum,0.0,0.06,0
3083,Andrena pallidifovea,Sisymbrium altissimum,0.0,0.25,0
3084,Andrena prunorum,Sisymbrium altissimum,1.0,0.35,0
3085,Andrena sp. 1,Sisymbrium altissimum,0.0,0.05,0
3086,Andrena sp. A,Sisymbrium altissimum,0.0,0.06,0
3087,Andrena transnigra,Sisymbrium altissimum,0.0,0.06,0
3088,Andrena vicinoides,Sisymbrium altissimum,0.0,0.25,0
3089,Anthophora bomboides,Sisymbrium altissimum,0.0,0.08,0
3090,Anthophora curta,Sisymbrium altissimum,0.0,0.24,0
3091,Anthophora pacifica,Sisymbrium altissimum,0.0,0.05,0
3092,Anthophora urbana,Sisymbrium altissimum,0.0,0.28,0
3093,Bombus appositus,Sisymbrium altissimum,0.0,0.37,0
3094,Bombus bifarius,Sisymbrium altissimum,0.0,0.55,1
3095,Bombus californicus,Sisymbrium altissimum,0.0,0.56,1
3096,Bombus centralis,Sisymbrium altissimum,0.0,0.46,0
3097,Bombus fernaldae,Sisymbrium altissimum,0.0,0.06,0
3098,Bombus fervidus,Sisymbrium altissimum,0.0,0.08,0
3099,Bombus flavifrons,Sisymbrium altissimum,0.0,0.51,1
3100,Bombus griseocollis,Sisymbrium altissimum,0.0,0.27,0
3101,Bombus huntii,Sisymbrium altissimum,0.0,0.32,0
3102,Bombus insularis,Sisymbrium altissimum,0.0,0.2,0
3103,Bombus mixtus,Sisymbrium altissimum,0.0,0.38,0
3104,Bombus nevadensis,Sisymbrium altissimum,0.0,0.34,0
3105,Bombus rufocinctus,Sisymbrium altissimum,0.0,0.34,0
3106,Bombus vosnesenskii,Sisymbrium altissimum,0.0,0.34,0
3107,Coelioxys rufitarsis,Sisymbrium altissimum,0.0,0.31,0
3108,Colletes phaceliae,Sisymbrium altissimum,0.0,0.26,0
3109,Diadasia nigrifrons,Sisymbrium altissimum,0.0,0.08,0
3110,Halictus farinosus,Sisymbrium altissimum,0.0,0.39,0
3111,Halictus ligatus,Sisymbrium altissimum,0.0,0.42,0
3112,Halictus rubicundus,Sisymbrium altissimum,0.0,0.37,0
3113,Halictus tripartitus,Sisymbrium altissimum,0.0,0.27,0
3114,Hylaeus verticalis,Sisymbrium altissimum,0.0,0.05,0
3115,Lasioglossum albipenne,Sisymbrium altissimum,0.0,0.06,0
3116,Lasioglossum cooleyi,Sisymbrium altissimum,0.0,0.08,0
3117,Lasioglossum incompletum,Sisymbrium altissimum,0.0,0.18,0
3118,Lasioglossum laevissimum,Sisymbrium altissimum,0.0,0.19,0
3119,Lasioglossum nevadense,Sisymbrium altissimum,0.0,0.18,0
3120,Lasioglossum olympiae,Sisymbrium altissimum,0.0,0.06,0
3121,Lasioglossum ovaliceps,Sisymbrium altissimum,0.0,0.07,0
3122,Lasioglossum sedi,Sisymbrium altissimum,0.0,0.05,0
3123,Lasioglossum sp.,Sisymbrium altissimum,1.0,0.4,0
3124,Lasioglossum sp. 2,Sisymbrium altissimum,0.0,0.25,0
3125,Lasioglossum titusi,Sisymbrium altissimum,0.0,0.28,0
3126,Megachile apicalis,Sisymbrium altissimum,0.0,0.21,0
3127,Megachile nevadensis,Sisymbrium altissimum,0.0,0.07,0
3128,Megachile onobrychidis,Sisymbrium altissimum,0.0,0.27,0
3129,Megachile perihirta,Sisymbrium altissimum,0.0,0.28,0
3130,Melissodes bimatris,Sisymbrium altissimum,0.0,0.18,0
3131,Melissodes lupinus,Sisymbrium altissimum,0.0,0.24,0
3132,Melissodes lutulentus,Sisymbrium altissimum,0.0,0.17,0
3133,Melissodes microstictus,Sisymbrium altissimum,0.0,0.21,0
3134,Melissodes pallidisignatus,Sisymbrium altissimum,0.0,0.21,0
3135,Melissodes rivalis,Sisymbrium altissimum,0.0,0.07,0
3136,Melissodes subagilis,Sisymbrium altissimum,0.0,0.18,0
3137,Osmia atrocyanea,Sisymbrium altissimum,0.0,0.05,0
3138,Osmia brevis,Sisymbrium altissimum,0.0,0.05,0
3139,Osmia bucephala,Sisymbrium altissimum,0.0,0.05,0
3140,Osmia integra,Sisymbrium altissimum,0.0,0.05,0
3141,Osmia juxta,Sisymbrium altissimum,0.0,0.18,0
3142,Osmia raritatis,Sisymbrium altissimum,0.0,0.06,0
3143,Osmia sp. 2,Sisymbrium altissimum,0.0,0.07,0
3144,Panurginus torchio,Sisymbrium altissimum,0.0,0.06,0
3145,Perdita wyomingensis,Sisymbrium altissimum,0.0,0.06,0
3146,Sphecodes sp.,Sisymbrium altissimum,1.0,0.76,1
3147,Svastra obliqua,Sisymbrium altissimum,0.0,0.15,0
3148,Triepeolus paenepectoralis,Sisymbrium altissimum,0.0,0.18,0
3149,Xeromelecta californica,Sisymbrium altissimum,0.0,0.06,0
3150,Agapostemon femoratus,Solidago missouriensis,0.0,0.46,0
3151,Agapostemon texanus,Solidago missouriensis,0.0,0.31,0
3152,Andrena astragali,Solidago missouriensis,0.0,0.27,0
3153,Andrena barbilabris,Solidago missouriensis,0.0,0.08,0
3154,Andrena cyanophila,Solidago missouriensis,0.0,0.08,0
3155,Andrena melanochroa,Solidago missouriensis,0.0,0.4,0
3156,Andrena nigrocaerulea,Solidago missouriensis,0.0,0.34,0
3157,Andrena nivalis,Solidago missouriensis,0.0,0.08,0
3158,Andrena pallidifovea,Solidago missouriensis,0.0,0.34,0
3159,Andrena prunorum,Solidago missouriensis,0.0,0.29,0
3160,Andrena sp. 1,Solidago missouriensis,0.0,0.07,0
3161,Andrena sp. A,Solidago missouriensis,0.0,0.08,0
3162,Andrena transnigra,Solidago missouriensis,0.0,0.08,0
3163,Andrena vicinoides,Solidago missouriensis,0.0,0.34,0
3164,Anthophora bomboides,Solidago missouriensis,0.0,0.08,0
3165,Anthophora curta,Solidago missouriensis,0.0,0.35,0
3166,Anthophora pacifica,Solidago missouriensis,0.0,0.07,0
3167,Anthophora urbana,Solidago missouriensis,0.0,0.35,0
3168,Bombus appositus,Solidago missouriensis,0.0,0.46,0
3169,Bombus bifarius,Solidago missouriensis,1.0,0.64,1
3170,Bombus californicus,Solidago missouriensis,0.0,0.64,1
3171,Bombus centralis,Solidago missouriensis,0.0,0.53,1
3172,Bombus fernaldae,Solidago missouriensis,1.0,0.83,1
3173,Bombus fervidus,Solidago missouriensis,0.0,0.08,0
3174,Bombus flavifrons,Solidago missouriensis,0.0,0.57,1
3175,Bombus griseocollis,Solidago missouriensis,0.0,0.38,0
3176,Bombus huntii,Solidago missouriensis,0.0,0.44,0
3177,Bombus insularis,Solidago missouriensis,1.0,0.33,0
3178,Bombus mixtus,Solidago missouriensis,1.0,0.47,0
3179,Bombus nevadensis,Solidago missouriensis,0.0,0.44,0
3180,Bombus rufocinctus,Solidago missouriensis,0.0,0.43,0
3181,Bombus vosnesenskii,Solidago missouriensis,0.0,0.43,0
3182,Coelioxys rufitarsis,Solidago missouriensis,0.0,0.35,0
3183,Colletes phaceliae,Solidago missouriensis,0.0,0.34,0
3184,Diadasia nigrifrons,Solidago missouriensis,0.0,0.08,0
3185,Halictus farinosus,Solidago missouriensis,1.0,0.45,0
3186,Halictus ligatus,Solidago missouriensis,1.0,0.49,0
3187,Halictus rubicundus,Solidago missouriensis,1.0,0.43,0
3188,Halictus tripartitus,Solidago missouriensis,0.0,0.35,0
3189,Hylaeus verticalis,Solidago missouriensis,0.0,0.08,0
3190,Lasioglossum albipenne,Solidago missouriensis,0.0,0.08,0
3191,Lasioglossum cooleyi,Solidago missouriensis,0.0,0.08,0
3192,Lasioglossum incompletum,Solidago missouriensis,1.0,0.31,0
3193,Lasioglossum laevissimum,Solidago missouriensis,0.0,0.31,0
3194,Lasioglossum nevadense,Solidago missouriensis,0.0,0.28,0
3195,Lasioglossum olympiae,Solidago missouriensis,0.0,0.08,0
3196,Lasioglossum ovaliceps,Solidago missouriensis,0.0,0.08,0
3197,Lasioglossum sedi,Solidago missouriensis,0.0,0.08,0
3198,Lasioglossum sp.,Solidago missouriensis,0.0,0.46,0
3199,Lasioglossum sp. 2,Solidago missouriensis,0.0,0.34,0
3200,Lasioglossum titusi,Solidago missouriensis,0.0,0.34,0
3201,Megachile apicalis,Solidago missouriensis,0.0,0.34,0
3202,Megachile nevadensis,Solidago missouriensis,0.0,0.08,0
3203,Megachile onobrychidis,Solidago missouriensis,0.0,0.39,0
3204,Megachile perihirta,Solidago missouriensis,0.0,0.34,0
3205,Melissodes bimatris,Solidago missouriensis,0.0,0.28,0
3206,Melissodes lupinus,Solidago missouriensis,0.0,0.31,0
3207,Melissodes lutulentus,Solidago missouriensis,0.0,0.23,0
3208,Melissodes microstictus,Solidago missouriensis,0.0,0.27,0
3209,Melissodes pallidisignatus,Solidago missouriensis,0.0,0.31,0
3210,Melissodes rivalis,Solidago missouriensis,0.0,0.08,0
3211,Melissodes subagilis,Solidago missouriensis,0.0,0.26,0
3212,Osmia atrocyanea,Solidago missouriensis,0.0,0.07,0
3213,Osmia brevis,Solidago missouriensis,0.0,0.07,0
3214,Osmia bucephala,Solidago missouriensis,0.0,0.07,0
3215,Osmia integra,Solidago missouriensis,0.0,0.07,0
3216,Osmia juxta,Solidago missouriensis,0.0,0.31,0
3217,Osmia raritatis,Solidago missouriensis,1.0,0.83,1
3218,Osmia sp. 2,Solidago missouriensis,0.0,0.08,0
3219,Panurginus torchio,Solidago missouriensis,0.0,0.08,0
3220,Perdita wyomingensis,Solidago missouriensis,0.0,0.08,0
3221,Sphecodes sp.,Solidago missouriensis,0.0,0.07,0
3222,Svastra obliqua,Solidago missouriensis,0.0,0.22,0
3223,Triepeolus paenepectoralis,Solidago missouriensis,0.0,0.28,0
3224,Xeromelecta californica,Solidago missouriensis,0.0,0.08,0
3225,Agapostemon femoratus,Symphyotrichum spathulatum,0.0,0.27,0
3226,Agapostemon texanus,Symphyotrichum spathulatum,0.0,0.17,0
3227,Andrena astragali,Symphyotrichum spathulatum,0.0,0.14,0
3228,Andrena barbilabris,Symphyotrichum spathulatum,0.0,0.04,0
3229,Andrena cyanophila,Symphyotrichum spathulatum,0.0,0.04,0
3230,Andrena melanochroa,Symphyotrichum spathulatum,0.0,0.21,0
3231,Andrena nigrocaerulea,Symphyotrichum spathulatum,0.0,0.17,0
3232,Andrena nivalis,Symphyotrichum spathulatum,0.0,0.04,0
3233,Andrena pallidifovea,Symphyotrichum spathulatum,0.0,0.18,0
3234,Andrena prunorum,Symphyotrichum spathulatum,0.0,0.16,0
3235,Andrena sp. 1,Symphyotrichum spathulatum,0.0,0.03,0
3236,Andrena sp. A,Symphyotrichum spathulatum,0.0,0.04,0
3237,Andrena transnigra,Symphyotrichum spathulatum,0.0,0.04,0
3238,Andrena vicinoides,Symphyotrichum spathulatum,0.0,0.18,0
3239,Anthophora bomboides,Symphyotrichum spathulatum,0.0,0.05,0
3240,Anthophora curta,Symphyotrichum spathulatum,0.0,0.18,0
3241,Anthophora pacifica,Symphyotrichum spathulatum,0.0,0.03,0
3242,Anthophora urbana,Symphyotrichum spathulatum,0.0,0.17,0
3243,Bombus appositus,Symphyotrichum spathulatum,0.0,0.29,0
3244,Bombus bifarius,Symphyotrichum spathulatum,1.0,0.57,1
3245,Bombus californicus,Symphyotrichum spathulatum,0.0,0.56,1
3246,Bombus centralis,Symphyotrichum spathulatum,0.0,0.42,0
3247,Bombus fernaldae,Symphyotrichum spathulatum,0.0,0.04,0
3248,Bombus fervidus,Symphyotrichum spathulatum,0.0,0.05,0
3249,Bombus flavifrons,Symphyotrichum spathulatum,0.0,0.47,0
3250,Bombus griseocollis,Symphyotrichum spathulatum,0.0,0.2,0
3251,Bombus huntii,Symphyotrichum spathulatum,0.0,0.25,0
3252,Bombus insularis,Symphyotrichum spathulatum,0.0,0.17,0
3253,Bombus mixtus,Symphyotrichum spathulatum,0.0,0.29,0
3254,Bombus nevadensis,Symphyotrichum spathulatum,0.0,0.26,0
3255,Bombus rufocinctus,Symphyotrichum spathulatum,0.0,0.26,0
3256,Bombus vosnesenskii,Symphyotrichum spathulatum,0.0,0.27,0
3257,Coelioxys rufitarsis,Symphyotrichum spathulatum,0.0,0.17,0
3258,Colletes phaceliae,Symphyotrichum spathulatum,0.0,0.16,0
3259,Diadasia nigrifrons,Symphyotrichum spathulatum,0.0,0.05,0
3260,Halictus farinosus,Symphyotrichum spathulatum,1.0,0.29,0
3261,Halictus ligatus,Symphyotrichum spathulatum,1.0,0.33,0
3262,Halictus rubicundus,Symphyotrichum spathulatum,0.0,0.27,0
3263,Halictus tripartitus,Symphyotrichum spathulatum,0.0,0.17,0
3264,Hylaeus verticalis,Symphyotrichum spathulatum,0.0,0.04,0
3265,Lasioglossum albipenne,Symphyotrichum spathulatum,0.0,0.05,0
3266,Lasioglossum cooleyi,Symphyotrichum spathulatum,0.0,0.04,0
3267,Lasioglossum incompletum,Symphyotrichum spathulatum,0.0,0.16,0
3268,Lasioglossum laevissimum,Symphyotrichum spathulatum,0.0,0.15,0
3269,Lasioglossum nevadense,Symphyotrichum spathulatum,0.0,0.13,0
3270,Lasioglossum olympiae,Symphyotrichum spathulatum,0.0,0.04,0
3271,Lasioglossum ovaliceps,Symphyotrichum spathulatum,0.0,0.05,0
3272,Lasioglossum sedi,Symphyotrichum spathulatum,0.0,0.04,0
3273,Lasioglossum sp.,Symphyotrichum spathulatum,0.0,0.3,0
3274,Lasioglossum sp. 2,Symphyotrichum spathulatum,0.0,0.18,0
3275,Lasioglossum titusi,Symphyotrichum spathulatum,0.0,0.17,0
3276,Megachile apicalis,Symphyotrichum spathulatum,0.0,0.16,0
3277,Megachile nevadensis,Symphyotrichum spathulatum,0.0,0.05,0
3278,Megachile onobrychidis,Symphyotrichum spathulatum,0.0,0.2,0
3279,Megachile perihirta,Symphyotrichum spathulatum,0.0,0.18,0
3280,Melissodes bimatris,Symphyotrichum spathulatum,0.0,0.12,0
3281,Melissodes lupinus,Symphyotrichum spathulatum,0.0,0.17,0
3282,Melissodes lutulentus,Symphyotrichum spathulatum,0.0,0.13,0
3283,Melissodes microstictus,Symphyotrichum spathulatum,0.0,0.14,0
3284,Melissodes pallidisignatus,Symphyotrichum spathulatum,0.0,0.16,0
3285,Melissodes rivalis,Symphyotrichum spathulatum,0.0,0.05,0
3286,Melissodes subagilis,Symphyotrichum spathulatum,0.0,0.14,0
3287,Osmia atrocyanea,Symphyotrichum spathulatum,0.0,0.03,0
3288,Osmia brevis,Symphyotrichum spathulatum,0.0,0.03,0
3289,Osmia bucephala,Symphyotrichum spathulatum,0.0,0.03,0
3290,Osmia integra,Symphyotrichum spathulatum,0.0,0.03,0
3291,Osmia juxta,Symphyotrichum spathulatum,0.0,0.15,0
3292,Osmia raritatis,Symphyotrichum spathulatum,0.0,0.04,0
3293,Osmia sp. 2,Symphyotrichum spathulatum,0.0,0.05,0
3294,Panurginus torchio,Symphyotrichum spathulatum,0.0,0.04,0
3295,Perdita wyomingensis,Symphyotrichum spathulatum,0.0,0.04,0
3296,Sphecodes sp.,Symphyotrichum spathulatum,0.0,0.03,0
3297,Svastra obliqua,Symphyotrichum spathulatum,0.0,0.11,0
3298,Triepeolus paenepectoralis,Symphyotrichum spathulatum,0.0,0.12,0
3299,Xeromelecta californica,Symphyotrichum spathulatum,0.0,0.05,0
3300,Agapostemon femoratus,Thermopsis montana,0.0,0.33,0
3301,Agapostemon texanus,Thermopsis montana,0.0,0.21,0
3302,Andrena astragali,Thermopsis montana,0.0,0.23,0
3303,Andrena barbilabris,Thermopsis montana,0.0,0.06,0
3304,Andrena cyanophila,Thermopsis montana,0.0,0.06,0
3305,Andrena melanochroa,Thermopsis montana,0.0,0.29,0
3306,Andrena nigrocaerulea,Thermopsis montana,0.0,0.25,0
3307,Andrena nivalis,Thermopsis montana,0.0,0.06,0
3308,Andrena pallidifovea,Thermopsis montana,0.0,0.26,0
3309,Andrena prunorum,Thermopsis montana,0.0,0.23,0
3310,Andrena sp. 1,Thermopsis montana,0.0,0.05,0
3311,Andrena sp. A,Thermopsis montana,0.0,0.06,0
3312,Andrena transnigra,Thermopsis montana,0.0,0.06,0
3313,Andrena vicinoides,Thermopsis montana,0.0,0.24,0
3314,Anthophora bomboides,Thermopsis montana,0.0,0.07,0
3315,Anthophora curta,Thermopsis montana,0.0,0.23,0
3316,Anthophora pacifica,Thermopsis montana,0.0,0.05,0
3317,Anthophora urbana,Thermopsis montana,0.0,0.27,0
3318,Bombus appositus,Thermopsis montana,0.0,0.36,0
3319,Bombus bifarius,Thermopsis montana,0.0,0.6,1
3320,Bombus californicus,Thermopsis montana,1.0,0.6,1
3321,Bombus centralis,Thermopsis montana,0.0,0.46,0
3322,Bombus fernaldae,Thermopsis montana,0.0,0.06,0
3323,Bombus fervidus,Thermopsis montana,0.0,0.07,0
3324,Bombus flavifrons,Thermopsis montana,1.0,0.51,1
3325,Bombus griseocollis,Thermopsis montana,0.0,0.27,0
3326,Bombus huntii,Thermopsis montana,0.0,0.34,0
3327,Bombus insularis,Thermopsis montana,0.0,0.21,0
3328,Bombus mixtus,Thermopsis montana,0.0,0.38,0
3329,Bombus nevadensis,Thermopsis montana,0.0,0.34,0
3330,Bombus rufocinctus,Thermopsis montana,0.0,0.34,0
3331,Bombus vosnesenskii,Thermopsis montana,0.0,0.34,0
3332,Coelioxys rufitarsis,Thermopsis montana,0.0,0.26,0
3333,Colletes phaceliae,Thermopsis montana,0.0,0.28,0
3334,Diadasia nigrifrons,Thermopsis montana,0.0,0.07,0
3335,Halictus farinosus,Thermopsis montana,0.0,0.39,0
3336,Halictus ligatus,Thermopsis montana,0.0,0.39,0
3337,Halictus rubicundus,Thermopsis montana,0.0,0.35,0
3338,Halictus tripartitus,Thermopsis montana,0.0,0.25,0
3339,Hylaeus verticalis,Thermopsis montana,0.0,0.06,0
3340,Lasioglossum albipenne,Thermopsis montana,0.0,0.07,0
3341,Lasioglossum cooleyi,Thermopsis montana,0.0,0.07,0
3342,Lasioglossum incompletum,Thermopsis montana,0.0,0.2,0
3343,Lasioglossum laevissimum,Thermopsis montana,0.0,0.2,0
3344,Lasioglossum nevadense,Thermopsis montana,0.0,0.19,0
3345,Lasioglossum olympiae,Thermopsis montana,0.0,0.06,0
3346,Lasioglossum ovaliceps,Thermopsis montana,0.0,0.07,0
3347,Lasioglossum sedi,Thermopsis montana,0.0,0.06,0
3348,Lasioglossum sp.,Thermopsis montana,0.0,0.41,0
3349,Lasioglossum sp. 2,Thermopsis montana,0.0,0.24,0
3350,Lasioglossum titusi,Thermopsis montana,0.0,0.25,0
3351,Megachile apicalis,Thermopsis montana,0.0,0.21,0
3352,Megachile nevadensis,Thermopsis montana,0.0,0.06,0
3353,Megachile onobrychidis,Thermopsis montana,0.0,0.28,0
3354,Megachile perihirta,Thermopsis montana,0.0,0.25,0
3355,Melissodes bimatris,Thermopsis montana,0.0,0.18,0
3356,Melissodes lupinus,Thermopsis montana,0.0,0.24,0
3357,Melissodes lutulentus,Thermopsis montana,0.0,0.16,0
3358,Melissodes microstictus,Thermopsis montana,0.0,0.23,0
3359,Melissodes pallidisignatus,Thermopsis montana,0.0,0.21,0
3360,Melissodes rivalis,Thermopsis montana,0.0,0.07,0
3361,Melissodes subagilis,Thermopsis montana,0.0,0.17,0
3362,Osmia atrocyanea,Thermopsis montana,0.0,0.05,0
3363,Osmia brevis,Thermopsis montana,0.0,0.05,0
3364,Osmia bucephala,Thermopsis montana,1.0,0.76,1
3365,Osmia integra,Thermopsis montana,1.0,0.76,1
3366,Osmia juxta,Thermopsis montana,0.0,0.21,0
3367,Osmia raritatis,Thermopsis montana,0.0,0.06,0
3368,Osmia sp. 2,Thermopsis montana,0.0,0.07,0
3369,Panurginus torchio,Thermopsis montana,0.0,0.06,0
3370,Perdita wyomingensis,Thermopsis montana,0.0,0.06,0
3371,Sphecodes sp.,Thermopsis montana,0.0,0.05,0
3372,Svastra obliqua,Thermopsis montana,0.0,0.14,0
3373,Triepeolus paenepectoralis,Thermopsis montana,0.0,0.18,0
3374,Xeromelecta californica,Thermopsis montana,0.0,0.07,0
3375,Agapostemon femoratus,Toxicoscordion venenosum,0.0,0.18,0
3376,Agapostemon texanus,Toxicoscordion venenosum,0.0,0.11,0
3377,Andrena astragali,Toxicoscordion venenosum,1.0,0.34,0
3378,Andrena barbilabris,Toxicoscordion venenosum,0.0,0.07,0
3379,Andrena cyanophila,Toxicoscordion venenosum,0.0,0.07,0
3380,Andrena melanochroa,Toxicoscordion venenosum,0.0,0.22,0
3381,Andrena nigrocaerulea,Toxicoscordion venenosum,0.0,0.2,0
3382,Andrena nivalis,Toxicoscordion venenosum,0.0,0.07,0
3383,Andrena pallidifovea,Toxicoscordion venenosum,0.0,0.21,0
3384,Andrena prunorum,Toxicoscordion venenosum,0.0,0.15,0
3385,Andrena sp. 1,Toxicoscordion venenosum,0.0,0.08,0
3386,Andrena sp. A,Toxicoscordion venenosum,0.0,0.07,0
3387,Andrena transnigra,Toxicoscordion venenosum,0.0,0.07,0
3388,Andrena vicinoides,Toxicoscordion venenosum,0.0,0.13,0
3389,Anthophora bomboides,Toxicoscordion venenosum,0.0,0.08,0
3390,Anthophora curta,Toxicoscordion venenosum,0.0,0.13,0
3391,Anthophora pacifica,Toxicoscordion venenosum,0.0,0.08,0
3392,Anthophora urbana,Toxicoscordion venenosum,0.0,0.25,0
3393,Bombus appositus,Toxicoscordion venenosum,0.0,0.26,0
3394,Bombus bifarius,Toxicoscordion venenosum,0.0,0.39,0
3395,Bombus californicus,Toxicoscordion venenosum,0.0,0.37,0
3396,Bombus centralis,Toxicoscordion venenosum,0.0,0.29,0
3397,Bombus fernaldae,Toxicoscordion venenosum,0.0,0.08,0
3398,Bombus fervidus,Toxicoscordion venenosum,0.0,0.09,0
3399,Bombus flavifrons,Toxicoscordion venenosum,0.0,0.32,0
3400,Bombus griseocollis,Toxicoscordion venenosum,0.0,0.19,0
3401,Bombus huntii,Toxicoscordion venenosum,0.0,0.24,0
3402,Bombus insularis,Toxicoscordion venenosum,0.0,0.12,0
3403,Bombus mixtus,Toxicoscordion venenosum,0.0,0.24,0
3404,Bombus nevadensis,Toxicoscordion venenosum,0.0,0.26,0
3405,Bombus rufocinctus,Toxicoscordion venenosum,0.0,0.26,0
3406,Bombus vosnesenskii,Toxicoscordion venenosum,0.0,0.24,0
3407,Coelioxys rufitarsis,Toxicoscordion venenosum,0.0,0.23,0
3408,Colletes phaceliae,Toxicoscordion venenosum,0.0,0.19,0
3409,Diadasia nigrifrons,Toxicoscordion venenosum,0.0,0.09,0
3410,Halictus farinosus,Toxicoscordion venenosum,0.0,0.25,0
3411,Halictus ligatus,Toxicoscordion venenosum,0.0,0.28,0
3412,Halictus rubicundus,Toxicoscordion venenosum,0.0,0.23,0
3413,Halictus tripartitus,Toxicoscordion venenosum,0.0,0.2,0
3414,Hylaeus verticalis,Toxicoscordion venenosum,0.0,0.08,0
3415,Lasioglossum albipenne,Toxicoscordion venenosum,0.0,0.08,0
3416,Lasioglossum cooleyi,Toxicoscordion venenosum,0.0,0.08,0
3417,Lasioglossum incompletum,Toxicoscordion venenosum,0.0,0.1,0
3418,Lasioglossum laevissimum,Toxicoscordion venenosum,0.0,0.12,0
3419,Lasioglossum nevadense,Toxicoscordion venenosum,0.0,0.14,0
3420,Lasioglossum olympiae,Toxicoscordion venenosum,0.0,0.07,0
3421,Lasioglossum ovaliceps,Toxicoscordion venenosum,0.0,0.09,0
3422,Lasioglossum sedi,Toxicoscordion venenosum,0.0,0.08,0
3423,Lasioglossum sp.,Toxicoscordion venenosum,0.0,0.27,0
3424,Lasioglossum sp. 2,Toxicoscordion venenosum,0.0,0.13,0
3425,Lasioglossum titusi,Toxicoscordion venenosum,0.0,0.2,0
3426,Megachile apicalis,Toxicoscordion venenosum,0.0,0.12,0
3427,Megachile nevadensis,Toxicoscordion venenosum,0.0,0.08,0
3428,Megachile onobrychidis,Toxicoscordion venenosum,0.0,0.18,0
3429,Megachile perihirta,Toxicoscordion venenosum,0.0,0.19,0
3430,Melissodes bimatris,Toxicoscordion venenosum,0.0,0.1,0
3431,Melissodes lupinus,Toxicoscordion venenosum,0.0,0.18,0
3432,Melissodes lutulentus,Toxicoscordion venenosum,0.0,0.08,0
3433,Melissodes microstictus,Toxicoscordion venenosum,0.0,0.16,0
3434,Melissodes pallidisignatus,Toxicoscordion venenosum,0.0,0.12,0
3435,Melissodes rivalis,Toxicoscordion venenosum,0.0,0.09,0
3436,Melissodes subagilis,Toxicoscordion venenosum,0.0,0.09,0
3437,Osmia atrocyanea,Toxicoscordion venenosum,0.0,0.07,0
3438,Osmia brevis,Toxicoscordion venenosum,0.0,0.07,0
3439,Osmia bucephala,Toxicoscordion venenosum,0.0,0.08,0
3440,Osmia integra,Toxicoscordion venenosum,0.0,0.08,0
3441,Osmia juxta,Toxicoscordion venenosum,0.0,0.09,0
3442,Osmia raritatis,Toxicoscordion venenosum,0.0,0.08,0
3443,Osmia sp. 2,Toxicoscordion venenosum,0.0,0.09,0
3444,Panurginus torchio,Toxicoscordion venenosum,0.0,0.07,0
3445,Perdita wyomingensis,Toxicoscordion venenosum,0.0,0.07,0
3446,Sphecodes sp.,Toxicoscordion venenosum,0.0,0.08,0
3447,Svastra obliqua,Toxicoscordion venenosum,0.0,0.08,0
3448,Triepeolus paenepectoralis,Toxicoscordion venenosum,0.0,0.1,0
3449,Xeromelecta californica,Toxicoscordion venenosum,0.0,0.08,0
3450,Agapostemon femoratus,Tragopogon dubius,0.0,0.06,0
3451,Agapostemon texanus,Tragopogon dubius,0.0,0.04,0
3452,Andrena astragali,Tragopogon dubius,0.0,0.11,0
3453,Andrena barbilabris,Tragopogon dubius,0.0,0.02,0
3454,Andrena cyanophila,Tragopogon dubius,0.0,0.02,0
3455,Andrena melanochroa,Tragopogon dubius,0.0,0.07,0
3456,Andrena nigrocaerulea,Tragopogon dubius,0.0,0.06,0
3457,Andrena nivalis,Tragopogon dubius,0.0,0.02,0
3458,Andrena pallidifovea,Tragopogon dubius,0.0,0.05,0
3459,Andrena prunorum,Tragopogon dubius,0.0,0.05,0
3460,Andrena sp. 1,Tragopogon dubius,0.0,0.02,0
3461,Andrena sp. A,Tragopogon dubius,0.0,0.02,0
3462,Andrena transnigra,Tragopogon dubius,0.0,0.02,0
3463,Andrena vicinoides,Tragopogon dubius,0.0,0.04,0
3464,Anthophora bomboides,Tragopogon dubius,0.0,0.02,0
3465,Anthophora curta,Tragopogon dubius,0.0,0.05,0
3466,Anthophora pacifica,Tragopogon dubius,0.0,0.02,0
3467,Anthophora urbana,Tragopogon dubius,0.0,0.06,0
3468,Bombus appositus,Tragopogon dubius,1.0,0.76,1
3469,Bombus bifarius,Tragopogon dubius,0.0,0.13,0
3470,Bombus californicus,Tragopogon dubius,0.0,0.12,0
3471,Bombus centralis,Tragopogon dubius,0.0,0.09,0
3472,Bombus fernaldae,Tragopogon dubius,0.0,0.02,0
3473,Bombus fervidus,Tragopogon dubius,0.0,0.02,0
3474,Bombus flavifrons,Tragopogon dubius,0.0,0.11,0
3475,Bombus griseocollis,Tragopogon dubius,0.0,0.06,0
3476,Bombus huntii,Tragopogon dubius,0.0,0.07,0
3477,Bombus insularis,Tragopogon dubius,0.0,0.04,0
3478,Bombus mixtus,Tragopogon dubius,0.0,0.07,0
3479,Bombus nevadensis,Tragopogon dubius,0.0,0.07,0
3480,Bombus rufocinctus,Tragopogon dubius,0.0,0.07,0
3481,Bombus vosnesenskii,Tragopogon dubius,0.0,0.07,0
3482,Coelioxys rufitarsis,Tragopogon dubius,0.0,0.07,0
3483,Colletes phaceliae,Tragopogon dubius,0.0,0.06,0
3484,Diadasia nigrifrons,Tragopogon dubius,0.0,0.02,0
3485,Halictus farinosus,Tragopogon dubius,0.0,0.08,0
3486,Halictus ligatus,Tragopogon dubius,0.0,0.07,0
3487,Halictus rubicundus,Tragopogon dubius,0.0,0.06,0
3488,Halictus tripartitus,Tragopogon dubius,0.0,0.06,0
3489,Hylaeus verticalis,Tragopogon dubius,0.0,0.02,0
3490,Lasioglossum albipenne,Tragopogon dubius,0.0,0.02,0
3491,Lasioglossum cooleyi,Tragopogon dubius,0.0,0.02,0
3492,Lasioglossum incompletum,Tragopogon dubius,0.0,0.03,0
3493,Lasioglossum laevissimum,Tragopogon dubius,0.0,0.04,0
3494,Lasioglossum nevadense,Tragopogon dubius,0.0,0.05,0
3495,Lasioglossum olympiae,Tragopogon dubius,0.0,0.02,0
3496,Lasioglossum ovaliceps,Tragopogon dubius,0.0,0.02,0
3497,Lasioglossum sedi,Tragopogon dubius,0.0,0.02,0
3498,Lasioglossum sp.,Tragopogon dubius,0.0,0.09,0
3499,Lasioglossum sp. 2,Tragopogon dubius,0.0,0.04,0
3500,Lasioglossum titusi,Tragopogon dubius,0.0,0.06,0
3501,Megachile apicalis,Tragopogon dubius,0.0,0.04,0
3502,Megachile nevadensis,Tragopogon dubius,0.0,0.02,0
3503,Megachile onobrychidis,Tragopogon dubius,0.0,0.05,0
3504,Megachile perihirta,Tragopogon dubius,0.0,0.06,0
3505,Melissodes bimatris,Tragopogon dubius,0.0,0.04,0
3506,Melissodes lupinus,Tragopogon dubius,0.0,0.05,0
3507,Melissodes lutulentus,Tragopogon dubius,0.0,0.03,0
3508,Melissodes microstictus,Tragopogon dubius,0.0,0.11,0
3509,Melissodes pallidisignatus,Tragopogon dubius,0.0,0.04,0
3510,Melissodes rivalis,Tragopogon dubius,0.0,0.03,0
3511,Melissodes subagilis,Tragopogon dubius,0.0,0.03,0
3512,Osmia atrocyanea,Tragopogon dubius,0.0,0.02,0
3513,Osmia brevis,Tragopogon dubius,0.0,0.02,0
3514,Osmia bucephala,Tragopogon dubius,0.0,0.02,0
3515,Osmia integra,Tragopogon dubius,0.0,0.02,0
3516,Osmia juxta,Tragopogon dubius,0.0,0.04,0
3517,Osmia raritatis,Tragopogon dubius,0.0,0.02,0
3518,Osmia sp. 2,Tragopogon dubius,0.0,0.03,0
3519,Panurginus torchio,Tragopogon dubius,0.0,0.02,0
3520,Perdita wyomingensis,Tragopogon dubius,0.0,0.02,0
3521,Sphecodes sp.,Tragopogon dubius,0.0,0.02,0
3522,Svastra obliqua,Tragopogon dubius,0.0,0.03,0
3523,Triepeolus paenepectoralis,Tragopogon dubius,0.0,0.04,0
3524,Xeromelecta californica,Tragopogon dubius,0.0,0.02,0
3525,Agapostemon femoratus,Trifolium pratense,0.0,0.04,0
3526,Agapostemon texanus,Trifolium pratense,0.0,0.03,0
3527,Andrena astragali,Trifolium pratense,0.0,0.09,0
3528,Andrena barbilabris,Trifolium pratense,0.0,0.02,0
3529,Andrena cyanophila,Trifolium pratense,0.0,0.02,0
3530,Andrena melanochroa,Trifolium pratense,0.0,0.05,0
3531,Andrena nigrocaerulea,Trifolium pratense,0.0,0.04,0
3532,Andrena nivalis,Trifolium pratense,0.0,0.02,0
3533,Andrena pallidifovea,Trifolium pratense,0.0,0.04,0
3534,Andrena prunorum,Trifolium pratense,0.0,0.03,0
3535,Andrena sp. 1,Trifolium pratense,0.0,0.02,0
3536,Andrena sp. A,Trifolium pratense,0.0,0.02,0
3537,Andrena transnigra,Trifolium pratense,0.0,0.02,0
3538,Andrena vicinoides,Trifolium pratense,0.0,0.03,0
3539,Anthophora bomboides,Trifolium pratense,0.0,0.02,0
3540,Anthophora curta,Trifolium pratense,0.0,0.04,0
3541,Anthophora pacifica,Trifolium pratense,0.0,0.02,0
3542,Anthophora urbana,Trifolium pratense,0.0,0.05,0
3543,Bombus appositus,Trifolium pratense,0.0,0.06,0
3544,Bombus bifarius,Trifolium pratense,0.0,0.13,0
3545,Bombus californicus,Trifolium pratense,0.0,0.12,0
3546,Bombus centralis,Trifolium pratense,0.0,0.09,0
3547,Bombus fernaldae,Trifolium pratense,0.0,0.02,0
3548,Bombus fervidus,Trifolium pratense,0.0,0.02,0
3549,Bombus flavifrons,Trifolium pratense,1.0,0.92,1
3550,Bombus griseocollis,Trifolium pratense,0.0,0.05,0
3551,Bombus huntii,Trifolium pratense,0.0,0.05,0
3552,Bombus insularis,Trifolium pratense,0.0,0.03,0
3553,Bombus mixtus,Trifolium pratense,0.0,0.05,0
3554,Bombus nevadensis,Trifolium pratense,0.0,0.05,0
3555,Bombus rufocinctus,Trifolium pratense,0.0,0.05,0
3556,Bombus vosnesenskii,Trifolium pratense,0.0,0.05,0
3557,Coelioxys rufitarsis,Trifolium pratense,0.0,0.05,0
3558,Colletes phaceliae,Trifolium pratense,0.0,0.04,0
3559,Diadasia nigrifrons,Trifolium pratense,0.0,0.02,0
3560,Halictus farinosus,Trifolium pratense,0.0,0.06,0
3561,Halictus ligatus,Trifolium pratense,0.0,0.07,0
3562,Halictus rubicundus,Trifolium pratense,0.0,0.05,0
3563,Halictus tripartitus,Trifolium pratense,0.0,0.04,0
3564,Hylaeus verticalis,Trifolium pratense,0.0,0.02,0
3565,Lasioglossum albipenne,Trifolium pratense,0.0,0.02,0
3566,Lasioglossum cooleyi,Trifolium pratense,0.0,0.02,0
3567,Lasioglossum incompletum,Trifolium pratense,0.0,0.03,0
3568,Lasioglossum laevissimum,Trifolium pratense,0.0,0.03,0
3569,Lasioglossum nevadense,Trifolium pratense,0.0,0.03,0
3570,Lasioglossum olympiae,Trifolium pratense,0.0,0.02,0
3571,Lasioglossum ovaliceps,Trifolium pratense,0.0,0.02,0
3572,Lasioglossum sedi,Trifolium pratense,0.0,0.02,0
3573,Lasioglossum sp.,Trifolium pratense,0.0,0.07,0
3574,Lasioglossum sp. 2,Trifolium pratense,0.0,0.03,0
3575,Lasioglossum titusi,Trifolium pratense,0.0,0.04,0
3576,Megachile apicalis,Trifolium pratense,0.0,0.04,0
3577,Megachile nevadensis,Trifolium pratense,0.0,0.02,0
3578,Megachile onobrychidis,Trifolium pratense,0.0,0.04,0
3579,Megachile perihirta,Trifolium pratense,0.0,0.04,0
3580,Melissodes bimatris,Trifolium pratense,0.0,0.03,0
3581,Melissodes lupinus,Trifolium pratense,0.0,0.04,0
3582,Melissodes lutulentus,Trifolium pratense,0.0,0.03,0
3583,Melissodes microstictus,Trifolium pratense,0.0,0.09,0
3584,Melissodes pallidisignatus,Trifolium pratense,0.0,0.04,0
3585,Melissodes rivalis,Trifolium pratense,0.0,0.02,0
3586,Melissodes subagilis,Trifolium pratense,0.0,0.03,0
3587,Osmia atrocyanea,Trifolium pratense,0.0,0.02,0
3588,Osmia brevis,Trifolium pratense,0.0,0.02,0
3589,Osmia bucephala,Trifolium pratense,0.0,0.02,0
3590,Osmia integra,Trifolium pratense,0.0,0.02,0
3591,Osmia juxta,Trifolium pratense,0.0,0.03,0
3592,Osmia raritatis,Trifolium pratense,0.0,0.02,0
3593,Osmia sp. 2,Trifolium pratense,0.0,0.02,0
3594,Panurginus torchio,Trifolium pratense,0.0,0.02,0
3595,Perdita wyomingensis,Trifolium pratense,0.0,0.02,0
3596,Sphecodes sp.,Trifolium pratense,0.0,0.02,0
3597,Svastra obliqua,Trifolium pratense,0.0,0.03,0
3598,Triepeolus paenepectoralis,Trifolium pratense,0.0,0.03,0
3599,Xeromelecta californica,Trifolium pratense,0.0,0.02,0
3600,Agapostemon femoratus,Trifolium sp.,0.0,0.06,0
3601,Agapostemon texanus,Trifolium sp.,0.0,0.04,0
3602,Andrena astragali,Trifolium sp.,0.0,0.11,0
3603,Andrena barbilabris,Trifolium sp.,0.0,0.02,0
3604,Andrena cyanophila,Trifolium sp.,0.0,0.02,0
3605,Andrena melanochroa,Trifolium sp.,0.0,0.07,0
3606,Andrena nigrocaerulea,Trifolium sp.,0.0,0.06,0
3607,Andrena nivalis,Trifolium sp.,0.0,0.02,0
3608,Andrena pallidifovea,Trifolium sp.,0.0,0.05,0
3609,Andrena prunorum,Trifolium sp.,0.0,0.05,0
3610,Andrena sp. 1,Trifolium sp.,0.0,0.02,0
3611,Andrena sp. A,Trifolium sp.,0.0,0.02,0
3612,Andrena transnigra,Trifolium sp.,0.0,0.02,0
3613,Andrena vicinoides,Trifolium sp.,0.0,0.04,0
3614,Anthophora bomboides,Trifolium sp.,0.0,0.02,0
3615,Anthophora curta,Trifolium sp.,0.0,0.05,0
3616,Anthophora pacifica,Trifolium sp.,0.0,0.02,0
3617,Anthophora urbana,Trifolium sp.,0.0,0.06,0
3618,Bombus appositus,Trifolium sp.,0.0,0.07,0
3619,Bombus bifarius,Trifolium sp.,0.0,0.13,0
3620,Bombus californicus,Trifolium sp.,0.0,0.12,0
3621,Bombus centralis,Trifolium sp.,0.0,0.09,0
3622,Bombus fernaldae,Trifolium sp.,0.0,0.02,0
3623,Bombus fervidus,Trifolium sp.,0.0,0.02,0
3624,Bombus flavifrons,Trifolium sp.,0.0,0.08,0
3625,Bombus griseocollis,Trifolium sp.,0.0,0.06,0
3626,Bombus huntii,Trifolium sp.,0.0,0.07,0
3627,Bombus insularis,Trifolium sp.,0.0,0.04,0
3628,Bombus mixtus,Trifolium sp.,0.0,0.07,0
3629,Bombus nevadensis,Trifolium sp.,0.0,0.07,0
3630,Bombus rufocinctus,Trifolium sp.,0.0,0.07,0
3631,Bombus vosnesenskii,Trifolium sp.,1.0,0.69,1
3632,Coelioxys rufitarsis,Trifolium sp.,0.0,0.06,0
3633,Colletes phaceliae,Trifolium sp.,0.0,0.06,0
3634,Diadasia nigrifrons,Trifolium sp.,0.0,0.02,0
3635,Halictus farinosus,Trifolium sp.,0.0,0.08,0
3636,Halictus ligatus,Trifolium sp.,0.0,0.08,0
3637,Halictus rubicundus,Trifolium sp.,0.0,0.06,0
3638,Halictus tripartitus,Trifolium sp.,0.0,0.06,0
3639,Hylaeus verticalis,Trifolium sp.,0.0,0.02,0
3640,Lasioglossum albipenne,Trifolium sp.,0.0,0.02,0
3641,Lasioglossum cooleyi,Trifolium sp.,0.0,0.02,0
3642,Lasioglossum incompletum,Trifolium sp.,0.0,0.03,0
3643,Lasioglossum laevissimum,Trifolium sp.,0.0,0.04,0
3644,Lasioglossum nevadense,Trifolium sp.,0.0,0.05,0
3645,Lasioglossum olympiae,Trifolium sp.,0.0,0.02,0
3646,Lasioglossum ovaliceps,Trifolium sp.,0.0,0.02,0
3647,Lasioglossum sedi,Trifolium sp.,0.0,0.02,0
3648,Lasioglossum sp.,Trifolium sp.,0.0,0.09,0
3649,Lasioglossum sp. 2,Trifolium sp.,0.0,0.04,0
3650,Lasioglossum titusi,Trifolium sp.,0.0,0.06,0
3651,Megachile apicalis,Trifolium sp.,0.0,0.05,0
3652,Megachile nevadensis,Trifolium sp.,0.0,0.02,0
3653,Megachile onobrychidis,Trifolium sp.,0.0,0.05,0
3654,Megachile perihirta,Trifolium sp.,0.0,0.06,0
3655,Melissodes bimatris,Trifolium sp.,0.0,0.04,0
3656,Melissodes lupinus,Trifolium sp.,0.0,0.05,0
3657,Melissodes lutulentus,Trifolium sp.,0.0,0.03,0
3658,Melissodes microstictus,Trifolium sp.,0.0,0.11,0
3659,Melissodes pallidisignatus,Trifolium sp.,0.0,0.05,0
3660,Melissodes rivalis,Trifolium sp.,0.0,0.03,0
3661,Melissodes subagilis,Trifolium sp.,0.0,0.03,0
3662,Osmia atrocyanea,Trifolium sp.,0.0,0.02,0
3663,Osmia brevis,Trifolium sp.,0.0,0.02,0
3664,Osmia bucephala,Trifolium sp.,0.0,0.02,0
3665,Osmia integra,Trifolium sp.,0.0,0.02,0
3666,Osmia juxta,Trifolium sp.,0.0,0.04,0
3667,Osmia raritatis,Trifolium sp.,0.0,0.02,0
3668,Osmia sp. 2,Trifolium sp.,0.0,0.03,0
3669,Panurginus torchio,Trifolium sp.,0.0,0.02,0
3670,Perdita wyomingensis,Trifolium sp.,0.0,0.02,0
3671,Sphecodes sp.,Trifolium sp.,0.0,0.02,0
3672,Svastra obliqua,Trifolium sp.,0.0,0.03,0
3673,Triepeolus paenepectoralis,Trifolium sp.,0.0,0.04,0
3674,Xeromelecta californica,Trifolium sp.,0.0,0.02,0
3675,Agapostemon femoratus,Trifolium wormskioldii,0.0,0.25,0
3676,Agapostemon texanus,Trifolium wormskioldii,0.0,0.15,0
3677,Andrena astragali,Trifolium wormskioldii,0.0,0.16,0
3678,Andrena barbilabris,Trifolium wormskioldii,0.0,0.04,0
3679,Andrena cyanophila,Trifolium wormskioldii,0.0,0.04,0
3680,Andrena melanochroa,Trifolium wormskioldii,0.0,0.23,0
3681,Andrena nigrocaerulea,Trifolium wormskioldii,0.0,0.2,0
3682,Andrena nivalis,Trifolium wormskioldii,0.0,0.04,0
3683,Andrena pallidifovea,Trifolium wormskioldii,0.0,0.22,0
3684,Andrena prunorum,Trifolium wormskioldii,0.0,0.2,0
3685,Andrena sp. 1,Trifolium wormskioldii,0.0,0.04,0
3686,Andrena sp. A,Trifolium wormskioldii,0.0,0.04,0
3687,Andrena transnigra,Trifolium wormskioldii,0.0,0.04,0
3688,Andrena vicinoides,Trifolium wormskioldii,0.0,0.17,0
3689,Anthophora bomboides,Trifolium wormskioldii,0.0,0.06,0
3690,Anthophora curta,Trifolium wormskioldii,0.0,0.17,0
3691,Anthophora pacifica,Trifolium wormskioldii,0.0,0.04,0
3692,Anthophora urbana,Trifolium wormskioldii,0.0,0.21,0
3693,Bombus appositus,Trifolium wormskioldii,0.0,0.28,0
3694,Bombus bifarius,Trifolium wormskioldii,0.0,0.49,0
3695,Bombus californicus,Trifolium wormskioldii,1.0,0.74,1
3696,Bombus centralis,Trifolium wormskioldii,0.0,0.41,0
3697,Bombus fernaldae,Trifolium wormskioldii,0.0,0.04,0
3698,Bombus fervidus,Trifolium wormskioldii,0.0,0.06,0
3699,Bombus flavifrons,Trifolium wormskioldii,0.0,0.46,0
3700,Bombus griseocollis,Trifolium wormskioldii,0.0,0.22,0
3701,Bombus huntii,Trifolium wormskioldii,0.0,0.26,0
3702,Bombus insularis,Trifolium wormskioldii,0.0,0.16,0
3703,Bombus mixtus,Trifolium wormskioldii,0.0,0.29,0
3704,Bombus nevadensis,Trifolium wormskioldii,0.0,0.27,0
3705,Bombus rufocinctus,Trifolium wormskioldii,0.0,0.27,0
3706,Bombus vosnesenskii,Trifolium wormskioldii,0.0,0.27,0
3707,Coelioxys rufitarsis,Trifolium wormskioldii,0.0,0.21,0
3708,Colletes phaceliae,Trifolium wormskioldii,0.0,0.21,0
3709,Diadasia nigrifrons,Trifolium wormskioldii,0.0,0.06,0
3710,Halictus farinosus,Trifolium wormskioldii,0.0,0.3,0
3711,Halictus ligatus,Trifolium wormskioldii,0.0,0.35,0
3712,Halictus rubicundus,Trifolium wormskioldii,0.0,0.27,0
3713,Halictus tripartitus,Trifolium wormskioldii,0.0,0.21,0
3714,Hylaeus verticalis,Trifolium wormskioldii,0.0,0.04,0
3715,Lasioglossum albipenne,Trifolium wormskioldii,0.0,0.05,0
3716,Lasioglossum cooleyi,Trifolium wormskioldii,0.0,0.06,0
3717,Lasioglossum incompletum,Trifolium wormskioldii,0.0,0.12,0
3718,Lasioglossum laevissimum,Trifolium wormskioldii,0.0,0.15,0
3719,Lasioglossum nevadense,Trifolium wormskioldii,0.0,0.15,0
3720,Lasioglossum olympiae,Trifolium wormskioldii,0.0,0.04,0
3721,Lasioglossum ovaliceps,Trifolium wormskioldii,0.0,0.06,0
3722,Lasioglossum sedi,Trifolium wormskioldii,0.0,0.04,0
3723,Lasioglossum sp.,Trifolium wormskioldii,0.0,0.32,0
3724,Lasioglossum sp. 2,Trifolium wormskioldii,0.0,0.17,0
3725,Lasioglossum titusi,Trifolium wormskioldii,0.0,0.2,0
3726,Megachile apicalis,Trifolium wormskioldii,0.0,0.15,0
3727,Megachile nevadensis,Trifolium wormskioldii,0.0,0.05,0
3728,Megachile onobrychidis,Trifolium wormskioldii,0.0,0.21,0
3729,Megachile perihirta,Trifolium wormskioldii,0.0,0.2,0
3730,Melissodes bimatris,Trifolium wormskioldii,0.0,0.12,0
3731,Melissodes lupinus,Trifolium wormskioldii,0.0,0.19,0
3732,Melissodes lutulentus,Trifolium wormskioldii,0.0,0.11,0
3733,Melissodes microstictus,Trifolium wormskioldii,0.0,0.16,0
3734,Melissodes pallidisignatus,Trifolium wormskioldii,0.0,0.15,0
3735,Melissodes rivalis,Trifolium wormskioldii,0.0,0.06,0
3736,Melissodes subagilis,Trifolium wormskioldii,0.0,0.11,0
3737,Osmia atrocyanea,Trifolium wormskioldii,0.0,0.04,0
3738,Osmia brevis,Trifolium wormskioldii,0.0,0.04,0
3739,Osmia bucephala,Trifolium wormskioldii,0.0,0.04,0
3740,Osmia integra,Trifolium wormskioldii,0.0,0.04,0
3741,Osmia juxta,Trifolium wormskioldii,0.0,0.13,0
3742,Osmia raritatis,Trifolium wormskioldii,0.0,0.04,0
3743,Osmia sp. 2,Trifolium wormskioldii,1.0,0.71,1
3744,Panurginus torchio,Trifolium wormskioldii,0.0,0.04,0
3745,Perdita wyomingensis,Trifolium wormskioldii,0.0,0.04,0
3746,Sphecodes sp.,Trifolium wormskioldii,0.0,0.04,0
3747,Svastra obliqua,Trifolium wormskioldii,0.0,0.08,0
3748,Triepeolus paenepectoralis,Trifolium wormskioldii,0.0,0.12,0
3749,Xeromelecta californica,Trifolium wormskioldii,0.0,0.05,0
3750,Agapostemon femoratus,Triteleia grandiflora,0.0,0.04,0
3751,Agapostemon texanus,Triteleia grandiflora,0.0,0.03,0
3752,Andrena astragali,Triteleia grandiflora,0.0,0.09,0
3753,Andrena barbilabris,Triteleia grandiflora,0.0,0.02,0
3754,Andrena cyanophila,Triteleia grandiflora,0.0,0.02,0
3755,Andrena melanochroa,Triteleia grandiflora,0.0,0.05,0
3756,Andrena nigrocaerulea,Triteleia grandiflora,0.0,0.03,0
3757,Andrena nivalis,Triteleia grandiflora,0.0,0.02,0
3758,Andrena pallidifovea,Triteleia grandiflora,0.0,0.04,0
3759,Andrena prunorum,Triteleia grandiflora,0.0,0.03,0
3760,Andrena sp. 1,Triteleia grandiflora,0.0,0.02,0
3761,Andrena sp. A,Triteleia grandiflora,0.0,0.02,0
3762,Andrena transnigra,Triteleia grandiflora,0.0,0.02,0
3763,Andrena vicinoides,Triteleia grandiflora,0.0,0.03,0
3764,Anthophora bomboides,Triteleia grandiflora,0.0,0.02,0
3765,Anthophora curta,Triteleia grandiflora,0.0,0.04,0
3766,Anthophora pacifica,Triteleia grandiflora,0.0,0.02,0
3767,Anthophora urbana,Triteleia grandiflora,0.0,0.04,0
3768,Bombus appositus,Triteleia grandiflora,0.0,0.05,0
3769,Bombus bifarius,Triteleia grandiflora,0.0,0.12,0
3770,Bombus californicus,Triteleia grandiflora,1.0,0.93,1
3771,Bombus centralis,Triteleia grandiflora,0.0,0.08,0
3772,Bombus fernaldae,Triteleia grandiflora,0.0,0.02,0
3773,Bombus fervidus,Triteleia grandiflora,0.0,0.02,0
3774,Bombus flavifrons,Triteleia grandiflora,0.0,0.1,0
3775,Bombus griseocollis,Triteleia grandiflora,0.0,0.04,0
3776,Bombus huntii,Triteleia grandiflora,0.0,0.05,0
3777,Bombus insularis,Triteleia grandiflora,0.0,0.03,0
3778,Bombus mixtus,Triteleia grandiflora,0.0,0.05,0
3779,Bombus nevadensis,Triteleia grandiflora,0.0,0.05,0
3780,Bombus rufocinctus,Triteleia grandiflora,0.0,0.05,0
3781,Bombus vosnesenskii,Triteleia grandiflora,0.0,0.05,0
3782,Coelioxys rufitarsis,Triteleia grandiflora,0.0,0.04,0
3783,Colletes phaceliae,Triteleia grandiflora,0.0,0.03,0
3784,Diadasia nigrifrons,Triteleia grandiflora,0.0,0.02,0
3785,Halictus farinosus,Triteleia grandiflora,0.0,0.05,0
3786,Halictus ligatus,Triteleia grandiflora,0.0,0.05,0
3787,Halictus rubicundus,Triteleia grandiflora,0.0,0.05,0
3788,Halictus tripartitus,Triteleia grandiflora,0.0,0.03,0
3789,Hylaeus verticalis,Triteleia grandiflora,0.0,0.02,0
3790,Lasioglossum albipenne,Triteleia grandiflora,0.0,0.02,0
3791,Lasioglossum cooleyi,Triteleia grandiflora,0.0,0.02,0
3792,Lasioglossum incompletum,Triteleia grandiflora,0.0,0.03,0
3793,Lasioglossum laevissimum,Triteleia grandiflora,0.0,0.03,0
3794,Lasioglossum nevadense,Triteleia grandiflora,0.0,0.03,0
3795,Lasioglossum olympiae,Triteleia grandiflora,0.0,0.02,0
3796,Lasioglossum ovaliceps,Triteleia grandiflora,0.0,0.02,0
3797,Lasioglossum sedi,Triteleia grandiflora,0.0,0.02,0
3798,Lasioglossum sp.,Triteleia grandiflora,0.0,0.06,0
3799,Lasioglossum sp. 2,Triteleia grandiflora,0.0,0.03,0
3800,Lasioglossum titusi,Triteleia grandiflora,0.0,0.04,0
3801,Megachile apicalis,Triteleia grandiflora,0.0,0.04,0
3802,Megachile nevadensis,Triteleia grandiflora,0.0,0.02,0
3803,Megachile onobrychidis,Triteleia grandiflora,0.0,0.04,0
3804,Megachile perihirta,Triteleia grandiflora,0.0,0.04,0
3805,Melissodes bimatris,Triteleia grandiflora,0.0,0.04,0
3806,Melissodes lupinus,Triteleia grandiflora,0.0,0.03,0
3807,Melissodes lutulentus,Triteleia grandiflora,0.0,0.03,0
3808,Melissodes microstictus,Triteleia grandiflora,0.0,0.09,0
3809,Melissodes pallidisignatus,Triteleia grandiflora,0.0,0.04,0
3810,Melissodes rivalis,Triteleia grandiflora,0.0,0.03,0
3811,Melissodes subagilis,Triteleia grandiflora,0.0,0.03,0
3812,Osmia atrocyanea,Triteleia grandiflora,0.0,0.02,0
3813,Osmia brevis,Triteleia grandiflora,0.0,0.02,0
3814,Osmia bucephala,Triteleia grandiflora,0.0,0.02,0
3815,Osmia integra,Triteleia grandiflora,0.0,0.02,0
3816,Osmia juxta,Triteleia grandiflora,0.0,0.03,0
3817,Osmia raritatis,Triteleia grandiflora,0.0,0.02,0
3818,Osmia sp. 2,Triteleia grandiflora,0.0,0.03,0
3819,Panurginus torchio,Triteleia grandiflora,0.0,0.02,0
3820,Perdita wyomingensis,Triteleia grandiflora,0.0,0.02,0
3821,Sphecodes sp.,Triteleia grandiflora,0.0,0.02,0
3822,Svastra obliqua,Triteleia grandiflora,0.0,0.03,0
3823,Triepeolus paenepectoralis,Triteleia grandiflora,0.0,0.04,0
3824,Xeromelecta californica,Triteleia grandiflora,0.0,0.02,0
3825,Agapostemon femoratus,Vicia cracca,0.0,0.06,0
3826,Agapostemon texanus,Vicia cracca,0.0,0.04,0
3827,Andrena astragali,Vicia cracca,0.0,0.11,0
3828,Andrena barbilabris,Vicia cracca,0.0,0.02,0
3829,Andrena cyanophila,Vicia cracca,0.0,0.02,0
3830,Andrena melanochroa,Vicia cracca,1.0,0.66,1
3831,Andrena nigrocaerulea,Vicia cracca,0.0,0.06,0
3832,Andrena nivalis,Vicia cracca,0.0,0.02,0
3833,Andrena pallidifovea,Vicia cracca,0.0,0.05,0
3834,Andrena prunorum,Vicia cracca,0.0,0.05,0
3835,Andrena sp. 1,Vicia cracca,0.0,0.02,0
3836,Andrena sp. A,Vicia cracca,0.0,0.02,0
3837,Andrena transnigra,Vicia cracca,0.0,0.02,0
3838,Andrena vicinoides,Vicia cracca,0.0,0.04,0
3839,Anthophora bomboides,Vicia cracca,0.0,0.02,0
3840,Anthophora curta,Vicia cracca,0.0,0.05,0
3841,Anthophora pacifica,Vicia cracca,0.0,0.02,0
3842,Anthophora urbana,Vicia cracca,0.0,0.07,0
3843,Bombus appositus,Vicia cracca,0.0,0.07,0
3844,Bombus bifarius,Vicia cracca,0.0,0.13,0
3845,Bombus californicus,Vicia cracca,0.0,0.12,0
3846,Bombus centralis,Vicia cracca,0.0,0.08,0
3847,Bombus fernaldae,Vicia cracca,0.0,0.02,0
3848,Bombus fervidus,Vicia cracca,0.0,0.02,0
3849,Bombus flavifrons,Vicia cracca,0.0,0.11,0
3850,Bombus griseocollis,Vicia cracca,0.0,0.06,0
3851,Bombus huntii,Vicia cracca,0.0,0.07,0
3852,Bombus insularis,Vicia cracca,0.0,0.04,0
3853,Bombus mixtus,Vicia cracca,0.0,0.07,0
3854,Bombus nevadensis,Vicia cracca,0.0,0.08,0
3855,Bombus rufocinctus,Vicia cracca,0.0,0.07,0
3856,Bombus vosnesenskii,Vicia cracca,0.0,0.07,0
3857,Coelioxys rufitarsis,Vicia cracca,0.0,0.07,0
3858,Colletes phaceliae,Vicia cracca,0.0,0.06,0
3859,Diadasia nigrifrons,Vicia cracca,0.0,0.02,0
3860,Halictus farinosus,Vicia cracca,0.0,0.08,0
3861,Halictus ligatus,Vicia cracca,0.0,0.08,0
3862,Halictus rubicundus,Vicia cracca,0.0,0.06,0
3863,Halictus tripartitus,Vicia cracca,0.0,0.06,0
3864,Hylaeus verticalis,Vicia cracca,0.0,0.02,0
3865,Lasioglossum albipenne,Vicia cracca,0.0,0.02,0
3866,Lasioglossum cooleyi,Vicia cracca,0.0,0.02,0
3867,Lasioglossum incompletum,Vicia cracca,0.0,0.03,0
3868,Lasioglossum laevissimum,Vicia cracca,0.0,0.04,0
3869,Lasioglossum nevadense,Vicia cracca,0.0,0.05,0
3870,Lasioglossum olympiae,Vicia cracca,0.0,0.02,0
3871,Lasioglossum ovaliceps,Vicia cracca,0.0,0.02,0
3872,Lasioglossum sedi,Vicia cracca,0.0,0.02,0
3873,Lasioglossum sp.,Vicia cracca,0.0,0.08,0
3874,Lasioglossum sp. 2,Vicia cracca,0.0,0.04,0
3875,Lasioglossum titusi,Vicia cracca,0.0,0.06,0
3876,Megachile apicalis,Vicia cracca,0.0,0.05,0
3877,Megachile nevadensis,Vicia cracca,0.0,0.02,0
3878,Megachile onobrychidis,Vicia cracca,0.0,0.05,0
3879,Megachile perihirta,Vicia cracca,0.0,0.06,0
3880,Melissodes bimatris,Vicia cracca,0.0,0.04,0
3881,Melissodes lupinus,Vicia cracca,0.0,0.05,0
3882,Melissodes lutulentus,Vicia cracca,0.0,0.03,0
3883,Melissodes microstictus,Vicia cracca,0.0,0.11,0
3884,Melissodes pallidisignatus,Vicia cracca,0.0,0.05,0
3885,Melissodes rivalis,Vicia cracca,0.0,0.03,0
3886,Melissodes subagilis,Vicia cracca,0.0,0.03,0
3887,Osmia atrocyanea,Vicia cracca,0.0,0.02,0
3888,Osmia brevis,Vicia cracca,0.0,0.02,0
3889,Osmia bucephala,Vicia cracca,0.0,0.02,0
3890,Osmia integra,Vicia cracca,0.0,0.02,0
3891,Osmia juxta,Vicia cracca,0.0,0.04,0
3892,Osmia raritatis,Vicia cracca,0.0,0.02,0
3893,Osmia sp. 2,Vicia cracca,0.0,0.03,0
3894,Panurginus torchio,Vicia cracca,0.0,0.02,0
3895,Perdita wyomingensis,Vicia cracca,0.0,0.02,0
3896,Sphecodes sp.,Vicia cracca,0.0,0.02,0
3897,Svastra obliqua,Vicia cracca,0.0,0.03,0
3898,Triepeolus paenepectoralis,Vicia cracca,0.0,0.04,0
3899,Xeromelecta californica,Vicia cracca,0.0,0.02,0
