link_ID,higher_level,lower_level,ground_truth,probability,classification
0,Agapostemon femoratus,Achillea millefolium,0.0,0.39,0
1,Agapostemon texanus,Achillea millefolium,0.0,0.3,0
2,Andrena astragali,Achillea millefolium,0.0,0.21,0
3,Andrena barbilabris,Achillea millefolium,0.0,0.21,0
4,Andrena cyanophila,Achillea millefolium,0.0,0.29,0
5,Andrena melanochroa,Achillea millefolium,0.0,0.26,0
6,Andrena nigrocaerulea,Achillea millefolium,0.0,0.21,0
7,Andrena nivalis,Achillea millefolium,0.0,0.06,0
8,Andrena pallidifovea,Achillea millefolium,1.0,0.26,0
9,Andrena prunorum,Achillea millefolium,0.0,0.43,0
10,Andrena sp. 1,Achillea millefolium,0.0,0.07,0
11,Andrena sp. A,Achillea millefolium,0.0,0.2,0
12,Andrena transnigra,Achillea millefolium,0.0,0.21,0
13,Andrena vicinoides,Achillea millefolium,0.0,0.06,0
14,Anthophora bomboides,Achillea millefolium,0.0,0.17,0
15,Anthophora curta,Achillea millefolium,0.0,0.21,0
16,Anthophora pacifica,Achillea millefolium,0.0,0.06,0
17,Anthophora urbana,Achillea millefolium,0.0,0.37,0
18,Bombus appositus,Achillea millefolium,0.0,0.44,0
19,Bombus bifarius,Achillea millefolium,0.0,0.62,1
20,Bombus californicus,Achillea millefolium,1.0,0.59,1
21,Bombus centralis,Achillea millefolium,0.0,0.5,0
22,Bombus fernaldae,Achillea millefolium,0.0,0.17,0
23,Bombus fervidus,Achillea millefolium,0.0,0.17,0
24,Bombus flavifrons,Achillea millefolium,1.0,0.59,1
25,Bombus griseocollis,Achillea millefolium,0.0,0.29,0
26,Bombus huntii,Achillea millefolium,0.0,0.37,0
27,Bombus insularis,Achillea millefolium,0.0,0.32,0
28,Bombus mixtus,Achillea millefolium,0.0,0.35,0
29,Bombus nevadensis,Achillea millefolium,0.0,0.38,0
30,Bombus rufocinctus,Achillea millefolium,0.0,0.33,0
31,Bombus vosnesenskii,Achillea millefolium,0.0,0.37,0
32,Coelioxys rufitarsis,Achillea millefolium,0.0,0.32,0
33,Colletes phaceliae,Achillea millefolium,1.0,0.29,0
34,Diadasia nigrifrons,Achillea millefolium,0.0,0.21,0
35,Halictus farinosus,Achillea millefolium,0.0,0.42,0
36,Halictus ligatus,Achillea millefolium,0.0,0.41,0
37,Halictus rubicundus,Achillea millefolium,0.0,0.36,0
38,Halictus tripartitus,Achillea millefolium,0.0,0.3,0
39,Hylaeus verticalis,Achillea millefolium,0.0,0.22,0
40,Lasioglossum albipenne,Achillea millefolium,0.0,0.06,0
41,Lasioglossum cooleyi,Achillea millefolium,0.0,0.18,0
42,Lasioglossum incompletum,Achillea millefolium,1.0,0.41,0
43,Lasioglossum laevissimum,Achillea millefolium,0.0,0.26,0
44,Lasioglossum nevadense,Achillea millefolium,0.0,0.2,0
45,Lasioglossum olympiae,Achillea millefolium,0.0,0.42,0
46,Lasioglossum ovaliceps,Achillea millefolium,0.0,0.17,0
47,Lasioglossum sedi,Achillea millefolium,0.0,0.08,0
48,Lasioglossum sp.,Achillea millefolium,0.0,0.36,0
49,Lasioglossum sp. 2,Achillea millefolium,0.0,0.35,0
50,Lasioglossum titusi,Achillea millefolium,1.0,0.22,0
51,Megachile apicalis,Achillea millefolium,0.0,0.14,0
52,Megachile nevadensis,Achillea millefolium,0.0,0.08,0
53,Megachile onobrychidis,Achillea millefolium,0.0,0.42,0
54,Megachile perihirta,Achillea millefolium,0.0,0.38,0
55,Melissodes bimatris,Achillea millefolium,0.0,0.21,0
56,Melissodes lupinus,Achillea millefolium,0.0,0.2,0
57,Melissodes lutulentus,Achillea millefolium,0.0,0.16,0
58,Melissodes microstictus,Achillea millefolium,0.0,0.2,0
59,Melissodes pallidisignatus,Achillea millefolium,0.0,0.21,0
60,Melissodes rivalis,Achillea millefolium,0.0,0.15,0
61,Melissodes subagilis,Achillea millefolium,0.0,0.16,0
62,Osmia atrocyanea,Achillea millefolium,0.0,0.17,0
63,Osmia brevis,Achillea millefolium,0.0,0.06,0
64,Osmia bucephala,Achillea millefolium,0.0,0.17,0
65,Osmia integra,Achillea millefolium,0.0,0.17,0
66,Osmia juxta,Achillea millefolium,0.0,0.29,0
67,Osmia raritatis,Achillea millefolium,0.0,0.24,0
68,Osmia sp. 2,Achillea millefolium,0.0,0.18,0
69,Panurginus torchio,Achillea millefolium,0.0,0.22,0
70,Perdita wyomingensis,Achillea millefolium,0.0,0.18,0
71,Sphecodes sp.,Achillea millefolium,0.0,0.06,0
72,Svastra obliqua,Achillea millefolium,0.0,0.14,0
73,Triepeolus paenepectoralis,Achillea millefolium,0.0,0.23,0
74,Xeromelecta californica,Achillea millefolium,0.0,0.08,0
75,Agapostemon femoratus,Agastache urticifolia,0.0,0.25,0
76,Agapostemon texanus,Agastache urticifolia,0.0,0.21,0
77,Andrena astragali,Agastache urticifolia,0.0,0.12,0
78,Andrena barbilabris,Agastache urticifolia,0.0,0.06,0
79,Andrena cyanophila,Agastache urticifolia,0.0,0.15,0
80,Andrena melanochroa,Agastache urticifolia,0.0,0.13,0
81,Andrena nigrocaerulea,Agastache urticifolia,0.0,0.09,0
82,Andrena nivalis,Agastache urticifolia,0.0,0.03,0
83,Andrena pallidifovea,Agastache urticifolia,0.0,0.15,0
84,Andrena prunorum,Agastache urticifolia,0.0,0.33,0
85,Andrena sp. 1,Agastache urticifolia,0.0,0.03,0
86,Andrena sp. A,Agastache urticifolia,0.0,0.06,0
87,Andrena transnigra,Agastache urticifolia,0.0,0.1,0
88,Andrena vicinoides,Agastache urticifolia,0.0,0.03,0
89,Anthophora bomboides,Agastache urticifolia,0.0,0.06,0
90,Anthophora curta,Agastache urticifolia,0.0,0.1,0
91,Anthophora pacifica,Agastache urticifolia,0.0,0.03,0
92,Anthophora urbana,Agastache urticifolia,0.0,0.26,0
93,Bombus appositus,Agastache urticifolia,0.0,0.28,0
94,Bombus bifarius,Agastache urticifolia,0.0,0.48,0
95,Bombus californicus,Agastache urticifolia,1.0,0.51,1
96,Bombus centralis,Agastache urticifolia,0.0,0.36,0
97,Bombus fernaldae,Agastache urticifolia,0.0,0.07,0
98,Bombus fervidus,Agastache urticifolia,0.0,0.06,0
99,Bombus flavifrons,Agastache urticifolia,0.0,0.48,0
100,Bombus griseocollis,Agastache urticifolia,0.0,0.13,0
101,Bombus huntii,Agastache urticifolia,0.0,0.26,0
102,Bombus insularis,Agastache urticifolia,0.0,0.22,0
103,Bombus mixtus,Agastache urticifolia,0.0,0.22,0
104,Bombus nevadensis,Agastache urticifolia,1.0,0.27,0
105,Bombus rufocinctus,Agastache urticifolia,0.0,0.24,0
106,Bombus vosnesenskii,Agastache urticifolia,0.0,0.22,0
107,Coelioxys rufitarsis,Agastache urticifolia,0.0,0.23,0
108,Colletes phaceliae,Agastache urticifolia,0.0,0.17,0
109,Diadasia nigrifrons,Agastache urticifolia,0.0,0.12,0
110,Halictus farinosus,Agastache urticifolia,0.0,0.32,0
111,Halictus ligatus,Agastache urticifolia,0.0,0.28,0
112,Halictus rubicundus,Agastache urticifolia,0.0,0.25,0
113,Halictus tripartitus,Agastache urticifolia,0.0,0.18,0
114,Hylaeus verticalis,Agastache urticifolia,0.0,0.14,0
115,Lasioglossum albipenne,Agastache urticifolia,0.0,0.03,0
116,Lasioglossum cooleyi,Agastache urticifolia,0.0,0.06,0
117,Lasioglossum incompletum,Agastache urticifolia,0.0,0.28,0
118,Lasioglossum laevissimum,Agastache urticifolia,0.0,0.11,0
119,Lasioglossum nevadense,Agastache urticifolia,0.0,0.08,0
120,Lasioglossum olympiae,Agastache urticifolia,0.0,0.33,0
121,Lasioglossum ovaliceps,Agastache urticifolia,0.0,0.06,0
122,Lasioglossum sedi,Agastache urticifolia,0.0,0.03,0
123,Lasioglossum sp.,Agastache urticifolia,0.0,0.23,0
124,Lasioglossum sp. 2,Agastache urticifolia,0.0,0.24,0
125,Lasioglossum titusi,Agastache urticifolia,0.0,0.11,0
126,Megachile apicalis,Agastache urticifolia,0.0,0.06,0
127,Megachile nevadensis,Agastache urticifolia,0.0,0.03,0
128,Megachile onobrychidis,Agastache urticifolia,0.0,0.28,0
129,Megachile perihirta,Agastache urticifolia,0.0,0.27,0
130,Melissodes bimatris,Agastache urticifolia,0.0,0.1,0
131,Melissodes lupinus,Agastache urticifolia,0.0,0.08,0
132,Melissodes lutulentus,Agastache urticifolia,0.0,0.06,0
133,Melissodes microstictus,Agastache urticifolia,0.0,0.13,0
134,Melissodes pallidisignatus,Agastache urticifolia,0.0,0.1,0
135,Melissodes rivalis,Agastache urticifolia,0.0,0.06,0
136,Melissodes subagilis,Agastache urticifolia,0.0,0.06,0
137,Osmia atrocyanea,Agastache urticifolia,0.0,0.06,0
138,Osmia brevis,Agastache urticifolia,0.0,0.03,0
139,Osmia bucephala,Agastache urticifolia,0.0,0.06,0
140,Osmia integra,Agastache urticifolia,0.0,0.06,0
141,Osmia juxta,Agastache urticifolia,0.0,0.16,0
142,Osmia raritatis,Agastache urticifolia,0.0,0.11,0
143,Osmia sp. 2,Agastache urticifolia,0.0,0.06,0
144,Panurginus torchio,Agastache urticifolia,0.0,0.08,0
145,Perdita wyomingensis,Agastache urticifolia,0.0,0.06,0
146,Sphecodes sp.,Agastache urticifolia,0.0,0.03,0
147,Svastra obliqua,Agastache urticifolia,0.0,0.06,0
148,Triepeolus paenepectoralis,Agastache urticifolia,0.0,0.1,0
149,Xeromelecta californica,Agastache urticifolia,0.0,0.03,0
150,Agapostemon femoratus,Agoseris heterophylla,0.0,0.04,0
151,Agapostemon texanus,Agoseris heterophylla,0.0,0.05,0
152,Andrena astragali,Agoseris heterophylla,0.0,0.04,0
153,Andrena barbilabris,Agoseris heterophylla,0.0,0.03,0
154,Andrena cyanophila,Agoseris heterophylla,0.0,0.04,0
155,Andrena melanochroa,Agoseris heterophylla,0.0,0.04,0
156,Andrena nigrocaerulea,Agoseris heterophylla,0.0,0.03,0
157,Andrena nivalis,Agoseris heterophylla,0.0,0.02,0
158,Andrena pallidifovea,Agoseris heterophylla,0.0,0.04,0
159,Andrena prunorum,Agoseris heterophylla,0.0,0.05,0
160,Andrena sp. 1,Agoseris heterophylla,0.0,0.02,0
161,Andrena sp. A,Agoseris heterophylla,0.0,0.03,0
162,Andrena transnigra,Agoseris heterophylla,0.0,0.03,0
163,Andrena vicinoides,Agoseris heterophylla,0.0,0.02,0
164,Anthophora bomboides,Agoseris heterophylla,0.0,0.02,0
165,Anthophora curta,Agoseris heterophylla,0.0,0.03,0
166,Anthophora pacifica,Agoseris heterophylla,0.0,0.02,0
167,Anthophora urbana,Agoseris heterophylla,0.0,0.04,0
168,Bombus appositus,Agoseris heterophylla,0.0,0.05,0
169,Bombus bifarius,Agoseris heterophylla,0.0,0.09,0
170,Bombus californicus,Agoseris heterophylla,0.0,0.07,0
171,Bombus centralis,Agoseris heterophylla,0.0,0.07,0
172,Bombus fernaldae,Agoseris heterophylla,0.0,0.03,0
173,Bombus fervidus,Agoseris heterophylla,0.0,0.02,0
174,Bombus flavifrons,Agoseris heterophylla,0.0,0.09,0
175,Bombus griseocollis,Agoseris heterophylla,0.0,0.04,0
176,Bombus huntii,Agoseris heterophylla,0.0,0.04,0
177,Bombus insularis,Agoseris heterophylla,0.0,0.04,0
178,Bombus mixtus,Agoseris heterophylla,0.0,0.05,0
179,Bombus nevadensis,Agoseris heterophylla,0.0,0.05,0
180,Bombus rufocinctus,Agoseris heterophylla,0.0,0.05,0
181,Bombus vosnesenskii,Agoseris heterophylla,0.0,0.04,0
182,Coelioxys rufitarsis,Agoseris heterophylla,0.0,0.04,0
183,Colletes phaceliae,Agoseris heterophylla,0.0,0.04,0
184,Diadasia nigrifrons,Agoseris heterophylla,0.0,0.04,0
185,Halictus farinosus,Agoseris heterophylla,0.0,0.06,0
186,Halictus ligatus,Agoseris heterophylla,0.0,0.04,0
187,Halictus rubicundus,Agoseris heterophylla,0.0,0.04,0
188,Halictus tripartitus,Agoseris heterophylla,0.0,0.04,0
189,Hylaeus verticalis,Agoseris heterophylla,0.0,0.04,0
190,Lasioglossum albipenne,Agoseris heterophylla,0.0,0.02,0
191,Lasioglossum cooleyi,Agoseris heterophylla,0.0,0.03,0
192,Lasioglossum incompletum,Agoseris heterophylla,0.0,0.06,0
193,Lasioglossum laevissimum,Agoseris heterophylla,0.0,0.03,0
194,Lasioglossum nevadense,Agoseris heterophylla,0.0,0.03,0
195,Lasioglossum olympiae,Agoseris heterophylla,0.0,0.06,0
196,Lasioglossum ovaliceps,Agoseris heterophylla,0.0,0.03,0
197,Lasioglossum sedi,Agoseris heterophylla,0.0,0.02,0
198,Lasioglossum sp.,Agoseris heterophylla,0.0,0.04,0
199,Lasioglossum sp. 2,Agoseris heterophylla,0.0,0.04,0
200,Lasioglossum titusi,Agoseris heterophylla,0.0,0.04,0
201,Megachile apicalis,Agoseris heterophylla,0.0,0.03,0
202,Megachile nevadensis,Agoseris heterophylla,0.0,0.02,0
203,Megachile onobrychidis,Agoseris heterophylla,1.0,0.84,1
204,Megachile perihirta,Agoseris heterophylla,0.0,0.04,0
205,Melissodes bimatris,Agoseris heterophylla,0.0,0.03,0
206,Melissodes lupinus,Agoseris heterophylla,0.0,0.03,0
207,Melissodes lutulentus,Agoseris heterophylla,0.0,0.03,0
208,Melissodes microstictus,Agoseris heterophylla,0.0,0.04,0
209,Melissodes pallidisignatus,Agoseris heterophylla,0.0,0.03,0
210,Melissodes rivalis,Agoseris heterophylla,0.0,0.03,0
211,Melissodes subagilis,Agoseris heterophylla,0.0,0.03,0
212,Osmia atrocyanea,Agoseris heterophylla,0.0,0.02,0
213,Osmia brevis,Agoseris heterophylla,0.0,0.02,0
214,Osmia bucephala,Agoseris heterophylla,0.0,0.03,0
215,Osmia integra,Agoseris heterophylla,0.0,0.03,0
216,Osmia juxta,Agoseris heterophylla,0.0,0.04,0
217,Osmia raritatis,Agoseris heterophylla,0.0,0.04,0
218,Osmia sp. 2,Agoseris heterophylla,0.0,0.03,0
219,Panurginus torchio,Agoseris heterophylla,0.0,0.03,0
220,Perdita wyomingensis,Agoseris heterophylla,0.0,0.03,0
221,Sphecodes sp.,Agoseris heterophylla,0.0,0.02,0
222,Svastra obliqua,Agoseris heterophylla,0.0,0.03,0
223,Triepeolus paenepectoralis,Agoseris heterophylla,0.0,0.03,0
224,Xeromelecta californica,Agoseris heterophylla,0.0,0.02,0
225,Agapostemon femoratus,Allium acuminatum,0.0,0.19,0
226,Agapostemon texanus,Allium acuminatum,0.0,0.15,0
227,Andrena astragali,Allium acuminatum,0.0,0.12,0
228,Andrena barbilabris,Allium acuminatum,0.0,0.06,0
229,Andrena cyanophila,Allium acuminatum,0.0,0.14,0
230,Andrena melanochroa,Allium acuminatum,0.0,0.12,0
231,Andrena nigrocaerulea,Allium acuminatum,0.0,0.09,0
232,Andrena nivalis,Allium acuminatum,0.0,0.03,0
233,Andrena pallidifovea,Allium acuminatum,0.0,0.12,0
234,Andrena prunorum,Allium acuminatum,0.0,0.26,0
235,Andrena sp. 1,Allium acuminatum,0.0,0.03,0
236,Andrena sp. A,Allium acuminatum,0.0,0.07,0
237,Andrena transnigra,Allium acuminatum,0.0,0.09,0
238,Andrena vicinoides,Allium acuminatum,0.0,0.03,0
239,Anthophora bomboides,Allium acuminatum,0.0,0.06,0
240,Anthophora curta,Allium acuminatum,0.0,0.08,0
241,Anthophora pacifica,Allium acuminatum,0.0,0.03,0
242,Anthophora urbana,Allium acuminatum,0.0,0.22,0
243,Bombus appositus,Allium acuminatum,0.0,0.24,0
244,Bombus bifarius,Allium acuminatum,1.0,0.48,0
245,Bombus californicus,Allium acuminatum,0.0,0.48,0
246,Bombus centralis,Allium acuminatum,0.0,0.33,0
247,Bombus fernaldae,Allium acuminatum,0.0,0.06,0
248,Bombus fervidus,Allium acuminatum,0.0,0.06,0
249,Bombus flavifrons,Allium acuminatum,1.0,0.48,0
250,Bombus griseocollis,Allium acuminatum,0.0,0.1,0
251,Bombus huntii,Allium acuminatum,0.0,0.22,0
252,Bombus insularis,Allium acuminatum,0.0,0.18,0
253,Bombus mixtus,Allium acuminatum,0.0,0.19,0
254,Bombus nevadensis,Allium acuminatum,0.0,0.23,0
255,Bombus rufocinctus,Allium acuminatum,0.0,0.2,0
256,Bombus vosnesenskii,Allium acuminatum,0.0,0.19,0
257,Coelioxys rufitarsis,Allium acuminatum,0.0,0.19,0
258,Colletes phaceliae,Allium acuminatum,0.0,0.15,0
259,Diadasia nigrifrons,Allium acuminatum,0.0,0.11,0
260,Halictus farinosus,Allium acuminatum,0.0,0.27,0
261,Halictus ligatus,Allium acuminatum,0.0,0.24,0
262,Halictus rubicundus,Allium acuminatum,0.0,0.2,0
263,Halictus tripartitus,Allium acuminatum,0.0,0.15,0
264,Hylaeus verticalis,Allium acuminatum,0.0,0.12,0
265,Lasioglossum albipenne,Allium acuminatum,0.0,0.03,0
266,Lasioglossum cooleyi,Allium acuminatum,0.0,0.06,0
267,Lasioglossum incompletum,Allium acuminatum,0.0,0.23,0
268,Lasioglossum laevissimum,Allium acuminatum,0.0,0.1,0
269,Lasioglossum nevadense,Allium acuminatum,0.0,0.07,0
270,Lasioglossum olympiae,Allium acuminatum,0.0,0.3,0
271,Lasioglossum ovaliceps,Allium acuminatum,0.0,0.05,0
272,Lasioglossum sedi,Allium acuminatum,0.0,0.03,0
273,Lasioglossum sp.,Allium acuminatum,0.0,0.2,0
274,Lasioglossum sp. 2,Allium acuminatum,0.0,0.2,0
275,Lasioglossum titusi,Allium acuminatum,0.0,0.1,0
276,Megachile apicalis,Allium acuminatum,0.0,0.05,0
277,Megachile nevadensis,Allium acuminatum,0.0,0.03,0
278,Megachile onobrychidis,Allium acuminatum,0.0,0.22,0
279,Megachile perihirta,Allium acuminatum,0.0,0.22,0
280,Melissodes bimatris,Allium acuminatum,0.0,0.08,0
281,Melissodes lupinus,Allium acuminatum,0.0,0.06,0
282,Melissodes lutulentus,Allium acuminatum,0.0,0.05,0
283,Melissodes microstictus,Allium acuminatum,0.0,0.12,0
284,Melissodes pallidisignatus,Allium acuminatum,0.0,0.08,0
285,Melissodes rivalis,Allium acuminatum,0.0,0.05,0
286,Melissodes subagilis,Allium acuminatum,0.0,0.05,0
287,Osmia atrocyanea,Allium acuminatum,0.0,0.06,0
288,Osmia brevis,Allium acuminatum,0.0,0.03,0
289,Osmia bucephala,Allium acuminatum,0.0,0.06,0
290,Osmia integra,Allium acuminatum,0.0,0.06,0
291,Osmia juxta,Allium acuminatum,0.0,0.13,0
292,Osmia raritatis,Allium acuminatum,0.0,0.1,0
293,Osmia sp. 2,Allium acuminatum,0.0,0.06,0
294,Panurginus torchio,Allium acuminatum,0.0,0.08,0
295,Perdita wyomingensis,Allium acuminatum,0.0,0.06,0
296,Sphecodes sp.,Allium acuminatum,0.0,0.03,0
297,Svastra obliqua,Allium acuminatum,0.0,0.05,0
298,Triepeolus paenepectoralis,Allium acuminatum,0.0,0.08,0
299,Xeromelecta californica,Allium acuminatum,0.0,0.03,0
300,Agapostemon femoratus,Allium validum,0.0,0.32,0
301,Agapostemon texanus,Allium validum,0.0,0.23,0
302,Andrena astragali,Allium validum,0.0,0.14,0
303,Andrena barbilabris,Allium validum,0.0,0.13,0
304,Andrena cyanophila,Allium validum,0.0,0.21,0
305,Andrena melanochroa,Allium validum,0.0,0.19,0
306,Andrena nigrocaerulea,Allium validum,0.0,0.13,0
307,Andrena nivalis,Allium validum,0.0,0.04,0
308,Andrena pallidifovea,Allium validum,0.0,0.17,0
309,Andrena prunorum,Allium validum,0.0,0.36,0
310,Andrena sp. 1,Allium validum,0.0,0.04,0
311,Andrena sp. A,Allium validum,0.0,0.13,0
312,Andrena transnigra,Allium validum,0.0,0.14,0
313,Andrena vicinoides,Allium validum,0.0,0.04,0
314,Anthophora bomboides,Allium validum,0.0,0.11,0
315,Anthophora curta,Allium validum,0.0,0.14,0
316,Anthophora pacifica,Allium validum,0.0,0.04,0
317,Anthophora urbana,Allium validum,0.0,0.29,0
318,Bombus appositus,Allium validum,0.0,0.35,0
319,Bombus bifarius,Allium validum,1.0,0.55,1
320,Bombus californicus,Allium validum,0.0,0.57,1
321,Bombus centralis,Allium validum,0.0,0.46,0
322,Bombus fernaldae,Allium validum,1.0,0.19,0
323,Bombus fervidus,Allium validum,0.0,0.12,0
324,Bombus flavifrons,Allium validum,1.0,0.55,1
325,Bombus griseocollis,Allium validum,0.0,0.18,0
326,Bombus huntii,Allium validum,0.0,0.29,0
327,Bombus insularis,Allium validum,1.0,0.25,0
328,Bombus mixtus,Allium validum,0.0,0.28,0
329,Bombus nevadensis,Allium validum,0.0,0.31,0
330,Bombus rufocinctus,Allium validum,0.0,0.28,0
331,Bombus vosnesenskii,Allium validum,0.0,0.3,0
332,Coelioxys rufitarsis,Allium validum,0.0,0.26,0
333,Colletes phaceliae,Allium validum,0.0,0.21,0
334,Diadasia nigrifrons,Allium validum,0.0,0.15,0
335,Halictus farinosus,Allium validum,0.0,0.36,0
336,Halictus ligatus,Allium validum,0.0,0.35,0
337,Halictus rubicundus,Allium validum,0.0,0.27,0
338,Halictus tripartitus,Allium validum,0.0,0.22,0
339,Hylaeus verticalis,Allium validum,0.0,0.16,0
340,Lasioglossum albipenne,Allium validum,0.0,0.04,0
341,Lasioglossum cooleyi,Allium validum,0.0,0.1,0
342,Lasioglossum incompletum,Allium validum,0.0,0.33,0
343,Lasioglossum laevissimum,Allium validum,0.0,0.18,0
344,Lasioglossum nevadense,Allium validum,0.0,0.12,0
345,Lasioglossum olympiae,Allium validum,0.0,0.36,0
346,Lasioglossum ovaliceps,Allium validum,0.0,0.1,0
347,Lasioglossum sedi,Allium validum,0.0,0.04,0
348,Lasioglossum sp.,Allium validum,0.0,0.27,0
349,Lasioglossum sp. 2,Allium validum,0.0,0.26,0
350,Lasioglossum titusi,Allium validum,0.0,0.14,0
351,Megachile apicalis,Allium validum,0.0,0.09,0
352,Megachile nevadensis,Allium validum,0.0,0.04,0
353,Megachile onobrychidis,Allium validum,0.0,0.32,0
354,Megachile perihirta,Allium validum,0.0,0.3,0
355,Melissodes bimatris,Allium validum,0.0,0.14,0
356,Melissodes lupinus,Allium validum,0.0,0.12,0
357,Melissodes lutulentus,Allium validum,0.0,0.09,0
358,Melissodes microstictus,Allium validum,0.0,0.14,0
359,Melissodes pallidisignatus,Allium validum,0.0,0.14,0
360,Melissodes rivalis,Allium validum,0.0,0.09,0
361,Melissodes subagilis,Allium validum,0.0,0.11,0
362,Osmia atrocyanea,Allium validum,0.0,0.11,0
363,Osmia brevis,Allium validum,0.0,0.04,0
364,Osmia bucephala,Allium validum,0.0,0.11,0
365,Osmia integra,Allium validum,0.0,0.1,0
366,Osmia juxta,Allium validum,0.0,0.22,0
367,Osmia raritatis,Allium validum,0.0,0.18,0
368,Osmia sp. 2,Allium validum,0.0,0.11,0
369,Panurginus torchio,Allium validum,0.0,0.14,0
370,Perdita wyomingensis,Allium validum,0.0,0.1,0
371,Sphecodes sp.,Allium validum,0.0,0.04,0
372,Svastra obliqua,Allium validum,0.0,0.09,0
373,Triepeolus paenepectoralis,Allium validum,0.0,0.15,0
374,Xeromelecta californica,Allium validum,0.0,0.05,0
375,Agapostemon femoratus,Angelica arguta,0.0,0.05,0
376,Agapostemon texanus,Angelica arguta,0.0,0.05,0
377,Andrena astragali,Angelica arguta,0.0,0.05,0
378,Andrena barbilabris,Angelica arguta,0.0,0.03,0
379,Andrena cyanophila,Angelica arguta,0.0,0.04,0
380,Andrena melanochroa,Angelica arguta,0.0,0.04,0
381,Andrena nigrocaerulea,Angelica arguta,0.0,0.03,0
382,Andrena nivalis,Angelica arguta,0.0,0.02,0
383,Andrena pallidifovea,Angelica arguta,0.0,0.04,0
384,Andrena prunorum,Angelica arguta,0.0,0.06,0
385,Andrena sp. 1,Angelica arguta,0.0,0.02,0
386,Andrena sp. A,Angelica arguta,0.0,0.03,0
387,Andrena transnigra,Angelica arguta,0.0,0.03,0
388,Andrena vicinoides,Angelica arguta,0.0,0.02,0
389,Anthophora bomboides,Angelica arguta,0.0,0.02,0
390,Anthophora curta,Angelica arguta,0.0,0.03,0
391,Anthophora pacifica,Angelica arguta,0.0,0.02,0
392,Anthophora urbana,Angelica arguta,0.0,0.06,0
393,Bombus appositus,Angelica arguta,0.0,0.04,0
394,Bombus bifarius,Angelica arguta,0.0,0.07,0
395,Bombus californicus,Angelica arguta,0.0,0.07,0
396,Bombus centralis,Angelica arguta,0.0,0.07,0
397,Bombus fernaldae,Angelica arguta,0.0,0.03,0
398,Bombus fervidus,Angelica arguta,0.0,0.02,0
399,Bombus flavifrons,Angelica arguta,0.0,0.07,0
400,Bombus griseocollis,Angelica arguta,0.0,0.04,0
401,Bombus huntii,Angelica arguta,0.0,0.05,0
402,Bombus insularis,Angelica arguta,1.0,0.64,1
403,Bombus mixtus,Angelica arguta,0.0,0.05,0
404,Bombus nevadensis,Angelica arguta,0.0,0.05,0
405,Bombus rufocinctus,Angelica arguta,0.0,0.05,0
406,Bombus vosnesenskii,Angelica arguta,0.0,0.04,0
407,Coelioxys rufitarsis,Angelica arguta,0.0,0.05,0
408,Colletes phaceliae,Angelica arguta,0.0,0.04,0
409,Diadasia nigrifrons,Angelica arguta,0.0,0.05,0
410,Halictus farinosus,Angelica arguta,0.0,0.05,0
411,Halictus ligatus,Angelica arguta,0.0,0.04,0
412,Halictus rubicundus,Angelica arguta,0.0,0.05,0
413,Halictus tripartitus,Angelica arguta,0.0,0.04,0
414,Hylaeus verticalis,Angelica arguta,0.0,0.04,0
415,Lasioglossum albipenne,Angelica arguta,0.0,0.02,0
416,Lasioglossum cooleyi,Angelica arguta,0.0,0.02,0
417,Lasioglossum incompletum,Angelica arguta,0.0,0.05,0
418,Lasioglossum laevissimum,Angelica arguta,0.0,0.03,0
419,Lasioglossum nevadense,Angelica arguta,0.0,0.03,0
420,Lasioglossum olympiae,Angelica arguta,0.0,0.05,0
421,Lasioglossum ovaliceps,Angelica arguta,0.0,0.03,0
422,Lasioglossum sedi,Angelica arguta,0.0,0.02,0
423,Lasioglossum sp.,Angelica arguta,0.0,0.06,0
424,Lasioglossum sp. 2,Angelica arguta,0.0,0.05,0
425,Lasioglossum titusi,Angelica arguta,0.0,0.04,0
426,Megachile apicalis,Angelica arguta,0.0,0.03,0
427,Megachile nevadensis,Angelica arguta,0.0,0.02,0
428,Megachile onobrychidis,Angelica arguta,0.0,0.06,0
429,Megachile perihirta,Angelica arguta,0.0,0.06,0
430,Melissodes bimatris,Angelica arguta,0.0,0.03,0
431,Melissodes lupinus,Angelica arguta,0.0,0.03,0
432,Melissodes lutulentus,Angelica arguta,0.0,0.03,0
433,Melissodes microstictus,Angelica arguta,0.0,0.05,0
434,Melissodes pallidisignatus,Angelica arguta,0.0,0.03,0
435,Melissodes rivalis,Angelica arguta,0.0,0.03,0
436,Melissodes subagilis,Angelica arguta,0.0,0.02,0
437,Osmia atrocyanea,Angelica arguta,0.0,0.02,0
438,Osmia brevis,Angelica arguta,0.0,0.02,0
439,Osmia bucephala,Angelica arguta,0.0,0.02,0
440,Osmia integra,Angelica arguta,0.0,0.02,0
441,Osmia juxta,Angelica arguta,0.0,0.04,0
442,Osmia raritatis,Angelica arguta,0.0,0.04,0
443,Osmia sp. 2,Angelica arguta,0.0,0.02,0
444,Panurginus torchio,Angelica arguta,0.0,0.03,0
445,Perdita wyomingensis,Angelica arguta,0.0,0.02,0
446,Sphecodes sp.,Angelica arguta,0.0,0.02,0
447,Svastra obliqua,Angelica arguta,0.0,0.03,0
448,Triepeolus paenepectoralis,Angelica arguta,0.0,0.03,0
449,Xeromelecta californica,Angelica arguta,0.0,0.02,0
450,Agapostemon femoratus,Anthemis cotula,0.0,0.42,0
451,Agapostemon texanus,Anthemis cotula,0.0,0.33,0
452,Andrena astragali,Anthemis cotula,0.0,0.21,0
453,Andrena barbilabris,Anthemis cotula,0.0,0.24,0
454,Andrena cyanophila,Anthemis cotula,0.0,0.31,0
455,Andrena melanochroa,Anthemis cotula,0.0,0.3,0
456,Andrena nigrocaerulea,Anthemis cotula,0.0,0.22,0
457,Andrena nivalis,Anthemis cotula,0.0,0.06,0
458,Andrena pallidifovea,Anthemis cotula,0.0,0.24,0
459,Andrena prunorum,Anthemis cotula,0.0,0.46,0
460,Andrena sp. 1,Anthemis cotula,0.0,0.06,0
461,Andrena sp. A,Anthemis cotula,0.0,0.24,0
462,Andrena transnigra,Anthemis cotula,0.0,0.25,0
463,Andrena vicinoides,Anthemis cotula,0.0,0.06,0
464,Anthophora bomboides,Anthemis cotula,0.0,0.2,0
465,Anthophora curta,Anthemis cotula,0.0,0.24,0
466,Anthophora pacifica,Anthemis cotula,0.0,0.06,0
467,Anthophora urbana,Anthemis cotula,0.0,0.4,0
468,Bombus appositus,Anthemis cotula,0.0,0.51,1
469,Bombus bifarius,Anthemis cotula,1.0,0.67,1
470,Bombus californicus,Anthemis cotula,1.0,0.67,1
471,Bombus centralis,Anthemis cotula,1.0,0.54,1
472,Bombus fernaldae,Anthemis cotula,0.0,0.2,0
473,Bombus fervidus,Anthemis cotula,0.0,0.21,0
474,Bombus flavifrons,Anthemis cotula,1.0,0.67,1
475,Bombus griseocollis,Anthemis cotula,0.0,0.31,0
476,Bombus huntii,Anthemis cotula,0.0,0.4,0
477,Bombus insularis,Anthemis cotula,1.0,0.37,0
478,Bombus mixtus,Anthemis cotula,0.0,0.44,0
479,Bombus nevadensis,Anthemis cotula,0.0,0.41,0
480,Bombus rufocinctus,Anthemis cotula,0.0,0.38,0
481,Bombus vosnesenskii,Anthemis cotula,0.0,0.47,0
482,Coelioxys rufitarsis,Anthemis cotula,0.0,0.37,0
483,Colletes phaceliae,Anthemis cotula,0.0,0.31,0
484,Diadasia nigrifrons,Anthemis cotula,0.0,0.21,0
485,Halictus farinosus,Anthemis cotula,1.0,0.45,0
486,Halictus ligatus,Anthemis cotula,1.0,0.45,0
487,Halictus rubicundus,Anthemis cotula,0.0,0.39,0
488,Halictus tripartitus,Anthemis cotula,0.0,0.31,0
489,Hylaeus verticalis,Anthemis cotula,0.0,0.22,0
490,Lasioglossum albipenne,Anthemis cotula,0.0,0.05,0
491,Lasioglossum cooleyi,Anthemis cotula,0.0,0.2,0
492,Lasioglossum incompletum,Anthemis cotula,0.0,0.47,0
493,Lasioglossum laevissimum,Anthemis cotula,1.0,0.28,0
494,Lasioglossum nevadense,Anthemis cotula,0.0,0.25,0
495,Lasioglossum olympiae,Anthemis cotula,0.0,0.45,0
496,Lasioglossum ovaliceps,Anthemis cotula,0.0,0.19,0
497,Lasioglossum sedi,Anthemis cotula,0.0,0.06,0
498,Lasioglossum sp.,Anthemis cotula,0.0,0.39,0
499,Lasioglossum sp. 2,Anthemis cotula,0.0,0.39,0
500,Lasioglossum titusi,Anthemis cotula,0.0,0.22,0
501,Megachile apicalis,Anthemis cotula,0.0,0.16,0
502,Megachile nevadensis,Anthemis cotula,0.0,0.06,0
503,Megachile onobrychidis,Anthemis cotula,0.0,0.45,0
504,Megachile perihirta,Anthemis cotula,0.0,0.43,0
505,Melissodes bimatris,Anthemis cotula,0.0,0.24,0
506,Melissodes lupinus,Anthemis cotula,0.0,0.22,0
507,Melissodes lutulentus,Anthemis cotula,0.0,0.17,0
508,Melissodes microstictus,Anthemis cotula,0.0,0.21,0
509,Melissodes pallidisignatus,Anthemis cotula,0.0,0.24,0
510,Melissodes rivalis,Anthemis cotula,0.0,0.16,0
511,Melissodes subagilis,Anthemis cotula,0.0,0.19,0
512,Osmia atrocyanea,Anthemis cotula,0.0,0.2,0
513,Osmia brevis,Anthemis cotula,0.0,0.06,0
514,Osmia bucephala,Anthemis cotula,0.0,0.2,0
515,Osmia integra,Anthemis cotula,0.0,0.2,0
516,Osmia juxta,Anthemis cotula,0.0,0.36,0
517,Osmia raritatis,Anthemis cotula,1.0,0.27,0
518,Osmia sp. 2,Anthemis cotula,0.0,0.21,0
519,Panurginus torchio,Anthemis cotula,0.0,0.24,0
520,Perdita wyomingensis,Anthemis cotula,0.0,0.2,0
521,Sphecodes sp.,Anthemis cotula,0.0,0.06,0
522,Svastra obliqua,Anthemis cotula,0.0,0.16,0
523,Triepeolus paenepectoralis,Anthemis cotula,0.0,0.25,0
524,Xeromelecta californica,Anthemis cotula,0.0,0.06,0
525,Agapostemon femoratus,Apiaceae,0.0,0.44,0
526,Agapostemon texanus,Apiaceae,0.0,0.36,0
527,Andrena astragali,Apiaceae,0.0,0.23,0
528,Andrena barbilabris,Apiaceae,0.0,0.25,0
529,Andrena cyanophila,Apiaceae,0.0,0.35,0
530,Andrena melanochroa,Apiaceae,0.0,0.33,0
531,Andrena nigrocaerulea,Apiaceae,0.0,0.23,0
532,Andrena nivalis,Apiaceae,0.0,0.06,0
533,Andrena pallidifovea,Apiaceae,0.0,0.27,0
534,Andrena prunorum,Apiaceae,0.0,0.47,0
535,Andrena sp. 1,Apiaceae,0.0,0.05,0
536,Andrena sp. A,Apiaceae,0.0,0.25,0
537,Andrena transnigra,Apiaceae,0.0,0.26,0
538,Andrena vicinoides,Apiaceae,0.0,0.05,0
539,Anthophora bomboides,Apiaceae,0.0,0.21,0
540,Anthophora curta,Apiaceae,0.0,0.25,0
541,Anthophora pacifica,Apiaceae,0.0,0.05,0
542,Anthophora urbana,Apiaceae,0.0,0.43,0
543,Bombus appositus,Apiaceae,1.0,0.5,1
544,Bombus bifarius,Apiaceae,1.0,0.67,1
545,Bombus californicus,Apiaceae,1.0,0.67,1
546,Bombus centralis,Apiaceae,0.0,0.54,1
547,Bombus fernaldae,Apiaceae,0.0,0.19,0
548,Bombus fervidus,Apiaceae,0.0,0.22,0
549,Bombus flavifrons,Apiaceae,1.0,0.67,1
550,Bombus griseocollis,Apiaceae,0.0,0.33,0
551,Bombus huntii,Apiaceae,0.0,0.41,0
552,Bombus insularis,Apiaceae,0.0,0.41,0
553,Bombus mixtus,Apiaceae,0.0,0.44,0
554,Bombus nevadensis,Apiaceae,0.0,0.42,0
555,Bombus rufocinctus,Apiaceae,0.0,0.4,0
556,Bombus vosnesenskii,Apiaceae,1.0,0.46,0
557,Coelioxys rufitarsis,Apiaceae,1.0,0.39,0
558,Colletes phaceliae,Apiaceae,0.0,0.35,0
559,Diadasia nigrifrons,Apiaceae,0.0,0.25,0
560,Halictus farinosus,Apiaceae,1.0,0.46,0
561,Halictus ligatus,Apiaceae,1.0,0.47,0
562,Halictus rubicundus,Apiaceae,0.0,0.41,0
563,Halictus tripartitus,Apiaceae,0.0,0.36,0
564,Hylaeus verticalis,Apiaceae,0.0,0.25,0
565,Lasioglossum albipenne,Apiaceae,0.0,0.05,0
566,Lasioglossum cooleyi,Apiaceae,1.0,0.21,0
567,Lasioglossum incompletum,Apiaceae,0.0,0.48,0
568,Lasioglossum laevissimum,Apiaceae,0.0,0.31,0
569,Lasioglossum nevadense,Apiaceae,0.0,0.25,0
570,Lasioglossum olympiae,Apiaceae,0.0,0.46,0
571,Lasioglossum ovaliceps,Apiaceae,0.0,0.2,0
572,Lasioglossum sedi,Apiaceae,0.0,0.05,0
573,Lasioglossum sp.,Apiaceae,0.0,0.41,0
574,Lasioglossum sp. 2,Apiaceae,0.0,0.4,0
575,Lasioglossum titusi,Apiaceae,0.0,0.24,0
576,Megachile apicalis,Apiaceae,0.0,0.18,0
577,Megachile nevadensis,Apiaceae,0.0,0.05,0
578,Megachile onobrychidis,Apiaceae,0.0,0.46,0
579,Megachile perihirta,Apiaceae,1.0,0.43,0
580,Melissodes bimatris,Apiaceae,0.0,0.25,0
581,Melissodes lupinus,Apiaceae,0.0,0.23,0
582,Melissodes lutulentus,Apiaceae,0.0,0.21,0
583,Melissodes microstictus,Apiaceae,0.0,0.23,0
584,Melissodes pallidisignatus,Apiaceae,0.0,0.25,0
585,Melissodes rivalis,Apiaceae,0.0,0.16,0
586,Melissodes subagilis,Apiaceae,0.0,0.2,0
587,Osmia atrocyanea,Apiaceae,0.0,0.21,0
588,Osmia brevis,Apiaceae,0.0,0.05,0
589,Osmia bucephala,Apiaceae,0.0,0.21,0
590,Osmia integra,Apiaceae,0.0,0.21,0
591,Osmia juxta,Apiaceae,0.0,0.39,0
592,Osmia raritatis,Apiaceae,0.0,0.29,0
593,Osmia sp. 2,Apiaceae,0.0,0.21,0
594,Panurginus torchio,Apiaceae,0.0,0.25,0
595,Perdita wyomingensis,Apiaceae,0.0,0.21,0
596,Sphecodes sp.,Apiaceae,0.0,0.06,0
597,Svastra obliqua,Apiaceae,0.0,0.18,0
598,Triepeolus paenepectoralis,Apiaceae,0.0,0.26,0
599,Xeromelecta californica,Apiaceae,0.0,0.06,0
600,Agapostemon femoratus,Arceuthobium campylopodum,0.0,0.04,0
601,Agapostemon texanus,Arceuthobium campylopodum,0.0,0.05,0
602,Andrena astragali,Arceuthobium campylopodum,0.0,0.04,0
603,Andrena barbilabris,Arceuthobium campylopodum,0.0,0.03,0
604,Andrena cyanophila,Arceuthobium campylopodum,0.0,0.04,0
605,Andrena melanochroa,Arceuthobium campylopodum,0.0,0.04,0
606,Andrena nigrocaerulea,Arceuthobium campylopodum,0.0,0.03,0
607,Andrena nivalis,Arceuthobium campylopodum,0.0,0.02,0
608,Andrena pallidifovea,Arceuthobium campylopodum,0.0,0.04,0
609,Andrena prunorum,Arceuthobium campylopodum,0.0,0.05,0
610,Andrena sp. 1,Arceuthobium campylopodum,0.0,0.02,0
611,Andrena sp. A,Arceuthobium campylopodum,0.0,0.03,0
612,Andrena transnigra,Arceuthobium campylopodum,0.0,0.03,0
613,Andrena vicinoides,Arceuthobium campylopodum,0.0,0.02,0
614,Anthophora bomboides,Arceuthobium campylopodum,0.0,0.03,0
615,Anthophora curta,Arceuthobium campylopodum,0.0,0.04,0
616,Anthophora pacifica,Arceuthobium campylopodum,0.0,0.02,0
617,Anthophora urbana,Arceuthobium campylopodum,0.0,0.04,0
618,Bombus appositus,Arceuthobium campylopodum,0.0,0.04,0
619,Bombus bifarius,Arceuthobium campylopodum,0.0,0.07,0
620,Bombus californicus,Arceuthobium campylopodum,0.0,0.07,0
621,Bombus centralis,Arceuthobium campylopodum,0.0,0.06,0
622,Bombus fernaldae,Arceuthobium campylopodum,0.0,0.03,0
623,Bombus fervidus,Arceuthobium campylopodum,0.0,0.03,0
624,Bombus flavifrons,Arceuthobium campylopodum,0.0,0.07,0
625,Bombus griseocollis,Arceuthobium campylopodum,0.0,0.04,0
626,Bombus huntii,Arceuthobium campylopodum,0.0,0.05,0
627,Bombus insularis,Arceuthobium campylopodum,0.0,0.04,0
628,Bombus mixtus,Arceuthobium campylopodum,0.0,0.05,0
629,Bombus nevadensis,Arceuthobium campylopodum,0.0,0.04,0
630,Bombus rufocinctus,Arceuthobium campylopodum,0.0,0.05,0
631,Bombus vosnesenskii,Arceuthobium campylopodum,0.0,0.04,0
632,Coelioxys rufitarsis,Arceuthobium campylopodum,0.0,0.04,0
633,Colletes phaceliae,Arceuthobium campylopodum,0.0,0.04,0
634,Diadasia nigrifrons,Arceuthobium campylopodum,0.0,0.04,0
635,Halictus farinosus,Arceuthobium campylopodum,1.0,0.85,1
636,Halictus ligatus,Arceuthobium campylopodum,0.0,0.04,0
637,Halictus rubicundus,Arceuthobium campylopodum,0.0,0.04,0
638,Halictus tripartitus,Arceuthobium campylopodum,0.0,0.04,0
639,Hylaeus verticalis,Arceuthobium campylopodum,0.0,0.04,0
640,Lasioglossum albipenne,Arceuthobium campylopodum,0.0,0.02,0
641,Lasioglossum cooleyi,Arceuthobium campylopodum,0.0,0.03,0
642,Lasioglossum incompletum,Arceuthobium campylopodum,0.0,0.04,0
643,Lasioglossum laevissimum,Arceuthobium campylopodum,0.0,0.03,0
644,Lasioglossum nevadense,Arceuthobium campylopodum,0.0,0.03,0
645,Lasioglossum olympiae,Arceuthobium campylopodum,0.0,0.06,0
646,Lasioglossum ovaliceps,Arceuthobium campylopodum,0.0,0.03,0
647,Lasioglossum sedi,Arceuthobium campylopodum,0.0,0.02,0
648,Lasioglossum sp.,Arceuthobium campylopodum,0.0,0.04,0
649,Lasioglossum sp. 2,Arceuthobium campylopodum,0.0,0.04,0
650,Lasioglossum titusi,Arceuthobium campylopodum,0.0,0.04,0
651,Megachile apicalis,Arceuthobium campylopodum,0.0,0.03,0
652,Megachile nevadensis,Arceuthobium campylopodum,0.0,0.02,0
653,Megachile onobrychidis,Arceuthobium campylopodum,0.0,0.07,0
654,Megachile perihirta,Arceuthobium campylopodum,0.0,0.04,0
655,Melissodes bimatris,Arceuthobium campylopodum,0.0,0.04,0
656,Melissodes lupinus,Arceuthobium campylopodum,0.0,0.03,0
657,Melissodes lutulentus,Arceuthobium campylopodum,0.0,0.03,0
658,Melissodes microstictus,Arceuthobium campylopodum,0.0,0.04,0
659,Melissodes pallidisignatus,Arceuthobium campylopodum,0.0,0.04,0
660,Melissodes rivalis,Arceuthobium campylopodum,0.0,0.03,0
661,Melissodes subagilis,Arceuthobium campylopodum,0.0,0.03,0
662,Osmia atrocyanea,Arceuthobium campylopodum,0.0,0.03,0
663,Osmia brevis,Arceuthobium campylopodum,0.0,0.02,0
664,Osmia bucephala,Arceuthobium campylopodum,0.0,0.03,0
665,Osmia integra,Arceuthobium campylopodum,0.0,0.03,0
666,Osmia juxta,Arceuthobium campylopodum,0.0,0.04,0
667,Osmia raritatis,Arceuthobium campylopodum,0.0,0.04,0
668,Osmia sp. 2,Arceuthobium campylopodum,0.0,0.03,0
669,Panurginus torchio,Arceuthobium campylopodum,0.0,0.03,0
670,Perdita wyomingensis,Arceuthobium campylopodum,0.0,0.03,0
671,Sphecodes sp.,Arceuthobium campylopodum,0.0,0.02,0
672,Svastra obliqua,Arceuthobium campylopodum,0.0,0.03,0
673,Triepeolus paenepectoralis,Arceuthobium campylopodum,0.0,0.03,0
674,Xeromelecta californica,Arceuthobium campylopodum,0.0,0.02,0
675,Agapostemon femoratus,Arnica sororia,0.0,0.35,0
676,Agapostemon texanus,Arnica sororia,0.0,0.28,0
677,Andrena astragali,Arnica sororia,0.0,0.23,0
678,Andrena barbilabris,Arnica sororia,0.0,0.17,0
679,Andrena cyanophila,Arnica sororia,0.0,0.28,0
680,Andrena melanochroa,Arnica sororia,0.0,0.25,0
681,Andrena nigrocaerulea,Arnica sororia,0.0,0.2,0
682,Andrena nivalis,Arnica sororia,0.0,0.06,0
683,Andrena pallidifovea,Arnica sororia,1.0,0.26,0
684,Andrena prunorum,Arnica sororia,0.0,0.4,0
685,Andrena sp. 1,Arnica sororia,0.0,0.07,0
686,Andrena sp. A,Arnica sororia,0.0,0.16,0
687,Andrena transnigra,Arnica sororia,0.0,0.2,0
688,Andrena vicinoides,Arnica sororia,0.0,0.06,0
689,Anthophora bomboides,Arnica sororia,0.0,0.16,0
690,Anthophora curta,Arnica sororia,0.0,0.18,0
691,Anthophora pacifica,Arnica sororia,0.0,0.06,0
692,Anthophora urbana,Arnica sororia,0.0,0.31,0
693,Bombus appositus,Arnica sororia,0.0,0.37,0
694,Bombus bifarius,Arnica sororia,0.0,0.54,1
695,Bombus californicus,Arnica sororia,1.0,0.53,1
696,Bombus centralis,Arnica sororia,0.0,0.43,0
697,Bombus fernaldae,Arnica sororia,0.0,0.14,0
698,Bombus fervidus,Arnica sororia,0.0,0.16,0
699,Bombus flavifrons,Arnica sororia,0.0,0.54,1
700,Bombus griseocollis,Arnica sororia,0.0,0.24,0
701,Bombus huntii,Arnica sororia,0.0,0.31,0
702,Bombus insularis,Arnica sororia,0.0,0.29,0
703,Bombus mixtus,Arnica sororia,0.0,0.29,0
704,Bombus nevadensis,Arnica sororia,0.0,0.32,0
705,Bombus rufocinctus,Arnica sororia,0.0,0.29,0
706,Bombus vosnesenskii,Arnica sororia,0.0,0.32,0
707,Coelioxys rufitarsis,Arnica sororia,0.0,0.28,0
708,Colletes phaceliae,Arnica sororia,0.0,0.27,0
709,Diadasia nigrifrons,Arnica sororia,0.0,0.22,0
710,Halictus farinosus,Arnica sororia,0.0,0.37,0
711,Halictus ligatus,Arnica sororia,0.0,0.38,0
712,Halictus rubicundus,Arnica sororia,1.0,0.3,0
713,Halictus tripartitus,Arnica sororia,0.0,0.27,0
714,Hylaeus verticalis,Arnica sororia,0.0,0.22,0
715,Lasioglossum albipenne,Arnica sororia,0.0,0.06,0
716,Lasioglossum cooleyi,Arnica sororia,0.0,0.15,0
717,Lasioglossum incompletum,Arnica sororia,0.0,0.36,0
718,Lasioglossum laevissimum,Arnica sororia,0.0,0.24,0
719,Lasioglossum nevadense,Arnica sororia,0.0,0.19,0
720,Lasioglossum olympiae,Arnica sororia,0.0,0.38,0
721,Lasioglossum ovaliceps,Arnica sororia,0.0,0.15,0
722,Lasioglossum sedi,Arnica sororia,0.0,0.07,0
723,Lasioglossum sp.,Arnica sororia,0.0,0.3,0
724,Lasioglossum sp. 2,Arnica sororia,0.0,0.3,0
725,Lasioglossum titusi,Arnica sororia,1.0,0.22,0
726,Megachile apicalis,Arnica sororia,0.0,0.11,0
727,Megachile nevadensis,Arnica sororia,0.0,0.07,0
728,Megachile onobrychidis,Arnica sororia,0.0,0.35,0
729,Megachile perihirta,Arnica sororia,0.0,0.32,0
730,Melissodes bimatris,Arnica sororia,0.0,0.18,0
731,Melissodes lupinus,Arnica sororia,0.0,0.18,0
732,Melissodes lutulentus,Arnica sororia,0.0,0.13,0
733,Melissodes microstictus,Arnica sororia,0.0,0.21,0
734,Melissodes pallidisignatus,Arnica sororia,0.0,0.18,0
735,Melissodes rivalis,Arnica sororia,0.0,0.14,0
736,Melissodes subagilis,Arnica sororia,0.0,0.14,0
737,Osmia atrocyanea,Arnica sororia,0.0,0.16,0
738,Osmia brevis,Arnica sororia,0.0,0.06,0
739,Osmia bucephala,Arnica sororia,0.0,0.15,0
740,Osmia integra,Arnica sororia,0.0,0.15,0
741,Osmia juxta,Arnica sororia,0.0,0.26,0
742,Osmia raritatis,Arnica sororia,0.0,0.21,0
743,Osmia sp. 2,Arnica sororia,0.0,0.15,0
744,Panurginus torchio,Arnica sororia,0.0,0.21,0
745,Perdita wyomingensis,Arnica sororia,0.0,0.15,0
746,Sphecodes sp.,Arnica sororia,0.0,0.07,0
747,Svastra obliqua,Arnica sororia,0.0,0.11,0
748,Triepeolus paenepectoralis,Arnica sororia,0.0,0.2,0
749,Xeromelecta californica,Arnica sororia,0.0,0.07,0
750,Agapostemon femoratus,Artemisia sp.,0.0,0.05,0
751,Agapostemon texanus,Artemisia sp.,0.0,0.06,0
752,Andrena astragali,Artemisia sp.,0.0,0.05,0
753,Andrena barbilabris,Artemisia sp.,0.0,0.03,0
754,Andrena cyanophila,Artemisia sp.,0.0,0.05,0
755,Andrena melanochroa,Artemisia sp.,0.0,0.04,0
756,Andrena nigrocaerulea,Artemisia sp.,0.0,0.03,0
757,Andrena nivalis,Artemisia sp.,0.0,0.02,0
758,Andrena pallidifovea,Artemisia sp.,1.0,0.64,1
759,Andrena prunorum,Artemisia sp.,0.0,0.06,0
760,Andrena sp. 1,Artemisia sp.,0.0,0.02,0
761,Andrena sp. A,Artemisia sp.,0.0,0.03,0
762,Andrena transnigra,Artemisia sp.,0.0,0.03,0
763,Andrena vicinoides,Artemisia sp.,0.0,0.02,0
764,Anthophora bomboides,Artemisia sp.,0.0,0.02,0
765,Anthophora curta,Artemisia sp.,0.0,0.04,0
766,Anthophora pacifica,Artemisia sp.,0.0,0.02,0
767,Anthophora urbana,Artemisia sp.,0.0,0.07,0
768,Bombus appositus,Artemisia sp.,0.0,0.05,0
769,Bombus bifarius,Artemisia sp.,0.0,0.08,0
770,Bombus californicus,Artemisia sp.,0.0,0.07,0
771,Bombus centralis,Artemisia sp.,0.0,0.06,0
772,Bombus fernaldae,Artemisia sp.,0.0,0.03,0
773,Bombus fervidus,Artemisia sp.,0.0,0.02,0
774,Bombus flavifrons,Artemisia sp.,0.0,0.07,0
775,Bombus griseocollis,Artemisia sp.,0.0,0.05,0
776,Bombus huntii,Artemisia sp.,0.0,0.06,0
777,Bombus insularis,Artemisia sp.,0.0,0.05,0
778,Bombus mixtus,Artemisia sp.,0.0,0.05,0
779,Bombus nevadensis,Artemisia sp.,0.0,0.06,0
780,Bombus rufocinctus,Artemisia sp.,0.0,0.06,0
781,Bombus vosnesenskii,Artemisia sp.,0.0,0.05,0
782,Coelioxys rufitarsis,Artemisia sp.,0.0,0.05,0
783,Colletes phaceliae,Artemisia sp.,0.0,0.05,0
784,Diadasia nigrifrons,Artemisia sp.,0.0,0.05,0
785,Halictus farinosus,Artemisia sp.,0.0,0.06,0
786,Halictus ligatus,Artemisia sp.,0.0,0.05,0
787,Halictus rubicundus,Artemisia sp.,0.0,0.05,0
788,Halictus tripartitus,Artemisia sp.,0.0,0.05,0
789,Hylaeus verticalis,Artemisia sp.,0.0,0.05,0
790,Lasioglossum albipenne,Artemisia sp.,0.0,0.02,0
791,Lasioglossum cooleyi,Artemisia sp.,0.0,0.03,0
792,Lasioglossum incompletum,Artemisia sp.,0.0,0.05,0
793,Lasioglossum laevissimum,Artemisia sp.,0.0,0.03,0
794,Lasioglossum nevadense,Artemisia sp.,0.0,0.03,0
795,Lasioglossum olympiae,Artemisia sp.,0.0,0.06,0
796,Lasioglossum ovaliceps,Artemisia sp.,0.0,0.03,0
797,Lasioglossum sedi,Artemisia sp.,0.0,0.02,0
798,Lasioglossum sp.,Artemisia sp.,0.0,0.06,0
799,Lasioglossum sp. 2,Artemisia sp.,0.0,0.05,0
800,Lasioglossum titusi,Artemisia sp.,0.0,0.04,0
801,Megachile apicalis,Artemisia sp.,0.0,0.03,0
802,Megachile nevadensis,Artemisia sp.,0.0,0.02,0
803,Megachile onobrychidis,Artemisia sp.,0.0,0.06,0
804,Megachile perihirta,Artemisia sp.,0.0,0.06,0
805,Melissodes bimatris,Artemisia sp.,0.0,0.04,0
806,Melissodes lupinus,Artemisia sp.,0.0,0.03,0
807,Melissodes lutulentus,Artemisia sp.,0.0,0.03,0
808,Melissodes microstictus,Artemisia sp.,0.0,0.05,0
809,Melissodes pallidisignatus,Artemisia sp.,0.0,0.04,0
810,Melissodes rivalis,Artemisia sp.,0.0,0.03,0
811,Melissodes subagilis,Artemisia sp.,0.0,0.02,0
812,Osmia atrocyanea,Artemisia sp.,0.0,0.02,0
813,Osmia brevis,Artemisia sp.,0.0,0.02,0
814,Osmia bucephala,Artemisia sp.,0.0,0.03,0
815,Osmia integra,Artemisia sp.,0.0,0.03,0
816,Osmia juxta,Artemisia sp.,0.0,0.04,0
817,Osmia raritatis,Artemisia sp.,0.0,0.04,0
818,Osmia sp. 2,Artemisia sp.,0.0,0.03,0
819,Panurginus torchio,Artemisia sp.,0.0,0.03,0
820,Perdita wyomingensis,Artemisia sp.,0.0,0.03,0
821,Sphecodes sp.,Artemisia sp.,0.0,0.02,0
822,Svastra obliqua,Artemisia sp.,0.0,0.03,0
823,Triepeolus paenepectoralis,Artemisia sp.,0.0,0.03,0
824,Xeromelecta californica,Artemisia sp.,0.0,0.02,0
825,Agapostemon femoratus,Asteraceae,0.0,0.39,0
826,Agapostemon texanus,Asteraceae,0.0,0.28,0
827,Andrena astragali,Asteraceae,0.0,0.19,0
828,Andrena barbilabris,Asteraceae,0.0,0.19,0
829,Andrena cyanophila,Asteraceae,0.0,0.28,0
830,Andrena melanochroa,Asteraceae,0.0,0.26,0
831,Andrena nigrocaerulea,Asteraceae,0.0,0.21,0
832,Andrena nivalis,Asteraceae,0.0,0.07,0
833,Andrena pallidifovea,Asteraceae,0.0,0.22,0
834,Andrena prunorum,Asteraceae,0.0,0.43,0
835,Andrena sp. 1,Asteraceae,0.0,0.06,0
836,Andrena sp. A,Asteraceae,0.0,0.19,0
837,Andrena transnigra,Asteraceae,0.0,0.22,0
838,Andrena vicinoides,Asteraceae,0.0,0.06,0
839,Anthophora bomboides,Asteraceae,0.0,0.19,0
840,Anthophora curta,Asteraceae,0.0,0.2,0
841,Anthophora pacifica,Asteraceae,0.0,0.06,0
842,Anthophora urbana,Asteraceae,0.0,0.36,0
843,Bombus appositus,Asteraceae,0.0,0.45,0
844,Bombus bifarius,Asteraceae,1.0,0.64,1
845,Bombus californicus,Asteraceae,0.0,0.65,1
846,Bombus centralis,Asteraceae,0.0,0.52,1
847,Bombus fernaldae,Asteraceae,1.0,0.19,0
848,Bombus fervidus,Asteraceae,0.0,0.19,0
849,Bombus flavifrons,Asteraceae,1.0,0.65,1
850,Bombus griseocollis,Asteraceae,0.0,0.31,0
851,Bombus huntii,Asteraceae,0.0,0.37,0
852,Bombus insularis,Asteraceae,1.0,0.31,0
853,Bombus mixtus,Asteraceae,1.0,0.36,0
854,Bombus nevadensis,Asteraceae,0.0,0.38,0
855,Bombus rufocinctus,Asteraceae,0.0,0.35,0
856,Bombus vosnesenskii,Asteraceae,0.0,0.42,0
857,Coelioxys rufitarsis,Asteraceae,0.0,0.34,0
858,Colletes phaceliae,Asteraceae,0.0,0.28,0
859,Diadasia nigrifrons,Asteraceae,0.0,0.22,0
860,Halictus farinosus,Asteraceae,0.0,0.43,0
861,Halictus ligatus,Asteraceae,1.0,0.42,0
862,Halictus rubicundus,Asteraceae,0.0,0.37,0
863,Halictus tripartitus,Asteraceae,0.0,0.29,0
864,Hylaeus verticalis,Asteraceae,0.0,0.2,0
865,Lasioglossum albipenne,Asteraceae,0.0,0.06,0
866,Lasioglossum cooleyi,Asteraceae,0.0,0.18,0
867,Lasioglossum incompletum,Asteraceae,1.0,0.41,0
868,Lasioglossum laevissimum,Asteraceae,0.0,0.25,0
869,Lasioglossum nevadense,Asteraceae,0.0,0.19,0
870,Lasioglossum olympiae,Asteraceae,0.0,0.43,0
871,Lasioglossum ovaliceps,Asteraceae,0.0,0.17,0
872,Lasioglossum sedi,Asteraceae,0.0,0.06,0
873,Lasioglossum sp.,Asteraceae,0.0,0.36,0
874,Lasioglossum sp. 2,Asteraceae,0.0,0.36,0
875,Lasioglossum titusi,Asteraceae,0.0,0.2,0
876,Megachile apicalis,Asteraceae,0.0,0.14,0
877,Megachile nevadensis,Asteraceae,0.0,0.07,0
878,Megachile onobrychidis,Asteraceae,0.0,0.4,0
879,Megachile perihirta,Asteraceae,0.0,0.39,0
880,Melissodes bimatris,Asteraceae,0.0,0.2,0
881,Melissodes lupinus,Asteraceae,0.0,0.19,0
882,Melissodes lutulentus,Asteraceae,0.0,0.15,0
883,Melissodes microstictus,Asteraceae,0.0,0.19,0
884,Melissodes pallidisignatus,Asteraceae,0.0,0.2,0
885,Melissodes rivalis,Asteraceae,0.0,0.13,0
886,Melissodes subagilis,Asteraceae,0.0,0.17,0
887,Osmia atrocyanea,Asteraceae,0.0,0.19,0
888,Osmia brevis,Asteraceae,0.0,0.06,0
889,Osmia bucephala,Asteraceae,0.0,0.18,0
890,Osmia integra,Asteraceae,0.0,0.18,0
891,Osmia juxta,Asteraceae,0.0,0.33,0
892,Osmia raritatis,Asteraceae,0.0,0.24,0
893,Osmia sp. 2,Asteraceae,0.0,0.18,0
894,Panurginus torchio,Asteraceae,0.0,0.21,0
895,Perdita wyomingensis,Asteraceae,0.0,0.18,0
896,Sphecodes sp.,Asteraceae,0.0,0.06,0
897,Svastra obliqua,Asteraceae,0.0,0.14,0
898,Triepeolus paenepectoralis,Asteraceae,0.0,0.23,0
899,Xeromelecta californica,Asteraceae,0.0,0.06,0
900,Agapostemon femoratus,Blepharipappus scaber,0.0,0.05,0
901,Agapostemon texanus,Blepharipappus scaber,0.0,0.04,0
902,Andrena astragali,Blepharipappus scaber,0.0,0.03,0
903,Andrena barbilabris,Blepharipappus scaber,0.0,0.02,0
904,Andrena cyanophila,Blepharipappus scaber,0.0,0.03,0
905,Andrena melanochroa,Blepharipappus scaber,0.0,0.03,0
906,Andrena nigrocaerulea,Blepharipappus scaber,0.0,0.03,0
907,Andrena nivalis,Blepharipappus scaber,0.0,0.02,0
908,Andrena pallidifovea,Blepharipappus scaber,0.0,0.04,0
909,Andrena prunorum,Blepharipappus scaber,1.0,0.81,1
910,Andrena sp. 1,Blepharipappus scaber,0.0,0.02,0
911,Andrena sp. A,Blepharipappus scaber,0.0,0.03,0
912,Andrena transnigra,Blepharipappus scaber,0.0,0.03,0
913,Andrena vicinoides,Blepharipappus scaber,0.0,0.02,0
914,Anthophora bomboides,Blepharipappus scaber,0.0,0.02,0
915,Anthophora curta,Blepharipappus scaber,0.0,0.03,0
916,Anthophora pacifica,Blepharipappus scaber,0.0,0.02,0
917,Anthophora urbana,Blepharipappus scaber,0.0,0.04,0
918,Bombus appositus,Blepharipappus scaber,0.0,0.05,0
919,Bombus bifarius,Blepharipappus scaber,0.0,0.09,0
920,Bombus californicus,Blepharipappus scaber,0.0,0.11,0
921,Bombus centralis,Blepharipappus scaber,0.0,0.07,0
922,Bombus fernaldae,Blepharipappus scaber,0.0,0.02,0
923,Bombus fervidus,Blepharipappus scaber,0.0,0.02,0
924,Bombus flavifrons,Blepharipappus scaber,0.0,0.09,0
925,Bombus griseocollis,Blepharipappus scaber,0.0,0.04,0
926,Bombus huntii,Blepharipappus scaber,0.0,0.04,0
927,Bombus insularis,Blepharipappus scaber,0.0,0.04,0
928,Bombus mixtus,Blepharipappus scaber,0.0,0.04,0
929,Bombus nevadensis,Blepharipappus scaber,0.0,0.04,0
930,Bombus rufocinctus,Blepharipappus scaber,0.0,0.04,0
931,Bombus vosnesenskii,Blepharipappus scaber,0.0,0.04,0
932,Coelioxys rufitarsis,Blepharipappus scaber,0.0,0.04,0
933,Colletes phaceliae,Blepharipappus scaber,0.0,0.03,0
934,Diadasia nigrifrons,Blepharipappus scaber,0.0,0.03,0
935,Halictus farinosus,Blepharipappus scaber,0.0,0.04,0
936,Halictus ligatus,Blepharipappus scaber,0.0,0.05,0
937,Halictus rubicundus,Blepharipappus scaber,0.0,0.05,0
938,Halictus tripartitus,Blepharipappus scaber,0.0,0.03,0
939,Hylaeus verticalis,Blepharipappus scaber,0.0,0.04,0
940,Lasioglossum albipenne,Blepharipappus scaber,0.0,0.02,0
941,Lasioglossum cooleyi,Blepharipappus scaber,0.0,0.03,0
942,Lasioglossum incompletum,Blepharipappus scaber,0.0,0.06,0
943,Lasioglossum laevissimum,Blepharipappus scaber,0.0,0.03,0
944,Lasioglossum nevadense,Blepharipappus scaber,0.0,0.02,0
945,Lasioglossum olympiae,Blepharipappus scaber,0.0,0.05,0
946,Lasioglossum ovaliceps,Blepharipappus scaber,0.0,0.03,0
947,Lasioglossum sedi,Blepharipappus scaber,0.0,0.02,0
948,Lasioglossum sp.,Blepharipappus scaber,0.0,0.04,0
949,Lasioglossum sp. 2,Blepharipappus scaber,0.0,0.04,0
950,Lasioglossum titusi,Blepharipappus scaber,0.0,0.03,0
951,Megachile apicalis,Blepharipappus scaber,0.0,0.02,0
952,Megachile nevadensis,Blepharipappus scaber,0.0,0.02,0
953,Megachile onobrychidis,Blepharipappus scaber,0.0,0.04,0
954,Megachile perihirta,Blepharipappus scaber,0.0,0.05,0
955,Melissodes bimatris,Blepharipappus scaber,0.0,0.03,0
956,Melissodes lupinus,Blepharipappus scaber,0.0,0.03,0
957,Melissodes lutulentus,Blepharipappus scaber,0.0,0.03,0
958,Melissodes microstictus,Blepharipappus scaber,0.0,0.03,0
959,Melissodes pallidisignatus,Blepharipappus scaber,0.0,0.03,0
960,Melissodes rivalis,Blepharipappus scaber,0.0,0.02,0
961,Melissodes subagilis,Blepharipappus scaber,0.0,0.02,0
962,Osmia atrocyanea,Blepharipappus scaber,0.0,0.02,0
963,Osmia brevis,Blepharipappus scaber,0.0,0.02,0
964,Osmia bucephala,Blepharipappus scaber,0.0,0.03,0
965,Osmia integra,Blepharipappus scaber,0.0,0.02,0
966,Osmia juxta,Blepharipappus scaber,0.0,0.04,0
967,Osmia raritatis,Blepharipappus scaber,0.0,0.03,0
968,Osmia sp. 2,Blepharipappus scaber,0.0,0.03,0
969,Panurginus torchio,Blepharipappus scaber,0.0,0.03,0
970,Perdita wyomingensis,Blepharipappus scaber,0.0,0.02,0
971,Sphecodes sp.,Blepharipappus scaber,0.0,0.02,0
972,Svastra obliqua,Blepharipappus scaber,0.0,0.02,0
973,Triepeolus paenepectoralis,Blepharipappus scaber,0.0,0.03,0
974,Xeromelecta californica,Blepharipappus scaber,0.0,0.02,0
975,Agapostemon femoratus,Brassicaceae,0.0,0.31,0
976,Agapostemon texanus,Brassicaceae,0.0,0.29,0
977,Andrena astragali,Brassicaceae,0.0,0.24,0
978,Andrena barbilabris,Brassicaceae,0.0,0.15,0
979,Andrena cyanophila,Brassicaceae,0.0,0.29,0
980,Andrena melanochroa,Brassicaceae,0.0,0.25,0
981,Andrena nigrocaerulea,Brassicaceae,1.0,0.3,0
982,Andrena nivalis,Brassicaceae,0.0,0.06,0
983,Andrena pallidifovea,Brassicaceae,0.0,0.27,0
984,Andrena prunorum,Brassicaceae,1.0,0.37,0
985,Andrena sp. 1,Brassicaceae,0.0,0.06,0
986,Andrena sp. A,Brassicaceae,0.0,0.15,0
987,Andrena transnigra,Brassicaceae,0.0,0.19,0
988,Andrena vicinoides,Brassicaceae,0.0,0.06,0
989,Anthophora bomboides,Brassicaceae,0.0,0.13,0
990,Anthophora curta,Brassicaceae,0.0,0.16,0
991,Anthophora pacifica,Brassicaceae,0.0,0.06,0
992,Anthophora urbana,Brassicaceae,0.0,0.31,0
993,Bombus appositus,Brassicaceae,0.0,0.33,0
994,Bombus bifarius,Brassicaceae,0.0,0.54,1
995,Bombus californicus,Brassicaceae,0.0,0.54,1
996,Bombus centralis,Brassicaceae,0.0,0.43,0
997,Bombus fernaldae,Brassicaceae,0.0,0.15,0
998,Bombus fervidus,Brassicaceae,0.0,0.14,0
999,Bombus flavifrons,Brassicaceae,0.0,0.54,1
1000,Bombus griseocollis,Brassicaceae,0.0,0.23,0
1001,Bombus huntii,Brassicaceae,0.0,0.31,0
1002,Bombus insularis,Brassicaceae,0.0,0.3,0
1003,Bombus mixtus,Brassicaceae,0.0,0.3,0
1004,Bombus nevadensis,Brassicaceae,0.0,0.31,0
1005,Bombus rufocinctus,Brassicaceae,1.0,0.3,0
1006,Bombus vosnesenskii,Brassicaceae,0.0,0.29,0
1007,Coelioxys rufitarsis,Brassicaceae,0.0,0.31,0
1008,Colletes phaceliae,Brassicaceae,0.0,0.28,0
1009,Diadasia nigrifrons,Brassicaceae,0.0,0.22,0
1010,Halictus farinosus,Brassicaceae,0.0,0.37,0
1011,Halictus ligatus,Brassicaceae,0.0,0.35,0
1012,Halictus rubicundus,Brassicaceae,0.0,0.31,0
1013,Halictus tripartitus,Brassicaceae,0.0,0.31,0
1014,Hylaeus verticalis,Brassicaceae,0.0,0.27,0
1015,Lasioglossum albipenne,Brassicaceae,0.0,0.07,0
1016,Lasioglossum cooleyi,Brassicaceae,0.0,0.13,0
1017,Lasioglossum incompletum,Brassicaceae,0.0,0.34,0
1018,Lasioglossum laevissimum,Brassicaceae,0.0,0.21,0
1019,Lasioglossum nevadense,Brassicaceae,0.0,0.16,0
1020,Lasioglossum olympiae,Brassicaceae,0.0,0.38,0
1021,Lasioglossum ovaliceps,Brassicaceae,0.0,0.13,0
1022,Lasioglossum sedi,Brassicaceae,0.0,0.07,0
1023,Lasioglossum sp.,Brassicaceae,0.0,0.29,0
1024,Lasioglossum sp. 2,Brassicaceae,0.0,0.32,0
1025,Lasioglossum titusi,Brassicaceae,0.0,0.2,0
1026,Megachile apicalis,Brassicaceae,0.0,0.11,0
1027,Megachile nevadensis,Brassicaceae,0.0,0.07,0
1028,Megachile onobrychidis,Brassicaceae,0.0,0.34,0
1029,Megachile perihirta,Brassicaceae,0.0,0.33,0
1030,Melissodes bimatris,Brassicaceae,0.0,0.16,0
1031,Melissodes lupinus,Brassicaceae,0.0,0.15,0
1032,Melissodes lutulentus,Brassicaceae,0.0,0.13,0
1033,Melissodes microstictus,Brassicaceae,0.0,0.25,0
1034,Melissodes pallidisignatus,Brassicaceae,0.0,0.16,0
1035,Melissodes rivalis,Brassicaceae,0.0,0.13,0
1036,Melissodes subagilis,Brassicaceae,0.0,0.13,0
1037,Osmia atrocyanea,Brassicaceae,0.0,0.13,0
1038,Osmia brevis,Brassicaceae,0.0,0.07,0
1039,Osmia bucephala,Brassicaceae,0.0,0.14,0
1040,Osmia integra,Brassicaceae,0.0,0.13,0
1041,Osmia juxta,Brassicaceae,0.0,0.25,0
1042,Osmia raritatis,Brassicaceae,0.0,0.17,0
1043,Osmia sp. 2,Brassicaceae,0.0,0.13,0
1044,Panurginus torchio,Brassicaceae,0.0,0.19,0
1045,Perdita wyomingensis,Brassicaceae,0.0,0.13,0
1046,Sphecodes sp.,Brassicaceae,0.0,0.06,0
1047,Svastra obliqua,Brassicaceae,0.0,0.11,0
1048,Triepeolus paenepectoralis,Brassicaceae,0.0,0.18,0
1049,Xeromelecta californica,Brassicaceae,0.0,0.06,0
1050,Agapostemon femoratus,Calochortus macrocarpus,0.0,0.05,0
1051,Agapostemon texanus,Calochortus macrocarpus,0.0,0.05,0
1052,Andrena astragali,Calochortus macrocarpus,0.0,0.04,0
1053,Andrena barbilabris,Calochortus macrocarpus,0.0,0.03,0
1054,Andrena cyanophila,Calochortus macrocarpus,0.0,0.04,0
1055,Andrena melanochroa,Calochortus macrocarpus,0.0,0.04,0
1056,Andrena nigrocaerulea,Calochortus macrocarpus,0.0,0.03,0
1057,Andrena nivalis,Calochortus macrocarpus,0.0,0.02,0
1058,Andrena pallidifovea,Calochortus macrocarpus,0.0,0.05,0
1059,Andrena prunorum,Calochortus macrocarpus,0.0,0.05,0
1060,Andrena sp. 1,Calochortus macrocarpus,0.0,0.02,0
1061,Andrena sp. A,Calochortus macrocarpus,0.0,0.03,0
1062,Andrena transnigra,Calochortus macrocarpus,0.0,0.03,0
1063,Andrena vicinoides,Calochortus macrocarpus,0.0,0.02,0
1064,Anthophora bomboides,Calochortus macrocarpus,0.0,0.02,0
1065,Anthophora curta,Calochortus macrocarpus,0.0,0.04,0
1066,Anthophora pacifica,Calochortus macrocarpus,0.0,0.02,0
1067,Anthophora urbana,Calochortus macrocarpus,0.0,0.06,0
1068,Bombus appositus,Calochortus macrocarpus,0.0,0.04,0
1069,Bombus bifarius,Calochortus macrocarpus,0.0,0.07,0
1070,Bombus californicus,Calochortus macrocarpus,0.0,0.07,0
1071,Bombus centralis,Calochortus macrocarpus,0.0,0.07,0
1072,Bombus fernaldae,Calochortus macrocarpus,0.0,0.03,0
1073,Bombus fervidus,Calochortus macrocarpus,0.0,0.02,0
1074,Bombus flavifrons,Calochortus macrocarpus,0.0,0.07,0
1075,Bombus griseocollis,Calochortus macrocarpus,0.0,0.04,0
1076,Bombus huntii,Calochortus macrocarpus,0.0,0.05,0
1077,Bombus insularis,Calochortus macrocarpus,0.0,0.05,0
1078,Bombus mixtus,Calochortus macrocarpus,0.0,0.04,0
1079,Bombus nevadensis,Calochortus macrocarpus,0.0,0.05,0
1080,Bombus rufocinctus,Calochortus macrocarpus,1.0,0.81,1
1081,Bombus vosnesenskii,Calochortus macrocarpus,0.0,0.04,0
1082,Coelioxys rufitarsis,Calochortus macrocarpus,0.0,0.05,0
1083,Colletes phaceliae,Calochortus macrocarpus,0.0,0.04,0
1084,Diadasia nigrifrons,Calochortus macrocarpus,0.0,0.04,0
1085,Halictus farinosus,Calochortus macrocarpus,0.0,0.05,0
1086,Halictus ligatus,Calochortus macrocarpus,0.0,0.05,0
1087,Halictus rubicundus,Calochortus macrocarpus,0.0,0.05,0
1088,Halictus tripartitus,Calochortus macrocarpus,0.0,0.04,0
1089,Hylaeus verticalis,Calochortus macrocarpus,0.0,0.05,0
1090,Lasioglossum albipenne,Calochortus macrocarpus,0.0,0.02,0
1091,Lasioglossum cooleyi,Calochortus macrocarpus,0.0,0.03,0
1092,Lasioglossum incompletum,Calochortus macrocarpus,0.0,0.05,0
1093,Lasioglossum laevissimum,Calochortus macrocarpus,0.0,0.03,0
1094,Lasioglossum nevadense,Calochortus macrocarpus,0.0,0.03,0
1095,Lasioglossum olympiae,Calochortus macrocarpus,0.0,0.05,0
1096,Lasioglossum ovaliceps,Calochortus macrocarpus,0.0,0.03,0
1097,Lasioglossum sedi,Calochortus macrocarpus,0.0,0.02,0
1098,Lasioglossum sp.,Calochortus macrocarpus,0.0,0.06,0
1099,Lasioglossum sp. 2,Calochortus macrocarpus,0.0,0.05,0
1100,Lasioglossum titusi,Calochortus macrocarpus,0.0,0.04,0
1101,Megachile apicalis,Calochortus macrocarpus,0.0,0.03,0
1102,Megachile nevadensis,Calochortus macrocarpus,0.0,0.02,0
1103,Megachile onobrychidis,Calochortus macrocarpus,0.0,0.06,0
1104,Megachile perihirta,Calochortus macrocarpus,0.0,0.06,0
1105,Melissodes bimatris,Calochortus macrocarpus,0.0,0.04,0
1106,Melissodes lupinus,Calochortus macrocarpus,0.0,0.03,0
1107,Melissodes lutulentus,Calochortus macrocarpus,0.0,0.03,0
1108,Melissodes microstictus,Calochortus macrocarpus,0.0,0.04,0
1109,Melissodes pallidisignatus,Calochortus macrocarpus,0.0,0.04,0
1110,Melissodes rivalis,Calochortus macrocarpus,0.0,0.03,0
1111,Melissodes subagilis,Calochortus macrocarpus,0.0,0.02,0
1112,Osmia atrocyanea,Calochortus macrocarpus,0.0,0.02,0
1113,Osmia brevis,Calochortus macrocarpus,0.0,0.02,0
1114,Osmia bucephala,Calochortus macrocarpus,0.0,0.03,0
1115,Osmia integra,Calochortus macrocarpus,0.0,0.02,0
1116,Osmia juxta,Calochortus macrocarpus,0.0,0.04,0
1117,Osmia raritatis,Calochortus macrocarpus,0.0,0.04,0
1118,Osmia sp. 2,Calochortus macrocarpus,0.0,0.03,0
1119,Panurginus torchio,Calochortus macrocarpus,0.0,0.03,0
1120,Perdita wyomingensis,Calochortus macrocarpus,0.0,0.02,0
1121,Sphecodes sp.,Calochortus macrocarpus,0.0,0.02,0
1122,Svastra obliqua,Calochortus macrocarpus,0.0,0.03,0
1123,Triepeolus paenepectoralis,Calochortus macrocarpus,0.0,0.03,0
1124,Xeromelecta californica,Calochortus macrocarpus,0.0,0.02,0
1125,Agapostemon femoratus,Castilleja cusickii,0.0,0.05,0
1126,Agapostemon texanus,Castilleja cusickii,0.0,0.04,0
1127,Andrena astragali,Castilleja cusickii,0.0,0.04,0
1128,Andrena barbilabris,Castilleja cusickii,0.0,0.03,0
1129,Andrena cyanophila,Castilleja cusickii,0.0,0.04,0
1130,Andrena melanochroa,Castilleja cusickii,0.0,0.03,0
1131,Andrena nigrocaerulea,Castilleja cusickii,0.0,0.03,0
1132,Andrena nivalis,Castilleja cusickii,0.0,0.02,0
1133,Andrena pallidifovea,Castilleja cusickii,0.0,0.04,0
1134,Andrena prunorum,Castilleja cusickii,0.0,0.07,0
1135,Andrena sp. 1,Castilleja cusickii,0.0,0.02,0
1136,Andrena sp. A,Castilleja cusickii,0.0,0.03,0
1137,Andrena transnigra,Castilleja cusickii,0.0,0.03,0
1138,Andrena vicinoides,Castilleja cusickii,0.0,0.02,0
1139,Anthophora bomboides,Castilleja cusickii,0.0,0.03,0
1140,Anthophora curta,Castilleja cusickii,0.0,0.04,0
1141,Anthophora pacifica,Castilleja cusickii,0.0,0.02,0
1142,Anthophora urbana,Castilleja cusickii,0.0,0.04,0
1143,Bombus appositus,Castilleja cusickii,0.0,0.07,0
1144,Bombus bifarius,Castilleja cusickii,0.0,0.08,0
1145,Bombus californicus,Castilleja cusickii,1.0,0.96,1
1146,Bombus centralis,Castilleja cusickii,0.0,0.06,0
1147,Bombus fernaldae,Castilleja cusickii,0.0,0.03,0
1148,Bombus fervidus,Castilleja cusickii,0.0,0.03,0
1149,Bombus flavifrons,Castilleja cusickii,0.0,0.08,0
1150,Bombus griseocollis,Castilleja cusickii,0.0,0.04,0
1151,Bombus huntii,Castilleja cusickii,0.0,0.04,0
1152,Bombus insularis,Castilleja cusickii,0.0,0.04,0
1153,Bombus mixtus,Castilleja cusickii,0.0,0.04,0
1154,Bombus nevadensis,Castilleja cusickii,0.0,0.04,0
1155,Bombus rufocinctus,Castilleja cusickii,0.0,0.04,0
1156,Bombus vosnesenskii,Castilleja cusickii,0.0,0.04,0
1157,Coelioxys rufitarsis,Castilleja cusickii,0.0,0.04,0
1158,Colletes phaceliae,Castilleja cusickii,0.0,0.04,0
1159,Diadasia nigrifrons,Castilleja cusickii,0.0,0.04,0
1160,Halictus farinosus,Castilleja cusickii,0.0,0.07,0
1161,Halictus ligatus,Castilleja cusickii,0.0,0.04,0
1162,Halictus rubicundus,Castilleja cusickii,0.0,0.04,0
1163,Halictus tripartitus,Castilleja cusickii,0.0,0.04,0
1164,Hylaeus verticalis,Castilleja cusickii,0.0,0.04,0
1165,Lasioglossum albipenne,Castilleja cusickii,0.0,0.02,0
1166,Lasioglossum cooleyi,Castilleja cusickii,0.0,0.03,0
1167,Lasioglossum incompletum,Castilleja cusickii,0.0,0.05,0
1168,Lasioglossum laevissimum,Castilleja cusickii,0.0,0.03,0
1169,Lasioglossum nevadense,Castilleja cusickii,0.0,0.03,0
1170,Lasioglossum olympiae,Castilleja cusickii,0.0,0.07,0
1171,Lasioglossum ovaliceps,Castilleja cusickii,0.0,0.03,0
1172,Lasioglossum sedi,Castilleja cusickii,0.0,0.02,0
1173,Lasioglossum sp.,Castilleja cusickii,0.0,0.05,0
1174,Lasioglossum sp. 2,Castilleja cusickii,0.0,0.03,0
1175,Lasioglossum titusi,Castilleja cusickii,0.0,0.04,0
1176,Megachile apicalis,Castilleja cusickii,0.0,0.04,0
1177,Megachile nevadensis,Castilleja cusickii,0.0,0.02,0
1178,Megachile onobrychidis,Castilleja cusickii,0.0,0.05,0
1179,Megachile perihirta,Castilleja cusickii,0.0,0.05,0
1180,Melissodes bimatris,Castilleja cusickii,0.0,0.04,0
1181,Melissodes lupinus,Castilleja cusickii,0.0,0.03,0
1182,Melissodes lutulentus,Castilleja cusickii,0.0,0.03,0
1183,Melissodes microstictus,Castilleja cusickii,0.0,0.04,0
1184,Melissodes pallidisignatus,Castilleja cusickii,0.0,0.04,0
1185,Melissodes rivalis,Castilleja cusickii,0.0,0.03,0
1186,Melissodes subagilis,Castilleja cusickii,0.0,0.03,0
1187,Osmia atrocyanea,Castilleja cusickii,0.0,0.03,0
1188,Osmia brevis,Castilleja cusickii,0.0,0.02,0
1189,Osmia bucephala,Castilleja cusickii,0.0,0.03,0
1190,Osmia integra,Castilleja cusickii,0.0,0.03,0
1191,Osmia juxta,Castilleja cusickii,0.0,0.04,0
1192,Osmia raritatis,Castilleja cusickii,0.0,0.04,0
1193,Osmia sp. 2,Castilleja cusickii,0.0,0.03,0
1194,Panurginus torchio,Castilleja cusickii,0.0,0.03,0
1195,Perdita wyomingensis,Castilleja cusickii,0.0,0.03,0
1196,Sphecodes sp.,Castilleja cusickii,0.0,0.02,0
1197,Svastra obliqua,Castilleja cusickii,0.0,0.04,0
1198,Triepeolus paenepectoralis,Castilleja cusickii,0.0,0.03,0
1199,Xeromelecta californica,Castilleja cusickii,0.0,0.02,0
1200,Agapostemon femoratus,Centaurea diffusa,1.0,0.56,1
1201,Agapostemon texanus,Centaurea diffusa,1.0,0.44,0
1202,Andrena astragali,Centaurea diffusa,0.0,0.3,0
1203,Andrena barbilabris,Centaurea diffusa,0.0,0.31,0
1204,Andrena cyanophila,Centaurea diffusa,0.0,0.39,0
1205,Andrena melanochroa,Centaurea diffusa,0.0,0.39,0
1206,Andrena nigrocaerulea,Centaurea diffusa,0.0,0.32,0
1207,Andrena nivalis,Centaurea diffusa,0.0,0.1,0
1208,Andrena pallidifovea,Centaurea diffusa,0.0,0.37,0
1209,Andrena prunorum,Centaurea diffusa,0.0,0.56,1
1210,Andrena sp. 1,Centaurea diffusa,0.0,0.1,0
1211,Andrena sp. A,Centaurea diffusa,0.0,0.32,0
1212,Andrena transnigra,Centaurea diffusa,0.0,0.35,0
1213,Andrena vicinoides,Centaurea diffusa,0.0,0.1,0
1214,Anthophora bomboides,Centaurea diffusa,0.0,0.27,0
1215,Anthophora curta,Centaurea diffusa,1.0,0.39,0
1216,Anthophora pacifica,Centaurea diffusa,0.0,0.1,0
1217,Anthophora urbana,Centaurea diffusa,1.0,0.52,1
1218,Bombus appositus,Centaurea diffusa,0.0,0.54,1
1219,Bombus bifarius,Centaurea diffusa,0.0,0.7,1
1220,Bombus californicus,Centaurea diffusa,0.0,0.7,1
1221,Bombus centralis,Centaurea diffusa,0.0,0.59,1
1222,Bombus fernaldae,Centaurea diffusa,0.0,0.27,0
1223,Bombus fervidus,Centaurea diffusa,0.0,0.27,0
1224,Bombus flavifrons,Centaurea diffusa,0.0,0.7,1
1225,Bombus griseocollis,Centaurea diffusa,1.0,0.44,0
1226,Bombus huntii,Centaurea diffusa,1.0,0.5,1
1227,Bombus insularis,Centaurea diffusa,0.0,0.45,0
1228,Bombus mixtus,Centaurea diffusa,0.0,0.48,0
1229,Bombus nevadensis,Centaurea diffusa,0.0,0.5,1
1230,Bombus rufocinctus,Centaurea diffusa,0.0,0.46,0
1231,Bombus vosnesenskii,Centaurea diffusa,0.0,0.49,0
1232,Coelioxys rufitarsis,Centaurea diffusa,0.0,0.46,0
1233,Colletes phaceliae,Centaurea diffusa,0.0,0.4,0
1234,Diadasia nigrifrons,Centaurea diffusa,0.0,0.3,0
1235,Halictus farinosus,Centaurea diffusa,0.0,0.52,1
1236,Halictus ligatus,Centaurea diffusa,0.0,0.53,1
1237,Halictus rubicundus,Centaurea diffusa,0.0,0.48,0
1238,Halictus tripartitus,Centaurea diffusa,0.0,0.4,0
1239,Hylaeus verticalis,Centaurea diffusa,0.0,0.34,0
1240,Lasioglossum albipenne,Centaurea diffusa,0.0,0.1,0
1241,Lasioglossum cooleyi,Centaurea diffusa,0.0,0.27,0
1242,Lasioglossum incompletum,Centaurea diffusa,0.0,0.52,1
1243,Lasioglossum laevissimum,Centaurea diffusa,0.0,0.36,0
1244,Lasioglossum nevadense,Centaurea diffusa,0.0,0.32,0
1245,Lasioglossum olympiae,Centaurea diffusa,0.0,0.53,1
1246,Lasioglossum ovaliceps,Centaurea diffusa,0.0,0.27,0
1247,Lasioglossum sedi,Centaurea diffusa,0.0,0.1,0
1248,Lasioglossum sp.,Centaurea diffusa,1.0,0.52,1
1249,Lasioglossum sp. 2,Centaurea diffusa,0.0,0.47,0
1250,Lasioglossum titusi,Centaurea diffusa,0.0,0.33,0
1251,Megachile apicalis,Centaurea diffusa,1.0,0.31,0
1252,Megachile nevadensis,Centaurea diffusa,0.0,0.1,0
1253,Megachile onobrychidis,Centaurea diffusa,1.0,0.55,1
1254,Megachile perihirta,Centaurea diffusa,0.0,0.5,0
1255,Melissodes bimatris,Centaurea diffusa,1.0,0.39,0
1256,Melissodes lupinus,Centaurea diffusa,0.0,0.3,0
1257,Melissodes lutulentus,Centaurea diffusa,1.0,0.34,0
1258,Melissodes microstictus,Centaurea diffusa,0.0,0.3,0
1259,Melissodes pallidisignatus,Centaurea diffusa,1.0,0.39,0
1260,Melissodes rivalis,Centaurea diffusa,0.0,0.23,0
1261,Melissodes subagilis,Centaurea diffusa,1.0,0.32,0
1262,Osmia atrocyanea,Centaurea diffusa,0.0,0.27,0
1263,Osmia brevis,Centaurea diffusa,0.0,0.1,0
1264,Osmia bucephala,Centaurea diffusa,0.0,0.27,0
1265,Osmia integra,Centaurea diffusa,0.0,0.27,0
1266,Osmia juxta,Centaurea diffusa,0.0,0.43,0
1267,Osmia raritatis,Centaurea diffusa,0.0,0.35,0
1268,Osmia sp. 2,Centaurea diffusa,0.0,0.27,0
1269,Panurginus torchio,Centaurea diffusa,0.0,0.35,0
1270,Perdita wyomingensis,Centaurea diffusa,0.0,0.27,0
1271,Sphecodes sp.,Centaurea diffusa,0.0,0.09,0
1272,Svastra obliqua,Centaurea diffusa,1.0,0.31,0
1273,Triepeolus paenepectoralis,Centaurea diffusa,1.0,0.4,0
1274,Xeromelecta californica,Centaurea diffusa,0.0,0.11,0
1275,Agapostemon femoratus,Centaurea solstitialis,1.0,0.56,1
1276,Agapostemon texanus,Centaurea solstitialis,0.0,0.47,0
1277,Andrena astragali,Centaurea solstitialis,0.0,0.32,0
1278,Andrena barbilabris,Centaurea solstitialis,0.0,0.32,0
1279,Andrena cyanophila,Centaurea solstitialis,0.0,0.39,0
1280,Andrena melanochroa,Centaurea solstitialis,0.0,0.39,0
1281,Andrena nigrocaerulea,Centaurea solstitialis,0.0,0.31,0
1282,Andrena nivalis,Centaurea solstitialis,0.0,0.1,0
1283,Andrena pallidifovea,Centaurea solstitialis,0.0,0.37,0
1284,Andrena prunorum,Centaurea solstitialis,1.0,0.54,1
1285,Andrena sp. 1,Centaurea solstitialis,0.0,0.1,0
1286,Andrena sp. A,Centaurea solstitialis,0.0,0.32,0
1287,Andrena transnigra,Centaurea solstitialis,0.0,0.36,0
1288,Andrena vicinoides,Centaurea solstitialis,0.0,0.1,0
1289,Anthophora bomboides,Centaurea solstitialis,0.0,0.27,0
1290,Anthophora curta,Centaurea solstitialis,1.0,0.4,0
1291,Anthophora pacifica,Centaurea solstitialis,0.0,0.1,0
1292,Anthophora urbana,Centaurea solstitialis,1.0,0.53,1
1293,Bombus appositus,Centaurea solstitialis,0.0,0.54,1
1294,Bombus bifarius,Centaurea solstitialis,0.0,0.69,1
1295,Bombus californicus,Centaurea solstitialis,0.0,0.7,1
1296,Bombus centralis,Centaurea solstitialis,0.0,0.59,1
1297,Bombus fernaldae,Centaurea solstitialis,0.0,0.27,0
1298,Bombus fervidus,Centaurea solstitialis,0.0,0.27,0
1299,Bombus flavifrons,Centaurea solstitialis,0.0,0.69,1
1300,Bombus griseocollis,Centaurea solstitialis,1.0,0.45,0
1301,Bombus huntii,Centaurea solstitialis,1.0,0.51,1
1302,Bombus insularis,Centaurea solstitialis,0.0,0.45,0
1303,Bombus mixtus,Centaurea solstitialis,0.0,0.48,0
1304,Bombus nevadensis,Centaurea solstitialis,0.0,0.51,1
1305,Bombus rufocinctus,Centaurea solstitialis,0.0,0.46,0
1306,Bombus vosnesenskii,Centaurea solstitialis,0.0,0.49,0
1307,Coelioxys rufitarsis,Centaurea solstitialis,0.0,0.46,0
1308,Colletes phaceliae,Centaurea solstitialis,0.0,0.41,0
1309,Diadasia nigrifrons,Centaurea solstitialis,0.0,0.32,0
1310,Halictus farinosus,Centaurea solstitialis,0.0,0.53,1
1311,Halictus ligatus,Centaurea solstitialis,0.0,0.53,1
1312,Halictus rubicundus,Centaurea solstitialis,0.0,0.49,0
1313,Halictus tripartitus,Centaurea solstitialis,0.0,0.4,0
1314,Hylaeus verticalis,Centaurea solstitialis,0.0,0.35,0
1315,Lasioglossum albipenne,Centaurea solstitialis,0.0,0.1,0
1316,Lasioglossum cooleyi,Centaurea solstitialis,0.0,0.28,0
1317,Lasioglossum incompletum,Centaurea solstitialis,0.0,0.52,1
1318,Lasioglossum laevissimum,Centaurea solstitialis,0.0,0.36,0
1319,Lasioglossum nevadense,Centaurea solstitialis,0.0,0.32,0
1320,Lasioglossum olympiae,Centaurea solstitialis,0.0,0.53,1
1321,Lasioglossum ovaliceps,Centaurea solstitialis,0.0,0.27,0
1322,Lasioglossum sedi,Centaurea solstitialis,0.0,0.1,0
1323,Lasioglossum sp.,Centaurea solstitialis,1.0,0.53,1
1324,Lasioglossum sp. 2,Centaurea solstitialis,0.0,0.47,0
1325,Lasioglossum titusi,Centaurea solstitialis,0.0,0.33,0
1326,Megachile apicalis,Centaurea solstitialis,1.0,0.33,0
1327,Megachile nevadensis,Centaurea solstitialis,0.0,0.1,0
1328,Megachile onobrychidis,Centaurea solstitialis,1.0,0.55,1
1329,Megachile perihirta,Centaurea solstitialis,0.0,0.5,0
1330,Melissodes bimatris,Centaurea solstitialis,1.0,0.4,0
1331,Melissodes lupinus,Centaurea solstitialis,0.0,0.33,0
1332,Melissodes lutulentus,Centaurea solstitialis,1.0,0.35,0
1333,Melissodes microstictus,Centaurea solstitialis,0.0,0.3,0
1334,Melissodes pallidisignatus,Centaurea solstitialis,1.0,0.4,0
1335,Melissodes rivalis,Centaurea solstitialis,0.0,0.23,0
1336,Melissodes subagilis,Centaurea solstitialis,0.0,0.31,0
1337,Osmia atrocyanea,Centaurea solstitialis,0.0,0.27,0
1338,Osmia brevis,Centaurea solstitialis,0.0,0.1,0
1339,Osmia bucephala,Centaurea solstitialis,0.0,0.27,0
1340,Osmia integra,Centaurea solstitialis,0.0,0.27,0
1341,Osmia juxta,Centaurea solstitialis,0.0,0.43,0
1342,Osmia raritatis,Centaurea solstitialis,0.0,0.35,0
1343,Osmia sp. 2,Centaurea solstitialis,0.0,0.27,0
1344,Panurginus torchio,Centaurea solstitialis,0.0,0.35,0
1345,Perdita wyomingensis,Centaurea solstitialis,0.0,0.28,0
1346,Sphecodes sp.,Centaurea solstitialis,0.0,0.1,0
1347,Svastra obliqua,Centaurea solstitialis,1.0,0.33,0
1348,Triepeolus paenepectoralis,Centaurea solstitialis,1.0,0.41,0
1349,Xeromelecta californica,Centaurea solstitialis,1.0,0.69,1
1350,Agapostemon femoratus,Chenopodium sp.,1.0,0.3,0
1351,Agapostemon texanus,Chenopodium sp.,0.0,0.25,0
1352,Andrena astragali,Chenopodium sp.,0.0,0.14,0
1353,Andrena barbilabris,Chenopodium sp.,0.0,0.1,0
1354,Andrena cyanophila,Chenopodium sp.,0.0,0.19,0
1355,Andrena melanochroa,Chenopodium sp.,0.0,0.19,0
1356,Andrena nigrocaerulea,Chenopodium sp.,0.0,0.1,0
1357,Andrena nivalis,Chenopodium sp.,0.0,0.04,0
1358,Andrena pallidifovea,Chenopodium sp.,0.0,0.16,0
1359,Andrena prunorum,Chenopodium sp.,1.0,0.37,0
1360,Andrena sp. 1,Chenopodium sp.,0.0,0.04,0
1361,Andrena sp. A,Chenopodium sp.,0.0,0.11,0
1362,Andrena transnigra,Chenopodium sp.,0.0,0.1,0
1363,Andrena vicinoides,Chenopodium sp.,0.0,0.04,0
1364,Anthophora bomboides,Chenopodium sp.,0.0,0.08,0
1365,Anthophora curta,Chenopodium sp.,0.0,0.14,0
1366,Anthophora pacifica,Chenopodium sp.,0.0,0.04,0
1367,Anthophora urbana,Chenopodium sp.,0.0,0.3,0
1368,Bombus appositus,Chenopodium sp.,0.0,0.29,0
1369,Bombus bifarius,Chenopodium sp.,0.0,0.51,1
1370,Bombus californicus,Chenopodium sp.,0.0,0.52,1
1371,Bombus centralis,Chenopodium sp.,0.0,0.41,0
1372,Bombus fernaldae,Chenopodium sp.,0.0,0.08,0
1373,Bombus fervidus,Chenopodium sp.,0.0,0.08,0
1374,Bombus flavifrons,Chenopodium sp.,0.0,0.5,1
1375,Bombus griseocollis,Chenopodium sp.,1.0,0.18,0
1376,Bombus huntii,Chenopodium sp.,0.0,0.3,0
1377,Bombus insularis,Chenopodium sp.,0.0,0.22,0
1378,Bombus mixtus,Chenopodium sp.,0.0,0.23,0
1379,Bombus nevadensis,Chenopodium sp.,0.0,0.32,0
1380,Bombus rufocinctus,Chenopodium sp.,0.0,0.28,0
1381,Bombus vosnesenskii,Chenopodium sp.,0.0,0.26,0
1382,Coelioxys rufitarsis,Chenopodium sp.,0.0,0.23,0
1383,Colletes phaceliae,Chenopodium sp.,0.0,0.21,0
1384,Diadasia nigrifrons,Chenopodium sp.,0.0,0.14,0
1385,Halictus farinosus,Chenopodium sp.,0.0,0.35,0
1386,Halictus ligatus,Chenopodium sp.,0.0,0.3,0
1387,Halictus rubicundus,Chenopodium sp.,0.0,0.23,0
1388,Halictus tripartitus,Chenopodium sp.,0.0,0.2,0
1389,Hylaeus verticalis,Chenopodium sp.,0.0,0.15,0
1390,Lasioglossum albipenne,Chenopodium sp.,0.0,0.04,0
1391,Lasioglossum cooleyi,Chenopodium sp.,0.0,0.08,0
1392,Lasioglossum incompletum,Chenopodium sp.,0.0,0.28,0
1393,Lasioglossum laevissimum,Chenopodium sp.,0.0,0.13,0
1394,Lasioglossum nevadense,Chenopodium sp.,0.0,0.09,0
1395,Lasioglossum olympiae,Chenopodium sp.,0.0,0.35,0
1396,Lasioglossum ovaliceps,Chenopodium sp.,0.0,0.08,0
1397,Lasioglossum sedi,Chenopodium sp.,0.0,0.04,0
1398,Lasioglossum sp.,Chenopodium sp.,1.0,0.29,0
1399,Lasioglossum sp. 2,Chenopodium sp.,0.0,0.27,0
1400,Lasioglossum titusi,Chenopodium sp.,0.0,0.11,0
1401,Megachile apicalis,Chenopodium sp.,0.0,0.09,0
1402,Megachile nevadensis,Chenopodium sp.,0.0,0.04,0
1403,Megachile onobrychidis,Chenopodium sp.,0.0,0.33,0
1404,Megachile perihirta,Chenopodium sp.,0.0,0.26,0
1405,Melissodes bimatris,Chenopodium sp.,0.0,0.14,0
1406,Melissodes lupinus,Chenopodium sp.,0.0,0.08,0
1407,Melissodes lutulentus,Chenopodium sp.,0.0,0.11,0
1408,Melissodes microstictus,Chenopodium sp.,0.0,0.14,0
1409,Melissodes pallidisignatus,Chenopodium sp.,0.0,0.14,0
1410,Melissodes rivalis,Chenopodium sp.,0.0,0.07,0
1411,Melissodes subagilis,Chenopodium sp.,0.0,0.09,0
1412,Osmia atrocyanea,Chenopodium sp.,0.0,0.08,0
1413,Osmia brevis,Chenopodium sp.,0.0,0.04,0
1414,Osmia bucephala,Chenopodium sp.,0.0,0.08,0
1415,Osmia integra,Chenopodium sp.,0.0,0.08,0
1416,Osmia juxta,Chenopodium sp.,0.0,0.19,0
1417,Osmia raritatis,Chenopodium sp.,0.0,0.13,0
1418,Osmia sp. 2,Chenopodium sp.,0.0,0.08,0
1419,Panurginus torchio,Chenopodium sp.,0.0,0.11,0
1420,Perdita wyomingensis,Chenopodium sp.,0.0,0.08,0
1421,Sphecodes sp.,Chenopodium sp.,0.0,0.04,0
1422,Svastra obliqua,Chenopodium sp.,0.0,0.09,0
1423,Triepeolus paenepectoralis,Chenopodium sp.,0.0,0.14,0
1424,Xeromelecta californica,Chenopodium sp.,0.0,0.04,0
1425,Agapostemon femoratus,Cirsium arvense,0.0,0.05,0
1426,Agapostemon texanus,Cirsium arvense,0.0,0.04,0
1427,Andrena astragali,Cirsium arvense,0.0,0.04,0
1428,Andrena barbilabris,Cirsium arvense,0.0,0.03,0
1429,Andrena cyanophila,Cirsium arvense,0.0,0.04,0
1430,Andrena melanochroa,Cirsium arvense,0.0,0.03,0
1431,Andrena nigrocaerulea,Cirsium arvense,0.0,0.03,0
1432,Andrena nivalis,Cirsium arvense,0.0,0.02,0
1433,Andrena pallidifovea,Cirsium arvense,0.0,0.04,0
1434,Andrena prunorum,Cirsium arvense,0.0,0.08,0
1435,Andrena sp. 1,Cirsium arvense,0.0,0.02,0
1436,Andrena sp. A,Cirsium arvense,0.0,0.03,0
1437,Andrena transnigra,Cirsium arvense,0.0,0.03,0
1438,Andrena vicinoides,Cirsium arvense,0.0,0.02,0
1439,Anthophora bomboides,Cirsium arvense,0.0,0.02,0
1440,Anthophora curta,Cirsium arvense,0.0,0.04,0
1441,Anthophora pacifica,Cirsium arvense,0.0,0.02,0
1442,Anthophora urbana,Cirsium arvense,0.0,0.04,0
1443,Bombus appositus,Cirsium arvense,0.0,0.05,0
1444,Bombus bifarius,Cirsium arvense,0.0,0.07,0
1445,Bombus californicus,Cirsium arvense,0.0,0.07,0
1446,Bombus centralis,Cirsium arvense,0.0,0.06,0
1447,Bombus fernaldae,Cirsium arvense,0.0,0.03,0
1448,Bombus fervidus,Cirsium arvense,0.0,0.02,0
1449,Bombus flavifrons,Cirsium arvense,0.0,0.07,0
1450,Bombus griseocollis,Cirsium arvense,0.0,0.04,0
1451,Bombus huntii,Cirsium arvense,0.0,0.05,0
1452,Bombus insularis,Cirsium arvense,0.0,0.04,0
1453,Bombus mixtus,Cirsium arvense,0.0,0.04,0
1454,Bombus nevadensis,Cirsium arvense,0.0,0.05,0
1455,Bombus rufocinctus,Cirsium arvense,0.0,0.05,0
1456,Bombus vosnesenskii,Cirsium arvense,0.0,0.04,0
1457,Coelioxys rufitarsis,Cirsium arvense,0.0,0.04,0
1458,Colletes phaceliae,Cirsium arvense,0.0,0.04,0
1459,Diadasia nigrifrons,Cirsium arvense,0.0,0.04,0
1460,Halictus farinosus,Cirsium arvense,0.0,0.06,0
1461,Halictus ligatus,Cirsium arvense,1.0,0.76,1
1462,Halictus rubicundus,Cirsium arvense,0.0,0.04,0
1463,Halictus tripartitus,Cirsium arvense,0.0,0.04,0
1464,Hylaeus verticalis,Cirsium arvense,0.0,0.04,0
1465,Lasioglossum albipenne,Cirsium arvense,0.0,0.02,0
1466,Lasioglossum cooleyi,Cirsium arvense,0.0,0.03,0
1467,Lasioglossum incompletum,Cirsium arvense,0.0,0.05,0
1468,Lasioglossum laevissimum,Cirsium arvense,0.0,0.03,0
1469,Lasioglossum nevadense,Cirsium arvense,0.0,0.03,0
1470,Lasioglossum olympiae,Cirsium arvense,0.0,0.06,0
1471,Lasioglossum ovaliceps,Cirsium arvense,0.0,0.03,0
1472,Lasioglossum sedi,Cirsium arvense,0.0,0.02,0
1473,Lasioglossum sp.,Cirsium arvense,0.0,0.05,0
1474,Lasioglossum sp. 2,Cirsium arvense,0.0,0.04,0
1475,Lasioglossum titusi,Cirsium arvense,0.0,0.04,0
1476,Megachile apicalis,Cirsium arvense,0.0,0.03,0
1477,Megachile nevadensis,Cirsium arvense,0.0,0.02,0
1478,Megachile onobrychidis,Cirsium arvense,0.0,0.04,0
1479,Megachile perihirta,Cirsium arvense,0.0,0.04,0
1480,Melissodes bimatris,Cirsium arvense,0.0,0.04,0
1481,Melissodes lupinus,Cirsium arvense,0.0,0.03,0
1482,Melissodes lutulentus,Cirsium arvense,0.0,0.03,0
1483,Melissodes microstictus,Cirsium arvense,0.0,0.04,0
1484,Melissodes pallidisignatus,Cirsium arvense,0.0,0.04,0
1485,Melissodes rivalis,Cirsium arvense,0.0,0.03,0
1486,Melissodes subagilis,Cirsium arvense,0.0,0.03,0
1487,Osmia atrocyanea,Cirsium arvense,0.0,0.02,0
1488,Osmia brevis,Cirsium arvense,0.0,0.02,0
1489,Osmia bucephala,Cirsium arvense,0.0,0.03,0
1490,Osmia integra,Cirsium arvense,0.0,0.03,0
1491,Osmia juxta,Cirsium arvense,0.0,0.04,0
1492,Osmia raritatis,Cirsium arvense,0.0,0.04,0
1493,Osmia sp. 2,Cirsium arvense,0.0,0.03,0
1494,Panurginus torchio,Cirsium arvense,0.0,0.03,0
1495,Perdita wyomingensis,Cirsium arvense,0.0,0.03,0
1496,Sphecodes sp.,Cirsium arvense,0.0,0.02,0
1497,Svastra obliqua,Cirsium arvense,0.0,0.03,0
1498,Triepeolus paenepectoralis,Cirsium arvense,0.0,0.03,0
1499,Xeromelecta californica,Cirsium arvense,0.0,0.02,0
1500,Agapostemon femoratus,Cirsium foliosum,0.0,0.23,0
1501,Agapostemon texanus,Cirsium foliosum,0.0,0.19,0
1502,Andrena astragali,Cirsium foliosum,0.0,0.13,0
1503,Andrena barbilabris,Cirsium foliosum,0.0,0.08,0
1504,Andrena cyanophila,Cirsium foliosum,0.0,0.15,0
1505,Andrena melanochroa,Cirsium foliosum,0.0,0.13,0
1506,Andrena nigrocaerulea,Cirsium foliosum,0.0,0.09,0
1507,Andrena nivalis,Cirsium foliosum,0.0,0.03,0
1508,Andrena pallidifovea,Cirsium foliosum,0.0,0.14,0
1509,Andrena prunorum,Cirsium foliosum,0.0,0.31,0
1510,Andrena sp. 1,Cirsium foliosum,0.0,0.03,0
1511,Andrena sp. A,Cirsium foliosum,0.0,0.08,0
1512,Andrena transnigra,Cirsium foliosum,0.0,0.1,0
1513,Andrena vicinoides,Cirsium foliosum,0.0,0.03,0
1514,Anthophora bomboides,Cirsium foliosum,0.0,0.07,0
1515,Anthophora curta,Cirsium foliosum,0.0,0.1,0
1516,Anthophora pacifica,Cirsium foliosum,0.0,0.03,0
1517,Anthophora urbana,Cirsium foliosum,0.0,0.26,0
1518,Bombus appositus,Cirsium foliosum,0.0,0.28,0
1519,Bombus bifarius,Cirsium foliosum,0.0,0.49,0
1520,Bombus californicus,Cirsium foliosum,1.0,0.53,1
1521,Bombus centralis,Cirsium foliosum,0.0,0.36,0
1522,Bombus fernaldae,Cirsium foliosum,0.0,0.08,0
1523,Bombus fervidus,Cirsium foliosum,0.0,0.07,0
1524,Bombus flavifrons,Cirsium foliosum,0.0,0.5,0
1525,Bombus griseocollis,Cirsium foliosum,0.0,0.13,0
1526,Bombus huntii,Cirsium foliosum,0.0,0.26,0
1527,Bombus insularis,Cirsium foliosum,0.0,0.23,0
1528,Bombus mixtus,Cirsium foliosum,0.0,0.22,0
1529,Bombus nevadensis,Cirsium foliosum,0.0,0.27,0
1530,Bombus rufocinctus,Cirsium foliosum,0.0,0.24,0
1531,Bombus vosnesenskii,Cirsium foliosum,0.0,0.23,0
1532,Coelioxys rufitarsis,Cirsium foliosum,0.0,0.24,0
1533,Colletes phaceliae,Cirsium foliosum,0.0,0.18,0
1534,Diadasia nigrifrons,Cirsium foliosum,0.0,0.12,0
1535,Halictus farinosus,Cirsium foliosum,0.0,0.33,0
1536,Halictus ligatus,Cirsium foliosum,0.0,0.29,0
1537,Halictus rubicundus,Cirsium foliosum,0.0,0.26,0
1538,Halictus tripartitus,Cirsium foliosum,0.0,0.18,0
1539,Hylaeus verticalis,Cirsium foliosum,0.0,0.13,0
1540,Lasioglossum albipenne,Cirsium foliosum,0.0,0.03,0
1541,Lasioglossum cooleyi,Cirsium foliosum,0.0,0.07,0
1542,Lasioglossum incompletum,Cirsium foliosum,0.0,0.29,0
1543,Lasioglossum laevissimum,Cirsium foliosum,0.0,0.11,0
1544,Lasioglossum nevadense,Cirsium foliosum,0.0,0.09,0
1545,Lasioglossum olympiae,Cirsium foliosum,0.0,0.33,0
1546,Lasioglossum ovaliceps,Cirsium foliosum,0.0,0.07,0
1547,Lasioglossum sedi,Cirsium foliosum,0.0,0.03,0
1548,Lasioglossum sp.,Cirsium foliosum,0.0,0.23,0
1549,Lasioglossum sp. 2,Cirsium foliosum,0.0,0.24,0
1550,Lasioglossum titusi,Cirsium foliosum,0.0,0.1,0
1551,Megachile apicalis,Cirsium foliosum,0.0,0.07,0
1552,Megachile nevadensis,Cirsium foliosum,0.0,0.03,0
1553,Megachile onobrychidis,Cirsium foliosum,0.0,0.28,0
1554,Megachile perihirta,Cirsium foliosum,0.0,0.27,0
1555,Melissodes bimatris,Cirsium foliosum,0.0,0.1,0
1556,Melissodes lupinus,Cirsium foliosum,0.0,0.08,0
1557,Melissodes lutulentus,Cirsium foliosum,0.0,0.08,0
1558,Melissodes microstictus,Cirsium foliosum,0.0,0.12,0
1559,Melissodes pallidisignatus,Cirsium foliosum,0.0,0.1,0
1560,Melissodes rivalis,Cirsium foliosum,1.0,0.19,0
1561,Melissodes subagilis,Cirsium foliosum,0.0,0.07,0
1562,Osmia atrocyanea,Cirsium foliosum,0.0,0.07,0
1563,Osmia brevis,Cirsium foliosum,0.0,0.03,0
1564,Osmia bucephala,Cirsium foliosum,0.0,0.07,0
1565,Osmia integra,Cirsium foliosum,0.0,0.07,0
1566,Osmia juxta,Cirsium foliosum,0.0,0.16,0
1567,Osmia raritatis,Cirsium foliosum,0.0,0.12,0
1568,Osmia sp. 2,Cirsium foliosum,0.0,0.07,0
1569,Panurginus torchio,Cirsium foliosum,0.0,0.09,0
1570,Perdita wyomingensis,Cirsium foliosum,0.0,0.07,0
1571,Sphecodes sp.,Cirsium foliosum,0.0,0.03,0
1572,Svastra obliqua,Cirsium foliosum,0.0,0.07,0
1573,Triepeolus paenepectoralis,Cirsium foliosum,0.0,0.1,0
1574,Xeromelecta californica,Cirsium foliosum,0.0,0.03,0
1575,Agapostemon femoratus,Cirsium scariosum,0.0,0.2,0
1576,Agapostemon texanus,Cirsium scariosum,0.0,0.19,0
1577,Andrena astragali,Cirsium scariosum,0.0,0.11,0
1578,Andrena barbilabris,Cirsium scariosum,0.0,0.05,0
1579,Andrena cyanophila,Cirsium scariosum,0.0,0.14,0
1580,Andrena melanochroa,Cirsium scariosum,0.0,0.12,0
1581,Andrena nigrocaerulea,Cirsium scariosum,0.0,0.08,0
1582,Andrena nivalis,Cirsium scariosum,0.0,0.03,0
1583,Andrena pallidifovea,Cirsium scariosum,0.0,0.15,0
1584,Andrena prunorum,Cirsium scariosum,0.0,0.27,0
1585,Andrena sp. 1,Cirsium scariosum,0.0,0.03,0
1586,Andrena sp. A,Cirsium scariosum,0.0,0.05,0
1587,Andrena transnigra,Cirsium scariosum,0.0,0.09,0
1588,Andrena vicinoides,Cirsium scariosum,0.0,0.03,0
1589,Anthophora bomboides,Cirsium scariosum,0.0,0.05,0
1590,Anthophora curta,Cirsium scariosum,0.0,0.09,0
1591,Anthophora pacifica,Cirsium scariosum,0.0,0.03,0
1592,Anthophora urbana,Cirsium scariosum,0.0,0.24,0
1593,Bombus appositus,Cirsium scariosum,0.0,0.26,0
1594,Bombus bifarius,Cirsium scariosum,0.0,0.46,0
1595,Bombus californicus,Cirsium scariosum,1.0,0.5,0
1596,Bombus centralis,Cirsium scariosum,0.0,0.34,0
1597,Bombus fernaldae,Cirsium scariosum,0.0,0.06,0
1598,Bombus fervidus,Cirsium scariosum,0.0,0.05,0
1599,Bombus flavifrons,Cirsium scariosum,0.0,0.47,0
1600,Bombus griseocollis,Cirsium scariosum,0.0,0.12,0
1601,Bombus huntii,Cirsium scariosum,0.0,0.23,0
1602,Bombus insularis,Cirsium scariosum,0.0,0.2,0
1603,Bombus mixtus,Cirsium scariosum,0.0,0.2,0
1604,Bombus nevadensis,Cirsium scariosum,0.0,0.24,0
1605,Bombus rufocinctus,Cirsium scariosum,0.0,0.21,0
1606,Bombus vosnesenskii,Cirsium scariosum,0.0,0.2,0
1607,Coelioxys rufitarsis,Cirsium scariosum,1.0,0.23,0
1608,Colletes phaceliae,Cirsium scariosum,0.0,0.17,0
1609,Diadasia nigrifrons,Cirsium scariosum,0.0,0.12,0
1610,Halictus farinosus,Cirsium scariosum,0.0,0.29,0
1611,Halictus ligatus,Cirsium scariosum,0.0,0.26,0
1612,Halictus rubicundus,Cirsium scariosum,0.0,0.23,0
1613,Halictus tripartitus,Cirsium scariosum,0.0,0.16,0
1614,Hylaeus verticalis,Cirsium scariosum,0.0,0.14,0
1615,Lasioglossum albipenne,Cirsium scariosum,0.0,0.03,0
1616,Lasioglossum cooleyi,Cirsium scariosum,0.0,0.06,0
1617,Lasioglossum incompletum,Cirsium scariosum,0.0,0.27,0
1618,Lasioglossum laevissimum,Cirsium scariosum,0.0,0.1,0
1619,Lasioglossum nevadense,Cirsium scariosum,0.0,0.07,0
1620,Lasioglossum olympiae,Cirsium scariosum,0.0,0.31,0
1621,Lasioglossum ovaliceps,Cirsium scariosum,0.0,0.05,0
1622,Lasioglossum sedi,Cirsium scariosum,0.0,0.03,0
1623,Lasioglossum sp.,Cirsium scariosum,0.0,0.19,0
1624,Lasioglossum sp. 2,Cirsium scariosum,0.0,0.22,0
1625,Lasioglossum titusi,Cirsium scariosum,0.0,0.11,0
1626,Megachile apicalis,Cirsium scariosum,0.0,0.05,0
1627,Megachile nevadensis,Cirsium scariosum,0.0,0.03,0
1628,Megachile onobrychidis,Cirsium scariosum,0.0,0.25,0
1629,Megachile perihirta,Cirsium scariosum,0.0,0.24,0
1630,Melissodes bimatris,Cirsium scariosum,0.0,0.09,0
1631,Melissodes lupinus,Cirsium scariosum,0.0,0.07,0
1632,Melissodes lutulentus,Cirsium scariosum,0.0,0.05,0
1633,Melissodes microstictus,Cirsium scariosum,0.0,0.12,0
1634,Melissodes pallidisignatus,Cirsium scariosum,0.0,0.09,0
1635,Melissodes rivalis,Cirsium scariosum,0.0,0.05,0
1636,Melissodes subagilis,Cirsium scariosum,0.0,0.05,0
1637,Osmia atrocyanea,Cirsium scariosum,0.0,0.05,0
1638,Osmia brevis,Cirsium scariosum,0.0,0.03,0
1639,Osmia bucephala,Cirsium scariosum,0.0,0.05,0
1640,Osmia integra,Cirsium scariosum,0.0,0.05,0
1641,Osmia juxta,Cirsium scariosum,0.0,0.14,0
1642,Osmia raritatis,Cirsium scariosum,0.0,0.1,0
1643,Osmia sp. 2,Cirsium scariosum,0.0,0.06,0
1644,Panurginus torchio,Cirsium scariosum,0.0,0.08,0
1645,Perdita wyomingensis,Cirsium scariosum,0.0,0.05,0
1646,Sphecodes sp.,Cirsium scariosum,0.0,0.03,0
1647,Svastra obliqua,Cirsium scariosum,0.0,0.05,0
1648,Triepeolus paenepectoralis,Cirsium scariosum,0.0,0.1,0
1649,Xeromelecta californica,Cirsium scariosum,0.0,0.03,0
1650,Agapostemon femoratus,Cirsium sp.,0.0,0.23,0
1651,Agapostemon texanus,Cirsium sp.,0.0,0.19,0
1652,Andrena astragali,Cirsium sp.,0.0,0.13,0
1653,Andrena barbilabris,Cirsium sp.,0.0,0.08,0
1654,Andrena cyanophila,Cirsium sp.,0.0,0.15,0
1655,Andrena melanochroa,Cirsium sp.,0.0,0.13,0
1656,Andrena nigrocaerulea,Cirsium sp.,0.0,0.09,0
1657,Andrena nivalis,Cirsium sp.,0.0,0.03,0
1658,Andrena pallidifovea,Cirsium sp.,0.0,0.14,0
1659,Andrena prunorum,Cirsium sp.,0.0,0.31,0
1660,Andrena sp. 1,Cirsium sp.,0.0,0.03,0
1661,Andrena sp. A,Cirsium sp.,0.0,0.08,0
1662,Andrena transnigra,Cirsium sp.,0.0,0.1,0
1663,Andrena vicinoides,Cirsium sp.,0.0,0.03,0
1664,Anthophora bomboides,Cirsium sp.,0.0,0.07,0
1665,Anthophora curta,Cirsium sp.,0.0,0.1,0
1666,Anthophora pacifica,Cirsium sp.,0.0,0.03,0
1667,Anthophora urbana,Cirsium sp.,0.0,0.26,0
1668,Bombus appositus,Cirsium sp.,0.0,0.28,0
1669,Bombus bifarius,Cirsium sp.,0.0,0.49,0
1670,Bombus californicus,Cirsium sp.,1.0,0.53,1
1671,Bombus centralis,Cirsium sp.,0.0,0.36,0
1672,Bombus fernaldae,Cirsium sp.,0.0,0.08,0
1673,Bombus fervidus,Cirsium sp.,0.0,0.07,0
1674,Bombus flavifrons,Cirsium sp.,0.0,0.5,0
1675,Bombus griseocollis,Cirsium sp.,0.0,0.13,0
1676,Bombus huntii,Cirsium sp.,0.0,0.26,0
1677,Bombus insularis,Cirsium sp.,0.0,0.23,0
1678,Bombus mixtus,Cirsium sp.,0.0,0.22,0
1679,Bombus nevadensis,Cirsium sp.,0.0,0.27,0
1680,Bombus rufocinctus,Cirsium sp.,0.0,0.24,0
1681,Bombus vosnesenskii,Cirsium sp.,0.0,0.23,0
1682,Coelioxys rufitarsis,Cirsium sp.,0.0,0.24,0
1683,Colletes phaceliae,Cirsium sp.,0.0,0.18,0
1684,Diadasia nigrifrons,Cirsium sp.,0.0,0.12,0
1685,Halictus farinosus,Cirsium sp.,0.0,0.33,0
1686,Halictus ligatus,Cirsium sp.,0.0,0.29,0
1687,Halictus rubicundus,Cirsium sp.,0.0,0.26,0
1688,Halictus tripartitus,Cirsium sp.,0.0,0.18,0
1689,Hylaeus verticalis,Cirsium sp.,0.0,0.13,0
1690,Lasioglossum albipenne,Cirsium sp.,0.0,0.03,0
1691,Lasioglossum cooleyi,Cirsium sp.,0.0,0.07,0
1692,Lasioglossum incompletum,Cirsium sp.,0.0,0.29,0
1693,Lasioglossum laevissimum,Cirsium sp.,0.0,0.11,0
1694,Lasioglossum nevadense,Cirsium sp.,0.0,0.09,0
1695,Lasioglossum olympiae,Cirsium sp.,0.0,0.33,0
1696,Lasioglossum ovaliceps,Cirsium sp.,0.0,0.07,0
1697,Lasioglossum sedi,Cirsium sp.,0.0,0.03,0
1698,Lasioglossum sp.,Cirsium sp.,0.0,0.23,0
1699,Lasioglossum sp. 2,Cirsium sp.,0.0,0.24,0
1700,Lasioglossum titusi,Cirsium sp.,0.0,0.1,0
1701,Megachile apicalis,Cirsium sp.,0.0,0.07,0
1702,Megachile nevadensis,Cirsium sp.,0.0,0.03,0
1703,Megachile onobrychidis,Cirsium sp.,0.0,0.28,0
1704,Megachile perihirta,Cirsium sp.,0.0,0.27,0
1705,Melissodes bimatris,Cirsium sp.,0.0,0.1,0
1706,Melissodes lupinus,Cirsium sp.,0.0,0.08,0
1707,Melissodes lutulentus,Cirsium sp.,0.0,0.08,0
1708,Melissodes microstictus,Cirsium sp.,0.0,0.12,0
1709,Melissodes pallidisignatus,Cirsium sp.,0.0,0.1,0
1710,Melissodes rivalis,Cirsium sp.,1.0,0.19,0
1711,Melissodes subagilis,Cirsium sp.,0.0,0.07,0
1712,Osmia atrocyanea,Cirsium sp.,0.0,0.07,0
1713,Osmia brevis,Cirsium sp.,0.0,0.03,0
1714,Osmia bucephala,Cirsium sp.,0.0,0.07,0
1715,Osmia integra,Cirsium sp.,0.0,0.07,0
1716,Osmia juxta,Cirsium sp.,0.0,0.16,0
1717,Osmia raritatis,Cirsium sp.,0.0,0.12,0
1718,Osmia sp. 2,Cirsium sp.,0.0,0.07,0
1719,Panurginus torchio,Cirsium sp.,0.0,0.09,0
1720,Perdita wyomingensis,Cirsium sp.,0.0,0.07,0
1721,Sphecodes sp.,Cirsium sp.,0.0,0.03,0
1722,Svastra obliqua,Cirsium sp.,0.0,0.07,0
1723,Triepeolus paenepectoralis,Cirsium sp.,0.0,0.1,0
1724,Xeromelecta californica,Cirsium sp.,0.0,0.03,0
1725,Agapostemon femoratus,Cirsium vulgare,0.0,0.44,0
1726,Agapostemon texanus,Cirsium vulgare,0.0,0.36,0
1727,Andrena astragali,Cirsium vulgare,0.0,0.26,0
1728,Andrena barbilabris,Cirsium vulgare,0.0,0.24,0
1729,Andrena cyanophila,Cirsium vulgare,0.0,0.33,0
1730,Andrena melanochroa,Cirsium vulgare,0.0,0.32,0
1731,Andrena nigrocaerulea,Cirsium vulgare,0.0,0.25,0
1732,Andrena nivalis,Cirsium vulgare,0.0,0.06,0
1733,Andrena pallidifovea,Cirsium vulgare,0.0,0.27,0
1734,Andrena prunorum,Cirsium vulgare,0.0,0.47,0
1735,Andrena sp. 1,Cirsium vulgare,0.0,0.06,0
1736,Andrena sp. A,Cirsium vulgare,0.0,0.24,0
1737,Andrena transnigra,Cirsium vulgare,0.0,0.26,0
1738,Andrena vicinoides,Cirsium vulgare,0.0,0.06,0
1739,Anthophora bomboides,Cirsium vulgare,0.0,0.22,0
1740,Anthophora curta,Cirsium vulgare,0.0,0.27,0
1741,Anthophora pacifica,Cirsium vulgare,0.0,0.06,0
1742,Anthophora urbana,Cirsium vulgare,1.0,0.42,0
1743,Bombus appositus,Cirsium vulgare,1.0,0.51,1
1744,Bombus bifarius,Cirsium vulgare,1.0,0.67,1
1745,Bombus californicus,Cirsium vulgare,1.0,0.67,1
1746,Bombus centralis,Cirsium vulgare,1.0,0.54,1
1747,Bombus fernaldae,Cirsium vulgare,0.0,0.21,0
1748,Bombus fervidus,Cirsium vulgare,0.0,0.23,0
1749,Bombus flavifrons,Cirsium vulgare,0.0,0.67,1
1750,Bombus griseocollis,Cirsium vulgare,0.0,0.33,0
1751,Bombus huntii,Cirsium vulgare,0.0,0.42,0
1752,Bombus insularis,Cirsium vulgare,0.0,0.4,0
1753,Bombus mixtus,Cirsium vulgare,0.0,0.43,0
1754,Bombus nevadensis,Cirsium vulgare,0.0,0.42,0
1755,Bombus rufocinctus,Cirsium vulgare,0.0,0.4,0
1756,Bombus vosnesenskii,Cirsium vulgare,1.0,0.47,0
1757,Coelioxys rufitarsis,Cirsium vulgare,1.0,0.39,0
1758,Colletes phaceliae,Cirsium vulgare,0.0,0.33,0
1759,Diadasia nigrifrons,Cirsium vulgare,0.0,0.23,0
1760,Halictus farinosus,Cirsium vulgare,0.0,0.46,0
1761,Halictus ligatus,Cirsium vulgare,0.0,0.48,0
1762,Halictus rubicundus,Cirsium vulgare,0.0,0.42,0
1763,Halictus tripartitus,Cirsium vulgare,1.0,0.33,0
1764,Hylaeus verticalis,Cirsium vulgare,0.0,0.24,0
1765,Lasioglossum albipenne,Cirsium vulgare,0.0,0.06,0
1766,Lasioglossum cooleyi,Cirsium vulgare,0.0,0.21,0
1767,Lasioglossum incompletum,Cirsium vulgare,0.0,0.45,0
1768,Lasioglossum laevissimum,Cirsium vulgare,0.0,0.3,0
1769,Lasioglossum nevadense,Cirsium vulgare,0.0,0.26,0
1770,Lasioglossum olympiae,Cirsium vulgare,0.0,0.46,0
1771,Lasioglossum ovaliceps,Cirsium vulgare,0.0,0.21,0
1772,Lasioglossum sedi,Cirsium vulgare,0.0,0.06,0
1773,Lasioglossum sp.,Cirsium vulgare,0.0,0.42,0
1774,Lasioglossum sp. 2,Cirsium vulgare,0.0,0.4,0
1775,Lasioglossum titusi,Cirsium vulgare,0.0,0.24,0
1776,Megachile apicalis,Cirsium vulgare,0.0,0.2,0
1777,Megachile nevadensis,Cirsium vulgare,0.0,0.06,0
1778,Megachile onobrychidis,Cirsium vulgare,0.0,0.46,0
1779,Megachile perihirta,Cirsium vulgare,1.0,0.44,0
1780,Melissodes bimatris,Cirsium vulgare,0.0,0.27,0
1781,Melissodes lupinus,Cirsium vulgare,0.0,0.24,0
1782,Melissodes lutulentus,Cirsium vulgare,0.0,0.21,0
1783,Melissodes microstictus,Cirsium vulgare,0.0,0.22,0
1784,Melissodes pallidisignatus,Cirsium vulgare,0.0,0.27,0
1785,Melissodes rivalis,Cirsium vulgare,0.0,0.17,0
1786,Melissodes subagilis,Cirsium vulgare,0.0,0.22,0
1787,Osmia atrocyanea,Cirsium vulgare,0.0,0.22,0
1788,Osmia brevis,Cirsium vulgare,0.0,0.06,0
1789,Osmia bucephala,Cirsium vulgare,0.0,0.23,0
1790,Osmia integra,Cirsium vulgare,0.0,0.22,0
1791,Osmia juxta,Cirsium vulgare,0.0,0.38,0
1792,Osmia raritatis,Cirsium vulgare,0.0,0.29,0
1793,Osmia sp. 2,Cirsium vulgare,0.0,0.23,0
1794,Panurginus torchio,Cirsium vulgare,0.0,0.25,0
1795,Perdita wyomingensis,Cirsium vulgare,0.0,0.22,0
1796,Sphecodes sp.,Cirsium vulgare,0.0,0.08,0
1797,Svastra obliqua,Cirsium vulgare,0.0,0.2,0
1798,Triepeolus paenepectoralis,Cirsium vulgare,0.0,0.28,0
1799,Xeromelecta californica,Cirsium vulgare,0.0,0.06,0
1800,Agapostemon femoratus,Cornus canadensis,0.0,0.2,0
1801,Agapostemon texanus,Cornus canadensis,0.0,0.16,0
1802,Andrena astragali,Cornus canadensis,0.0,0.13,0
1803,Andrena barbilabris,Cornus canadensis,1.0,0.11,0
1804,Andrena cyanophila,Cornus canadensis,0.0,0.16,0
1805,Andrena melanochroa,Cornus canadensis,0.0,0.13,0
1806,Andrena nigrocaerulea,Cornus canadensis,0.0,0.07,0
1807,Andrena nivalis,Cornus canadensis,0.0,0.03,0
1808,Andrena pallidifovea,Cornus canadensis,0.0,0.14,0
1809,Andrena prunorum,Cornus canadensis,0.0,0.26,0
1810,Andrena sp. 1,Cornus canadensis,0.0,0.03,0
1811,Andrena sp. A,Cornus canadensis,0.0,0.06,0
1812,Andrena transnigra,Cornus canadensis,0.0,0.07,0
1813,Andrena vicinoides,Cornus canadensis,0.0,0.03,0
1814,Anthophora bomboides,Cornus canadensis,0.0,0.04,0
1815,Anthophora curta,Cornus canadensis,0.0,0.07,0
1816,Anthophora pacifica,Cornus canadensis,0.0,0.03,0
1817,Anthophora urbana,Cornus canadensis,0.0,0.21,0
1818,Bombus appositus,Cornus canadensis,0.0,0.26,0
1819,Bombus bifarius,Cornus canadensis,0.0,0.46,0
1820,Bombus californicus,Cornus canadensis,0.0,0.46,0
1821,Bombus centralis,Cornus canadensis,0.0,0.38,0
1822,Bombus fernaldae,Cornus canadensis,0.0,0.05,0
1823,Bombus fervidus,Cornus canadensis,0.0,0.04,0
1824,Bombus flavifrons,Cornus canadensis,0.0,0.46,0
1825,Bombus griseocollis,Cornus canadensis,0.0,0.11,0
1826,Bombus huntii,Cornus canadensis,0.0,0.22,0
1827,Bombus insularis,Cornus canadensis,0.0,0.17,0
1828,Bombus mixtus,Cornus canadensis,0.0,0.21,0
1829,Bombus nevadensis,Cornus canadensis,0.0,0.21,0
1830,Bombus rufocinctus,Cornus canadensis,0.0,0.18,0
1831,Bombus vosnesenskii,Cornus canadensis,0.0,0.21,0
1832,Coelioxys rufitarsis,Cornus canadensis,0.0,0.21,0
1833,Colletes phaceliae,Cornus canadensis,0.0,0.15,0
1834,Diadasia nigrifrons,Cornus canadensis,0.0,0.12,0
1835,Halictus farinosus,Cornus canadensis,0.0,0.23,0
1836,Halictus ligatus,Cornus canadensis,0.0,0.28,0
1837,Halictus rubicundus,Cornus canadensis,0.0,0.2,0
1838,Halictus tripartitus,Cornus canadensis,0.0,0.17,0
1839,Hylaeus verticalis,Cornus canadensis,0.0,0.13,0
1840,Lasioglossum albipenne,Cornus canadensis,0.0,0.03,0
1841,Lasioglossum cooleyi,Cornus canadensis,0.0,0.04,0
1842,Lasioglossum incompletum,Cornus canadensis,0.0,0.26,0
1843,Lasioglossum laevissimum,Cornus canadensis,0.0,0.1,0
1844,Lasioglossum nevadense,Cornus canadensis,0.0,0.06,0
1845,Lasioglossum olympiae,Cornus canadensis,1.0,0.33,0
1846,Lasioglossum ovaliceps,Cornus canadensis,0.0,0.05,0
1847,Lasioglossum sedi,Cornus canadensis,0.0,0.03,0
1848,Lasioglossum sp.,Cornus canadensis,0.0,0.21,0
1849,Lasioglossum sp. 2,Cornus canadensis,0.0,0.22,0
1850,Lasioglossum titusi,Cornus canadensis,0.0,0.09,0
1851,Megachile apicalis,Cornus canadensis,0.0,0.04,0
1852,Megachile nevadensis,Cornus canadensis,0.0,0.03,0
1853,Megachile onobrychidis,Cornus canadensis,0.0,0.23,0
1854,Megachile perihirta,Cornus canadensis,0.0,0.25,0
1855,Melissodes bimatris,Cornus canadensis,0.0,0.07,0
1856,Melissodes lupinus,Cornus canadensis,0.0,0.05,0
1857,Melissodes lutulentus,Cornus canadensis,0.0,0.05,0
1858,Melissodes microstictus,Cornus canadensis,0.0,0.12,0
1859,Melissodes pallidisignatus,Cornus canadensis,0.0,0.07,0
1860,Melissodes rivalis,Cornus canadensis,0.0,0.05,0
1861,Melissodes subagilis,Cornus canadensis,0.0,0.04,0
1862,Osmia atrocyanea,Cornus canadensis,0.0,0.04,0
1863,Osmia brevis,Cornus canadensis,0.0,0.03,0
1864,Osmia bucephala,Cornus canadensis,0.0,0.04,0
1865,Osmia integra,Cornus canadensis,0.0,0.04,0
1866,Osmia juxta,Cornus canadensis,0.0,0.13,0
1867,Osmia raritatis,Cornus canadensis,0.0,0.08,0
1868,Osmia sp. 2,Cornus canadensis,0.0,0.04,0
1869,Panurginus torchio,Cornus canadensis,0.0,0.07,0
1870,Perdita wyomingensis,Cornus canadensis,0.0,0.05,0
1871,Sphecodes sp.,Cornus canadensis,0.0,0.03,0
1872,Svastra obliqua,Cornus canadensis,0.0,0.04,0
1873,Triepeolus paenepectoralis,Cornus canadensis,0.0,0.07,0
1874,Xeromelecta californica,Cornus canadensis,0.0,0.03,0
1875,Agapostemon femoratus,Crataegus monogyna,0.0,0.05,0
1876,Agapostemon texanus,Crataegus monogyna,0.0,0.05,0
1877,Andrena astragali,Crataegus monogyna,0.0,0.05,0
1878,Andrena barbilabris,Crataegus monogyna,0.0,0.03,0
1879,Andrena cyanophila,Crataegus monogyna,0.0,0.04,0
1880,Andrena melanochroa,Crataegus monogyna,0.0,0.04,0
1881,Andrena nigrocaerulea,Crataegus monogyna,0.0,0.03,0
1882,Andrena nivalis,Crataegus monogyna,0.0,0.02,0
1883,Andrena pallidifovea,Crataegus monogyna,0.0,0.04,0
1884,Andrena prunorum,Crataegus monogyna,0.0,0.06,0
1885,Andrena sp. 1,Crataegus monogyna,0.0,0.02,0
1886,Andrena sp. A,Crataegus monogyna,0.0,0.03,0
1887,Andrena transnigra,Crataegus monogyna,0.0,0.03,0
1888,Andrena vicinoides,Crataegus monogyna,0.0,0.02,0
1889,Anthophora bomboides,Crataegus monogyna,0.0,0.03,0
1890,Anthophora curta,Crataegus monogyna,0.0,0.04,0
1891,Anthophora pacifica,Crataegus monogyna,0.0,0.02,0
1892,Anthophora urbana,Crataegus monogyna,0.0,0.06,0
1893,Bombus appositus,Crataegus monogyna,0.0,0.04,0
1894,Bombus bifarius,Crataegus monogyna,0.0,0.07,0
1895,Bombus californicus,Crataegus monogyna,0.0,0.07,0
1896,Bombus centralis,Crataegus monogyna,0.0,0.07,0
1897,Bombus fernaldae,Crataegus monogyna,0.0,0.03,0
1898,Bombus fervidus,Crataegus monogyna,0.0,0.03,0
1899,Bombus flavifrons,Crataegus monogyna,0.0,0.07,0
1900,Bombus griseocollis,Crataegus monogyna,0.0,0.05,0
1901,Bombus huntii,Crataegus monogyna,0.0,0.05,0
1902,Bombus insularis,Crataegus monogyna,0.0,0.04,0
1903,Bombus mixtus,Crataegus monogyna,1.0,0.61,1
1904,Bombus nevadensis,Crataegus monogyna,0.0,0.05,0
1905,Bombus rufocinctus,Crataegus monogyna,0.0,0.05,0
1906,Bombus vosnesenskii,Crataegus monogyna,0.0,0.04,0
1907,Coelioxys rufitarsis,Crataegus monogyna,0.0,0.05,0
1908,Colletes phaceliae,Crataegus monogyna,0.0,0.04,0
1909,Diadasia nigrifrons,Crataegus monogyna,0.0,0.05,0
1910,Halictus farinosus,Crataegus monogyna,0.0,0.05,0
1911,Halictus ligatus,Crataegus monogyna,0.0,0.04,0
1912,Halictus rubicundus,Crataegus monogyna,0.0,0.05,0
1913,Halictus tripartitus,Crataegus monogyna,0.0,0.04,0
1914,Hylaeus verticalis,Crataegus monogyna,0.0,0.04,0
1915,Lasioglossum albipenne,Crataegus monogyna,0.0,0.02,0
1916,Lasioglossum cooleyi,Crataegus monogyna,0.0,0.03,0
1917,Lasioglossum incompletum,Crataegus monogyna,0.0,0.05,0
1918,Lasioglossum laevissimum,Crataegus monogyna,0.0,0.03,0
1919,Lasioglossum nevadense,Crataegus monogyna,0.0,0.03,0
1920,Lasioglossum olympiae,Crataegus monogyna,0.0,0.05,0
1921,Lasioglossum ovaliceps,Crataegus monogyna,0.0,0.03,0
1922,Lasioglossum sedi,Crataegus monogyna,0.0,0.02,0
1923,Lasioglossum sp.,Crataegus monogyna,0.0,0.06,0
1924,Lasioglossum sp. 2,Crataegus monogyna,0.0,0.04,0
1925,Lasioglossum titusi,Crataegus monogyna,0.0,0.04,0
1926,Megachile apicalis,Crataegus monogyna,0.0,0.03,0
1927,Megachile nevadensis,Crataegus monogyna,0.0,0.02,0
1928,Megachile onobrychidis,Crataegus monogyna,0.0,0.06,0
1929,Megachile perihirta,Crataegus monogyna,0.0,0.06,0
1930,Melissodes bimatris,Crataegus monogyna,0.0,0.04,0
1931,Melissodes lupinus,Crataegus monogyna,0.0,0.03,0
1932,Melissodes lutulentus,Crataegus monogyna,0.0,0.03,0
1933,Melissodes microstictus,Crataegus monogyna,0.0,0.05,0
1934,Melissodes pallidisignatus,Crataegus monogyna,0.0,0.04,0
1935,Melissodes rivalis,Crataegus monogyna,0.0,0.03,0
1936,Melissodes subagilis,Crataegus monogyna,0.0,0.03,0
1937,Osmia atrocyanea,Crataegus monogyna,0.0,0.03,0
1938,Osmia brevis,Crataegus monogyna,0.0,0.02,0
1939,Osmia bucephala,Crataegus monogyna,0.0,0.03,0
1940,Osmia integra,Crataegus monogyna,0.0,0.03,0
1941,Osmia juxta,Crataegus monogyna,0.0,0.04,0
1942,Osmia raritatis,Crataegus monogyna,0.0,0.04,0
1943,Osmia sp. 2,Crataegus monogyna,0.0,0.03,0
1944,Panurginus torchio,Crataegus monogyna,0.0,0.03,0
1945,Perdita wyomingensis,Crataegus monogyna,0.0,0.03,0
1946,Sphecodes sp.,Crataegus monogyna,0.0,0.02,0
1947,Svastra obliqua,Crataegus monogyna,0.0,0.03,0
1948,Triepeolus paenepectoralis,Crataegus monogyna,0.0,0.03,0
1949,Xeromelecta californica,Crataegus monogyna,0.0,0.02,0
1950,Agapostemon femoratus,Crepis occidentalis,0.0,0.24,0
1951,Agapostemon texanus,Crepis occidentalis,0.0,0.2,0
1952,Andrena astragali,Crepis occidentalis,0.0,0.14,0
1953,Andrena barbilabris,Crepis occidentalis,0.0,0.09,0
1954,Andrena cyanophila,Crepis occidentalis,0.0,0.18,0
1955,Andrena melanochroa,Crepis occidentalis,0.0,0.16,0
1956,Andrena nigrocaerulea,Crepis occidentalis,0.0,0.11,0
1957,Andrena nivalis,Crepis occidentalis,0.0,0.04,0
1958,Andrena pallidifovea,Crepis occidentalis,0.0,0.15,0
1959,Andrena prunorum,Crepis occidentalis,0.0,0.31,0
1960,Andrena sp. 1,Crepis occidentalis,0.0,0.03,0
1961,Andrena sp. A,Crepis occidentalis,0.0,0.09,0
1962,Andrena transnigra,Crepis occidentalis,0.0,0.12,0
1963,Andrena vicinoides,Crepis occidentalis,0.0,0.03,0
1964,Anthophora bomboides,Crepis occidentalis,0.0,0.08,0
1965,Anthophora curta,Crepis occidentalis,0.0,0.1,0
1966,Anthophora pacifica,Crepis occidentalis,0.0,0.03,0
1967,Anthophora urbana,Crepis occidentalis,0.0,0.26,0
1968,Bombus appositus,Crepis occidentalis,0.0,0.31,0
1969,Bombus bifarius,Crepis occidentalis,0.0,0.54,1
1970,Bombus californicus,Crepis occidentalis,1.0,0.52,1
1971,Bombus centralis,Crepis occidentalis,0.0,0.41,0
1972,Bombus fernaldae,Crepis occidentalis,0.0,0.09,0
1973,Bombus fervidus,Crepis occidentalis,0.0,0.08,0
1974,Bombus flavifrons,Crepis occidentalis,1.0,0.51,1
1975,Bombus griseocollis,Crepis occidentalis,0.0,0.14,0
1976,Bombus huntii,Crepis occidentalis,0.0,0.26,0
1977,Bombus insularis,Crepis occidentalis,0.0,0.23,0
1978,Bombus mixtus,Crepis occidentalis,0.0,0.24,0
1979,Bombus nevadensis,Crepis occidentalis,0.0,0.26,0
1980,Bombus rufocinctus,Crepis occidentalis,0.0,0.25,0
1981,Bombus vosnesenskii,Crepis occidentalis,0.0,0.25,0
1982,Coelioxys rufitarsis,Crepis occidentalis,0.0,0.24,0
1983,Colletes phaceliae,Crepis occidentalis,0.0,0.19,0
1984,Diadasia nigrifrons,Crepis occidentalis,0.0,0.14,0
1985,Halictus farinosus,Crepis occidentalis,0.0,0.33,0
1986,Halictus ligatus,Crepis occidentalis,0.0,0.29,0
1987,Halictus rubicundus,Crepis occidentalis,0.0,0.25,0
1988,Halictus tripartitus,Crepis occidentalis,0.0,0.19,0
1989,Hylaeus verticalis,Crepis occidentalis,0.0,0.15,0
1990,Lasioglossum albipenne,Crepis occidentalis,0.0,0.03,0
1991,Lasioglossum cooleyi,Crepis occidentalis,0.0,0.09,0
1992,Lasioglossum incompletum,Crepis occidentalis,0.0,0.28,0
1993,Lasioglossum laevissimum,Crepis occidentalis,0.0,0.14,0
1994,Lasioglossum nevadense,Crepis occidentalis,0.0,0.1,0
1995,Lasioglossum olympiae,Crepis occidentalis,0.0,0.33,0
1996,Lasioglossum ovaliceps,Crepis occidentalis,0.0,0.08,0
1997,Lasioglossum sedi,Crepis occidentalis,0.0,0.04,0
1998,Lasioglossum sp.,Crepis occidentalis,0.0,0.23,0
1999,Lasioglossum sp. 2,Crepis occidentalis,0.0,0.24,0
2000,Lasioglossum titusi,Crepis occidentalis,0.0,0.11,0
2001,Megachile apicalis,Crepis occidentalis,0.0,0.07,0
2002,Megachile nevadensis,Crepis occidentalis,0.0,0.04,0
2003,Megachile onobrychidis,Crepis occidentalis,0.0,0.27,0
2004,Megachile perihirta,Crepis occidentalis,1.0,0.26,0
2005,Melissodes bimatris,Crepis occidentalis,0.0,0.1,0
2006,Melissodes lupinus,Crepis occidentalis,0.0,0.1,0
2007,Melissodes lutulentus,Crepis occidentalis,0.0,0.07,0
2008,Melissodes microstictus,Crepis occidentalis,0.0,0.13,0
2009,Melissodes pallidisignatus,Crepis occidentalis,0.0,0.1,0
2010,Melissodes rivalis,Crepis occidentalis,0.0,0.08,0
2011,Melissodes subagilis,Crepis occidentalis,0.0,0.08,0
2012,Osmia atrocyanea,Crepis occidentalis,0.0,0.08,0
2013,Osmia brevis,Crepis occidentalis,0.0,0.03,0
2014,Osmia bucephala,Crepis occidentalis,0.0,0.09,0
2015,Osmia integra,Crepis occidentalis,0.0,0.09,0
2016,Osmia juxta,Crepis occidentalis,0.0,0.18,0
2017,Osmia raritatis,Crepis occidentalis,0.0,0.14,0
2018,Osmia sp. 2,Crepis occidentalis,0.0,0.09,0
2019,Panurginus torchio,Crepis occidentalis,0.0,0.11,0
2020,Perdita wyomingensis,Crepis occidentalis,0.0,0.08,0
2021,Sphecodes sp.,Crepis occidentalis,0.0,0.04,0
2022,Svastra obliqua,Crepis occidentalis,0.0,0.07,0
2023,Triepeolus paenepectoralis,Crepis occidentalis,0.0,0.11,0
2024,Xeromelecta californica,Crepis occidentalis,0.0,0.04,0
2025,Agapostemon femoratus,Cryptantha ambigua,0.0,0.04,0
2026,Agapostemon texanus,Cryptantha ambigua,0.0,0.05,0
2027,Andrena astragali,Cryptantha ambigua,0.0,0.04,0
2028,Andrena barbilabris,Cryptantha ambigua,0.0,0.03,0
2029,Andrena cyanophila,Cryptantha ambigua,0.0,0.04,0
2030,Andrena melanochroa,Cryptantha ambigua,0.0,0.04,0
2031,Andrena nigrocaerulea,Cryptantha ambigua,0.0,0.03,0
2032,Andrena nivalis,Cryptantha ambigua,0.0,0.02,0
2033,Andrena pallidifovea,Cryptantha ambigua,0.0,0.05,0
2034,Andrena prunorum,Cryptantha ambigua,0.0,0.05,0
2035,Andrena sp. 1,Cryptantha ambigua,0.0,0.02,0
2036,Andrena sp. A,Cryptantha ambigua,0.0,0.03,0
2037,Andrena transnigra,Cryptantha ambigua,0.0,0.03,0
2038,Andrena vicinoides,Cryptantha ambigua,0.0,0.02,0
2039,Anthophora bomboides,Cryptantha ambigua,0.0,0.02,0
2040,Anthophora curta,Cryptantha ambigua,0.0,0.03,0
2041,Anthophora pacifica,Cryptantha ambigua,0.0,0.02,0
2042,Anthophora urbana,Cryptantha ambigua,0.0,0.05,0
2043,Bombus appositus,Cryptantha ambigua,0.0,0.04,0
2044,Bombus bifarius,Cryptantha ambigua,0.0,0.07,0
2045,Bombus californicus,Cryptantha ambigua,0.0,0.07,0
2046,Bombus centralis,Cryptantha ambigua,0.0,0.07,0
2047,Bombus fernaldae,Cryptantha ambigua,0.0,0.03,0
2048,Bombus fervidus,Cryptantha ambigua,0.0,0.02,0
2049,Bombus flavifrons,Cryptantha ambigua,0.0,0.07,0
2050,Bombus griseocollis,Cryptantha ambigua,0.0,0.04,0
2051,Bombus huntii,Cryptantha ambigua,1.0,0.83,1
2052,Bombus insularis,Cryptantha ambigua,0.0,0.05,0
2053,Bombus mixtus,Cryptantha ambigua,0.0,0.05,0
2054,Bombus nevadensis,Cryptantha ambigua,0.0,0.05,0
2055,Bombus rufocinctus,Cryptantha ambigua,0.0,0.05,0
2056,Bombus vosnesenskii,Cryptantha ambigua,0.0,0.04,0
2057,Coelioxys rufitarsis,Cryptantha ambigua,0.0,0.05,0
2058,Colletes phaceliae,Cryptantha ambigua,0.0,0.04,0
2059,Diadasia nigrifrons,Cryptantha ambigua,0.0,0.05,0
2060,Halictus farinosus,Cryptantha ambigua,0.0,0.05,0
2061,Halictus ligatus,Cryptantha ambigua,0.0,0.05,0
2062,Halictus rubicundus,Cryptantha ambigua,0.0,0.05,0
2063,Halictus tripartitus,Cryptantha ambigua,0.0,0.04,0
2064,Hylaeus verticalis,Cryptantha ambigua,0.0,0.05,0
2065,Lasioglossum albipenne,Cryptantha ambigua,0.0,0.02,0
2066,Lasioglossum cooleyi,Cryptantha ambigua,0.0,0.03,0
2067,Lasioglossum incompletum,Cryptantha ambigua,0.0,0.05,0
2068,Lasioglossum laevissimum,Cryptantha ambigua,0.0,0.03,0
2069,Lasioglossum nevadense,Cryptantha ambigua,0.0,0.03,0
2070,Lasioglossum olympiae,Cryptantha ambigua,0.0,0.05,0
2071,Lasioglossum ovaliceps,Cryptantha ambigua,0.0,0.03,0
2072,Lasioglossum sedi,Cryptantha ambigua,0.0,0.02,0
2073,Lasioglossum sp.,Cryptantha ambigua,0.0,0.05,0
2074,Lasioglossum sp. 2,Cryptantha ambigua,0.0,0.04,0
2075,Lasioglossum titusi,Cryptantha ambigua,0.0,0.04,0
2076,Megachile apicalis,Cryptantha ambigua,0.0,0.03,0
2077,Megachile nevadensis,Cryptantha ambigua,0.0,0.02,0
2078,Megachile onobrychidis,Cryptantha ambigua,0.0,0.05,0
2079,Megachile perihirta,Cryptantha ambigua,0.0,0.06,0
2080,Melissodes bimatris,Cryptantha ambigua,0.0,0.03,0
2081,Melissodes lupinus,Cryptantha ambigua,0.0,0.03,0
2082,Melissodes lutulentus,Cryptantha ambigua,0.0,0.03,0
2083,Melissodes microstictus,Cryptantha ambigua,0.0,0.04,0
2084,Melissodes pallidisignatus,Cryptantha ambigua,0.0,0.03,0
2085,Melissodes rivalis,Cryptantha ambigua,0.0,0.03,0
2086,Melissodes subagilis,Cryptantha ambigua,0.0,0.03,0
2087,Osmia atrocyanea,Cryptantha ambigua,0.0,0.02,0
2088,Osmia brevis,Cryptantha ambigua,0.0,0.02,0
2089,Osmia bucephala,Cryptantha ambigua,0.0,0.03,0
2090,Osmia integra,Cryptantha ambigua,0.0,0.03,0
2091,Osmia juxta,Cryptantha ambigua,0.0,0.04,0
2092,Osmia raritatis,Cryptantha ambigua,0.0,0.04,0
2093,Osmia sp. 2,Cryptantha ambigua,0.0,0.03,0
2094,Panurginus torchio,Cryptantha ambigua,0.0,0.03,0
2095,Perdita wyomingensis,Cryptantha ambigua,0.0,0.03,0
2096,Sphecodes sp.,Cryptantha ambigua,0.0,0.02,0
2097,Svastra obliqua,Cryptantha ambigua,0.0,0.03,0
2098,Triepeolus paenepectoralis,Cryptantha ambigua,0.0,0.03,0
2099,Xeromelecta californica,Cryptantha ambigua,0.0,0.02,0
2100,Agapostemon femoratus,Dieteria canescens,0.0,0.44,0
2101,Agapostemon texanus,Dieteria canescens,1.0,0.36,0
2102,Andrena astragali,Dieteria canescens,0.0,0.28,0
2103,Andrena barbilabris,Dieteria canescens,0.0,0.24,0
2104,Andrena cyanophila,Dieteria canescens,0.0,0.36,0
2105,Andrena melanochroa,Dieteria canescens,0.0,0.34,0
2106,Andrena nigrocaerulea,Dieteria canescens,0.0,0.24,0
2107,Andrena nivalis,Dieteria canescens,0.0,0.08,0
2108,Andrena pallidifovea,Dieteria canescens,0.0,0.32,0
2109,Andrena prunorum,Dieteria canescens,0.0,0.45,0
2110,Andrena sp. 1,Dieteria canescens,0.0,0.08,0
2111,Andrena sp. A,Dieteria canescens,0.0,0.23,0
2112,Andrena transnigra,Dieteria canescens,0.0,0.26,0
2113,Andrena vicinoides,Dieteria canescens,0.0,0.08,0
2114,Anthophora bomboides,Dieteria canescens,0.0,0.2,0
2115,Anthophora curta,Dieteria canescens,1.0,0.28,0
2116,Anthophora pacifica,Dieteria canescens,0.0,0.08,0
2117,Anthophora urbana,Dieteria canescens,1.0,0.42,0
2118,Bombus appositus,Dieteria canescens,0.0,0.45,0
2119,Bombus bifarius,Dieteria canescens,0.0,0.59,1
2120,Bombus californicus,Dieteria canescens,0.0,0.59,1
2121,Bombus centralis,Dieteria canescens,0.0,0.5,1
2122,Bombus fernaldae,Dieteria canescens,0.0,0.19,0
2123,Bombus fervidus,Dieteria canescens,0.0,0.2,0
2124,Bombus flavifrons,Dieteria canescens,0.0,0.59,1
2125,Bombus griseocollis,Dieteria canescens,0.0,0.35,0
2126,Bombus huntii,Dieteria canescens,0.0,0.42,0
2127,Bombus insularis,Dieteria canescens,0.0,0.41,0
2128,Bombus mixtus,Dieteria canescens,0.0,0.4,0
2129,Bombus nevadensis,Dieteria canescens,0.0,0.42,0
2130,Bombus rufocinctus,Dieteria canescens,0.0,0.42,0
2131,Bombus vosnesenskii,Dieteria canescens,0.0,0.41,0
2132,Coelioxys rufitarsis,Dieteria canescens,1.0,0.4,0
2133,Colletes phaceliae,Dieteria canescens,0.0,0.36,0
2134,Diadasia nigrifrons,Dieteria canescens,0.0,0.28,0
2135,Halictus farinosus,Dieteria canescens,0.0,0.45,0
2136,Halictus ligatus,Dieteria canescens,0.0,0.44,0
2137,Halictus rubicundus,Dieteria canescens,0.0,0.41,0
2138,Halictus tripartitus,Dieteria canescens,0.0,0.36,0
2139,Hylaeus verticalis,Dieteria canescens,0.0,0.31,0
2140,Lasioglossum albipenne,Dieteria canescens,0.0,0.07,0
2141,Lasioglossum cooleyi,Dieteria canescens,0.0,0.22,0
2142,Lasioglossum incompletum,Dieteria canescens,0.0,0.44,0
2143,Lasioglossum laevissimum,Dieteria canescens,0.0,0.32,0
2144,Lasioglossum nevadense,Dieteria canescens,0.0,0.25,0
2145,Lasioglossum olympiae,Dieteria canescens,0.0,0.46,0
2146,Lasioglossum ovaliceps,Dieteria canescens,0.0,0.22,0
2147,Lasioglossum sedi,Dieteria canescens,0.0,0.08,0
2148,Lasioglossum sp.,Dieteria canescens,0.0,0.45,0
2149,Lasioglossum sp. 2,Dieteria canescens,0.0,0.41,0
2150,Lasioglossum titusi,Dieteria canescens,0.0,0.24,0
2151,Megachile apicalis,Dieteria canescens,0.0,0.2,0
2152,Megachile nevadensis,Dieteria canescens,1.0,0.77,1
2153,Megachile onobrychidis,Dieteria canescens,1.0,0.44,0
2154,Megachile perihirta,Dieteria canescens,0.0,0.42,0
2155,Melissodes bimatris,Dieteria canescens,1.0,0.28,0
2156,Melissodes lupinus,Dieteria canescens,1.0,0.25,0
2157,Melissodes lutulentus,Dieteria canescens,0.0,0.24,0
2158,Melissodes microstictus,Dieteria canescens,0.0,0.27,0
2159,Melissodes pallidisignatus,Dieteria canescens,1.0,0.28,0
2160,Melissodes rivalis,Dieteria canescens,0.0,0.16,0
2161,Melissodes subagilis,Dieteria canescens,0.0,0.22,0
2162,Osmia atrocyanea,Dieteria canescens,0.0,0.2,0
2163,Osmia brevis,Dieteria canescens,0.0,0.08,0
2164,Osmia bucephala,Dieteria canescens,0.0,0.19,0
2165,Osmia integra,Dieteria canescens,0.0,0.19,0
2166,Osmia juxta,Dieteria canescens,0.0,0.37,0
2167,Osmia raritatis,Dieteria canescens,0.0,0.29,0
2168,Osmia sp. 2,Dieteria canescens,0.0,0.22,0
2169,Panurginus torchio,Dieteria canescens,0.0,0.26,0
2170,Perdita wyomingensis,Dieteria canescens,0.0,0.21,0
2171,Sphecodes sp.,Dieteria canescens,0.0,0.07,0
2172,Svastra obliqua,Dieteria canescens,0.0,0.2,0
2173,Triepeolus paenepectoralis,Dieteria canescens,1.0,0.29,0
2174,Xeromelecta californica,Dieteria canescens,0.0,0.07,0
2175,Agapostemon femoratus,Erigeron sp.,0.0,0.05,0
2176,Agapostemon texanus,Erigeron sp.,0.0,0.05,0
2177,Andrena astragali,Erigeron sp.,0.0,0.05,0
2178,Andrena barbilabris,Erigeron sp.,0.0,0.03,0
2179,Andrena cyanophila,Erigeron sp.,0.0,0.05,0
2180,Andrena melanochroa,Erigeron sp.,0.0,0.04,0
2181,Andrena nigrocaerulea,Erigeron sp.,0.0,0.03,0
2182,Andrena nivalis,Erigeron sp.,0.0,0.02,0
2183,Andrena pallidifovea,Erigeron sp.,0.0,0.05,0
2184,Andrena prunorum,Erigeron sp.,0.0,0.06,0
2185,Andrena sp. 1,Erigeron sp.,0.0,0.02,0
2186,Andrena sp. A,Erigeron sp.,0.0,0.03,0
2187,Andrena transnigra,Erigeron sp.,0.0,0.03,0
2188,Andrena vicinoides,Erigeron sp.,0.0,0.02,0
2189,Anthophora bomboides,Erigeron sp.,0.0,0.02,0
2190,Anthophora curta,Erigeron sp.,0.0,0.04,0
2191,Anthophora pacifica,Erigeron sp.,0.0,0.02,0
2192,Anthophora urbana,Erigeron sp.,0.0,0.05,0
2193,Bombus appositus,Erigeron sp.,0.0,0.05,0
2194,Bombus bifarius,Erigeron sp.,0.0,0.07,0
2195,Bombus californicus,Erigeron sp.,0.0,0.07,0
2196,Bombus centralis,Erigeron sp.,0.0,0.06,0
2197,Bombus fernaldae,Erigeron sp.,0.0,0.03,0
2198,Bombus fervidus,Erigeron sp.,0.0,0.02,0
2199,Bombus flavifrons,Erigeron sp.,0.0,0.07,0
2200,Bombus griseocollis,Erigeron sp.,0.0,0.05,0
2201,Bombus huntii,Erigeron sp.,0.0,0.06,0
2202,Bombus insularis,Erigeron sp.,0.0,0.05,0
2203,Bombus mixtus,Erigeron sp.,0.0,0.05,0
2204,Bombus nevadensis,Erigeron sp.,0.0,0.06,0
2205,Bombus rufocinctus,Erigeron sp.,0.0,0.06,0
2206,Bombus vosnesenskii,Erigeron sp.,0.0,0.05,0
2207,Coelioxys rufitarsis,Erigeron sp.,0.0,0.05,0
2208,Colletes phaceliae,Erigeron sp.,0.0,0.05,0
2209,Diadasia nigrifrons,Erigeron sp.,0.0,0.05,0
2210,Halictus farinosus,Erigeron sp.,0.0,0.06,0
2211,Halictus ligatus,Erigeron sp.,0.0,0.04,0
2212,Halictus rubicundus,Erigeron sp.,0.0,0.06,0
2213,Halictus tripartitus,Erigeron sp.,0.0,0.05,0
2214,Hylaeus verticalis,Erigeron sp.,0.0,0.05,0
2215,Lasioglossum albipenne,Erigeron sp.,0.0,0.02,0
2216,Lasioglossum cooleyi,Erigeron sp.,0.0,0.03,0
2217,Lasioglossum incompletum,Erigeron sp.,0.0,0.05,0
2218,Lasioglossum laevissimum,Erigeron sp.,0.0,0.03,0
2219,Lasioglossum nevadense,Erigeron sp.,0.0,0.03,0
2220,Lasioglossum olympiae,Erigeron sp.,0.0,0.06,0
2221,Lasioglossum ovaliceps,Erigeron sp.,0.0,0.03,0
2222,Lasioglossum sedi,Erigeron sp.,0.0,0.02,0
2223,Lasioglossum sp.,Erigeron sp.,0.0,0.06,0
2224,Lasioglossum sp. 2,Erigeron sp.,0.0,0.05,0
2225,Lasioglossum titusi,Erigeron sp.,0.0,0.04,0
2226,Megachile apicalis,Erigeron sp.,0.0,0.03,0
2227,Megachile nevadensis,Erigeron sp.,0.0,0.02,0
2228,Megachile onobrychidis,Erigeron sp.,0.0,0.06,0
2229,Megachile perihirta,Erigeron sp.,0.0,0.05,0
2230,Melissodes bimatris,Erigeron sp.,0.0,0.04,0
2231,Melissodes lupinus,Erigeron sp.,0.0,0.03,0
2232,Melissodes lutulentus,Erigeron sp.,0.0,0.03,0
2233,Melissodes microstictus,Erigeron sp.,1.0,0.63,1
2234,Melissodes pallidisignatus,Erigeron sp.,0.0,0.04,0
2235,Melissodes rivalis,Erigeron sp.,0.0,0.03,0
2236,Melissodes subagilis,Erigeron sp.,0.0,0.03,0
2237,Osmia atrocyanea,Erigeron sp.,0.0,0.02,0
2238,Osmia brevis,Erigeron sp.,0.0,0.02,0
2239,Osmia bucephala,Erigeron sp.,0.0,0.03,0
2240,Osmia integra,Erigeron sp.,0.0,0.03,0
2241,Osmia juxta,Erigeron sp.,0.0,0.04,0
2242,Osmia raritatis,Erigeron sp.,0.0,0.04,0
2243,Osmia sp. 2,Erigeron sp.,0.0,0.03,0
2244,Panurginus torchio,Erigeron sp.,0.0,0.03,0
2245,Perdita wyomingensis,Erigeron sp.,0.0,0.03,0
2246,Sphecodes sp.,Erigeron sp.,0.0,0.02,0
2247,Svastra obliqua,Erigeron sp.,0.0,0.03,0
2248,Triepeolus paenepectoralis,Erigeron sp.,0.0,0.03,0
2249,Xeromelecta californica,Erigeron sp.,0.0,0.02,0
2250,Agapostemon femoratus,Eriogonum flavum,0.0,0.05,0
2251,Agapostemon texanus,Eriogonum flavum,0.0,0.04,0
2252,Andrena astragali,Eriogonum flavum,0.0,0.03,0
2253,Andrena barbilabris,Eriogonum flavum,0.0,0.02,0
2254,Andrena cyanophila,Eriogonum flavum,0.0,0.03,0
2255,Andrena melanochroa,Eriogonum flavum,0.0,0.03,0
2256,Andrena nigrocaerulea,Eriogonum flavum,0.0,0.03,0
2257,Andrena nivalis,Eriogonum flavum,0.0,0.02,0
2258,Andrena pallidifovea,Eriogonum flavum,0.0,0.04,0
2259,Andrena prunorum,Eriogonum flavum,1.0,0.81,1
2260,Andrena sp. 1,Eriogonum flavum,0.0,0.02,0
2261,Andrena sp. A,Eriogonum flavum,0.0,0.03,0
2262,Andrena transnigra,Eriogonum flavum,0.0,0.03,0
2263,Andrena vicinoides,Eriogonum flavum,0.0,0.02,0
2264,Anthophora bomboides,Eriogonum flavum,0.0,0.02,0
2265,Anthophora curta,Eriogonum flavum,0.0,0.03,0
2266,Anthophora pacifica,Eriogonum flavum,0.0,0.02,0
2267,Anthophora urbana,Eriogonum flavum,0.0,0.04,0
2268,Bombus appositus,Eriogonum flavum,0.0,0.05,0
2269,Bombus bifarius,Eriogonum flavum,0.0,0.09,0
2270,Bombus californicus,Eriogonum flavum,0.0,0.11,0
2271,Bombus centralis,Eriogonum flavum,0.0,0.07,0
2272,Bombus fernaldae,Eriogonum flavum,0.0,0.02,0
2273,Bombus fervidus,Eriogonum flavum,0.0,0.02,0
2274,Bombus flavifrons,Eriogonum flavum,0.0,0.09,0
2275,Bombus griseocollis,Eriogonum flavum,0.0,0.04,0
2276,Bombus huntii,Eriogonum flavum,0.0,0.04,0
2277,Bombus insularis,Eriogonum flavum,0.0,0.04,0
2278,Bombus mixtus,Eriogonum flavum,0.0,0.04,0
2279,Bombus nevadensis,Eriogonum flavum,0.0,0.04,0
2280,Bombus rufocinctus,Eriogonum flavum,0.0,0.04,0
2281,Bombus vosnesenskii,Eriogonum flavum,0.0,0.04,0
2282,Coelioxys rufitarsis,Eriogonum flavum,0.0,0.04,0
2283,Colletes phaceliae,Eriogonum flavum,0.0,0.03,0
2284,Diadasia nigrifrons,Eriogonum flavum,0.0,0.03,0
2285,Halictus farinosus,Eriogonum flavum,0.0,0.04,0
2286,Halictus ligatus,Eriogonum flavum,0.0,0.05,0
2287,Halictus rubicundus,Eriogonum flavum,0.0,0.05,0
2288,Halictus tripartitus,Eriogonum flavum,0.0,0.03,0
2289,Hylaeus verticalis,Eriogonum flavum,0.0,0.04,0
2290,Lasioglossum albipenne,Eriogonum flavum,0.0,0.02,0
2291,Lasioglossum cooleyi,Eriogonum flavum,0.0,0.03,0
2292,Lasioglossum incompletum,Eriogonum flavum,0.0,0.06,0
2293,Lasioglossum laevissimum,Eriogonum flavum,0.0,0.03,0
2294,Lasioglossum nevadense,Eriogonum flavum,0.0,0.02,0
2295,Lasioglossum olympiae,Eriogonum flavum,0.0,0.05,0
2296,Lasioglossum ovaliceps,Eriogonum flavum,0.0,0.03,0
2297,Lasioglossum sedi,Eriogonum flavum,0.0,0.02,0
2298,Lasioglossum sp.,Eriogonum flavum,0.0,0.04,0
2299,Lasioglossum sp. 2,Eriogonum flavum,0.0,0.04,0
2300,Lasioglossum titusi,Eriogonum flavum,0.0,0.03,0
2301,Megachile apicalis,Eriogonum flavum,0.0,0.02,0
2302,Megachile nevadensis,Eriogonum flavum,0.0,0.02,0
2303,Megachile onobrychidis,Eriogonum flavum,0.0,0.04,0
2304,Megachile perihirta,Eriogonum flavum,0.0,0.05,0
2305,Melissodes bimatris,Eriogonum flavum,0.0,0.03,0
2306,Melissodes lupinus,Eriogonum flavum,0.0,0.03,0
2307,Melissodes lutulentus,Eriogonum flavum,0.0,0.03,0
2308,Melissodes microstictus,Eriogonum flavum,0.0,0.03,0
2309,Melissodes pallidisignatus,Eriogonum flavum,0.0,0.03,0
2310,Melissodes rivalis,Eriogonum flavum,0.0,0.02,0
2311,Melissodes subagilis,Eriogonum flavum,0.0,0.02,0
2312,Osmia atrocyanea,Eriogonum flavum,0.0,0.02,0
2313,Osmia brevis,Eriogonum flavum,0.0,0.02,0
2314,Osmia bucephala,Eriogonum flavum,0.0,0.03,0
2315,Osmia integra,Eriogonum flavum,0.0,0.02,0
2316,Osmia juxta,Eriogonum flavum,0.0,0.04,0
2317,Osmia raritatis,Eriogonum flavum,0.0,0.03,0
2318,Osmia sp. 2,Eriogonum flavum,0.0,0.03,0
2319,Panurginus torchio,Eriogonum flavum,0.0,0.03,0
2320,Perdita wyomingensis,Eriogonum flavum,0.0,0.02,0
2321,Sphecodes sp.,Eriogonum flavum,0.0,0.02,0
2322,Svastra obliqua,Eriogonum flavum,0.0,0.02,0
2323,Triepeolus paenepectoralis,Eriogonum flavum,0.0,0.03,0
2324,Xeromelecta californica,Eriogonum flavum,0.0,0.02,0
2325,Agapostemon femoratus,Eriophyllum lanatum,0.0,0.05,0
2326,Agapostemon texanus,Eriophyllum lanatum,0.0,0.04,0
2327,Andrena astragali,Eriophyllum lanatum,0.0,0.04,0
2328,Andrena barbilabris,Eriophyllum lanatum,0.0,0.03,0
2329,Andrena cyanophila,Eriophyllum lanatum,0.0,0.04,0
2330,Andrena melanochroa,Eriophyllum lanatum,0.0,0.03,0
2331,Andrena nigrocaerulea,Eriophyllum lanatum,0.0,0.03,0
2332,Andrena nivalis,Eriophyllum lanatum,0.0,0.02,0
2333,Andrena pallidifovea,Eriophyllum lanatum,0.0,0.04,0
2334,Andrena prunorum,Eriophyllum lanatum,0.0,0.07,0
2335,Andrena sp. 1,Eriophyllum lanatum,0.0,0.02,0
2336,Andrena sp. A,Eriophyllum lanatum,0.0,0.03,0
2337,Andrena transnigra,Eriophyllum lanatum,0.0,0.03,0
2338,Andrena vicinoides,Eriophyllum lanatum,0.0,0.02,0
2339,Anthophora bomboides,Eriophyllum lanatum,0.0,0.03,0
2340,Anthophora curta,Eriophyllum lanatum,0.0,0.04,0
2341,Anthophora pacifica,Eriophyllum lanatum,0.0,0.02,0
2342,Anthophora urbana,Eriophyllum lanatum,0.0,0.04,0
2343,Bombus appositus,Eriophyllum lanatum,0.0,0.07,0
2344,Bombus bifarius,Eriophyllum lanatum,1.0,0.96,1
2345,Bombus californicus,Eriophyllum lanatum,0.0,0.09,0
2346,Bombus centralis,Eriophyllum lanatum,0.0,0.07,0
2347,Bombus fernaldae,Eriophyllum lanatum,0.0,0.03,0
2348,Bombus fervidus,Eriophyllum lanatum,0.0,0.03,0
2349,Bombus flavifrons,Eriophyllum lanatum,0.0,0.09,0
2350,Bombus griseocollis,Eriophyllum lanatum,0.0,0.04,0
2351,Bombus huntii,Eriophyllum lanatum,0.0,0.04,0
2352,Bombus insularis,Eriophyllum lanatum,0.0,0.04,0
2353,Bombus mixtus,Eriophyllum lanatum,0.0,0.04,0
2354,Bombus nevadensis,Eriophyllum lanatum,0.0,0.04,0
2355,Bombus rufocinctus,Eriophyllum lanatum,0.0,0.04,0
2356,Bombus vosnesenskii,Eriophyllum lanatum,0.0,0.04,0
2357,Coelioxys rufitarsis,Eriophyllum lanatum,0.0,0.03,0
2358,Colletes phaceliae,Eriophyllum lanatum,0.0,0.04,0
2359,Diadasia nigrifrons,Eriophyllum lanatum,0.0,0.04,0
2360,Halictus farinosus,Eriophyllum lanatum,0.0,0.07,0
2361,Halictus ligatus,Eriophyllum lanatum,0.0,0.05,0
2362,Halictus rubicundus,Eriophyllum lanatum,0.0,0.04,0
2363,Halictus tripartitus,Eriophyllum lanatum,0.0,0.04,0
2364,Hylaeus verticalis,Eriophyllum lanatum,0.0,0.04,0
2365,Lasioglossum albipenne,Eriophyllum lanatum,0.0,0.02,0
2366,Lasioglossum cooleyi,Eriophyllum lanatum,0.0,0.03,0
2367,Lasioglossum incompletum,Eriophyllum lanatum,0.0,0.05,0
2368,Lasioglossum laevissimum,Eriophyllum lanatum,0.0,0.03,0
2369,Lasioglossum nevadense,Eriophyllum lanatum,0.0,0.03,0
2370,Lasioglossum olympiae,Eriophyllum lanatum,0.0,0.07,0
2371,Lasioglossum ovaliceps,Eriophyllum lanatum,0.0,0.03,0
2372,Lasioglossum sedi,Eriophyllum lanatum,0.0,0.02,0
2373,Lasioglossum sp.,Eriophyllum lanatum,0.0,0.03,0
2374,Lasioglossum sp. 2,Eriophyllum lanatum,0.0,0.03,0
2375,Lasioglossum titusi,Eriophyllum lanatum,0.0,0.04,0
2376,Megachile apicalis,Eriophyllum lanatum,0.0,0.04,0
2377,Megachile nevadensis,Eriophyllum lanatum,0.0,0.02,0
2378,Megachile onobrychidis,Eriophyllum lanatum,0.0,0.06,0
2379,Megachile perihirta,Eriophyllum lanatum,0.0,0.04,0
2380,Melissodes bimatris,Eriophyllum lanatum,0.0,0.04,0
2381,Melissodes lupinus,Eriophyllum lanatum,0.0,0.03,0
2382,Melissodes lutulentus,Eriophyllum lanatum,0.0,0.04,0
2383,Melissodes microstictus,Eriophyllum lanatum,0.0,0.04,0
2384,Melissodes pallidisignatus,Eriophyllum lanatum,0.0,0.04,0
2385,Melissodes rivalis,Eriophyllum lanatum,0.0,0.03,0
2386,Melissodes subagilis,Eriophyllum lanatum,0.0,0.03,0
2387,Osmia atrocyanea,Eriophyllum lanatum,0.0,0.03,0
2388,Osmia brevis,Eriophyllum lanatum,0.0,0.02,0
2389,Osmia bucephala,Eriophyllum lanatum,0.0,0.03,0
2390,Osmia integra,Eriophyllum lanatum,0.0,0.03,0
2391,Osmia juxta,Eriophyllum lanatum,0.0,0.03,0
2392,Osmia raritatis,Eriophyllum lanatum,0.0,0.04,0
2393,Osmia sp. 2,Eriophyllum lanatum,0.0,0.03,0
2394,Panurginus torchio,Eriophyllum lanatum,0.0,0.03,0
2395,Perdita wyomingensis,Eriophyllum lanatum,0.0,0.03,0
2396,Sphecodes sp.,Eriophyllum lanatum,0.0,0.02,0
2397,Svastra obliqua,Eriophyllum lanatum,0.0,0.04,0
2398,Triepeolus paenepectoralis,Eriophyllum lanatum,0.0,0.03,0
2399,Xeromelecta californica,Eriophyllum lanatum,0.0,0.02,0
2400,Agapostemon femoratus,Frasera albicaulis,0.0,0.5,0
2401,Agapostemon texanus,Frasera albicaulis,0.0,0.43,0
2402,Andrena astragali,Frasera albicaulis,0.0,0.32,0
2403,Andrena barbilabris,Frasera albicaulis,0.0,0.33,0
2404,Andrena cyanophila,Frasera albicaulis,0.0,0.42,0
2405,Andrena melanochroa,Frasera albicaulis,0.0,0.41,0
2406,Andrena nigrocaerulea,Frasera albicaulis,1.0,0.35,0
2407,Andrena nivalis,Frasera albicaulis,0.0,0.1,0
2408,Andrena pallidifovea,Frasera albicaulis,0.0,0.39,0
2409,Andrena prunorum,Frasera albicaulis,0.0,0.52,1
2410,Andrena sp. 1,Frasera albicaulis,1.0,0.77,1
2411,Andrena sp. A,Frasera albicaulis,0.0,0.32,0
2412,Andrena transnigra,Frasera albicaulis,1.0,0.37,0
2413,Andrena vicinoides,Frasera albicaulis,0.0,0.12,0
2414,Anthophora bomboides,Frasera albicaulis,0.0,0.29,0
2415,Anthophora curta,Frasera albicaulis,0.0,0.32,0
2416,Anthophora pacifica,Frasera albicaulis,0.0,0.12,0
2417,Anthophora urbana,Frasera albicaulis,0.0,0.51,1
2418,Bombus appositus,Frasera albicaulis,1.0,0.58,1
2419,Bombus bifarius,Frasera albicaulis,1.0,0.71,1
2420,Bombus californicus,Frasera albicaulis,1.0,0.71,1
2421,Bombus centralis,Frasera albicaulis,1.0,0.61,1
2422,Bombus fernaldae,Frasera albicaulis,0.0,0.29,0
2423,Bombus fervidus,Frasera albicaulis,1.0,0.33,0
2424,Bombus flavifrons,Frasera albicaulis,1.0,0.71,1
2425,Bombus griseocollis,Frasera albicaulis,0.0,0.4,0
2426,Bombus huntii,Frasera albicaulis,0.0,0.52,1
2427,Bombus insularis,Frasera albicaulis,1.0,0.49,0
2428,Bombus mixtus,Frasera albicaulis,1.0,0.52,1
2429,Bombus nevadensis,Frasera albicaulis,1.0,0.52,1
2430,Bombus rufocinctus,Frasera albicaulis,1.0,0.49,0
2431,Bombus vosnesenskii,Frasera albicaulis,1.0,0.53,1
2432,Coelioxys rufitarsis,Frasera albicaulis,0.0,0.51,1
2433,Colletes phaceliae,Frasera albicaulis,0.0,0.42,0
2434,Diadasia nigrifrons,Frasera albicaulis,0.0,0.31,0
2435,Halictus farinosus,Frasera albicaulis,0.0,0.55,1
2436,Halictus ligatus,Frasera albicaulis,0.0,0.54,1
2437,Halictus rubicundus,Frasera albicaulis,0.0,0.51,1
2438,Halictus tripartitus,Frasera albicaulis,0.0,0.44,0
2439,Hylaeus verticalis,Frasera albicaulis,0.0,0.37,0
2440,Lasioglossum albipenne,Frasera albicaulis,0.0,0.1,0
2441,Lasioglossum cooleyi,Frasera albicaulis,0.0,0.3,0
2442,Lasioglossum incompletum,Frasera albicaulis,0.0,0.54,1
2443,Lasioglossum laevissimum,Frasera albicaulis,0.0,0.4,0
2444,Lasioglossum nevadense,Frasera albicaulis,0.0,0.35,0
2445,Lasioglossum olympiae,Frasera albicaulis,0.0,0.54,1
2446,Lasioglossum ovaliceps,Frasera albicaulis,0.0,0.29,0
2447,Lasioglossum sedi,Frasera albicaulis,0.0,0.1,0
2448,Lasioglossum sp.,Frasera albicaulis,0.0,0.49,0
2449,Lasioglossum sp. 2,Frasera albicaulis,0.0,0.5,1
2450,Lasioglossum titusi,Frasera albicaulis,0.0,0.34,0
2451,Megachile apicalis,Frasera albicaulis,0.0,0.25,0
2452,Megachile nevadensis,Frasera albicaulis,0.0,0.11,0
2453,Megachile onobrychidis,Frasera albicaulis,0.0,0.52,1
2454,Megachile perihirta,Frasera albicaulis,0.0,0.54,1
2455,Melissodes bimatris,Frasera albicaulis,0.0,0.32,0
2456,Melissodes lupinus,Frasera albicaulis,0.0,0.31,0
2457,Melissodes lutulentus,Frasera albicaulis,0.0,0.29,0
2458,Melissodes microstictus,Frasera albicaulis,0.0,0.31,0
2459,Melissodes pallidisignatus,Frasera albicaulis,0.0,0.32,0
2460,Melissodes rivalis,Frasera albicaulis,0.0,0.25,0
2461,Melissodes subagilis,Frasera albicaulis,0.0,0.27,0
2462,Osmia atrocyanea,Frasera albicaulis,0.0,0.29,0
2463,Osmia brevis,Frasera albicaulis,0.0,0.1,0
2464,Osmia bucephala,Frasera albicaulis,0.0,0.3,0
2465,Osmia integra,Frasera albicaulis,0.0,0.28,0
2466,Osmia juxta,Frasera albicaulis,0.0,0.47,0
2467,Osmia raritatis,Frasera albicaulis,0.0,0.39,0
2468,Osmia sp. 2,Frasera albicaulis,0.0,0.3,0
2469,Panurginus torchio,Frasera albicaulis,0.0,0.36,0
2470,Perdita wyomingensis,Frasera albicaulis,0.0,0.29,0
2471,Sphecodes sp.,Frasera albicaulis,0.0,0.12,0
2472,Svastra obliqua,Frasera albicaulis,0.0,0.25,0
2473,Triepeolus paenepectoralis,Frasera albicaulis,0.0,0.33,0
2474,Xeromelecta californica,Frasera albicaulis,0.0,0.11,0
2475,Agapostemon femoratus,Gentiana affinis,0.0,0.05,0
2476,Agapostemon texanus,Gentiana affinis,0.0,0.04,0
2477,Andrena astragali,Gentiana affinis,0.0,0.04,0
2478,Andrena barbilabris,Gentiana affinis,0.0,0.03,0
2479,Andrena cyanophila,Gentiana affinis,0.0,0.04,0
2480,Andrena melanochroa,Gentiana affinis,0.0,0.03,0
2481,Andrena nigrocaerulea,Gentiana affinis,0.0,0.03,0
2482,Andrena nivalis,Gentiana affinis,0.0,0.02,0
2483,Andrena pallidifovea,Gentiana affinis,0.0,0.04,0
2484,Andrena prunorum,Gentiana affinis,0.0,0.07,0
2485,Andrena sp. 1,Gentiana affinis,0.0,0.02,0
2486,Andrena sp. A,Gentiana affinis,0.0,0.03,0
2487,Andrena transnigra,Gentiana affinis,0.0,0.03,0
2488,Andrena vicinoides,Gentiana affinis,0.0,0.02,0
2489,Anthophora bomboides,Gentiana affinis,0.0,0.03,0
2490,Anthophora curta,Gentiana affinis,0.0,0.04,0
2491,Anthophora pacifica,Gentiana affinis,0.0,0.02,0
2492,Anthophora urbana,Gentiana affinis,0.0,0.04,0
2493,Bombus appositus,Gentiana affinis,0.0,0.07,0
2494,Bombus bifarius,Gentiana affinis,0.0,0.08,0
2495,Bombus californicus,Gentiana affinis,1.0,0.96,1
2496,Bombus centralis,Gentiana affinis,0.0,0.06,0
2497,Bombus fernaldae,Gentiana affinis,0.0,0.03,0
2498,Bombus fervidus,Gentiana affinis,0.0,0.03,0
2499,Bombus flavifrons,Gentiana affinis,0.0,0.08,0
2500,Bombus griseocollis,Gentiana affinis,0.0,0.04,0
2501,Bombus huntii,Gentiana affinis,0.0,0.04,0
2502,Bombus insularis,Gentiana affinis,0.0,0.04,0
2503,Bombus mixtus,Gentiana affinis,0.0,0.04,0
2504,Bombus nevadensis,Gentiana affinis,0.0,0.04,0
2505,Bombus rufocinctus,Gentiana affinis,0.0,0.04,0
2506,Bombus vosnesenskii,Gentiana affinis,0.0,0.04,0
2507,Coelioxys rufitarsis,Gentiana affinis,0.0,0.04,0
2508,Colletes phaceliae,Gentiana affinis,0.0,0.04,0
2509,Diadasia nigrifrons,Gentiana affinis,0.0,0.04,0
2510,Halictus farinosus,Gentiana affinis,0.0,0.07,0
2511,Halictus ligatus,Gentiana affinis,0.0,0.04,0
2512,Halictus rubicundus,Gentiana affinis,0.0,0.04,0
2513,Halictus tripartitus,Gentiana affinis,0.0,0.04,0
2514,Hylaeus verticalis,Gentiana affinis,0.0,0.04,0
2515,Lasioglossum albipenne,Gentiana affinis,0.0,0.02,0
2516,Lasioglossum cooleyi,Gentiana affinis,0.0,0.03,0
2517,Lasioglossum incompletum,Gentiana affinis,0.0,0.05,0
2518,Lasioglossum laevissimum,Gentiana affinis,0.0,0.03,0
2519,Lasioglossum nevadense,Gentiana affinis,0.0,0.03,0
2520,Lasioglossum olympiae,Gentiana affinis,0.0,0.07,0
2521,Lasioglossum ovaliceps,Gentiana affinis,0.0,0.03,0
2522,Lasioglossum sedi,Gentiana affinis,0.0,0.02,0
2523,Lasioglossum sp.,Gentiana affinis,0.0,0.05,0
2524,Lasioglossum sp. 2,Gentiana affinis,0.0,0.03,0
2525,Lasioglossum titusi,Gentiana affinis,0.0,0.04,0
2526,Megachile apicalis,Gentiana affinis,0.0,0.04,0
2527,Megachile nevadensis,Gentiana affinis,0.0,0.02,0
2528,Megachile onobrychidis,Gentiana affinis,0.0,0.05,0
2529,Megachile perihirta,Gentiana affinis,0.0,0.05,0
2530,Melissodes bimatris,Gentiana affinis,0.0,0.04,0
2531,Melissodes lupinus,Gentiana affinis,0.0,0.03,0
2532,Melissodes lutulentus,Gentiana affinis,0.0,0.03,0
2533,Melissodes microstictus,Gentiana affinis,0.0,0.04,0
2534,Melissodes pallidisignatus,Gentiana affinis,0.0,0.04,0
2535,Melissodes rivalis,Gentiana affinis,0.0,0.03,0
2536,Melissodes subagilis,Gentiana affinis,0.0,0.03,0
2537,Osmia atrocyanea,Gentiana affinis,0.0,0.03,0
2538,Osmia brevis,Gentiana affinis,0.0,0.02,0
2539,Osmia bucephala,Gentiana affinis,0.0,0.03,0
2540,Osmia integra,Gentiana affinis,0.0,0.03,0
2541,Osmia juxta,Gentiana affinis,0.0,0.04,0
2542,Osmia raritatis,Gentiana affinis,0.0,0.04,0
2543,Osmia sp. 2,Gentiana affinis,0.0,0.03,0
2544,Panurginus torchio,Gentiana affinis,0.0,0.03,0
2545,Perdita wyomingensis,Gentiana affinis,0.0,0.03,0
2546,Sphecodes sp.,Gentiana affinis,0.0,0.02,0
2547,Svastra obliqua,Gentiana affinis,0.0,0.04,0
2548,Triepeolus paenepectoralis,Gentiana affinis,0.0,0.03,0
2549,Xeromelecta californica,Gentiana affinis,0.0,0.02,0
2550,Agapostemon femoratus,Geranium pusillum,0.0,0.05,0
2551,Agapostemon texanus,Geranium pusillum,0.0,0.06,0
2552,Andrena astragali,Geranium pusillum,0.0,0.05,0
2553,Andrena barbilabris,Geranium pusillum,0.0,0.03,0
2554,Andrena cyanophila,Geranium pusillum,0.0,0.05,0
2555,Andrena melanochroa,Geranium pusillum,0.0,0.04,0
2556,Andrena nigrocaerulea,Geranium pusillum,0.0,0.03,0
2557,Andrena nivalis,Geranium pusillum,0.0,0.02,0
2558,Andrena pallidifovea,Geranium pusillum,0.0,0.05,0
2559,Andrena prunorum,Geranium pusillum,0.0,0.06,0
2560,Andrena sp. 1,Geranium pusillum,0.0,0.02,0
2561,Andrena sp. A,Geranium pusillum,0.0,0.03,0
2562,Andrena transnigra,Geranium pusillum,0.0,0.03,0
2563,Andrena vicinoides,Geranium pusillum,0.0,0.02,0
2564,Anthophora bomboides,Geranium pusillum,0.0,0.02,0
2565,Anthophora curta,Geranium pusillum,0.0,0.04,0
2566,Anthophora pacifica,Geranium pusillum,0.0,0.02,0
2567,Anthophora urbana,Geranium pusillum,0.0,0.05,0
2568,Bombus appositus,Geranium pusillum,0.0,0.05,0
2569,Bombus bifarius,Geranium pusillum,0.0,0.07,0
2570,Bombus californicus,Geranium pusillum,0.0,0.07,0
2571,Bombus centralis,Geranium pusillum,0.0,0.07,0
2572,Bombus fernaldae,Geranium pusillum,0.0,0.03,0
2573,Bombus fervidus,Geranium pusillum,0.0,0.02,0
2574,Bombus flavifrons,Geranium pusillum,0.0,0.07,0
2575,Bombus griseocollis,Geranium pusillum,0.0,0.05,0
2576,Bombus huntii,Geranium pusillum,0.0,0.06,0
2577,Bombus insularis,Geranium pusillum,0.0,0.05,0
2578,Bombus mixtus,Geranium pusillum,0.0,0.05,0
2579,Bombus nevadensis,Geranium pusillum,0.0,0.06,0
2580,Bombus rufocinctus,Geranium pusillum,0.0,0.06,0
2581,Bombus vosnesenskii,Geranium pusillum,0.0,0.05,0
2582,Coelioxys rufitarsis,Geranium pusillum,0.0,0.05,0
2583,Colletes phaceliae,Geranium pusillum,0.0,0.05,0
2584,Diadasia nigrifrons,Geranium pusillum,0.0,0.05,0
2585,Halictus farinosus,Geranium pusillum,0.0,0.06,0
2586,Halictus ligatus,Geranium pusillum,0.0,0.04,0
2587,Halictus rubicundus,Geranium pusillum,0.0,0.05,0
2588,Halictus tripartitus,Geranium pusillum,1.0,0.64,1
2589,Hylaeus verticalis,Geranium pusillum,0.0,0.05,0
2590,Lasioglossum albipenne,Geranium pusillum,0.0,0.02,0
2591,Lasioglossum cooleyi,Geranium pusillum,0.0,0.03,0
2592,Lasioglossum incompletum,Geranium pusillum,0.0,0.06,0
2593,Lasioglossum laevissimum,Geranium pusillum,0.0,0.03,0
2594,Lasioglossum nevadense,Geranium pusillum,0.0,0.03,0
2595,Lasioglossum olympiae,Geranium pusillum,0.0,0.06,0
2596,Lasioglossum ovaliceps,Geranium pusillum,0.0,0.03,0
2597,Lasioglossum sedi,Geranium pusillum,0.0,0.02,0
2598,Lasioglossum sp.,Geranium pusillum,0.0,0.06,0
2599,Lasioglossum sp. 2,Geranium pusillum,0.0,0.05,0
2600,Lasioglossum titusi,Geranium pusillum,0.0,0.04,0
2601,Megachile apicalis,Geranium pusillum,0.0,0.03,0
2602,Megachile nevadensis,Geranium pusillum,0.0,0.02,0
2603,Megachile onobrychidis,Geranium pusillum,0.0,0.05,0
2604,Megachile perihirta,Geranium pusillum,0.0,0.05,0
2605,Melissodes bimatris,Geranium pusillum,0.0,0.04,0
2606,Melissodes lupinus,Geranium pusillum,0.0,0.03,0
2607,Melissodes lutulentus,Geranium pusillum,0.0,0.03,0
2608,Melissodes microstictus,Geranium pusillum,0.0,0.05,0
2609,Melissodes pallidisignatus,Geranium pusillum,0.0,0.04,0
2610,Melissodes rivalis,Geranium pusillum,0.0,0.03,0
2611,Melissodes subagilis,Geranium pusillum,0.0,0.03,0
2612,Osmia atrocyanea,Geranium pusillum,0.0,0.02,0
2613,Osmia brevis,Geranium pusillum,0.0,0.02,0
2614,Osmia bucephala,Geranium pusillum,0.0,0.03,0
2615,Osmia integra,Geranium pusillum,0.0,0.03,0
2616,Osmia juxta,Geranium pusillum,0.0,0.04,0
2617,Osmia raritatis,Geranium pusillum,0.0,0.04,0
2618,Osmia sp. 2,Geranium pusillum,0.0,0.03,0
2619,Panurginus torchio,Geranium pusillum,0.0,0.03,0
2620,Perdita wyomingensis,Geranium pusillum,0.0,0.03,0
2621,Sphecodes sp.,Geranium pusillum,0.0,0.02,0
2622,Svastra obliqua,Geranium pusillum,0.0,0.03,0
2623,Triepeolus paenepectoralis,Geranium pusillum,0.0,0.03,0
2624,Xeromelecta californica,Geranium pusillum,0.0,0.02,0
2625,Agapostemon femoratus,Geum macrophyllum,0.0,0.23,0
2626,Agapostemon texanus,Geum macrophyllum,0.0,0.2,0
2627,Andrena astragali,Geum macrophyllum,0.0,0.14,0
2628,Andrena barbilabris,Geum macrophyllum,0.0,0.07,0
2629,Andrena cyanophila,Geum macrophyllum,1.0,0.21,0
2630,Andrena melanochroa,Geum macrophyllum,0.0,0.15,0
2631,Andrena nigrocaerulea,Geum macrophyllum,0.0,0.09,0
2632,Andrena nivalis,Geum macrophyllum,0.0,0.03,0
2633,Andrena pallidifovea,Geum macrophyllum,0.0,0.14,0
2634,Andrena prunorum,Geum macrophyllum,0.0,0.31,0
2635,Andrena sp. 1,Geum macrophyllum,0.0,0.03,0
2636,Andrena sp. A,Geum macrophyllum,0.0,0.08,0
2637,Andrena transnigra,Geum macrophyllum,0.0,0.1,0
2638,Andrena vicinoides,Geum macrophyllum,0.0,0.03,0
2639,Anthophora bomboides,Geum macrophyllum,0.0,0.06,0
2640,Anthophora curta,Geum macrophyllum,0.0,0.1,0
2641,Anthophora pacifica,Geum macrophyllum,0.0,0.03,0
2642,Anthophora urbana,Geum macrophyllum,0.0,0.26,0
2643,Bombus appositus,Geum macrophyllum,0.0,0.28,0
2644,Bombus bifarius,Geum macrophyllum,1.0,0.51,1
2645,Bombus californicus,Geum macrophyllum,0.0,0.48,0
2646,Bombus centralis,Geum macrophyllum,0.0,0.37,0
2647,Bombus fernaldae,Geum macrophyllum,0.0,0.07,0
2648,Bombus fervidus,Geum macrophyllum,0.0,0.06,0
2649,Bombus flavifrons,Geum macrophyllum,0.0,0.49,0
2650,Bombus griseocollis,Geum macrophyllum,0.0,0.13,0
2651,Bombus huntii,Geum macrophyllum,0.0,0.26,0
2652,Bombus insularis,Geum macrophyllum,0.0,0.23,0
2653,Bombus mixtus,Geum macrophyllum,0.0,0.22,0
2654,Bombus nevadensis,Geum macrophyllum,0.0,0.27,0
2655,Bombus rufocinctus,Geum macrophyllum,0.0,0.24,0
2656,Bombus vosnesenskii,Geum macrophyllum,0.0,0.23,0
2657,Coelioxys rufitarsis,Geum macrophyllum,0.0,0.23,0
2658,Colletes phaceliae,Geum macrophyllum,0.0,0.17,0
2659,Diadasia nigrifrons,Geum macrophyllum,0.0,0.14,0
2660,Halictus farinosus,Geum macrophyllum,0.0,0.32,0
2661,Halictus ligatus,Geum macrophyllum,0.0,0.29,0
2662,Halictus rubicundus,Geum macrophyllum,0.0,0.26,0
2663,Halictus tripartitus,Geum macrophyllum,0.0,0.19,0
2664,Hylaeus verticalis,Geum macrophyllum,0.0,0.14,0
2665,Lasioglossum albipenne,Geum macrophyllum,0.0,0.03,0
2666,Lasioglossum cooleyi,Geum macrophyllum,0.0,0.06,0
2667,Lasioglossum incompletum,Geum macrophyllum,0.0,0.29,0
2668,Lasioglossum laevissimum,Geum macrophyllum,0.0,0.12,0
2669,Lasioglossum nevadense,Geum macrophyllum,0.0,0.08,0
2670,Lasioglossum olympiae,Geum macrophyllum,0.0,0.32,0
2671,Lasioglossum ovaliceps,Geum macrophyllum,0.0,0.06,0
2672,Lasioglossum sedi,Geum macrophyllum,0.0,0.03,0
2673,Lasioglossum sp.,Geum macrophyllum,0.0,0.23,0
2674,Lasioglossum sp. 2,Geum macrophyllum,0.0,0.25,0
2675,Lasioglossum titusi,Geum macrophyllum,0.0,0.1,0
2676,Megachile apicalis,Geum macrophyllum,0.0,0.06,0
2677,Megachile nevadensis,Geum macrophyllum,0.0,0.03,0
2678,Megachile onobrychidis,Geum macrophyllum,0.0,0.27,0
2679,Megachile perihirta,Geum macrophyllum,0.0,0.27,0
2680,Melissodes bimatris,Geum macrophyllum,0.0,0.1,0
2681,Melissodes lupinus,Geum macrophyllum,0.0,0.07,0
2682,Melissodes lutulentus,Geum macrophyllum,0.0,0.07,0
2683,Melissodes microstictus,Geum macrophyllum,0.0,0.13,0
2684,Melissodes pallidisignatus,Geum macrophyllum,0.0,0.1,0
2685,Melissodes rivalis,Geum macrophyllum,0.0,0.06,0
2686,Melissodes subagilis,Geum macrophyllum,0.0,0.06,0
2687,Osmia atrocyanea,Geum macrophyllum,0.0,0.06,0
2688,Osmia brevis,Geum macrophyllum,0.0,0.03,0
2689,Osmia bucephala,Geum macrophyllum,0.0,0.06,0
2690,Osmia integra,Geum macrophyllum,0.0,0.06,0
2691,Osmia juxta,Geum macrophyllum,0.0,0.17,0
2692,Osmia raritatis,Geum macrophyllum,0.0,0.12,0
2693,Osmia sp. 2,Geum macrophyllum,0.0,0.06,0
2694,Panurginus torchio,Geum macrophyllum,0.0,0.09,0
2695,Perdita wyomingensis,Geum macrophyllum,0.0,0.06,0
2696,Sphecodes sp.,Geum macrophyllum,0.0,0.03,0
2697,Svastra obliqua,Geum macrophyllum,0.0,0.06,0
2698,Triepeolus paenepectoralis,Geum macrophyllum,0.0,0.1,0
2699,Xeromelecta californica,Geum macrophyllum,0.0,0.03,0
2700,Agapostemon femoratus,Goodyera oblongifolia,0.0,0.05,0
2701,Agapostemon texanus,Goodyera oblongifolia,0.0,0.05,0
2702,Andrena astragali,Goodyera oblongifolia,0.0,0.05,0
2703,Andrena barbilabris,Goodyera oblongifolia,0.0,0.03,0
2704,Andrena cyanophila,Goodyera oblongifolia,0.0,0.05,0
2705,Andrena melanochroa,Goodyera oblongifolia,0.0,0.04,0
2706,Andrena nigrocaerulea,Goodyera oblongifolia,0.0,0.03,0
2707,Andrena nivalis,Goodyera oblongifolia,0.0,0.02,0
2708,Andrena pallidifovea,Goodyera oblongifolia,0.0,0.05,0
2709,Andrena prunorum,Goodyera oblongifolia,0.0,0.06,0
2710,Andrena sp. 1,Goodyera oblongifolia,0.0,0.02,0
2711,Andrena sp. A,Goodyera oblongifolia,0.0,0.03,0
2712,Andrena transnigra,Goodyera oblongifolia,0.0,0.03,0
2713,Andrena vicinoides,Goodyera oblongifolia,0.0,0.02,0
2714,Anthophora bomboides,Goodyera oblongifolia,0.0,0.02,0
2715,Anthophora curta,Goodyera oblongifolia,0.0,0.04,0
2716,Anthophora pacifica,Goodyera oblongifolia,0.0,0.02,0
2717,Anthophora urbana,Goodyera oblongifolia,0.0,0.07,0
2718,Bombus appositus,Goodyera oblongifolia,0.0,0.05,0
2719,Bombus bifarius,Goodyera oblongifolia,0.0,0.07,0
2720,Bombus californicus,Goodyera oblongifolia,0.0,0.07,0
2721,Bombus centralis,Goodyera oblongifolia,0.0,0.06,0
2722,Bombus fernaldae,Goodyera oblongifolia,0.0,0.03,0
2723,Bombus fervidus,Goodyera oblongifolia,0.0,0.02,0
2724,Bombus flavifrons,Goodyera oblongifolia,0.0,0.07,0
2725,Bombus griseocollis,Goodyera oblongifolia,0.0,0.05,0
2726,Bombus huntii,Goodyera oblongifolia,0.0,0.06,0
2727,Bombus insularis,Goodyera oblongifolia,0.0,0.05,0
2728,Bombus mixtus,Goodyera oblongifolia,0.0,0.05,0
2729,Bombus nevadensis,Goodyera oblongifolia,0.0,0.06,0
2730,Bombus rufocinctus,Goodyera oblongifolia,0.0,0.06,0
2731,Bombus vosnesenskii,Goodyera oblongifolia,0.0,0.05,0
2732,Coelioxys rufitarsis,Goodyera oblongifolia,0.0,0.05,0
2733,Colletes phaceliae,Goodyera oblongifolia,0.0,0.05,0
2734,Diadasia nigrifrons,Goodyera oblongifolia,0.0,0.05,0
2735,Halictus farinosus,Goodyera oblongifolia,0.0,0.06,0
2736,Halictus ligatus,Goodyera oblongifolia,0.0,0.05,0
2737,Halictus rubicundus,Goodyera oblongifolia,0.0,0.06,0
2738,Halictus tripartitus,Goodyera oblongifolia,0.0,0.05,0
2739,Hylaeus verticalis,Goodyera oblongifolia,1.0,0.63,1
2740,Lasioglossum albipenne,Goodyera oblongifolia,0.0,0.02,0
2741,Lasioglossum cooleyi,Goodyera oblongifolia,0.0,0.03,0
2742,Lasioglossum incompletum,Goodyera oblongifolia,0.0,0.06,0
2743,Lasioglossum laevissimum,Goodyera oblongifolia,0.0,0.03,0
2744,Lasioglossum nevadense,Goodyera oblongifolia,0.0,0.03,0
2745,Lasioglossum olympiae,Goodyera oblongifolia,0.0,0.06,0
2746,Lasioglossum ovaliceps,Goodyera oblongifolia,0.0,0.03,0
2747,Lasioglossum sedi,Goodyera oblongifolia,0.0,0.02,0
2748,Lasioglossum sp.,Goodyera oblongifolia,0.0,0.05,0
2749,Lasioglossum sp. 2,Goodyera oblongifolia,0.0,0.05,0
2750,Lasioglossum titusi,Goodyera oblongifolia,0.0,0.04,0
2751,Megachile apicalis,Goodyera oblongifolia,0.0,0.03,0
2752,Megachile nevadensis,Goodyera oblongifolia,0.0,0.02,0
2753,Megachile onobrychidis,Goodyera oblongifolia,0.0,0.06,0
2754,Megachile perihirta,Goodyera oblongifolia,0.0,0.06,0
2755,Melissodes bimatris,Goodyera oblongifolia,0.0,0.04,0
2756,Melissodes lupinus,Goodyera oblongifolia,0.0,0.03,0
2757,Melissodes lutulentus,Goodyera oblongifolia,0.0,0.03,0
2758,Melissodes microstictus,Goodyera oblongifolia,0.0,0.05,0
2759,Melissodes pallidisignatus,Goodyera oblongifolia,0.0,0.04,0
2760,Melissodes rivalis,Goodyera oblongifolia,0.0,0.03,0
2761,Melissodes subagilis,Goodyera oblongifolia,0.0,0.03,0
2762,Osmia atrocyanea,Goodyera oblongifolia,0.0,0.02,0
2763,Osmia brevis,Goodyera oblongifolia,0.0,0.02,0
2764,Osmia bucephala,Goodyera oblongifolia,0.0,0.03,0
2765,Osmia integra,Goodyera oblongifolia,0.0,0.03,0
2766,Osmia juxta,Goodyera oblongifolia,0.0,0.04,0
2767,Osmia raritatis,Goodyera oblongifolia,0.0,0.04,0
2768,Osmia sp. 2,Goodyera oblongifolia,0.0,0.03,0
2769,Panurginus torchio,Goodyera oblongifolia,0.0,0.03,0
2770,Perdita wyomingensis,Goodyera oblongifolia,0.0,0.03,0
2771,Sphecodes sp.,Goodyera oblongifolia,0.0,0.02,0
2772,Svastra obliqua,Goodyera oblongifolia,0.0,0.03,0
2773,Triepeolus paenepectoralis,Goodyera oblongifolia,0.0,0.03,0
2774,Xeromelecta californica,Goodyera oblongifolia,0.0,0.02,0
2775,Agapostemon femoratus,Grindelia squarrosa,0.0,0.35,0
2776,Agapostemon texanus,Grindelia squarrosa,0.0,0.26,0
2777,Andrena astragali,Grindelia squarrosa,0.0,0.18,0
2778,Andrena barbilabris,Grindelia squarrosa,0.0,0.15,0
2779,Andrena cyanophila,Grindelia squarrosa,0.0,0.25,0
2780,Andrena melanochroa,Grindelia squarrosa,0.0,0.23,0
2781,Andrena nigrocaerulea,Grindelia squarrosa,0.0,0.16,0
2782,Andrena nivalis,Grindelia squarrosa,0.0,0.05,0
2783,Andrena pallidifovea,Grindelia squarrosa,0.0,0.21,0
2784,Andrena prunorum,Grindelia squarrosa,0.0,0.38,0
2785,Andrena sp. 1,Grindelia squarrosa,0.0,0.05,0
2786,Andrena sp. A,Grindelia squarrosa,0.0,0.15,0
2787,Andrena transnigra,Grindelia squarrosa,0.0,0.16,0
2788,Andrena vicinoides,Grindelia squarrosa,0.0,0.05,0
2789,Anthophora bomboides,Grindelia squarrosa,0.0,0.13,0
2790,Anthophora curta,Grindelia squarrosa,0.0,0.16,0
2791,Anthophora pacifica,Grindelia squarrosa,0.0,0.05,0
2792,Anthophora urbana,Grindelia squarrosa,0.0,0.29,0
2793,Bombus appositus,Grindelia squarrosa,0.0,0.36,0
2794,Bombus bifarius,Grindelia squarrosa,0.0,0.56,1
2795,Bombus californicus,Grindelia squarrosa,0.0,0.57,1
2796,Bombus centralis,Grindelia squarrosa,0.0,0.45,0
2797,Bombus fernaldae,Grindelia squarrosa,0.0,0.13,0
2798,Bombus fervidus,Grindelia squarrosa,0.0,0.13,0
2799,Bombus flavifrons,Grindelia squarrosa,0.0,0.56,1
2800,Bombus griseocollis,Grindelia squarrosa,0.0,0.21,0
2801,Bombus huntii,Grindelia squarrosa,0.0,0.3,0
2802,Bombus insularis,Grindelia squarrosa,0.0,0.28,0
2803,Bombus mixtus,Grindelia squarrosa,0.0,0.28,0
2804,Bombus nevadensis,Grindelia squarrosa,0.0,0.31,0
2805,Bombus rufocinctus,Grindelia squarrosa,0.0,0.28,0
2806,Bombus vosnesenskii,Grindelia squarrosa,0.0,0.3,0
2807,Coelioxys rufitarsis,Grindelia squarrosa,0.0,0.28,0
2808,Colletes phaceliae,Grindelia squarrosa,0.0,0.25,0
2809,Diadasia nigrifrons,Grindelia squarrosa,0.0,0.18,0
2810,Halictus farinosus,Grindelia squarrosa,0.0,0.36,0
2811,Halictus ligatus,Grindelia squarrosa,1.0,0.33,0
2812,Halictus rubicundus,Grindelia squarrosa,1.0,0.29,0
2813,Halictus tripartitus,Grindelia squarrosa,0.0,0.25,0
2814,Hylaeus verticalis,Grindelia squarrosa,0.0,0.21,0
2815,Lasioglossum albipenne,Grindelia squarrosa,0.0,0.05,0
2816,Lasioglossum cooleyi,Grindelia squarrosa,0.0,0.13,0
2817,Lasioglossum incompletum,Grindelia squarrosa,0.0,0.34,0
2818,Lasioglossum laevissimum,Grindelia squarrosa,0.0,0.2,0
2819,Lasioglossum nevadense,Grindelia squarrosa,0.0,0.15,0
2820,Lasioglossum olympiae,Grindelia squarrosa,0.0,0.36,0
2821,Lasioglossum ovaliceps,Grindelia squarrosa,1.0,0.23,0
2822,Lasioglossum sedi,Grindelia squarrosa,0.0,0.05,0
2823,Lasioglossum sp.,Grindelia squarrosa,0.0,0.28,0
2824,Lasioglossum sp. 2,Grindelia squarrosa,0.0,0.28,0
2825,Lasioglossum titusi,Grindelia squarrosa,0.0,0.15,0
2826,Megachile apicalis,Grindelia squarrosa,0.0,0.11,0
2827,Megachile nevadensis,Grindelia squarrosa,0.0,0.05,0
2828,Megachile onobrychidis,Grindelia squarrosa,1.0,0.33,0
2829,Megachile perihirta,Grindelia squarrosa,0.0,0.31,0
2830,Melissodes bimatris,Grindelia squarrosa,0.0,0.16,0
2831,Melissodes lupinus,Grindelia squarrosa,0.0,0.15,0
2832,Melissodes lutulentus,Grindelia squarrosa,0.0,0.13,0
2833,Melissodes microstictus,Grindelia squarrosa,0.0,0.18,0
2834,Melissodes pallidisignatus,Grindelia squarrosa,0.0,0.16,0
2835,Melissodes rivalis,Grindelia squarrosa,0.0,0.11,0
2836,Melissodes subagilis,Grindelia squarrosa,0.0,0.14,0
2837,Osmia atrocyanea,Grindelia squarrosa,0.0,0.13,0
2838,Osmia brevis,Grindelia squarrosa,0.0,0.05,0
2839,Osmia bucephala,Grindelia squarrosa,0.0,0.13,0
2840,Osmia integra,Grindelia squarrosa,0.0,0.13,0
2841,Osmia juxta,Grindelia squarrosa,0.0,0.25,0
2842,Osmia raritatis,Grindelia squarrosa,0.0,0.19,0
2843,Osmia sp. 2,Grindelia squarrosa,0.0,0.13,0
2844,Panurginus torchio,Grindelia squarrosa,0.0,0.17,0
2845,Perdita wyomingensis,Grindelia squarrosa,0.0,0.13,0
2846,Sphecodes sp.,Grindelia squarrosa,0.0,0.05,0
2847,Svastra obliqua,Grindelia squarrosa,0.0,0.11,0
2848,Triepeolus paenepectoralis,Grindelia squarrosa,0.0,0.19,0
2849,Xeromelecta californica,Grindelia squarrosa,0.0,0.05,0
2850,Agapostemon femoratus,Gutierrezia sarothrae,1.0,0.32,0
2851,Agapostemon texanus,Gutierrezia sarothrae,0.0,0.26,0
2852,Andrena astragali,Gutierrezia sarothrae,0.0,0.16,0
2853,Andrena barbilabris,Gutierrezia sarothrae,0.0,0.11,0
2854,Andrena cyanophila,Gutierrezia sarothrae,0.0,0.19,0
2855,Andrena melanochroa,Gutierrezia sarothrae,0.0,0.19,0
2856,Andrena nigrocaerulea,Gutierrezia sarothrae,0.0,0.1,0
2857,Andrena nivalis,Gutierrezia sarothrae,0.0,0.04,0
2858,Andrena pallidifovea,Gutierrezia sarothrae,0.0,0.18,0
2859,Andrena prunorum,Gutierrezia sarothrae,0.0,0.37,0
2860,Andrena sp. 1,Gutierrezia sarothrae,0.0,0.03,0
2861,Andrena sp. A,Gutierrezia sarothrae,0.0,0.1,0
2862,Andrena transnigra,Gutierrezia sarothrae,0.0,0.1,0
2863,Andrena vicinoides,Gutierrezia sarothrae,0.0,0.04,0
2864,Anthophora bomboides,Gutierrezia sarothrae,0.0,0.08,0
2865,Anthophora curta,Gutierrezia sarothrae,1.0,0.15,0
2866,Anthophora pacifica,Gutierrezia sarothrae,0.0,0.04,0
2867,Anthophora urbana,Gutierrezia sarothrae,0.0,0.35,0
2868,Bombus appositus,Gutierrezia sarothrae,0.0,0.31,0
2869,Bombus bifarius,Gutierrezia sarothrae,0.0,0.48,0
2870,Bombus californicus,Gutierrezia sarothrae,0.0,0.5,0
2871,Bombus centralis,Gutierrezia sarothrae,0.0,0.39,0
2872,Bombus fernaldae,Gutierrezia sarothrae,0.0,0.09,0
2873,Bombus fervidus,Gutierrezia sarothrae,0.0,0.09,0
2874,Bombus flavifrons,Gutierrezia sarothrae,0.0,0.48,0
2875,Bombus griseocollis,Gutierrezia sarothrae,0.0,0.22,0
2876,Bombus huntii,Gutierrezia sarothrae,0.0,0.35,0
2877,Bombus insularis,Gutierrezia sarothrae,0.0,0.27,0
2878,Bombus mixtus,Gutierrezia sarothrae,0.0,0.29,0
2879,Bombus nevadensis,Gutierrezia sarothrae,0.0,0.36,0
2880,Bombus rufocinctus,Gutierrezia sarothrae,0.0,0.27,0
2881,Bombus vosnesenskii,Gutierrezia sarothrae,0.0,0.3,0
2882,Coelioxys rufitarsis,Gutierrezia sarothrae,0.0,0.31,0
2883,Colletes phaceliae,Gutierrezia sarothrae,0.0,0.24,0
2884,Diadasia nigrifrons,Gutierrezia sarothrae,0.0,0.16,0
2885,Halictus farinosus,Gutierrezia sarothrae,0.0,0.38,0
2886,Halictus ligatus,Gutierrezia sarothrae,0.0,0.3,0
2887,Halictus rubicundus,Gutierrezia sarothrae,0.0,0.27,0
2888,Halictus tripartitus,Gutierrezia sarothrae,0.0,0.22,0
2889,Hylaeus verticalis,Gutierrezia sarothrae,0.0,0.17,0
2890,Lasioglossum albipenne,Gutierrezia sarothrae,0.0,0.04,0
2891,Lasioglossum cooleyi,Gutierrezia sarothrae,0.0,0.08,0
2892,Lasioglossum incompletum,Gutierrezia sarothrae,0.0,0.3,0
2893,Lasioglossum laevissimum,Gutierrezia sarothrae,0.0,0.13,0
2894,Lasioglossum nevadense,Gutierrezia sarothrae,0.0,0.09,0
2895,Lasioglossum olympiae,Gutierrezia sarothrae,0.0,0.31,0
2896,Lasioglossum ovaliceps,Gutierrezia sarothrae,0.0,0.09,0
2897,Lasioglossum sedi,Gutierrezia sarothrae,0.0,0.04,0
2898,Lasioglossum sp.,Gutierrezia sarothrae,0.0,0.33,0
2899,Lasioglossum sp. 2,Gutierrezia sarothrae,0.0,0.28,0
2900,Lasioglossum titusi,Gutierrezia sarothrae,0.0,0.11,0
2901,Megachile apicalis,Gutierrezia sarothrae,0.0,0.09,0
2902,Megachile nevadensis,Gutierrezia sarothrae,0.0,0.03,0
2903,Megachile onobrychidis,Gutierrezia sarothrae,0.0,0.36,0
2904,Megachile perihirta,Gutierrezia sarothrae,0.0,0.29,0
2905,Melissodes bimatris,Gutierrezia sarothrae,1.0,0.15,0
2906,Melissodes lupinus,Gutierrezia sarothrae,0.0,0.09,0
2907,Melissodes lutulentus,Gutierrezia sarothrae,1.0,0.11,0
2908,Melissodes microstictus,Gutierrezia sarothrae,0.0,0.17,0
2909,Melissodes pallidisignatus,Gutierrezia sarothrae,1.0,0.15,0
2910,Melissodes rivalis,Gutierrezia sarothrae,0.0,0.08,0
2911,Melissodes subagilis,Gutierrezia sarothrae,1.0,0.13,0
2912,Osmia atrocyanea,Gutierrezia sarothrae,0.0,0.08,0
2913,Osmia brevis,Gutierrezia sarothrae,0.0,0.04,0
2914,Osmia bucephala,Gutierrezia sarothrae,0.0,0.08,0
2915,Osmia integra,Gutierrezia sarothrae,0.0,0.09,0
2916,Osmia juxta,Gutierrezia sarothrae,0.0,0.23,0
2917,Osmia raritatis,Gutierrezia sarothrae,0.0,0.14,0
2918,Osmia sp. 2,Gutierrezia sarothrae,0.0,0.09,0
2919,Panurginus torchio,Gutierrezia sarothrae,0.0,0.11,0
2920,Perdita wyomingensis,Gutierrezia sarothrae,0.0,0.08,0
2921,Sphecodes sp.,Gutierrezia sarothrae,0.0,0.04,0
2922,Svastra obliqua,Gutierrezia sarothrae,0.0,0.09,0
2923,Triepeolus paenepectoralis,Gutierrezia sarothrae,0.0,0.16,0
2924,Xeromelecta californica,Gutierrezia sarothrae,0.0,0.04,0
2925,Agapostemon femoratus,Helianthus annuus,0.0,0.05,0
2926,Agapostemon texanus,Helianthus annuus,0.0,0.05,0
2927,Andrena astragali,Helianthus annuus,0.0,0.04,0
2928,Andrena barbilabris,Helianthus annuus,0.0,0.03,0
2929,Andrena cyanophila,Helianthus annuus,0.0,0.04,0
2930,Andrena melanochroa,Helianthus annuus,0.0,0.04,0
2931,Andrena nigrocaerulea,Helianthus annuus,0.0,0.03,0
2932,Andrena nivalis,Helianthus annuus,0.0,0.02,0
2933,Andrena pallidifovea,Helianthus annuus,0.0,0.04,0
2934,Andrena prunorum,Helianthus annuus,0.0,0.06,0
2935,Andrena sp. 1,Helianthus annuus,0.0,0.02,0
2936,Andrena sp. A,Helianthus annuus,0.0,0.03,0
2937,Andrena transnigra,Helianthus annuus,0.0,0.03,0
2938,Andrena vicinoides,Helianthus annuus,0.0,0.02,0
2939,Anthophora bomboides,Helianthus annuus,0.0,0.03,0
2940,Anthophora curta,Helianthus annuus,0.0,0.04,0
2941,Anthophora pacifica,Helianthus annuus,0.0,0.02,0
2942,Anthophora urbana,Helianthus annuus,0.0,0.04,0
2943,Bombus appositus,Helianthus annuus,0.0,0.04,0
2944,Bombus bifarius,Helianthus annuus,0.0,0.07,0
2945,Bombus californicus,Helianthus annuus,0.0,0.07,0
2946,Bombus centralis,Helianthus annuus,0.0,0.06,0
2947,Bombus fernaldae,Helianthus annuus,0.0,0.03,0
2948,Bombus fervidus,Helianthus annuus,0.0,0.03,0
2949,Bombus flavifrons,Helianthus annuus,0.0,0.07,0
2950,Bombus griseocollis,Helianthus annuus,0.0,0.05,0
2951,Bombus huntii,Helianthus annuus,0.0,0.05,0
2952,Bombus insularis,Helianthus annuus,0.0,0.04,0
2953,Bombus mixtus,Helianthus annuus,0.0,0.05,0
2954,Bombus nevadensis,Helianthus annuus,0.0,0.05,0
2955,Bombus rufocinctus,Helianthus annuus,0.0,0.05,0
2956,Bombus vosnesenskii,Helianthus annuus,0.0,0.04,0
2957,Coelioxys rufitarsis,Helianthus annuus,0.0,0.04,0
2958,Colletes phaceliae,Helianthus annuus,0.0,0.04,0
2959,Diadasia nigrifrons,Helianthus annuus,0.0,0.04,0
2960,Halictus farinosus,Helianthus annuus,0.0,0.05,0
2961,Halictus ligatus,Helianthus annuus,0.0,0.04,0
2962,Halictus rubicundus,Helianthus annuus,0.0,0.04,0
2963,Halictus tripartitus,Helianthus annuus,0.0,0.04,0
2964,Hylaeus verticalis,Helianthus annuus,0.0,0.04,0
2965,Lasioglossum albipenne,Helianthus annuus,0.0,0.02,0
2966,Lasioglossum cooleyi,Helianthus annuus,0.0,0.03,0
2967,Lasioglossum incompletum,Helianthus annuus,0.0,0.04,0
2968,Lasioglossum laevissimum,Helianthus annuus,0.0,0.03,0
2969,Lasioglossum nevadense,Helianthus annuus,0.0,0.03,0
2970,Lasioglossum olympiae,Helianthus annuus,0.0,0.05,0
2971,Lasioglossum ovaliceps,Helianthus annuus,0.0,0.03,0
2972,Lasioglossum sedi,Helianthus annuus,0.0,0.02,0
2973,Lasioglossum sp.,Helianthus annuus,0.0,0.05,0
2974,Lasioglossum sp. 2,Helianthus annuus,0.0,0.04,0
2975,Lasioglossum titusi,Helianthus annuus,0.0,0.04,0
2976,Megachile apicalis,Helianthus annuus,0.0,0.03,0
2977,Megachile nevadensis,Helianthus annuus,0.0,0.02,0
2978,Megachile onobrychidis,Helianthus annuus,0.0,0.04,0
2979,Megachile perihirta,Helianthus annuus,1.0,0.79,1
2980,Melissodes bimatris,Helianthus annuus,0.0,0.04,0
2981,Melissodes lupinus,Helianthus annuus,0.0,0.03,0
2982,Melissodes lutulentus,Helianthus annuus,0.0,0.03,0
2983,Melissodes microstictus,Helianthus annuus,0.0,0.04,0
2984,Melissodes pallidisignatus,Helianthus annuus,0.0,0.04,0
2985,Melissodes rivalis,Helianthus annuus,0.0,0.03,0
2986,Melissodes subagilis,Helianthus annuus,0.0,0.03,0
2987,Osmia atrocyanea,Helianthus annuus,0.0,0.03,0
2988,Osmia brevis,Helianthus annuus,0.0,0.02,0
2989,Osmia bucephala,Helianthus annuus,0.0,0.03,0
2990,Osmia integra,Helianthus annuus,0.0,0.03,0
2991,Osmia juxta,Helianthus annuus,0.0,0.04,0
2992,Osmia raritatis,Helianthus annuus,0.0,0.04,0
2993,Osmia sp. 2,Helianthus annuus,0.0,0.03,0
2994,Panurginus torchio,Helianthus annuus,0.0,0.03,0
2995,Perdita wyomingensis,Helianthus annuus,0.0,0.03,0
2996,Sphecodes sp.,Helianthus annuus,0.0,0.02,0
2997,Svastra obliqua,Helianthus annuus,0.0,0.03,0
2998,Triepeolus paenepectoralis,Helianthus annuus,0.0,0.03,0
2999,Xeromelecta californica,Helianthus annuus,0.0,0.02,0
3000,Agapostemon femoratus,Heracleum maximum,0.0,0.05,0
3001,Agapostemon texanus,Heracleum maximum,0.0,0.05,0
3002,Andrena astragali,Heracleum maximum,0.0,0.04,0
3003,Andrena barbilabris,Heracleum maximum,0.0,0.03,0
3004,Andrena cyanophila,Heracleum maximum,0.0,0.04,0
3005,Andrena melanochroa,Heracleum maximum,0.0,0.03,0
3006,Andrena nigrocaerulea,Heracleum maximum,0.0,0.03,0
3007,Andrena nivalis,Heracleum maximum,0.0,0.02,0
3008,Andrena pallidifovea,Heracleum maximum,0.0,0.04,0
3009,Andrena prunorum,Heracleum maximum,0.0,0.06,0
3010,Andrena sp. 1,Heracleum maximum,0.0,0.02,0
3011,Andrena sp. A,Heracleum maximum,0.0,0.03,0
3012,Andrena transnigra,Heracleum maximum,0.0,0.03,0
3013,Andrena vicinoides,Heracleum maximum,0.0,0.02,0
3014,Anthophora bomboides,Heracleum maximum,0.0,0.02,0
3015,Anthophora curta,Heracleum maximum,0.0,0.03,0
3016,Anthophora pacifica,Heracleum maximum,0.0,0.02,0
3017,Anthophora urbana,Heracleum maximum,0.0,0.06,0
3018,Bombus appositus,Heracleum maximum,0.0,0.04,0
3019,Bombus bifarius,Heracleum maximum,0.0,0.07,0
3020,Bombus californicus,Heracleum maximum,0.0,0.07,0
3021,Bombus centralis,Heracleum maximum,0.0,0.06,0
3022,Bombus fernaldae,Heracleum maximum,0.0,0.03,0
3023,Bombus fervidus,Heracleum maximum,0.0,0.02,0
3024,Bombus flavifrons,Heracleum maximum,0.0,0.07,0
3025,Bombus griseocollis,Heracleum maximum,0.0,0.04,0
3026,Bombus huntii,Heracleum maximum,0.0,0.05,0
3027,Bombus insularis,Heracleum maximum,0.0,0.04,0
3028,Bombus mixtus,Heracleum maximum,0.0,0.04,0
3029,Bombus nevadensis,Heracleum maximum,0.0,0.05,0
3030,Bombus rufocinctus,Heracleum maximum,0.0,0.05,0
3031,Bombus vosnesenskii,Heracleum maximum,0.0,0.04,0
3032,Coelioxys rufitarsis,Heracleum maximum,0.0,0.04,0
3033,Colletes phaceliae,Heracleum maximum,0.0,0.04,0
3034,Diadasia nigrifrons,Heracleum maximum,0.0,0.04,0
3035,Halictus farinosus,Heracleum maximum,0.0,0.06,0
3036,Halictus ligatus,Heracleum maximum,0.0,0.04,0
3037,Halictus rubicundus,Heracleum maximum,0.0,0.05,0
3038,Halictus tripartitus,Heracleum maximum,0.0,0.04,0
3039,Hylaeus verticalis,Heracleum maximum,0.0,0.04,0
3040,Lasioglossum albipenne,Heracleum maximum,0.0,0.02,0
3041,Lasioglossum cooleyi,Heracleum maximum,0.0,0.03,0
3042,Lasioglossum incompletum,Heracleum maximum,0.0,0.04,0
3043,Lasioglossum laevissimum,Heracleum maximum,0.0,0.03,0
3044,Lasioglossum nevadense,Heracleum maximum,0.0,0.03,0
3045,Lasioglossum olympiae,Heracleum maximum,1.0,0.82,1
3046,Lasioglossum ovaliceps,Heracleum maximum,0.0,0.03,0
3047,Lasioglossum sedi,Heracleum maximum,0.0,0.02,0
3048,Lasioglossum sp.,Heracleum maximum,0.0,0.04,0
3049,Lasioglossum sp. 2,Heracleum maximum,0.0,0.04,0
3050,Lasioglossum titusi,Heracleum maximum,0.0,0.04,0
3051,Megachile apicalis,Heracleum maximum,0.0,0.03,0
3052,Megachile nevadensis,Heracleum maximum,0.0,0.02,0
3053,Megachile onobrychidis,Heracleum maximum,0.0,0.07,0
3054,Megachile perihirta,Heracleum maximum,0.0,0.05,0
3055,Melissodes bimatris,Heracleum maximum,0.0,0.03,0
3056,Melissodes lupinus,Heracleum maximum,0.0,0.03,0
3057,Melissodes lutulentus,Heracleum maximum,0.0,0.03,0
3058,Melissodes microstictus,Heracleum maximum,0.0,0.04,0
3059,Melissodes pallidisignatus,Heracleum maximum,0.0,0.03,0
3060,Melissodes rivalis,Heracleum maximum,0.0,0.03,0
3061,Melissodes subagilis,Heracleum maximum,0.0,0.03,0
3062,Osmia atrocyanea,Heracleum maximum,0.0,0.02,0
3063,Osmia brevis,Heracleum maximum,0.0,0.02,0
3064,Osmia bucephala,Heracleum maximum,0.0,0.02,0
3065,Osmia integra,Heracleum maximum,0.0,0.02,0
3066,Osmia juxta,Heracleum maximum,0.0,0.04,0
3067,Osmia raritatis,Heracleum maximum,0.0,0.04,0
3068,Osmia sp. 2,Heracleum maximum,0.0,0.03,0
3069,Panurginus torchio,Heracleum maximum,0.0,0.03,0
3070,Perdita wyomingensis,Heracleum maximum,0.0,0.02,0
3071,Sphecodes sp.,Heracleum maximum,0.0,0.02,0
3072,Svastra obliqua,Heracleum maximum,0.0,0.03,0
3073,Triepeolus paenepectoralis,Heracleum maximum,0.0,0.03,0
3074,Xeromelecta californica,Heracleum maximum,0.0,0.02,0
3075,Agapostemon femoratus,Heuchera cylindrica,0.0,0.05,0
3076,Agapostemon texanus,Heuchera cylindrica,0.0,0.06,0
3077,Andrena astragali,Heuchera cylindrica,0.0,0.05,0
3078,Andrena barbilabris,Heuchera cylindrica,0.0,0.03,0
3079,Andrena cyanophila,Heuchera cylindrica,1.0,0.65,1
3080,Andrena melanochroa,Heuchera cylindrica,0.0,0.04,0
3081,Andrena nigrocaerulea,Heuchera cylindrica,0.0,0.03,0
3082,Andrena nivalis,Heuchera cylindrica,0.0,0.02,0
3083,Andrena pallidifovea,Heuchera cylindrica,0.0,0.05,0
3084,Andrena prunorum,Heuchera cylindrica,0.0,0.06,0
3085,Andrena sp. 1,Heuchera cylindrica,0.0,0.02,0
3086,Andrena sp. A,Heuchera cylindrica,0.0,0.03,0
3087,Andrena transnigra,Heuchera cylindrica,0.0,0.03,0
3088,Andrena vicinoides,Heuchera cylindrica,0.0,0.02,0
3089,Anthophora bomboides,Heuchera cylindrica,0.0,0.02,0
3090,Anthophora curta,Heuchera cylindrica,0.0,0.04,0
3091,Anthophora pacifica,Heuchera cylindrica,0.0,0.02,0
3092,Anthophora urbana,Heuchera cylindrica,0.0,0.07,0
3093,Bombus appositus,Heuchera cylindrica,0.0,0.05,0
3094,Bombus bifarius,Heuchera cylindrica,0.0,0.07,0
3095,Bombus californicus,Heuchera cylindrica,0.0,0.09,0
3096,Bombus centralis,Heuchera cylindrica,0.0,0.05,0
3097,Bombus fernaldae,Heuchera cylindrica,0.0,0.03,0
3098,Bombus fervidus,Heuchera cylindrica,0.0,0.02,0
3099,Bombus flavifrons,Heuchera cylindrica,0.0,0.07,0
3100,Bombus griseocollis,Heuchera cylindrica,0.0,0.05,0
3101,Bombus huntii,Heuchera cylindrica,0.0,0.06,0
3102,Bombus insularis,Heuchera cylindrica,0.0,0.05,0
3103,Bombus mixtus,Heuchera cylindrica,0.0,0.05,0
3104,Bombus nevadensis,Heuchera cylindrica,0.0,0.06,0
3105,Bombus rufocinctus,Heuchera cylindrica,0.0,0.06,0
3106,Bombus vosnesenskii,Heuchera cylindrica,0.0,0.05,0
3107,Coelioxys rufitarsis,Heuchera cylindrica,0.0,0.05,0
3108,Colletes phaceliae,Heuchera cylindrica,0.0,0.05,0
3109,Diadasia nigrifrons,Heuchera cylindrica,0.0,0.05,0
3110,Halictus farinosus,Heuchera cylindrica,0.0,0.05,0
3111,Halictus ligatus,Heuchera cylindrica,0.0,0.05,0
3112,Halictus rubicundus,Heuchera cylindrica,0.0,0.06,0
3113,Halictus tripartitus,Heuchera cylindrica,0.0,0.05,0
3114,Hylaeus verticalis,Heuchera cylindrica,0.0,0.05,0
3115,Lasioglossum albipenne,Heuchera cylindrica,0.0,0.02,0
3116,Lasioglossum cooleyi,Heuchera cylindrica,0.0,0.03,0
3117,Lasioglossum incompletum,Heuchera cylindrica,0.0,0.06,0
3118,Lasioglossum laevissimum,Heuchera cylindrica,0.0,0.03,0
3119,Lasioglossum nevadense,Heuchera cylindrica,0.0,0.03,0
3120,Lasioglossum olympiae,Heuchera cylindrica,0.0,0.06,0
3121,Lasioglossum ovaliceps,Heuchera cylindrica,0.0,0.03,0
3122,Lasioglossum sedi,Heuchera cylindrica,0.0,0.02,0
3123,Lasioglossum sp.,Heuchera cylindrica,0.0,0.06,0
3124,Lasioglossum sp. 2,Heuchera cylindrica,0.0,0.05,0
3125,Lasioglossum titusi,Heuchera cylindrica,0.0,0.04,0
3126,Megachile apicalis,Heuchera cylindrica,0.0,0.03,0
3127,Megachile nevadensis,Heuchera cylindrica,0.0,0.02,0
3128,Megachile onobrychidis,Heuchera cylindrica,0.0,0.06,0
3129,Megachile perihirta,Heuchera cylindrica,0.0,0.06,0
3130,Melissodes bimatris,Heuchera cylindrica,0.0,0.04,0
3131,Melissodes lupinus,Heuchera cylindrica,0.0,0.03,0
3132,Melissodes lutulentus,Heuchera cylindrica,0.0,0.03,0
3133,Melissodes microstictus,Heuchera cylindrica,0.0,0.05,0
3134,Melissodes pallidisignatus,Heuchera cylindrica,0.0,0.04,0
3135,Melissodes rivalis,Heuchera cylindrica,0.0,0.03,0
3136,Melissodes subagilis,Heuchera cylindrica,0.0,0.02,0
3137,Osmia atrocyanea,Heuchera cylindrica,0.0,0.02,0
3138,Osmia brevis,Heuchera cylindrica,0.0,0.02,0
3139,Osmia bucephala,Heuchera cylindrica,0.0,0.03,0
3140,Osmia integra,Heuchera cylindrica,0.0,0.03,0
3141,Osmia juxta,Heuchera cylindrica,0.0,0.04,0
3142,Osmia raritatis,Heuchera cylindrica,0.0,0.04,0
3143,Osmia sp. 2,Heuchera cylindrica,0.0,0.03,0
3144,Panurginus torchio,Heuchera cylindrica,0.0,0.03,0
3145,Perdita wyomingensis,Heuchera cylindrica,0.0,0.03,0
3146,Sphecodes sp.,Heuchera cylindrica,0.0,0.02,0
3147,Svastra obliqua,Heuchera cylindrica,0.0,0.03,0
3148,Triepeolus paenepectoralis,Heuchera cylindrica,0.0,0.03,0
3149,Xeromelecta californica,Heuchera cylindrica,0.0,0.02,0
3150,Agapostemon femoratus,Hieracium scouleri,0.0,0.18,0
3151,Agapostemon texanus,Hieracium scouleri,0.0,0.15,0
3152,Andrena astragali,Hieracium scouleri,0.0,0.11,0
3153,Andrena barbilabris,Hieracium scouleri,0.0,0.06,0
3154,Andrena cyanophila,Hieracium scouleri,0.0,0.15,0
3155,Andrena melanochroa,Hieracium scouleri,0.0,0.12,0
3156,Andrena nigrocaerulea,Hieracium scouleri,0.0,0.08,0
3157,Andrena nivalis,Hieracium scouleri,0.0,0.03,0
3158,Andrena pallidifovea,Hieracium scouleri,0.0,0.12,0
3159,Andrena prunorum,Hieracium scouleri,0.0,0.25,0
3160,Andrena sp. 1,Hieracium scouleri,0.0,0.03,0
3161,Andrena sp. A,Hieracium scouleri,0.0,0.06,0
3162,Andrena transnigra,Hieracium scouleri,0.0,0.09,0
3163,Andrena vicinoides,Hieracium scouleri,0.0,0.03,0
3164,Anthophora bomboides,Hieracium scouleri,0.0,0.06,0
3165,Anthophora curta,Hieracium scouleri,0.0,0.08,0
3166,Anthophora pacifica,Hieracium scouleri,0.0,0.03,0
3167,Anthophora urbana,Hieracium scouleri,0.0,0.21,0
3168,Bombus appositus,Hieracium scouleri,0.0,0.24,0
3169,Bombus bifarius,Hieracium scouleri,1.0,0.46,0
3170,Bombus californicus,Hieracium scouleri,0.0,0.45,0
3171,Bombus centralis,Hieracium scouleri,0.0,0.33,0
3172,Bombus fernaldae,Hieracium scouleri,0.0,0.07,0
3173,Bombus fervidus,Hieracium scouleri,0.0,0.05,0
3174,Bombus flavifrons,Hieracium scouleri,0.0,0.46,0
3175,Bombus griseocollis,Hieracium scouleri,0.0,0.11,0
3176,Bombus huntii,Hieracium scouleri,0.0,0.21,0
3177,Bombus insularis,Hieracium scouleri,0.0,0.18,0
3178,Bombus mixtus,Hieracium scouleri,0.0,0.18,0
3179,Bombus nevadensis,Hieracium scouleri,0.0,0.22,0
3180,Bombus rufocinctus,Hieracium scouleri,0.0,0.2,0
3181,Bombus vosnesenskii,Hieracium scouleri,0.0,0.18,0
3182,Coelioxys rufitarsis,Hieracium scouleri,0.0,0.19,0
3183,Colletes phaceliae,Hieracium scouleri,0.0,0.14,0
3184,Diadasia nigrifrons,Hieracium scouleri,0.0,0.11,0
3185,Halictus farinosus,Hieracium scouleri,0.0,0.27,0
3186,Halictus ligatus,Hieracium scouleri,0.0,0.25,0
3187,Halictus rubicundus,Hieracium scouleri,0.0,0.2,0
3188,Halictus tripartitus,Hieracium scouleri,0.0,0.15,0
3189,Hylaeus verticalis,Hieracium scouleri,0.0,0.12,0
3190,Lasioglossum albipenne,Hieracium scouleri,0.0,0.03,0
3191,Lasioglossum cooleyi,Hieracium scouleri,0.0,0.06,0
3192,Lasioglossum incompletum,Hieracium scouleri,0.0,0.24,0
3193,Lasioglossum laevissimum,Hieracium scouleri,0.0,0.1,0
3194,Lasioglossum nevadense,Hieracium scouleri,0.0,0.07,0
3195,Lasioglossum olympiae,Hieracium scouleri,0.0,0.28,0
3196,Lasioglossum ovaliceps,Hieracium scouleri,0.0,0.05,0
3197,Lasioglossum sedi,Hieracium scouleri,0.0,0.03,0
3198,Lasioglossum sp.,Hieracium scouleri,0.0,0.19,0
3199,Lasioglossum sp. 2,Hieracium scouleri,0.0,0.19,0
3200,Lasioglossum titusi,Hieracium scouleri,0.0,0.1,0
3201,Megachile apicalis,Hieracium scouleri,0.0,0.05,0
3202,Megachile nevadensis,Hieracium scouleri,0.0,0.03,0
3203,Megachile onobrychidis,Hieracium scouleri,0.0,0.22,0
3204,Megachile perihirta,Hieracium scouleri,0.0,0.22,0
3205,Melissodes bimatris,Hieracium scouleri,0.0,0.08,0
3206,Melissodes lupinus,Hieracium scouleri,0.0,0.06,0
3207,Melissodes lutulentus,Hieracium scouleri,0.0,0.05,0
3208,Melissodes microstictus,Hieracium scouleri,0.0,0.11,0
3209,Melissodes pallidisignatus,Hieracium scouleri,0.0,0.08,0
3210,Melissodes rivalis,Hieracium scouleri,0.0,0.05,0
3211,Melissodes subagilis,Hieracium scouleri,0.0,0.05,0
3212,Osmia atrocyanea,Hieracium scouleri,0.0,0.06,0
3213,Osmia brevis,Hieracium scouleri,0.0,0.03,0
3214,Osmia bucephala,Hieracium scouleri,0.0,0.06,0
3215,Osmia integra,Hieracium scouleri,0.0,0.06,0
3216,Osmia juxta,Hieracium scouleri,1.0,0.15,0
3217,Osmia raritatis,Hieracium scouleri,0.0,0.1,0
3218,Osmia sp. 2,Hieracium scouleri,0.0,0.06,0
3219,Panurginus torchio,Hieracium scouleri,0.0,0.08,0
3220,Perdita wyomingensis,Hieracium scouleri,0.0,0.06,0
3221,Sphecodes sp.,Hieracium scouleri,0.0,0.03,0
3222,Svastra obliqua,Hieracium scouleri,0.0,0.05,0
3223,Triepeolus paenepectoralis,Hieracium scouleri,0.0,0.08,0
3224,Xeromelecta californica,Hieracium scouleri,0.0,0.03,0
3225,Agapostemon femoratus,Holodiscus discolor,0.0,0.2,0
3226,Agapostemon texanus,Holodiscus discolor,0.0,0.16,0
3227,Andrena astragali,Holodiscus discolor,0.0,0.11,0
3228,Andrena barbilabris,Holodiscus discolor,0.0,0.07,0
3229,Andrena cyanophila,Holodiscus discolor,0.0,0.15,0
3230,Andrena melanochroa,Holodiscus discolor,0.0,0.13,0
3231,Andrena nigrocaerulea,Holodiscus discolor,0.0,0.09,0
3232,Andrena nivalis,Holodiscus discolor,0.0,0.03,0
3233,Andrena pallidifovea,Holodiscus discolor,0.0,0.12,0
3234,Andrena prunorum,Holodiscus discolor,0.0,0.27,0
3235,Andrena sp. 1,Holodiscus discolor,0.0,0.03,0
3236,Andrena sp. A,Holodiscus discolor,0.0,0.07,0
3237,Andrena transnigra,Holodiscus discolor,0.0,0.09,0
3238,Andrena vicinoides,Holodiscus discolor,0.0,0.03,0
3239,Anthophora bomboides,Holodiscus discolor,0.0,0.06,0
3240,Anthophora curta,Holodiscus discolor,0.0,0.08,0
3241,Anthophora pacifica,Holodiscus discolor,0.0,0.03,0
3242,Anthophora urbana,Holodiscus discolor,0.0,0.23,0
3243,Bombus appositus,Holodiscus discolor,0.0,0.25,0
3244,Bombus bifarius,Holodiscus discolor,1.0,0.47,0
3245,Bombus californicus,Holodiscus discolor,0.0,0.47,0
3246,Bombus centralis,Holodiscus discolor,0.0,0.34,0
3247,Bombus fernaldae,Holodiscus discolor,0.0,0.06,0
3248,Bombus fervidus,Holodiscus discolor,0.0,0.06,0
3249,Bombus flavifrons,Holodiscus discolor,0.0,0.47,0
3250,Bombus griseocollis,Holodiscus discolor,0.0,0.11,0
3251,Bombus huntii,Holodiscus discolor,0.0,0.23,0
3252,Bombus insularis,Holodiscus discolor,0.0,0.19,0
3253,Bombus mixtus,Holodiscus discolor,1.0,0.19,0
3254,Bombus nevadensis,Holodiscus discolor,0.0,0.24,0
3255,Bombus rufocinctus,Holodiscus discolor,0.0,0.21,0
3256,Bombus vosnesenskii,Holodiscus discolor,0.0,0.19,0
3257,Coelioxys rufitarsis,Holodiscus discolor,0.0,0.2,0
3258,Colletes phaceliae,Holodiscus discolor,0.0,0.14,0
3259,Diadasia nigrifrons,Holodiscus discolor,0.0,0.11,0
3260,Halictus farinosus,Holodiscus discolor,0.0,0.29,0
3261,Halictus ligatus,Holodiscus discolor,0.0,0.26,0
3262,Halictus rubicundus,Holodiscus discolor,0.0,0.22,0
3263,Halictus tripartitus,Holodiscus discolor,0.0,0.16,0
3264,Hylaeus verticalis,Holodiscus discolor,0.0,0.12,0
3265,Lasioglossum albipenne,Holodiscus discolor,0.0,0.03,0
3266,Lasioglossum cooleyi,Holodiscus discolor,0.0,0.06,0
3267,Lasioglossum incompletum,Holodiscus discolor,0.0,0.26,0
3268,Lasioglossum laevissimum,Holodiscus discolor,0.0,0.11,0
3269,Lasioglossum nevadense,Holodiscus discolor,0.0,0.07,0
3270,Lasioglossum olympiae,Holodiscus discolor,0.0,0.3,0
3271,Lasioglossum ovaliceps,Holodiscus discolor,0.0,0.05,0
3272,Lasioglossum sedi,Holodiscus discolor,0.0,0.03,0
3273,Lasioglossum sp.,Holodiscus discolor,0.0,0.2,0
3274,Lasioglossum sp. 2,Holodiscus discolor,0.0,0.21,0
3275,Lasioglossum titusi,Holodiscus discolor,0.0,0.1,0
3276,Megachile apicalis,Holodiscus discolor,0.0,0.05,0
3277,Megachile nevadensis,Holodiscus discolor,0.0,0.03,0
3278,Megachile onobrychidis,Holodiscus discolor,0.0,0.23,0
3279,Megachile perihirta,Holodiscus discolor,0.0,0.24,0
3280,Melissodes bimatris,Holodiscus discolor,0.0,0.08,0
3281,Melissodes lupinus,Holodiscus discolor,0.0,0.06,0
3282,Melissodes lutulentus,Holodiscus discolor,0.0,0.05,0
3283,Melissodes microstictus,Holodiscus discolor,0.0,0.12,0
3284,Melissodes pallidisignatus,Holodiscus discolor,0.0,0.08,0
3285,Melissodes rivalis,Holodiscus discolor,0.0,0.05,0
3286,Melissodes subagilis,Holodiscus discolor,0.0,0.06,0
3287,Osmia atrocyanea,Holodiscus discolor,0.0,0.06,0
3288,Osmia brevis,Holodiscus discolor,0.0,0.03,0
3289,Osmia bucephala,Holodiscus discolor,0.0,0.06,0
3290,Osmia integra,Holodiscus discolor,0.0,0.06,0
3291,Osmia juxta,Holodiscus discolor,0.0,0.14,0
3292,Osmia raritatis,Holodiscus discolor,0.0,0.11,0
3293,Osmia sp. 2,Holodiscus discolor,0.0,0.06,0
3294,Panurginus torchio,Holodiscus discolor,0.0,0.09,0
3295,Perdita wyomingensis,Holodiscus discolor,0.0,0.06,0
3296,Sphecodes sp.,Holodiscus discolor,0.0,0.03,0
3297,Svastra obliqua,Holodiscus discolor,0.0,0.05,0
3298,Triepeolus paenepectoralis,Holodiscus discolor,0.0,0.08,0
3299,Xeromelecta californica,Holodiscus discolor,0.0,0.03,0
3300,Agapostemon femoratus,Hypericum perforatum,0.0,0.49,0
3301,Agapostemon texanus,Hypericum perforatum,0.0,0.42,0
3302,Andrena astragali,Hypericum perforatum,0.0,0.29,0
3303,Andrena barbilabris,Hypericum perforatum,0.0,0.31,0
3304,Andrena cyanophila,Hypericum perforatum,0.0,0.4,0
3305,Andrena melanochroa,Hypericum perforatum,0.0,0.4,0
3306,Andrena nigrocaerulea,Hypericum perforatum,0.0,0.29,0
3307,Andrena nivalis,Hypericum perforatum,0.0,0.09,0
3308,Andrena pallidifovea,Hypericum perforatum,0.0,0.35,0
3309,Andrena prunorum,Hypericum perforatum,0.0,0.52,1
3310,Andrena sp. 1,Hypericum perforatum,0.0,0.09,0
3311,Andrena sp. A,Hypericum perforatum,0.0,0.3,0
3312,Andrena transnigra,Hypericum perforatum,0.0,0.33,0
3313,Andrena vicinoides,Hypericum perforatum,0.0,0.09,0
3314,Anthophora bomboides,Hypericum perforatum,0.0,0.26,0
3315,Anthophora curta,Hypericum perforatum,0.0,0.3,0
3316,Anthophora pacifica,Hypericum perforatum,0.0,0.09,0
3317,Anthophora urbana,Hypericum perforatum,0.0,0.51,1
3318,Bombus appositus,Hypericum perforatum,1.0,0.55,1
3319,Bombus bifarius,Hypericum perforatum,1.0,0.69,1
3320,Bombus californicus,Hypericum perforatum,1.0,0.69,1
3321,Bombus centralis,Hypericum perforatum,1.0,0.6,1
3322,Bombus fernaldae,Hypericum perforatum,0.0,0.26,0
3323,Bombus fervidus,Hypericum perforatum,0.0,0.27,0
3324,Bombus flavifrons,Hypericum perforatum,0.0,0.69,1
3325,Bombus griseocollis,Hypericum perforatum,0.0,0.39,0
3326,Bombus huntii,Hypericum perforatum,0.0,0.48,0
3327,Bombus insularis,Hypericum perforatum,0.0,0.48,0
3328,Bombus mixtus,Hypericum perforatum,0.0,0.5,1
3329,Bombus nevadensis,Hypericum perforatum,0.0,0.5,0
3330,Bombus rufocinctus,Hypericum perforatum,0.0,0.48,0
3331,Bombus vosnesenskii,Hypericum perforatum,1.0,0.51,1
3332,Coelioxys rufitarsis,Hypericum perforatum,1.0,0.47,0
3333,Colletes phaceliae,Hypericum perforatum,0.0,0.4,0
3334,Diadasia nigrifrons,Hypericum perforatum,0.0,0.29,0
3335,Halictus farinosus,Hypericum perforatum,0.0,0.52,1
3336,Halictus ligatus,Hypericum perforatum,1.0,0.51,1
3337,Halictus rubicundus,Hypericum perforatum,0.0,0.49,0
3338,Halictus tripartitus,Hypericum perforatum,0.0,0.44,0
3339,Hylaeus verticalis,Hypericum perforatum,0.0,0.33,0
3340,Lasioglossum albipenne,Hypericum perforatum,0.0,0.09,0
3341,Lasioglossum cooleyi,Hypericum perforatum,0.0,0.26,0
3342,Lasioglossum incompletum,Hypericum perforatum,1.0,0.5,0
3343,Lasioglossum laevissimum,Hypericum perforatum,1.0,0.35,0
3344,Lasioglossum nevadense,Hypericum perforatum,1.0,0.31,0
3345,Lasioglossum olympiae,Hypericum perforatum,1.0,0.5,0
3346,Lasioglossum ovaliceps,Hypericum perforatum,0.0,0.27,0
3347,Lasioglossum sedi,Hypericum perforatum,0.0,0.09,0
3348,Lasioglossum sp.,Hypericum perforatum,0.0,0.48,0
3349,Lasioglossum sp. 2,Hypericum perforatum,0.0,0.48,0
3350,Lasioglossum titusi,Hypericum perforatum,0.0,0.28,0
3351,Megachile apicalis,Hypericum perforatum,0.0,0.23,0
3352,Megachile nevadensis,Hypericum perforatum,0.0,0.09,0
3353,Megachile onobrychidis,Hypericum perforatum,0.0,0.5,1
3354,Megachile perihirta,Hypericum perforatum,1.0,0.51,1
3355,Melissodes bimatris,Hypericum perforatum,0.0,0.3,0
3356,Melissodes lupinus,Hypericum perforatum,0.0,0.29,0
3357,Melissodes lutulentus,Hypericum perforatum,0.0,0.27,0
3358,Melissodes microstictus,Hypericum perforatum,0.0,0.28,0
3359,Melissodes pallidisignatus,Hypericum perforatum,0.0,0.3,0
3360,Melissodes rivalis,Hypericum perforatum,0.0,0.24,0
3361,Melissodes subagilis,Hypericum perforatum,0.0,0.26,0
3362,Osmia atrocyanea,Hypericum perforatum,0.0,0.26,0
3363,Osmia brevis,Hypericum perforatum,0.0,0.09,0
3364,Osmia bucephala,Hypericum perforatum,0.0,0.27,0
3365,Osmia integra,Hypericum perforatum,0.0,0.27,0
3366,Osmia juxta,Hypericum perforatum,0.0,0.45,0
3367,Osmia raritatis,Hypericum perforatum,0.0,0.36,0
3368,Osmia sp. 2,Hypericum perforatum,0.0,0.28,0
3369,Panurginus torchio,Hypericum perforatum,0.0,0.32,0
3370,Perdita wyomingensis,Hypericum perforatum,1.0,0.29,0
3371,Sphecodes sp.,Hypericum perforatum,0.0,0.11,0
3372,Svastra obliqua,Hypericum perforatum,0.0,0.23,0
3373,Triepeolus paenepectoralis,Hypericum perforatum,0.0,0.32,0
3374,Xeromelecta californica,Hypericum perforatum,0.0,0.11,0
3375,Agapostemon femoratus,Kali turgidum,1.0,0.36,0
3376,Agapostemon texanus,Kali turgidum,0.0,0.27,0
3377,Andrena astragali,Kali turgidum,0.0,0.17,0
3378,Andrena barbilabris,Kali turgidum,0.0,0.16,0
3379,Andrena cyanophila,Kali turgidum,0.0,0.25,0
3380,Andrena melanochroa,Kali turgidum,0.0,0.23,0
3381,Andrena nigrocaerulea,Kali turgidum,0.0,0.16,0
3382,Andrena nivalis,Kali turgidum,0.0,0.05,0
3383,Andrena pallidifovea,Kali turgidum,0.0,0.2,0
3384,Andrena prunorum,Kali turgidum,1.0,0.4,0
3385,Andrena sp. 1,Kali turgidum,0.0,0.06,0
3386,Andrena sp. A,Kali turgidum,0.0,0.16,0
3387,Andrena transnigra,Kali turgidum,0.0,0.17,0
3388,Andrena vicinoides,Kali turgidum,0.0,0.06,0
3389,Anthophora bomboides,Kali turgidum,0.0,0.14,0
3390,Anthophora curta,Kali turgidum,0.0,0.19,0
3391,Anthophora pacifica,Kali turgidum,0.0,0.06,0
3392,Anthophora urbana,Kali turgidum,1.0,0.31,0
3393,Bombus appositus,Kali turgidum,0.0,0.38,0
3394,Bombus bifarius,Kali turgidum,0.0,0.58,1
3395,Bombus californicus,Kali turgidum,0.0,0.58,1
3396,Bombus centralis,Kali turgidum,0.0,0.48,0
3397,Bombus fernaldae,Kali turgidum,0.0,0.14,0
3398,Bombus fervidus,Kali turgidum,0.0,0.14,0
3399,Bombus flavifrons,Kali turgidum,0.0,0.58,1
3400,Bombus griseocollis,Kali turgidum,1.0,0.23,0
3401,Bombus huntii,Kali turgidum,0.0,0.33,0
3402,Bombus insularis,Kali turgidum,0.0,0.28,0
3403,Bombus mixtus,Kali turgidum,0.0,0.31,0
3404,Bombus nevadensis,Kali turgidum,0.0,0.35,0
3405,Bombus rufocinctus,Kali turgidum,0.0,0.29,0
3406,Bombus vosnesenskii,Kali turgidum,0.0,0.34,0
3407,Coelioxys rufitarsis,Kali turgidum,0.0,0.28,0
3408,Colletes phaceliae,Kali turgidum,0.0,0.26,0
3409,Diadasia nigrifrons,Kali turgidum,0.0,0.17,0
3410,Halictus farinosus,Kali turgidum,0.0,0.38,0
3411,Halictus ligatus,Kali turgidum,0.0,0.38,0
3412,Halictus rubicundus,Kali turgidum,0.0,0.3,0
3413,Halictus tripartitus,Kali turgidum,0.0,0.26,0
3414,Hylaeus verticalis,Kali turgidum,0.0,0.19,0
3415,Lasioglossum albipenne,Kali turgidum,0.0,0.05,0
3416,Lasioglossum cooleyi,Kali turgidum,0.0,0.14,0
3417,Lasioglossum incompletum,Kali turgidum,0.0,0.36,0
3418,Lasioglossum laevissimum,Kali turgidum,0.0,0.21,0
3419,Lasioglossum nevadense,Kali turgidum,0.0,0.15,0
3420,Lasioglossum olympiae,Kali turgidum,0.0,0.39,0
3421,Lasioglossum ovaliceps,Kali turgidum,0.0,0.14,0
3422,Lasioglossum sedi,Kali turgidum,0.0,0.04,0
3423,Lasioglossum sp.,Kali turgidum,1.0,0.3,0
3424,Lasioglossum sp. 2,Kali turgidum,0.0,0.31,0
3425,Lasioglossum titusi,Kali turgidum,0.0,0.16,0
3426,Megachile apicalis,Kali turgidum,0.0,0.14,0
3427,Megachile nevadensis,Kali turgidum,0.0,0.04,0
3428,Megachile onobrychidis,Kali turgidum,0.0,0.37,0
3429,Megachile perihirta,Kali turgidum,0.0,0.34,0
3430,Melissodes bimatris,Kali turgidum,0.0,0.19,0
3431,Melissodes lupinus,Kali turgidum,0.0,0.14,0
3432,Melissodes lutulentus,Kali turgidum,0.0,0.15,0
3433,Melissodes microstictus,Kali turgidum,0.0,0.16,0
3434,Melissodes pallidisignatus,Kali turgidum,0.0,0.19,0
3435,Melissodes rivalis,Kali turgidum,0.0,0.11,0
3436,Melissodes subagilis,Kali turgidum,0.0,0.15,0
3437,Osmia atrocyanea,Kali turgidum,0.0,0.14,0
3438,Osmia brevis,Kali turgidum,0.0,0.05,0
3439,Osmia bucephala,Kali turgidum,0.0,0.14,0
3440,Osmia integra,Kali turgidum,0.0,0.14,0
3441,Osmia juxta,Kali turgidum,0.0,0.26,0
3442,Osmia raritatis,Kali turgidum,0.0,0.19,0
3443,Osmia sp. 2,Kali turgidum,0.0,0.14,0
3444,Panurginus torchio,Kali turgidum,0.0,0.18,0
3445,Perdita wyomingensis,Kali turgidum,0.0,0.14,0
3446,Sphecodes sp.,Kali turgidum,0.0,0.04,0
3447,Svastra obliqua,Kali turgidum,0.0,0.14,0
3448,Triepeolus paenepectoralis,Kali turgidum,0.0,0.2,0
3449,Xeromelecta californica,Kali turgidum,0.0,0.05,0
3450,Agapostemon femoratus,Lactuca serriola,0.0,0.2,0
3451,Agapostemon texanus,Lactuca serriola,0.0,0.17,0
3452,Andrena astragali,Lactuca serriola,0.0,0.12,0
3453,Andrena barbilabris,Lactuca serriola,0.0,0.05,0
3454,Andrena cyanophila,Lactuca serriola,0.0,0.14,0
3455,Andrena melanochroa,Lactuca serriola,0.0,0.12,0
3456,Andrena nigrocaerulea,Lactuca serriola,0.0,0.06,0
3457,Andrena nivalis,Lactuca serriola,0.0,0.03,0
3458,Andrena pallidifovea,Lactuca serriola,0.0,0.14,0
3459,Andrena prunorum,Lactuca serriola,0.0,0.27,0
3460,Andrena sp. 1,Lactuca serriola,0.0,0.03,0
3461,Andrena sp. A,Lactuca serriola,0.0,0.05,0
3462,Andrena transnigra,Lactuca serriola,0.0,0.08,0
3463,Andrena vicinoides,Lactuca serriola,0.0,0.03,0
3464,Anthophora bomboides,Lactuca serriola,0.0,0.05,0
3465,Anthophora curta,Lactuca serriola,0.0,0.08,0
3466,Anthophora pacifica,Lactuca serriola,0.0,0.03,0
3467,Anthophora urbana,Lactuca serriola,0.0,0.24,0
3468,Bombus appositus,Lactuca serriola,0.0,0.27,0
3469,Bombus bifarius,Lactuca serriola,0.0,0.46,0
3470,Bombus californicus,Lactuca serriola,0.0,0.47,0
3471,Bombus centralis,Lactuca serriola,0.0,0.37,0
3472,Bombus fernaldae,Lactuca serriola,0.0,0.06,0
3473,Bombus fervidus,Lactuca serriola,0.0,0.05,0
3474,Bombus flavifrons,Lactuca serriola,0.0,0.47,0
3475,Bombus griseocollis,Lactuca serriola,0.0,0.11,0
3476,Bombus huntii,Lactuca serriola,0.0,0.24,0
3477,Bombus insularis,Lactuca serriola,0.0,0.2,0
3478,Bombus mixtus,Lactuca serriola,0.0,0.2,0
3479,Bombus nevadensis,Lactuca serriola,0.0,0.24,0
3480,Bombus rufocinctus,Lactuca serriola,0.0,0.21,0
3481,Bombus vosnesenskii,Lactuca serriola,0.0,0.21,0
3482,Coelioxys rufitarsis,Lactuca serriola,0.0,0.21,0
3483,Colletes phaceliae,Lactuca serriola,0.0,0.17,0
3484,Diadasia nigrifrons,Lactuca serriola,0.0,0.11,0
3485,Halictus farinosus,Lactuca serriola,0.0,0.3,0
3486,Halictus ligatus,Lactuca serriola,0.0,0.26,0
3487,Halictus rubicundus,Lactuca serriola,1.0,0.25,0
3488,Halictus tripartitus,Lactuca serriola,0.0,0.16,0
3489,Hylaeus verticalis,Lactuca serriola,0.0,0.11,0
3490,Lasioglossum albipenne,Lactuca serriola,0.0,0.03,0
3491,Lasioglossum cooleyi,Lactuca serriola,0.0,0.05,0
3492,Lasioglossum incompletum,Lactuca serriola,1.0,0.27,0
3493,Lasioglossum laevissimum,Lactuca serriola,0.0,0.1,0
3494,Lasioglossum nevadense,Lactuca serriola,0.0,0.07,0
3495,Lasioglossum olympiae,Lactuca serriola,0.0,0.31,0
3496,Lasioglossum ovaliceps,Lactuca serriola,0.0,0.05,0
3497,Lasioglossum sedi,Lactuca serriola,0.0,0.03,0
3498,Lasioglossum sp.,Lactuca serriola,0.0,0.19,0
3499,Lasioglossum sp. 2,Lactuca serriola,0.0,0.22,0
3500,Lasioglossum titusi,Lactuca serriola,0.0,0.1,0
3501,Megachile apicalis,Lactuca serriola,0.0,0.05,0
3502,Megachile nevadensis,Lactuca serriola,0.0,0.03,0
3503,Megachile onobrychidis,Lactuca serriola,0.0,0.25,0
3504,Megachile perihirta,Lactuca serriola,0.0,0.24,0
3505,Melissodes bimatris,Lactuca serriola,0.0,0.08,0
3506,Melissodes lupinus,Lactuca serriola,0.0,0.06,0
3507,Melissodes lutulentus,Lactuca serriola,0.0,0.06,0
3508,Melissodes microstictus,Lactuca serriola,0.0,0.12,0
3509,Melissodes pallidisignatus,Lactuca serriola,0.0,0.08,0
3510,Melissodes rivalis,Lactuca serriola,0.0,0.05,0
3511,Melissodes subagilis,Lactuca serriola,0.0,0.05,0
3512,Osmia atrocyanea,Lactuca serriola,0.0,0.05,0
3513,Osmia brevis,Lactuca serriola,0.0,0.03,0
3514,Osmia bucephala,Lactuca serriola,0.0,0.05,0
3515,Osmia integra,Lactuca serriola,0.0,0.05,0
3516,Osmia juxta,Lactuca serriola,0.0,0.14,0
3517,Osmia raritatis,Lactuca serriola,0.0,0.1,0
3518,Osmia sp. 2,Lactuca serriola,0.0,0.05,0
3519,Panurginus torchio,Lactuca serriola,0.0,0.07,0
3520,Perdita wyomingensis,Lactuca serriola,0.0,0.05,0
3521,Sphecodes sp.,Lactuca serriola,0.0,0.03,0
3522,Svastra obliqua,Lactuca serriola,0.0,0.05,0
3523,Triepeolus paenepectoralis,Lactuca serriola,0.0,0.08,0
3524,Xeromelecta californica,Lactuca serriola,0.0,0.03,0
3525,Agapostemon femoratus,Ladeania lanceolata,1.0,0.35,0
3526,Agapostemon texanus,Ladeania lanceolata,0.0,0.28,0
3527,Andrena astragali,Ladeania lanceolata,0.0,0.18,0
3528,Andrena barbilabris,Ladeania lanceolata,0.0,0.17,0
3529,Andrena cyanophila,Ladeania lanceolata,0.0,0.26,0
3530,Andrena melanochroa,Ladeania lanceolata,0.0,0.24,0
3531,Andrena nigrocaerulea,Ladeania lanceolata,0.0,0.18,0
3532,Andrena nivalis,Ladeania lanceolata,0.0,0.05,0
3533,Andrena pallidifovea,Ladeania lanceolata,0.0,0.22,0
3534,Andrena prunorum,Ladeania lanceolata,1.0,0.42,0
3535,Andrena sp. 1,Ladeania lanceolata,0.0,0.05,0
3536,Andrena sp. A,Ladeania lanceolata,0.0,0.17,0
3537,Andrena transnigra,Ladeania lanceolata,0.0,0.19,0
3538,Andrena vicinoides,Ladeania lanceolata,0.0,0.05,0
3539,Anthophora bomboides,Ladeania lanceolata,0.0,0.16,0
3540,Anthophora curta,Ladeania lanceolata,0.0,0.19,0
3541,Anthophora pacifica,Ladeania lanceolata,0.0,0.05,0
3542,Anthophora urbana,Ladeania lanceolata,0.0,0.34,0
3543,Bombus appositus,Ladeania lanceolata,0.0,0.39,0
3544,Bombus bifarius,Ladeania lanceolata,0.0,0.59,1
3545,Bombus californicus,Ladeania lanceolata,0.0,0.59,1
3546,Bombus centralis,Ladeania lanceolata,0.0,0.48,0
3547,Bombus fernaldae,Ladeania lanceolata,0.0,0.15,0
3548,Bombus fervidus,Ladeania lanceolata,0.0,0.16,0
3549,Bombus flavifrons,Ladeania lanceolata,0.0,0.59,1
3550,Bombus griseocollis,Ladeania lanceolata,0.0,0.26,0
3551,Bombus huntii,Ladeania lanceolata,0.0,0.34,0
3552,Bombus insularis,Ladeania lanceolata,0.0,0.29,0
3553,Bombus mixtus,Ladeania lanceolata,0.0,0.32,0
3554,Bombus nevadensis,Ladeania lanceolata,1.0,0.33,0
3555,Bombus rufocinctus,Ladeania lanceolata,0.0,0.3,0
3556,Bombus vosnesenskii,Ladeania lanceolata,0.0,0.35,0
3557,Coelioxys rufitarsis,Ladeania lanceolata,0.0,0.29,0
3558,Colletes phaceliae,Ladeania lanceolata,1.0,0.26,0
3559,Diadasia nigrifrons,Ladeania lanceolata,0.0,0.18,0
3560,Halictus farinosus,Ladeania lanceolata,1.0,0.4,0
3561,Halictus ligatus,Ladeania lanceolata,0.0,0.4,0
3562,Halictus rubicundus,Ladeania lanceolata,0.0,0.33,0
3563,Halictus tripartitus,Ladeania lanceolata,0.0,0.26,0
3564,Hylaeus verticalis,Ladeania lanceolata,0.0,0.2,0
3565,Lasioglossum albipenne,Ladeania lanceolata,0.0,0.06,0
3566,Lasioglossum cooleyi,Ladeania lanceolata,0.0,0.16,0
3567,Lasioglossum incompletum,Ladeania lanceolata,0.0,0.39,0
3568,Lasioglossum laevissimum,Ladeania lanceolata,0.0,0.22,0
3569,Lasioglossum nevadense,Ladeania lanceolata,0.0,0.17,0
3570,Lasioglossum olympiae,Ladeania lanceolata,0.0,0.39,0
3571,Lasioglossum ovaliceps,Ladeania lanceolata,0.0,0.15,0
3572,Lasioglossum sedi,Ladeania lanceolata,0.0,0.06,0
3573,Lasioglossum sp.,Ladeania lanceolata,0.0,0.34,0
3574,Lasioglossum sp. 2,Ladeania lanceolata,0.0,0.31,0
3575,Lasioglossum titusi,Ladeania lanceolata,0.0,0.17,0
3576,Megachile apicalis,Ladeania lanceolata,0.0,0.13,0
3577,Megachile nevadensis,Ladeania lanceolata,0.0,0.06,0
3578,Megachile onobrychidis,Ladeania lanceolata,0.0,0.41,0
3579,Megachile perihirta,Ladeania lanceolata,0.0,0.36,0
3580,Melissodes bimatris,Ladeania lanceolata,0.0,0.19,0
3581,Melissodes lupinus,Ladeania lanceolata,0.0,0.16,0
3582,Melissodes lutulentus,Ladeania lanceolata,0.0,0.16,0
3583,Melissodes microstictus,Ladeania lanceolata,0.0,0.19,0
3584,Melissodes pallidisignatus,Ladeania lanceolata,0.0,0.19,0
3585,Melissodes rivalis,Ladeania lanceolata,0.0,0.12,0
3586,Melissodes subagilis,Ladeania lanceolata,0.0,0.16,0
3587,Osmia atrocyanea,Ladeania lanceolata,0.0,0.16,0
3588,Osmia brevis,Ladeania lanceolata,0.0,0.06,0
3589,Osmia bucephala,Ladeania lanceolata,0.0,0.15,0
3590,Osmia integra,Ladeania lanceolata,0.0,0.15,0
3591,Osmia juxta,Ladeania lanceolata,0.0,0.27,0
3592,Osmia raritatis,Ladeania lanceolata,0.0,0.21,0
3593,Osmia sp. 2,Ladeania lanceolata,0.0,0.16,0
3594,Panurginus torchio,Ladeania lanceolata,0.0,0.19,0
3595,Perdita wyomingensis,Ladeania lanceolata,0.0,0.15,0
3596,Sphecodes sp.,Ladeania lanceolata,0.0,0.05,0
3597,Svastra obliqua,Ladeania lanceolata,0.0,0.13,0
3598,Triepeolus paenepectoralis,Ladeania lanceolata,0.0,0.22,0
3599,Xeromelecta californica,Ladeania lanceolata,0.0,0.05,0
3600,Agapostemon femoratus,Lomatium gormanii,0.0,0.34,0
3601,Agapostemon texanus,Lomatium gormanii,0.0,0.24,0
3602,Andrena astragali,Lomatium gormanii,0.0,0.17,0
3603,Andrena barbilabris,Lomatium gormanii,0.0,0.11,0
3604,Andrena cyanophila,Lomatium gormanii,0.0,0.22,0
3605,Andrena melanochroa,Lomatium gormanii,0.0,0.19,0
3606,Andrena nigrocaerulea,Lomatium gormanii,0.0,0.12,0
3607,Andrena nivalis,Lomatium gormanii,0.0,0.04,0
3608,Andrena pallidifovea,Lomatium gormanii,0.0,0.19,0
3609,Andrena prunorum,Lomatium gormanii,0.0,0.38,0
3610,Andrena sp. 1,Lomatium gormanii,0.0,0.04,0
3611,Andrena sp. A,Lomatium gormanii,0.0,0.11,0
3612,Andrena transnigra,Lomatium gormanii,0.0,0.13,0
3613,Andrena vicinoides,Lomatium gormanii,0.0,0.04,0
3614,Anthophora bomboides,Lomatium gormanii,0.0,0.1,0
3615,Anthophora curta,Lomatium gormanii,0.0,0.15,0
3616,Anthophora pacifica,Lomatium gormanii,0.0,0.04,0
3617,Anthophora urbana,Lomatium gormanii,0.0,0.29,0
3618,Bombus appositus,Lomatium gormanii,1.0,0.34,0
3619,Bombus bifarius,Lomatium gormanii,0.0,0.54,1
3620,Bombus californicus,Lomatium gormanii,0.0,0.55,1
3621,Bombus centralis,Lomatium gormanii,0.0,0.43,0
3622,Bombus fernaldae,Lomatium gormanii,0.0,0.1,0
3623,Bombus fervidus,Lomatium gormanii,0.0,0.1,0
3624,Bombus flavifrons,Lomatium gormanii,0.0,0.54,1
3625,Bombus griseocollis,Lomatium gormanii,0.0,0.18,0
3626,Bombus huntii,Lomatium gormanii,0.0,0.29,0
3627,Bombus insularis,Lomatium gormanii,0.0,0.26,0
3628,Bombus mixtus,Lomatium gormanii,0.0,0.26,0
3629,Bombus nevadensis,Lomatium gormanii,0.0,0.31,0
3630,Bombus rufocinctus,Lomatium gormanii,0.0,0.28,0
3631,Bombus vosnesenskii,Lomatium gormanii,0.0,0.31,0
3632,Coelioxys rufitarsis,Lomatium gormanii,1.0,0.27,0
3633,Colletes phaceliae,Lomatium gormanii,0.0,0.23,0
3634,Diadasia nigrifrons,Lomatium gormanii,0.0,0.16,0
3635,Halictus farinosus,Lomatium gormanii,1.0,0.37,0
3636,Halictus ligatus,Lomatium gormanii,0.0,0.36,0
3637,Halictus rubicundus,Lomatium gormanii,0.0,0.28,0
3638,Halictus tripartitus,Lomatium gormanii,0.0,0.24,0
3639,Hylaeus verticalis,Lomatium gormanii,0.0,0.18,0
3640,Lasioglossum albipenne,Lomatium gormanii,0.0,0.04,0
3641,Lasioglossum cooleyi,Lomatium gormanii,1.0,0.17,0
3642,Lasioglossum incompletum,Lomatium gormanii,0.0,0.33,0
3643,Lasioglossum laevissimum,Lomatium gormanii,0.0,0.16,0
3644,Lasioglossum nevadense,Lomatium gormanii,0.0,0.11,0
3645,Lasioglossum olympiae,Lomatium gormanii,0.0,0.36,0
3646,Lasioglossum ovaliceps,Lomatium gormanii,0.0,0.1,0
3647,Lasioglossum sedi,Lomatium gormanii,0.0,0.04,0
3648,Lasioglossum sp.,Lomatium gormanii,0.0,0.27,0
3649,Lasioglossum sp. 2,Lomatium gormanii,0.0,0.25,0
3650,Lasioglossum titusi,Lomatium gormanii,0.0,0.12,0
3651,Megachile apicalis,Lomatium gormanii,0.0,0.1,0
3652,Megachile nevadensis,Lomatium gormanii,0.0,0.04,0
3653,Megachile onobrychidis,Lomatium gormanii,0.0,0.32,0
3654,Megachile perihirta,Lomatium gormanii,0.0,0.31,0
3655,Melissodes bimatris,Lomatium gormanii,0.0,0.15,0
3656,Melissodes lupinus,Lomatium gormanii,0.0,0.12,0
3657,Melissodes lutulentus,Lomatium gormanii,0.0,0.1,0
3658,Melissodes microstictus,Lomatium gormanii,0.0,0.17,0
3659,Melissodes pallidisignatus,Lomatium gormanii,0.0,0.15,0
3660,Melissodes rivalis,Lomatium gormanii,0.0,0.09,0
3661,Melissodes subagilis,Lomatium gormanii,0.0,0.1,0
3662,Osmia atrocyanea,Lomatium gormanii,0.0,0.1,0
3663,Osmia brevis,Lomatium gormanii,0.0,0.04,0
3664,Osmia bucephala,Lomatium gormanii,0.0,0.09,0
3665,Osmia integra,Lomatium gormanii,0.0,0.09,0
3666,Osmia juxta,Lomatium gormanii,0.0,0.22,0
3667,Osmia raritatis,Lomatium gormanii,0.0,0.16,0
3668,Osmia sp. 2,Lomatium gormanii,0.0,0.1,0
3669,Panurginus torchio,Lomatium gormanii,0.0,0.12,0
3670,Perdita wyomingensis,Lomatium gormanii,0.0,0.09,0
3671,Sphecodes sp.,Lomatium gormanii,0.0,0.04,0
3672,Svastra obliqua,Lomatium gormanii,0.0,0.1,0
3673,Triepeolus paenepectoralis,Lomatium gormanii,0.0,0.15,0
3674,Xeromelecta californica,Lomatium gormanii,0.0,0.04,0
3675,Agapostemon femoratus,Lomatium triternatum,0.0,0.24,0
3676,Agapostemon texanus,Lomatium triternatum,0.0,0.21,0
3677,Andrena astragali,Lomatium triternatum,0.0,0.12,0
3678,Andrena barbilabris,Lomatium triternatum,0.0,0.06,0
3679,Andrena cyanophila,Lomatium triternatum,0.0,0.15,0
3680,Andrena melanochroa,Lomatium triternatum,0.0,0.12,0
3681,Andrena nigrocaerulea,Lomatium triternatum,0.0,0.08,0
3682,Andrena nivalis,Lomatium triternatum,0.0,0.03,0
3683,Andrena pallidifovea,Lomatium triternatum,0.0,0.16,0
3684,Andrena prunorum,Lomatium triternatum,0.0,0.31,0
3685,Andrena sp. 1,Lomatium triternatum,0.0,0.03,0
3686,Andrena sp. A,Lomatium triternatum,0.0,0.06,0
3687,Andrena transnigra,Lomatium triternatum,0.0,0.09,0
3688,Andrena vicinoides,Lomatium triternatum,0.0,0.03,0
3689,Anthophora bomboides,Lomatium triternatum,0.0,0.05,0
3690,Anthophora curta,Lomatium triternatum,0.0,0.09,0
3691,Anthophora pacifica,Lomatium triternatum,0.0,0.03,0
3692,Anthophora urbana,Lomatium triternatum,0.0,0.27,0
3693,Bombus appositus,Lomatium triternatum,0.0,0.28,0
3694,Bombus bifarius,Lomatium triternatum,0.0,0.47,0
3695,Bombus californicus,Lomatium triternatum,0.0,0.48,0
3696,Bombus centralis,Lomatium triternatum,0.0,0.38,0
3697,Bombus fernaldae,Lomatium triternatum,0.0,0.06,0
3698,Bombus fervidus,Lomatium triternatum,0.0,0.05,0
3699,Bombus flavifrons,Lomatium triternatum,0.0,0.48,0
3700,Bombus griseocollis,Lomatium triternatum,0.0,0.13,0
3701,Bombus huntii,Lomatium triternatum,0.0,0.27,0
3702,Bombus insularis,Lomatium triternatum,0.0,0.23,0
3703,Bombus mixtus,Lomatium triternatum,0.0,0.23,0
3704,Bombus nevadensis,Lomatium triternatum,0.0,0.27,0
3705,Bombus rufocinctus,Lomatium triternatum,0.0,0.24,0
3706,Bombus vosnesenskii,Lomatium triternatum,0.0,0.23,0
3707,Coelioxys rufitarsis,Lomatium triternatum,0.0,0.23,0
3708,Colletes phaceliae,Lomatium triternatum,0.0,0.19,0
3709,Diadasia nigrifrons,Lomatium triternatum,0.0,0.12,0
3710,Halictus farinosus,Lomatium triternatum,0.0,0.32,0
3711,Halictus ligatus,Lomatium triternatum,0.0,0.28,0
3712,Halictus rubicundus,Lomatium triternatum,1.0,0.28,0
3713,Halictus tripartitus,Lomatium triternatum,0.0,0.19,0
3714,Hylaeus verticalis,Lomatium triternatum,0.0,0.13,0
3715,Lasioglossum albipenne,Lomatium triternatum,0.0,0.03,0
3716,Lasioglossum cooleyi,Lomatium triternatum,0.0,0.05,0
3717,Lasioglossum incompletum,Lomatium triternatum,0.0,0.28,0
3718,Lasioglossum laevissimum,Lomatium triternatum,0.0,0.09,0
3719,Lasioglossum nevadense,Lomatium triternatum,0.0,0.06,0
3720,Lasioglossum olympiae,Lomatium triternatum,0.0,0.26,0
3721,Lasioglossum ovaliceps,Lomatium triternatum,0.0,0.06,0
3722,Lasioglossum sedi,Lomatium triternatum,0.0,0.03,0
3723,Lasioglossum sp.,Lomatium triternatum,0.0,0.22,0
3724,Lasioglossum sp. 2,Lomatium triternatum,0.0,0.21,0
3725,Lasioglossum titusi,Lomatium triternatum,0.0,0.11,0
3726,Megachile apicalis,Lomatium triternatum,0.0,0.05,0
3727,Megachile nevadensis,Lomatium triternatum,0.0,0.03,0
3728,Megachile onobrychidis,Lomatium triternatum,1.0,0.28,0
3729,Megachile perihirta,Lomatium triternatum,0.0,0.27,0
3730,Melissodes bimatris,Lomatium triternatum,0.0,0.09,0
3731,Melissodes lupinus,Lomatium triternatum,0.0,0.06,0
3732,Melissodes lutulentus,Lomatium triternatum,0.0,0.06,0
3733,Melissodes microstictus,Lomatium triternatum,0.0,0.12,0
3734,Melissodes pallidisignatus,Lomatium triternatum,0.0,0.09,0
3735,Melissodes rivalis,Lomatium triternatum,0.0,0.05,0
3736,Melissodes subagilis,Lomatium triternatum,0.0,0.05,0
3737,Osmia atrocyanea,Lomatium triternatum,0.0,0.05,0
3738,Osmia brevis,Lomatium triternatum,0.0,0.03,0
3739,Osmia bucephala,Lomatium triternatum,0.0,0.05,0
3740,Osmia integra,Lomatium triternatum,0.0,0.05,0
3741,Osmia juxta,Lomatium triternatum,0.0,0.17,0
3742,Osmia raritatis,Lomatium triternatum,0.0,0.11,0
3743,Osmia sp. 2,Lomatium triternatum,0.0,0.05,0
3744,Panurginus torchio,Lomatium triternatum,0.0,0.07,0
3745,Perdita wyomingensis,Lomatium triternatum,0.0,0.05,0
3746,Sphecodes sp.,Lomatium triternatum,0.0,0.03,0
3747,Svastra obliqua,Lomatium triternatum,0.0,0.05,0
3748,Triepeolus paenepectoralis,Lomatium triternatum,0.0,0.1,0
3749,Xeromelecta californica,Lomatium triternatum,0.0,0.03,0
3750,Agapostemon femoratus,Lupinus leucophyllus,0.0,0.6,1
3751,Agapostemon texanus,Lupinus leucophyllus,0.0,0.54,1
3752,Andrena astragali,Lupinus leucophyllus,0.0,0.4,0
3753,Andrena barbilabris,Lupinus leucophyllus,0.0,0.45,0
3754,Andrena cyanophila,Lupinus leucophyllus,0.0,0.51,1
3755,Andrena melanochroa,Lupinus leucophyllus,0.0,0.53,1
3756,Andrena nigrocaerulea,Lupinus leucophyllus,0.0,0.45,0
3757,Andrena nivalis,Lupinus leucophyllus,0.0,0.14,0
3758,Andrena pallidifovea,Lupinus leucophyllus,0.0,0.48,0
3759,Andrena prunorum,Lupinus leucophyllus,0.0,0.6,1
3760,Andrena sp. 1,Lupinus leucophyllus,0.0,0.17,0
3761,Andrena sp. A,Lupinus leucophyllus,0.0,0.46,0
3762,Andrena transnigra,Lupinus leucophyllus,1.0,0.51,1
3763,Andrena vicinoides,Lupinus leucophyllus,1.0,0.87,1
3764,Anthophora bomboides,Lupinus leucophyllus,1.0,0.48,0
3765,Anthophora curta,Lupinus leucophyllus,0.0,0.48,0
3766,Anthophora pacifica,Lupinus leucophyllus,1.0,0.87,1
3767,Anthophora urbana,Lupinus leucophyllus,0.0,0.62,1
3768,Bombus appositus,Lupinus leucophyllus,1.0,0.68,1
3769,Bombus bifarius,Lupinus leucophyllus,1.0,0.8,1
3770,Bombus californicus,Lupinus leucophyllus,1.0,0.8,1
3771,Bombus centralis,Lupinus leucophyllus,1.0,0.72,1
3772,Bombus fernaldae,Lupinus leucophyllus,0.0,0.39,0
3773,Bombus fervidus,Lupinus leucophyllus,1.0,0.47,0
3774,Bombus flavifrons,Lupinus leucophyllus,1.0,0.8,1
3775,Bombus griseocollis,Lupinus leucophyllus,0.0,0.54,1
3776,Bombus huntii,Lupinus leucophyllus,1.0,0.58,1
3777,Bombus insularis,Lupinus leucophyllus,0.0,0.59,1
3778,Bombus mixtus,Lupinus leucophyllus,1.0,0.61,1
3779,Bombus nevadensis,Lupinus leucophyllus,1.0,0.61,1
3780,Bombus rufocinctus,Lupinus leucophyllus,1.0,0.59,1
3781,Bombus vosnesenskii,Lupinus leucophyllus,1.0,0.62,1
3782,Coelioxys rufitarsis,Lupinus leucophyllus,0.0,0.59,1
3783,Colletes phaceliae,Lupinus leucophyllus,0.0,0.5,1
3784,Diadasia nigrifrons,Lupinus leucophyllus,0.0,0.41,0
3785,Halictus farinosus,Lupinus leucophyllus,0.0,0.63,1
3786,Halictus ligatus,Lupinus leucophyllus,0.0,0.63,1
3787,Halictus rubicundus,Lupinus leucophyllus,1.0,0.56,1
3788,Halictus tripartitus,Lupinus leucophyllus,0.0,0.54,1
3789,Hylaeus verticalis,Lupinus leucophyllus,0.0,0.48,0
3790,Lasioglossum albipenne,Lupinus leucophyllus,0.0,0.14,0
3791,Lasioglossum cooleyi,Lupinus leucophyllus,0.0,0.41,0
3792,Lasioglossum incompletum,Lupinus leucophyllus,0.0,0.63,1
3793,Lasioglossum laevissimum,Lupinus leucophyllus,0.0,0.52,1
3794,Lasioglossum nevadense,Lupinus leucophyllus,0.0,0.48,0
3795,Lasioglossum olympiae,Lupinus leucophyllus,0.0,0.63,1
3796,Lasioglossum ovaliceps,Lupinus leucophyllus,0.0,0.38,0
3797,Lasioglossum sedi,Lupinus leucophyllus,0.0,0.15,0
3798,Lasioglossum sp.,Lupinus leucophyllus,0.0,0.6,1
3799,Lasioglossum sp. 2,Lupinus leucophyllus,0.0,0.59,1
3800,Lasioglossum titusi,Lupinus leucophyllus,0.0,0.46,0
3801,Megachile apicalis,Lupinus leucophyllus,0.0,0.41,0
3802,Megachile nevadensis,Lupinus leucophyllus,0.0,0.16,0
3803,Megachile onobrychidis,Lupinus leucophyllus,0.0,0.6,1
3804,Megachile perihirta,Lupinus leucophyllus,0.0,0.61,1
3805,Melissodes bimatris,Lupinus leucophyllus,0.0,0.48,0
3806,Melissodes lupinus,Lupinus leucophyllus,0.0,0.43,0
3807,Melissodes lutulentus,Lupinus leucophyllus,0.0,0.45,0
3808,Melissodes microstictus,Lupinus leucophyllus,0.0,0.41,0
3809,Melissodes pallidisignatus,Lupinus leucophyllus,0.0,0.48,0
3810,Melissodes rivalis,Lupinus leucophyllus,0.0,0.34,0
3811,Melissodes subagilis,Lupinus leucophyllus,0.0,0.4,0
3812,Osmia atrocyanea,Lupinus leucophyllus,1.0,0.48,0
3813,Osmia brevis,Lupinus leucophyllus,0.0,0.16,0
3814,Osmia bucephala,Lupinus leucophyllus,1.0,0.44,0
3815,Osmia integra,Lupinus leucophyllus,0.0,0.41,0
3816,Osmia juxta,Lupinus leucophyllus,1.0,0.59,1
3817,Osmia raritatis,Lupinus leucophyllus,0.0,0.55,1
3818,Osmia sp. 2,Lupinus leucophyllus,0.0,0.42,0
3819,Panurginus torchio,Lupinus leucophyllus,0.0,0.49,0
3820,Perdita wyomingensis,Lupinus leucophyllus,0.0,0.41,0
3821,Sphecodes sp.,Lupinus leucophyllus,0.0,0.16,0
3822,Svastra obliqua,Lupinus leucophyllus,0.0,0.41,0
3823,Triepeolus paenepectoralis,Lupinus leucophyllus,0.0,0.47,0
3824,Xeromelecta californica,Lupinus leucophyllus,0.0,0.14,0
3825,Agapostemon femoratus,Madia gracilis,0.0,0.05,0
3826,Agapostemon texanus,Madia gracilis,0.0,0.05,0
3827,Andrena astragali,Madia gracilis,0.0,0.04,0
3828,Andrena barbilabris,Madia gracilis,0.0,0.03,0
3829,Andrena cyanophila,Madia gracilis,0.0,0.04,0
3830,Andrena melanochroa,Madia gracilis,0.0,0.04,0
3831,Andrena nigrocaerulea,Madia gracilis,0.0,0.03,0
3832,Andrena nivalis,Madia gracilis,0.0,0.02,0
3833,Andrena pallidifovea,Madia gracilis,0.0,0.04,0
3834,Andrena prunorum,Madia gracilis,0.0,0.06,0
3835,Andrena sp. 1,Madia gracilis,0.0,0.02,0
3836,Andrena sp. A,Madia gracilis,0.0,0.03,0
3837,Andrena transnigra,Madia gracilis,0.0,0.03,0
3838,Andrena vicinoides,Madia gracilis,0.0,0.02,0
3839,Anthophora bomboides,Madia gracilis,0.0,0.03,0
3840,Anthophora curta,Madia gracilis,0.0,0.04,0
3841,Anthophora pacifica,Madia gracilis,0.0,0.02,0
3842,Anthophora urbana,Madia gracilis,0.0,0.04,0
3843,Bombus appositus,Madia gracilis,0.0,0.04,0
3844,Bombus bifarius,Madia gracilis,0.0,0.07,0
3845,Bombus californicus,Madia gracilis,0.0,0.07,0
3846,Bombus centralis,Madia gracilis,0.0,0.06,0
3847,Bombus fernaldae,Madia gracilis,0.0,0.03,0
3848,Bombus fervidus,Madia gracilis,0.0,0.03,0
3849,Bombus flavifrons,Madia gracilis,0.0,0.07,0
3850,Bombus griseocollis,Madia gracilis,0.0,0.05,0
3851,Bombus huntii,Madia gracilis,0.0,0.05,0
3852,Bombus insularis,Madia gracilis,0.0,0.04,0
3853,Bombus mixtus,Madia gracilis,0.0,0.05,0
3854,Bombus nevadensis,Madia gracilis,0.0,0.05,0
3855,Bombus rufocinctus,Madia gracilis,0.0,0.05,0
3856,Bombus vosnesenskii,Madia gracilis,0.0,0.04,0
3857,Coelioxys rufitarsis,Madia gracilis,0.0,0.04,0
3858,Colletes phaceliae,Madia gracilis,0.0,0.04,0
3859,Diadasia nigrifrons,Madia gracilis,0.0,0.04,0
3860,Halictus farinosus,Madia gracilis,0.0,0.05,0
3861,Halictus ligatus,Madia gracilis,0.0,0.04,0
3862,Halictus rubicundus,Madia gracilis,0.0,0.04,0
3863,Halictus tripartitus,Madia gracilis,0.0,0.04,0
3864,Hylaeus verticalis,Madia gracilis,0.0,0.04,0
3865,Lasioglossum albipenne,Madia gracilis,0.0,0.02,0
3866,Lasioglossum cooleyi,Madia gracilis,0.0,0.03,0
3867,Lasioglossum incompletum,Madia gracilis,0.0,0.04,0
3868,Lasioglossum laevissimum,Madia gracilis,0.0,0.03,0
3869,Lasioglossum nevadense,Madia gracilis,0.0,0.03,0
3870,Lasioglossum olympiae,Madia gracilis,0.0,0.05,0
3871,Lasioglossum ovaliceps,Madia gracilis,0.0,0.03,0
3872,Lasioglossum sedi,Madia gracilis,0.0,0.02,0
3873,Lasioglossum sp.,Madia gracilis,0.0,0.05,0
3874,Lasioglossum sp. 2,Madia gracilis,0.0,0.04,0
3875,Lasioglossum titusi,Madia gracilis,0.0,0.04,0
3876,Megachile apicalis,Madia gracilis,0.0,0.03,0
3877,Megachile nevadensis,Madia gracilis,0.0,0.02,0
3878,Megachile onobrychidis,Madia gracilis,0.0,0.04,0
3879,Megachile perihirta,Madia gracilis,1.0,0.79,1
3880,Melissodes bimatris,Madia gracilis,0.0,0.04,0
3881,Melissodes lupinus,Madia gracilis,0.0,0.03,0
3882,Melissodes lutulentus,Madia gracilis,0.0,0.03,0
3883,Melissodes microstictus,Madia gracilis,0.0,0.04,0
3884,Melissodes pallidisignatus,Madia gracilis,0.0,0.04,0
3885,Melissodes rivalis,Madia gracilis,0.0,0.03,0
3886,Melissodes subagilis,Madia gracilis,0.0,0.03,0
3887,Osmia atrocyanea,Madia gracilis,0.0,0.03,0
3888,Osmia brevis,Madia gracilis,0.0,0.02,0
3889,Osmia bucephala,Madia gracilis,0.0,0.03,0
3890,Osmia integra,Madia gracilis,0.0,0.03,0
3891,Osmia juxta,Madia gracilis,0.0,0.04,0
3892,Osmia raritatis,Madia gracilis,0.0,0.04,0
3893,Osmia sp. 2,Madia gracilis,0.0,0.03,0
3894,Panurginus torchio,Madia gracilis,0.0,0.03,0
3895,Perdita wyomingensis,Madia gracilis,0.0,0.03,0
3896,Sphecodes sp.,Madia gracilis,0.0,0.02,0
3897,Svastra obliqua,Madia gracilis,0.0,0.03,0
3898,Triepeolus paenepectoralis,Madia gracilis,0.0,0.03,0
3899,Xeromelecta californica,Madia gracilis,0.0,0.02,0
3900,Agapostemon femoratus,Madia sp.,0.0,0.24,0
3901,Agapostemon texanus,Madia sp.,0.0,0.25,0
3902,Andrena astragali,Madia sp.,0.0,0.18,0
3903,Andrena barbilabris,Madia sp.,0.0,0.11,0
3904,Andrena cyanophila,Madia sp.,0.0,0.23,0
3905,Andrena melanochroa,Madia sp.,0.0,0.18,0
3906,Andrena nigrocaerulea,Madia sp.,0.0,0.11,0
3907,Andrena nivalis,Madia sp.,0.0,0.05,0
3908,Andrena pallidifovea,Madia sp.,0.0,0.21,0
3909,Andrena prunorum,Madia sp.,0.0,0.32,0
3910,Andrena sp. 1,Madia sp.,0.0,0.05,0
3911,Andrena sp. A,Madia sp.,0.0,0.11,0
3912,Andrena transnigra,Madia sp.,0.0,0.11,0
3913,Andrena vicinoides,Madia sp.,0.0,0.05,0
3914,Anthophora bomboides,Madia sp.,0.0,0.08,0
3915,Anthophora curta,Madia sp.,0.0,0.11,0
3916,Anthophora pacifica,Madia sp.,0.0,0.05,0
3917,Anthophora urbana,Madia sp.,0.0,0.29,0
3918,Bombus appositus,Madia sp.,0.0,0.29,0
3919,Bombus bifarius,Madia sp.,0.0,0.44,0
3920,Bombus californicus,Madia sp.,0.0,0.44,0
3921,Bombus centralis,Madia sp.,0.0,0.37,0
3922,Bombus fernaldae,Madia sp.,0.0,0.1,0
3923,Bombus fervidus,Madia sp.,0.0,0.08,0
3924,Bombus flavifrons,Madia sp.,0.0,0.44,0
3925,Bombus griseocollis,Madia sp.,0.0,0.17,0
3926,Bombus huntii,Madia sp.,0.0,0.29,0
3927,Bombus insularis,Madia sp.,0.0,0.24,0
3928,Bombus mixtus,Madia sp.,0.0,0.26,0
3929,Bombus nevadensis,Madia sp.,0.0,0.29,0
3930,Bombus rufocinctus,Madia sp.,0.0,0.27,0
3931,Bombus vosnesenskii,Madia sp.,0.0,0.27,0
3932,Coelioxys rufitarsis,Madia sp.,0.0,0.26,0
3933,Colletes phaceliae,Madia sp.,0.0,0.23,0
3934,Diadasia nigrifrons,Madia sp.,0.0,0.2,0
3935,Halictus farinosus,Madia sp.,0.0,0.32,0
3936,Halictus ligatus,Madia sp.,0.0,0.3,0
3937,Halictus rubicundus,Madia sp.,0.0,0.28,0
3938,Halictus tripartitus,Madia sp.,1.0,0.3,0
3939,Hylaeus verticalis,Madia sp.,0.0,0.19,0
3940,Lasioglossum albipenne,Madia sp.,0.0,0.05,0
3941,Lasioglossum cooleyi,Madia sp.,0.0,0.08,0
3942,Lasioglossum incompletum,Madia sp.,0.0,0.3,0
3943,Lasioglossum laevissimum,Madia sp.,0.0,0.16,0
3944,Lasioglossum nevadense,Madia sp.,0.0,0.11,0
3945,Lasioglossum olympiae,Madia sp.,1.0,0.35,0
3946,Lasioglossum ovaliceps,Madia sp.,0.0,0.09,0
3947,Lasioglossum sedi,Madia sp.,0.0,0.05,0
3948,Lasioglossum sp.,Madia sp.,0.0,0.25,0
3949,Lasioglossum sp. 2,Madia sp.,0.0,0.28,0
3950,Lasioglossum titusi,Madia sp.,0.0,0.15,0
3951,Megachile apicalis,Madia sp.,0.0,0.07,0
3952,Megachile nevadensis,Madia sp.,0.0,0.05,0
3953,Megachile onobrychidis,Madia sp.,0.0,0.3,0
3954,Megachile perihirta,Madia sp.,0.0,0.29,0
3955,Melissodes bimatris,Madia sp.,0.0,0.11,0
3956,Melissodes lupinus,Madia sp.,0.0,0.11,0
3957,Melissodes lutulentus,Madia sp.,0.0,0.09,0
3958,Melissodes microstictus,Madia sp.,0.0,0.2,0
3959,Melissodes pallidisignatus,Madia sp.,0.0,0.11,0
3960,Melissodes rivalis,Madia sp.,0.0,0.09,0
3961,Melissodes subagilis,Madia sp.,0.0,0.08,0
3962,Osmia atrocyanea,Madia sp.,0.0,0.08,0
3963,Osmia brevis,Madia sp.,0.0,0.05,0
3964,Osmia bucephala,Madia sp.,0.0,0.08,0
3965,Osmia integra,Madia sp.,0.0,0.08,0
3966,Osmia juxta,Madia sp.,0.0,0.18,0
3967,Osmia raritatis,Madia sp.,0.0,0.13,0
3968,Osmia sp. 2,Madia sp.,0.0,0.08,0
3969,Panurginus torchio,Madia sp.,0.0,0.13,0
3970,Perdita wyomingensis,Madia sp.,0.0,0.09,0
3971,Sphecodes sp.,Madia sp.,0.0,0.05,0
3972,Svastra obliqua,Madia sp.,0.0,0.07,0
3973,Triepeolus paenepectoralis,Madia sp.,0.0,0.12,0
3974,Xeromelecta californica,Madia sp.,0.0,0.05,0
3975,Agapostemon femoratus,Malva neglecta,0.0,0.05,0
3976,Agapostemon texanus,Malva neglecta,0.0,0.04,0
3977,Andrena astragali,Malva neglecta,0.0,0.04,0
3978,Andrena barbilabris,Malva neglecta,0.0,0.03,0
3979,Andrena cyanophila,Malva neglecta,0.0,0.04,0
3980,Andrena melanochroa,Malva neglecta,0.0,0.03,0
3981,Andrena nigrocaerulea,Malva neglecta,0.0,0.03,0
3982,Andrena nivalis,Malva neglecta,0.0,0.02,0
3983,Andrena pallidifovea,Malva neglecta,0.0,0.04,0
3984,Andrena prunorum,Malva neglecta,0.0,0.07,0
3985,Andrena sp. 1,Malva neglecta,0.0,0.02,0
3986,Andrena sp. A,Malva neglecta,0.0,0.03,0
3987,Andrena transnigra,Malva neglecta,0.0,0.03,0
3988,Andrena vicinoides,Malva neglecta,0.0,0.02,0
3989,Anthophora bomboides,Malva neglecta,0.0,0.03,0
3990,Anthophora curta,Malva neglecta,0.0,0.04,0
3991,Anthophora pacifica,Malva neglecta,0.0,0.02,0
3992,Anthophora urbana,Malva neglecta,0.0,0.04,0
3993,Bombus appositus,Malva neglecta,0.0,0.07,0
3994,Bombus bifarius,Malva neglecta,0.0,0.08,0
3995,Bombus californicus,Malva neglecta,0.0,0.08,0
3996,Bombus centralis,Malva neglecta,0.0,0.06,0
3997,Bombus fernaldae,Malva neglecta,0.0,0.03,0
3998,Bombus fervidus,Malva neglecta,0.0,0.03,0
3999,Bombus flavifrons,Malva neglecta,1.0,0.96,1
4000,Bombus griseocollis,Malva neglecta,0.0,0.04,0
4001,Bombus huntii,Malva neglecta,0.0,0.04,0
4002,Bombus insularis,Malva neglecta,0.0,0.04,0
4003,Bombus mixtus,Malva neglecta,0.0,0.04,0
4004,Bombus nevadensis,Malva neglecta,0.0,0.04,0
4005,Bombus rufocinctus,Malva neglecta,0.0,0.04,0
4006,Bombus vosnesenskii,Malva neglecta,0.0,0.03,0
4007,Coelioxys rufitarsis,Malva neglecta,0.0,0.04,0
4008,Colletes phaceliae,Malva neglecta,0.0,0.04,0
4009,Diadasia nigrifrons,Malva neglecta,0.0,0.04,0
4010,Halictus farinosus,Malva neglecta,0.0,0.07,0
4011,Halictus ligatus,Malva neglecta,0.0,0.04,0
4012,Halictus rubicundus,Malva neglecta,0.0,0.04,0
4013,Halictus tripartitus,Malva neglecta,0.0,0.04,0
4014,Hylaeus verticalis,Malva neglecta,0.0,0.04,0
4015,Lasioglossum albipenne,Malva neglecta,0.0,0.02,0
4016,Lasioglossum cooleyi,Malva neglecta,0.0,0.03,0
4017,Lasioglossum incompletum,Malva neglecta,0.0,0.05,0
4018,Lasioglossum laevissimum,Malva neglecta,0.0,0.03,0
4019,Lasioglossum nevadense,Malva neglecta,0.0,0.03,0
4020,Lasioglossum olympiae,Malva neglecta,0.0,0.07,0
4021,Lasioglossum ovaliceps,Malva neglecta,0.0,0.03,0
4022,Lasioglossum sedi,Malva neglecta,0.0,0.02,0
4023,Lasioglossum sp.,Malva neglecta,0.0,0.05,0
4024,Lasioglossum sp. 2,Malva neglecta,0.0,0.03,0
4025,Lasioglossum titusi,Malva neglecta,0.0,0.04,0
4026,Megachile apicalis,Malva neglecta,0.0,0.04,0
4027,Megachile nevadensis,Malva neglecta,0.0,0.02,0
4028,Megachile onobrychidis,Malva neglecta,0.0,0.06,0
4029,Megachile perihirta,Malva neglecta,0.0,0.04,0
4030,Melissodes bimatris,Malva neglecta,0.0,0.04,0
4031,Melissodes lupinus,Malva neglecta,0.0,0.03,0
4032,Melissodes lutulentus,Malva neglecta,0.0,0.04,0
4033,Melissodes microstictus,Malva neglecta,0.0,0.04,0
4034,Melissodes pallidisignatus,Malva neglecta,0.0,0.04,0
4035,Melissodes rivalis,Malva neglecta,0.0,0.03,0
4036,Melissodes subagilis,Malva neglecta,0.0,0.03,0
4037,Osmia atrocyanea,Malva neglecta,0.0,0.03,0
4038,Osmia brevis,Malva neglecta,0.0,0.02,0
4039,Osmia bucephala,Malva neglecta,0.0,0.03,0
4040,Osmia integra,Malva neglecta,0.0,0.03,0
4041,Osmia juxta,Malva neglecta,0.0,0.04,0
4042,Osmia raritatis,Malva neglecta,0.0,0.04,0
4043,Osmia sp. 2,Malva neglecta,0.0,0.03,0
4044,Panurginus torchio,Malva neglecta,0.0,0.03,0
4045,Perdita wyomingensis,Malva neglecta,0.0,0.03,0
4046,Sphecodes sp.,Malva neglecta,0.0,0.02,0
4047,Svastra obliqua,Malva neglecta,0.0,0.04,0
4048,Triepeolus paenepectoralis,Malva neglecta,0.0,0.03,0
4049,Xeromelecta californica,Malva neglecta,0.0,0.02,0
4050,Agapostemon femoratus,Medicago lupulina,0.0,0.05,0
4051,Agapostemon texanus,Medicago lupulina,0.0,0.04,0
4052,Andrena astragali,Medicago lupulina,0.0,0.04,0
4053,Andrena barbilabris,Medicago lupulina,0.0,0.03,0
4054,Andrena cyanophila,Medicago lupulina,0.0,0.04,0
4055,Andrena melanochroa,Medicago lupulina,0.0,0.03,0
4056,Andrena nigrocaerulea,Medicago lupulina,0.0,0.03,0
4057,Andrena nivalis,Medicago lupulina,0.0,0.02,0
4058,Andrena pallidifovea,Medicago lupulina,0.0,0.04,0
4059,Andrena prunorum,Medicago lupulina,0.0,0.06,0
4060,Andrena sp. 1,Medicago lupulina,0.0,0.02,0
4061,Andrena sp. A,Medicago lupulina,0.0,0.03,0
4062,Andrena transnigra,Medicago lupulina,0.0,0.03,0
4063,Andrena vicinoides,Medicago lupulina,0.0,0.02,0
4064,Anthophora bomboides,Medicago lupulina,0.0,0.03,0
4065,Anthophora curta,Medicago lupulina,0.0,0.04,0
4066,Anthophora pacifica,Medicago lupulina,0.0,0.02,0
4067,Anthophora urbana,Medicago lupulina,0.0,0.04,0
4068,Bombus appositus,Medicago lupulina,0.0,0.05,0
4069,Bombus bifarius,Medicago lupulina,0.0,0.06,0
4070,Bombus californicus,Medicago lupulina,0.0,0.08,0
4071,Bombus centralis,Medicago lupulina,1.0,0.94,1
4072,Bombus fernaldae,Medicago lupulina,0.0,0.03,0
4073,Bombus fervidus,Medicago lupulina,0.0,0.03,0
4074,Bombus flavifrons,Medicago lupulina,0.0,0.06,0
4075,Bombus griseocollis,Medicago lupulina,0.0,0.04,0
4076,Bombus huntii,Medicago lupulina,0.0,0.04,0
4077,Bombus insularis,Medicago lupulina,0.0,0.04,0
4078,Bombus mixtus,Medicago lupulina,0.0,0.04,0
4079,Bombus nevadensis,Medicago lupulina,0.0,0.04,0
4080,Bombus rufocinctus,Medicago lupulina,0.0,0.04,0
4081,Bombus vosnesenskii,Medicago lupulina,0.0,0.04,0
4082,Coelioxys rufitarsis,Medicago lupulina,0.0,0.04,0
4083,Colletes phaceliae,Medicago lupulina,0.0,0.04,0
4084,Diadasia nigrifrons,Medicago lupulina,0.0,0.04,0
4085,Halictus farinosus,Medicago lupulina,0.0,0.05,0
4086,Halictus ligatus,Medicago lupulina,0.0,0.04,0
4087,Halictus rubicundus,Medicago lupulina,0.0,0.04,0
4088,Halictus tripartitus,Medicago lupulina,0.0,0.04,0
4089,Hylaeus verticalis,Medicago lupulina,0.0,0.04,0
4090,Lasioglossum albipenne,Medicago lupulina,0.0,0.02,0
4091,Lasioglossum cooleyi,Medicago lupulina,0.0,0.03,0
4092,Lasioglossum incompletum,Medicago lupulina,0.0,0.05,0
4093,Lasioglossum laevissimum,Medicago lupulina,0.0,0.03,0
4094,Lasioglossum nevadense,Medicago lupulina,0.0,0.03,0
4095,Lasioglossum olympiae,Medicago lupulina,0.0,0.05,0
4096,Lasioglossum ovaliceps,Medicago lupulina,0.0,0.03,0
4097,Lasioglossum sedi,Medicago lupulina,0.0,0.02,0
4098,Lasioglossum sp.,Medicago lupulina,0.0,0.05,0
4099,Lasioglossum sp. 2,Medicago lupulina,0.0,0.03,0
4100,Lasioglossum titusi,Medicago lupulina,0.0,0.04,0
4101,Megachile apicalis,Medicago lupulina,0.0,0.03,0
4102,Megachile nevadensis,Medicago lupulina,0.0,0.02,0
4103,Megachile onobrychidis,Medicago lupulina,0.0,0.06,0
4104,Megachile perihirta,Medicago lupulina,0.0,0.04,0
4105,Melissodes bimatris,Medicago lupulina,0.0,0.04,0
4106,Melissodes lupinus,Medicago lupulina,0.0,0.03,0
4107,Melissodes lutulentus,Medicago lupulina,0.0,0.03,0
4108,Melissodes microstictus,Medicago lupulina,0.0,0.04,0
4109,Melissodes pallidisignatus,Medicago lupulina,0.0,0.04,0
4110,Melissodes rivalis,Medicago lupulina,0.0,0.03,0
4111,Melissodes subagilis,Medicago lupulina,0.0,0.03,0
4112,Osmia atrocyanea,Medicago lupulina,0.0,0.03,0
4113,Osmia brevis,Medicago lupulina,0.0,0.02,0
4114,Osmia bucephala,Medicago lupulina,0.0,0.03,0
4115,Osmia integra,Medicago lupulina,0.0,0.03,0
4116,Osmia juxta,Medicago lupulina,0.0,0.04,0
4117,Osmia raritatis,Medicago lupulina,0.0,0.04,0
4118,Osmia sp. 2,Medicago lupulina,0.0,0.03,0
4119,Panurginus torchio,Medicago lupulina,0.0,0.03,0
4120,Perdita wyomingensis,Medicago lupulina,0.0,0.03,0
4121,Sphecodes sp.,Medicago lupulina,0.0,0.02,0
4122,Svastra obliqua,Medicago lupulina,0.0,0.03,0
4123,Triepeolus paenepectoralis,Medicago lupulina,0.0,0.03,0
4124,Xeromelecta californica,Medicago lupulina,0.0,0.02,0
4125,Agapostemon femoratus,Medicago sativa,1.0,0.24,0
4126,Agapostemon texanus,Medicago sativa,1.0,0.23,0
4127,Andrena astragali,Medicago sativa,0.0,0.15,0
4128,Andrena barbilabris,Medicago sativa,0.0,0.1,0
4129,Andrena cyanophila,Medicago sativa,0.0,0.17,0
4130,Andrena melanochroa,Medicago sativa,0.0,0.15,0
4131,Andrena nigrocaerulea,Medicago sativa,0.0,0.13,0
4132,Andrena nivalis,Medicago sativa,0.0,0.05,0
4133,Andrena pallidifovea,Medicago sativa,0.0,0.17,0
4134,Andrena prunorum,Medicago sativa,1.0,0.31,0
4135,Andrena sp. 1,Medicago sativa,0.0,0.05,0
4136,Andrena sp. A,Medicago sativa,0.0,0.1,0
4137,Andrena transnigra,Medicago sativa,0.0,0.11,0
4138,Andrena vicinoides,Medicago sativa,0.0,0.05,0
4139,Anthophora bomboides,Medicago sativa,0.0,0.08,0
4140,Anthophora curta,Medicago sativa,0.0,0.11,0
4141,Anthophora pacifica,Medicago sativa,0.0,0.05,0
4142,Anthophora urbana,Medicago sativa,0.0,0.26,0
4143,Bombus appositus,Medicago sativa,0.0,0.26,0
4144,Bombus bifarius,Medicago sativa,0.0,0.43,0
4145,Bombus californicus,Medicago sativa,0.0,0.44,0
4146,Bombus centralis,Medicago sativa,0.0,0.36,0
4147,Bombus fernaldae,Medicago sativa,0.0,0.09,0
4148,Bombus fervidus,Medicago sativa,0.0,0.08,0
4149,Bombus flavifrons,Medicago sativa,0.0,0.44,0
4150,Bombus griseocollis,Medicago sativa,0.0,0.16,0
4151,Bombus huntii,Medicago sativa,0.0,0.26,0
4152,Bombus insularis,Medicago sativa,0.0,0.22,0
4153,Bombus mixtus,Medicago sativa,0.0,0.22,0
4154,Bombus nevadensis,Medicago sativa,0.0,0.25,0
4155,Bombus rufocinctus,Medicago sativa,0.0,0.24,0
4156,Bombus vosnesenskii,Medicago sativa,0.0,0.21,0
4157,Coelioxys rufitarsis,Medicago sativa,0.0,0.25,0
4158,Colletes phaceliae,Medicago sativa,0.0,0.2,0
4159,Diadasia nigrifrons,Medicago sativa,0.0,0.14,0
4160,Halictus farinosus,Medicago sativa,0.0,0.32,0
4161,Halictus ligatus,Medicago sativa,0.0,0.28,0
4162,Halictus rubicundus,Medicago sativa,0.0,0.22,0
4163,Halictus tripartitus,Medicago sativa,0.0,0.19,0
4164,Hylaeus verticalis,Medicago sativa,0.0,0.16,0
4165,Lasioglossum albipenne,Medicago sativa,0.0,0.05,0
4166,Lasioglossum cooleyi,Medicago sativa,0.0,0.09,0
4167,Lasioglossum incompletum,Medicago sativa,0.0,0.26,0
4168,Lasioglossum laevissimum,Medicago sativa,0.0,0.12,0
4169,Lasioglossum nevadense,Medicago sativa,0.0,0.1,0
4170,Lasioglossum olympiae,Medicago sativa,0.0,0.33,0
4171,Lasioglossum ovaliceps,Medicago sativa,0.0,0.08,0
4172,Lasioglossum sedi,Medicago sativa,0.0,0.06,0
4173,Lasioglossum sp.,Medicago sativa,0.0,0.24,0
4174,Lasioglossum sp. 2,Medicago sativa,0.0,0.24,0
4175,Lasioglossum titusi,Medicago sativa,0.0,0.13,0
4176,Megachile apicalis,Medicago sativa,0.0,0.07,0
4177,Megachile nevadensis,Medicago sativa,0.0,0.05,0
4178,Megachile onobrychidis,Medicago sativa,0.0,0.28,0
4179,Megachile perihirta,Medicago sativa,0.0,0.23,0
4180,Melissodes bimatris,Medicago sativa,0.0,0.11,0
4181,Melissodes lupinus,Medicago sativa,0.0,0.11,0
4182,Melissodes lutulentus,Medicago sativa,0.0,0.09,0
4183,Melissodes microstictus,Medicago sativa,0.0,0.16,0
4184,Melissodes pallidisignatus,Medicago sativa,0.0,0.11,0
4185,Melissodes rivalis,Medicago sativa,0.0,0.08,0
4186,Melissodes subagilis,Medicago sativa,0.0,0.09,0
4187,Osmia atrocyanea,Medicago sativa,0.0,0.08,0
4188,Osmia brevis,Medicago sativa,0.0,0.05,0
4189,Osmia bucephala,Medicago sativa,0.0,0.09,0
4190,Osmia integra,Medicago sativa,0.0,0.09,0
4191,Osmia juxta,Medicago sativa,0.0,0.18,0
4192,Osmia raritatis,Medicago sativa,0.0,0.13,0
4193,Osmia sp. 2,Medicago sativa,0.0,0.09,0
4194,Panurginus torchio,Medicago sativa,0.0,0.11,0
4195,Perdita wyomingensis,Medicago sativa,0.0,0.09,0
4196,Sphecodes sp.,Medicago sativa,0.0,0.05,0
4197,Svastra obliqua,Medicago sativa,0.0,0.07,0
4198,Triepeolus paenepectoralis,Medicago sativa,0.0,0.12,0
4199,Xeromelecta californica,Medicago sativa,0.0,0.05,0
4200,Agapostemon femoratus,Melilotus officinalis,0.0,0.04,0
4201,Agapostemon texanus,Melilotus officinalis,0.0,0.05,0
4202,Andrena astragali,Melilotus officinalis,0.0,0.04,0
4203,Andrena barbilabris,Melilotus officinalis,0.0,0.03,0
4204,Andrena cyanophila,Melilotus officinalis,0.0,0.04,0
4205,Andrena melanochroa,Melilotus officinalis,0.0,0.04,0
4206,Andrena nigrocaerulea,Melilotus officinalis,0.0,0.03,0
4207,Andrena nivalis,Melilotus officinalis,0.0,0.02,0
4208,Andrena pallidifovea,Melilotus officinalis,0.0,0.04,0
4209,Andrena prunorum,Melilotus officinalis,0.0,0.05,0
4210,Andrena sp. 1,Melilotus officinalis,0.0,0.02,0
4211,Andrena sp. A,Melilotus officinalis,0.0,0.03,0
4212,Andrena transnigra,Melilotus officinalis,0.0,0.03,0
4213,Andrena vicinoides,Melilotus officinalis,0.0,0.02,0
4214,Anthophora bomboides,Melilotus officinalis,0.0,0.03,0
4215,Anthophora curta,Melilotus officinalis,0.0,0.04,0
4216,Anthophora pacifica,Melilotus officinalis,0.0,0.02,0
4217,Anthophora urbana,Melilotus officinalis,0.0,0.04,0
4218,Bombus appositus,Melilotus officinalis,0.0,0.04,0
4219,Bombus bifarius,Melilotus officinalis,0.0,0.07,0
4220,Bombus californicus,Melilotus officinalis,0.0,0.07,0
4221,Bombus centralis,Melilotus officinalis,0.0,0.06,0
4222,Bombus fernaldae,Melilotus officinalis,0.0,0.03,0
4223,Bombus fervidus,Melilotus officinalis,0.0,0.03,0
4224,Bombus flavifrons,Melilotus officinalis,0.0,0.07,0
4225,Bombus griseocollis,Melilotus officinalis,0.0,0.04,0
4226,Bombus huntii,Melilotus officinalis,0.0,0.05,0
4227,Bombus insularis,Melilotus officinalis,0.0,0.04,0
4228,Bombus mixtus,Melilotus officinalis,0.0,0.05,0
4229,Bombus nevadensis,Melilotus officinalis,0.0,0.04,0
4230,Bombus rufocinctus,Melilotus officinalis,0.0,0.05,0
4231,Bombus vosnesenskii,Melilotus officinalis,0.0,0.04,0
4232,Coelioxys rufitarsis,Melilotus officinalis,0.0,0.04,0
4233,Colletes phaceliae,Melilotus officinalis,0.0,0.04,0
4234,Diadasia nigrifrons,Melilotus officinalis,0.0,0.04,0
4235,Halictus farinosus,Melilotus officinalis,1.0,0.85,1
4236,Halictus ligatus,Melilotus officinalis,0.0,0.04,0
4237,Halictus rubicundus,Melilotus officinalis,0.0,0.04,0
4238,Halictus tripartitus,Melilotus officinalis,0.0,0.04,0
4239,Hylaeus verticalis,Melilotus officinalis,0.0,0.04,0
4240,Lasioglossum albipenne,Melilotus officinalis,0.0,0.02,0
4241,Lasioglossum cooleyi,Melilotus officinalis,0.0,0.03,0
4242,Lasioglossum incompletum,Melilotus officinalis,0.0,0.04,0
4243,Lasioglossum laevissimum,Melilotus officinalis,0.0,0.03,0
4244,Lasioglossum nevadense,Melilotus officinalis,0.0,0.03,0
4245,Lasioglossum olympiae,Melilotus officinalis,0.0,0.06,0
4246,Lasioglossum ovaliceps,Melilotus officinalis,0.0,0.03,0
4247,Lasioglossum sedi,Melilotus officinalis,0.0,0.02,0
4248,Lasioglossum sp.,Melilotus officinalis,0.0,0.04,0
4249,Lasioglossum sp. 2,Melilotus officinalis,0.0,0.04,0
4250,Lasioglossum titusi,Melilotus officinalis,0.0,0.04,0
4251,Megachile apicalis,Melilotus officinalis,0.0,0.03,0
4252,Megachile nevadensis,Melilotus officinalis,0.0,0.02,0
4253,Megachile onobrychidis,Melilotus officinalis,0.0,0.07,0
4254,Megachile perihirta,Melilotus officinalis,0.0,0.04,0
4255,Melissodes bimatris,Melilotus officinalis,0.0,0.04,0
4256,Melissodes lupinus,Melilotus officinalis,0.0,0.03,0
4257,Melissodes lutulentus,Melilotus officinalis,0.0,0.03,0
4258,Melissodes microstictus,Melilotus officinalis,0.0,0.04,0
4259,Melissodes pallidisignatus,Melilotus officinalis,0.0,0.04,0
4260,Melissodes rivalis,Melilotus officinalis,0.0,0.03,0
4261,Melissodes subagilis,Melilotus officinalis,0.0,0.03,0
4262,Osmia atrocyanea,Melilotus officinalis,0.0,0.03,0
4263,Osmia brevis,Melilotus officinalis,0.0,0.02,0
4264,Osmia bucephala,Melilotus officinalis,0.0,0.03,0
4265,Osmia integra,Melilotus officinalis,0.0,0.03,0
4266,Osmia juxta,Melilotus officinalis,0.0,0.04,0
4267,Osmia raritatis,Melilotus officinalis,0.0,0.04,0
4268,Osmia sp. 2,Melilotus officinalis,0.0,0.03,0
4269,Panurginus torchio,Melilotus officinalis,0.0,0.03,0
4270,Perdita wyomingensis,Melilotus officinalis,0.0,0.03,0
4271,Sphecodes sp.,Melilotus officinalis,0.0,0.02,0
4272,Svastra obliqua,Melilotus officinalis,0.0,0.03,0
4273,Triepeolus paenepectoralis,Melilotus officinalis,0.0,0.03,0
4274,Xeromelecta californica,Melilotus officinalis,0.0,0.02,0
4275,Agapostemon femoratus,Mentha arvensis,0.0,0.06,0
4276,Agapostemon texanus,Mentha arvensis,0.0,0.05,0
4277,Andrena astragali,Mentha arvensis,0.0,0.04,0
4278,Andrena barbilabris,Mentha arvensis,0.0,0.03,0
4279,Andrena cyanophila,Mentha arvensis,0.0,0.04,0
4280,Andrena melanochroa,Mentha arvensis,0.0,0.04,0
4281,Andrena nigrocaerulea,Mentha arvensis,0.0,0.03,0
4282,Andrena nivalis,Mentha arvensis,0.0,0.02,0
4283,Andrena pallidifovea,Mentha arvensis,0.0,0.04,0
4284,Andrena prunorum,Mentha arvensis,0.0,0.06,0
4285,Andrena sp. 1,Mentha arvensis,0.0,0.02,0
4286,Andrena sp. A,Mentha arvensis,0.0,0.03,0
4287,Andrena transnigra,Mentha arvensis,0.0,0.03,0
4288,Andrena vicinoides,Mentha arvensis,0.0,0.02,0
4289,Anthophora bomboides,Mentha arvensis,0.0,0.03,0
4290,Anthophora curta,Mentha arvensis,0.0,0.04,0
4291,Anthophora pacifica,Mentha arvensis,0.0,0.02,0
4292,Anthophora urbana,Mentha arvensis,0.0,0.04,0
4293,Bombus appositus,Mentha arvensis,0.0,0.04,0
4294,Bombus bifarius,Mentha arvensis,0.0,0.07,0
4295,Bombus californicus,Mentha arvensis,0.0,0.07,0
4296,Bombus centralis,Mentha arvensis,0.0,0.06,0
4297,Bombus fernaldae,Mentha arvensis,0.0,0.03,0
4298,Bombus fervidus,Mentha arvensis,0.0,0.03,0
4299,Bombus flavifrons,Mentha arvensis,0.0,0.07,0
4300,Bombus griseocollis,Mentha arvensis,0.0,0.04,0
4301,Bombus huntii,Mentha arvensis,0.0,0.05,0
4302,Bombus insularis,Mentha arvensis,0.0,0.04,0
4303,Bombus mixtus,Mentha arvensis,0.0,0.04,0
4304,Bombus nevadensis,Mentha arvensis,0.0,0.05,0
4305,Bombus rufocinctus,Mentha arvensis,0.0,0.05,0
4306,Bombus vosnesenskii,Mentha arvensis,0.0,0.04,0
4307,Coelioxys rufitarsis,Mentha arvensis,0.0,0.04,0
4308,Colletes phaceliae,Mentha arvensis,0.0,0.04,0
4309,Diadasia nigrifrons,Mentha arvensis,0.0,0.05,0
4310,Halictus farinosus,Mentha arvensis,0.0,0.05,0
4311,Halictus ligatus,Mentha arvensis,0.0,0.04,0
4312,Halictus rubicundus,Mentha arvensis,0.0,0.04,0
4313,Halictus tripartitus,Mentha arvensis,0.0,0.04,0
4314,Hylaeus verticalis,Mentha arvensis,0.0,0.04,0
4315,Lasioglossum albipenne,Mentha arvensis,0.0,0.02,0
4316,Lasioglossum cooleyi,Mentha arvensis,0.0,0.03,0
4317,Lasioglossum incompletum,Mentha arvensis,1.0,0.8,1
4318,Lasioglossum laevissimum,Mentha arvensis,0.0,0.03,0
4319,Lasioglossum nevadense,Mentha arvensis,0.0,0.03,0
4320,Lasioglossum olympiae,Mentha arvensis,0.0,0.05,0
4321,Lasioglossum ovaliceps,Mentha arvensis,0.0,0.03,0
4322,Lasioglossum sedi,Mentha arvensis,0.0,0.02,0
4323,Lasioglossum sp.,Mentha arvensis,0.0,0.06,0
4324,Lasioglossum sp. 2,Mentha arvensis,0.0,0.04,0
4325,Lasioglossum titusi,Mentha arvensis,0.0,0.04,0
4326,Megachile apicalis,Mentha arvensis,0.0,0.03,0
4327,Megachile nevadensis,Mentha arvensis,0.0,0.02,0
4328,Megachile onobrychidis,Mentha arvensis,0.0,0.07,0
4329,Megachile perihirta,Mentha arvensis,0.0,0.04,0
4330,Melissodes bimatris,Mentha arvensis,0.0,0.04,0
4331,Melissodes lupinus,Mentha arvensis,0.0,0.03,0
4332,Melissodes lutulentus,Mentha arvensis,0.0,0.03,0
4333,Melissodes microstictus,Mentha arvensis,0.0,0.04,0
4334,Melissodes pallidisignatus,Mentha arvensis,0.0,0.04,0
4335,Melissodes rivalis,Mentha arvensis,0.0,0.03,0
4336,Melissodes subagilis,Mentha arvensis,0.0,0.03,0
4337,Osmia atrocyanea,Mentha arvensis,0.0,0.03,0
4338,Osmia brevis,Mentha arvensis,0.0,0.02,0
4339,Osmia bucephala,Mentha arvensis,0.0,0.03,0
4340,Osmia integra,Mentha arvensis,0.0,0.03,0
4341,Osmia juxta,Mentha arvensis,0.0,0.04,0
4342,Osmia raritatis,Mentha arvensis,0.0,0.04,0
4343,Osmia sp. 2,Mentha arvensis,0.0,0.03,0
4344,Panurginus torchio,Mentha arvensis,0.0,0.03,0
4345,Perdita wyomingensis,Mentha arvensis,0.0,0.03,0
4346,Sphecodes sp.,Mentha arvensis,0.0,0.02,0
4347,Svastra obliqua,Mentha arvensis,0.0,0.03,0
4348,Triepeolus paenepectoralis,Mentha arvensis,0.0,0.03,0
4349,Xeromelecta californica,Mentha arvensis,0.0,0.02,0
4350,Agapostemon femoratus,Microseris nutans,0.0,0.05,0
4351,Agapostemon texanus,Microseris nutans,0.0,0.05,0
4352,Andrena astragali,Microseris nutans,0.0,0.04,0
4353,Andrena barbilabris,Microseris nutans,0.0,0.03,0
4354,Andrena cyanophila,Microseris nutans,0.0,0.04,0
4355,Andrena melanochroa,Microseris nutans,0.0,0.03,0
4356,Andrena nigrocaerulea,Microseris nutans,0.0,0.03,0
4357,Andrena nivalis,Microseris nutans,0.0,0.02,0
4358,Andrena pallidifovea,Microseris nutans,0.0,0.04,0
4359,Andrena prunorum,Microseris nutans,0.0,0.06,0
4360,Andrena sp. 1,Microseris nutans,0.0,0.02,0
4361,Andrena sp. A,Microseris nutans,0.0,0.03,0
4362,Andrena transnigra,Microseris nutans,0.0,0.03,0
4363,Andrena vicinoides,Microseris nutans,0.0,0.02,0
4364,Anthophora bomboides,Microseris nutans,0.0,0.02,0
4365,Anthophora curta,Microseris nutans,0.0,0.03,0
4366,Anthophora pacifica,Microseris nutans,0.0,0.02,0
4367,Anthophora urbana,Microseris nutans,0.0,0.06,0
4368,Bombus appositus,Microseris nutans,0.0,0.04,0
4369,Bombus bifarius,Microseris nutans,0.0,0.07,0
4370,Bombus californicus,Microseris nutans,0.0,0.07,0
4371,Bombus centralis,Microseris nutans,0.0,0.06,0
4372,Bombus fernaldae,Microseris nutans,0.0,0.03,0
4373,Bombus fervidus,Microseris nutans,0.0,0.02,0
4374,Bombus flavifrons,Microseris nutans,0.0,0.07,0
4375,Bombus griseocollis,Microseris nutans,0.0,0.04,0
4376,Bombus huntii,Microseris nutans,0.0,0.05,0
4377,Bombus insularis,Microseris nutans,0.0,0.04,0
4378,Bombus mixtus,Microseris nutans,0.0,0.04,0
4379,Bombus nevadensis,Microseris nutans,0.0,0.05,0
4380,Bombus rufocinctus,Microseris nutans,0.0,0.05,0
4381,Bombus vosnesenskii,Microseris nutans,0.0,0.04,0
4382,Coelioxys rufitarsis,Microseris nutans,0.0,0.04,0
4383,Colletes phaceliae,Microseris nutans,0.0,0.04,0
4384,Diadasia nigrifrons,Microseris nutans,0.0,0.04,0
4385,Halictus farinosus,Microseris nutans,0.0,0.06,0
4386,Halictus ligatus,Microseris nutans,0.0,0.04,0
4387,Halictus rubicundus,Microseris nutans,0.0,0.05,0
4388,Halictus tripartitus,Microseris nutans,0.0,0.04,0
4389,Hylaeus verticalis,Microseris nutans,0.0,0.04,0
4390,Lasioglossum albipenne,Microseris nutans,0.0,0.02,0
4391,Lasioglossum cooleyi,Microseris nutans,0.0,0.03,0
4392,Lasioglossum incompletum,Microseris nutans,0.0,0.04,0
4393,Lasioglossum laevissimum,Microseris nutans,0.0,0.03,0
4394,Lasioglossum nevadense,Microseris nutans,0.0,0.03,0
4395,Lasioglossum olympiae,Microseris nutans,1.0,0.82,1
4396,Lasioglossum ovaliceps,Microseris nutans,0.0,0.03,0
4397,Lasioglossum sedi,Microseris nutans,0.0,0.02,0
4398,Lasioglossum sp.,Microseris nutans,0.0,0.04,0
4399,Lasioglossum sp. 2,Microseris nutans,0.0,0.04,0
4400,Lasioglossum titusi,Microseris nutans,0.0,0.04,0
4401,Megachile apicalis,Microseris nutans,0.0,0.03,0
4402,Megachile nevadensis,Microseris nutans,0.0,0.02,0
4403,Megachile onobrychidis,Microseris nutans,0.0,0.07,0
4404,Megachile perihirta,Microseris nutans,0.0,0.05,0
4405,Melissodes bimatris,Microseris nutans,0.0,0.03,0
4406,Melissodes lupinus,Microseris nutans,0.0,0.03,0
4407,Melissodes lutulentus,Microseris nutans,0.0,0.03,0
4408,Melissodes microstictus,Microseris nutans,0.0,0.04,0
4409,Melissodes pallidisignatus,Microseris nutans,0.0,0.03,0
4410,Melissodes rivalis,Microseris nutans,0.0,0.03,0
4411,Melissodes subagilis,Microseris nutans,0.0,0.03,0
4412,Osmia atrocyanea,Microseris nutans,0.0,0.02,0
4413,Osmia brevis,Microseris nutans,0.0,0.02,0
4414,Osmia bucephala,Microseris nutans,0.0,0.02,0
4415,Osmia integra,Microseris nutans,0.0,0.02,0
4416,Osmia juxta,Microseris nutans,0.0,0.04,0
4417,Osmia raritatis,Microseris nutans,0.0,0.04,0
4418,Osmia sp. 2,Microseris nutans,0.0,0.03,0
4419,Panurginus torchio,Microseris nutans,0.0,0.03,0
4420,Perdita wyomingensis,Microseris nutans,0.0,0.02,0
4421,Sphecodes sp.,Microseris nutans,0.0,0.02,0
4422,Svastra obliqua,Microseris nutans,0.0,0.03,0
4423,Triepeolus paenepectoralis,Microseris nutans,0.0,0.03,0
4424,Xeromelecta californica,Microseris nutans,0.0,0.02,0
4425,Agapostemon femoratus,Monardella odoratissima,0.0,0.36,0
4426,Agapostemon texanus,Monardella odoratissima,0.0,0.27,0
4427,Andrena astragali,Monardella odoratissima,0.0,0.18,0
4428,Andrena barbilabris,Monardella odoratissima,0.0,0.16,0
4429,Andrena cyanophila,Monardella odoratissima,0.0,0.25,0
4430,Andrena melanochroa,Monardella odoratissima,0.0,0.23,0
4431,Andrena nigrocaerulea,Monardella odoratissima,0.0,0.18,0
4432,Andrena nivalis,Monardella odoratissima,0.0,0.05,0
4433,Andrena pallidifovea,Monardella odoratissima,0.0,0.19,0
4434,Andrena prunorum,Monardella odoratissima,0.0,0.4,0
4435,Andrena sp. 1,Monardella odoratissima,0.0,0.05,0
4436,Andrena sp. A,Monardella odoratissima,0.0,0.17,0
4437,Andrena transnigra,Monardella odoratissima,0.0,0.18,0
4438,Andrena vicinoides,Monardella odoratissima,0.0,0.05,0
4439,Anthophora bomboides,Monardella odoratissima,0.0,0.16,0
4440,Anthophora curta,Monardella odoratissima,0.0,0.18,0
4441,Anthophora pacifica,Monardella odoratissima,0.0,0.05,0
4442,Anthophora urbana,Monardella odoratissima,0.0,0.34,0
4443,Bombus appositus,Monardella odoratissima,1.0,0.44,0
4444,Bombus bifarius,Monardella odoratissima,1.0,0.63,1
4445,Bombus californicus,Monardella odoratissima,1.0,0.63,1
4446,Bombus centralis,Monardella odoratissima,1.0,0.5,0
4447,Bombus fernaldae,Monardella odoratissima,0.0,0.15,0
4448,Bombus fervidus,Monardella odoratissima,0.0,0.16,0
4449,Bombus flavifrons,Monardella odoratissima,1.0,0.63,1
4450,Bombus griseocollis,Monardella odoratissima,0.0,0.26,0
4451,Bombus huntii,Monardella odoratissima,0.0,0.35,0
4452,Bombus insularis,Monardella odoratissima,0.0,0.31,0
4453,Bombus mixtus,Monardella odoratissima,0.0,0.38,0
4454,Bombus nevadensis,Monardella odoratissima,0.0,0.36,0
4455,Bombus rufocinctus,Monardella odoratissima,0.0,0.31,0
4456,Bombus vosnesenskii,Monardella odoratissima,0.0,0.41,0
4457,Coelioxys rufitarsis,Monardella odoratissima,0.0,0.3,0
4458,Colletes phaceliae,Monardella odoratissima,0.0,0.26,0
4459,Diadasia nigrifrons,Monardella odoratissima,0.0,0.18,0
4460,Halictus farinosus,Monardella odoratissima,0.0,0.4,0
4461,Halictus ligatus,Monardella odoratissima,0.0,0.41,0
4462,Halictus rubicundus,Monardella odoratissima,0.0,0.34,0
4463,Halictus tripartitus,Monardella odoratissima,0.0,0.27,0
4464,Hylaeus verticalis,Monardella odoratissima,0.0,0.19,0
4465,Lasioglossum albipenne,Monardella odoratissima,0.0,0.05,0
4466,Lasioglossum cooleyi,Monardella odoratissima,0.0,0.15,0
4467,Lasioglossum incompletum,Monardella odoratissima,0.0,0.39,0
4468,Lasioglossum laevissimum,Monardella odoratissima,0.0,0.23,0
4469,Lasioglossum nevadense,Monardella odoratissima,1.0,0.16,0
4470,Lasioglossum olympiae,Monardella odoratissima,0.0,0.4,0
4471,Lasioglossum ovaliceps,Monardella odoratissima,0.0,0.14,0
4472,Lasioglossum sedi,Monardella odoratissima,0.0,0.05,0
4473,Lasioglossum sp.,Monardella odoratissima,0.0,0.33,0
4474,Lasioglossum sp. 2,Monardella odoratissima,0.0,0.34,0
4475,Lasioglossum titusi,Monardella odoratissima,0.0,0.17,0
4476,Megachile apicalis,Monardella odoratissima,0.0,0.12,0
4477,Megachile nevadensis,Monardella odoratissima,0.0,0.06,0
4478,Megachile onobrychidis,Monardella odoratissima,0.0,0.38,0
4479,Megachile perihirta,Monardella odoratissima,0.0,0.37,0
4480,Melissodes bimatris,Monardella odoratissima,0.0,0.18,0
4481,Melissodes lupinus,Monardella odoratissima,0.0,0.16,0
4482,Melissodes lutulentus,Monardella odoratissima,0.0,0.12,0
4483,Melissodes microstictus,Monardella odoratissima,0.0,0.17,0
4484,Melissodes pallidisignatus,Monardella odoratissima,0.0,0.18,0
4485,Melissodes rivalis,Monardella odoratissima,0.0,0.13,0
4486,Melissodes subagilis,Monardella odoratissima,0.0,0.15,0
4487,Osmia atrocyanea,Monardella odoratissima,0.0,0.16,0
4488,Osmia brevis,Monardella odoratissima,0.0,0.05,0
4489,Osmia bucephala,Monardella odoratissima,0.0,0.16,0
4490,Osmia integra,Monardella odoratissima,0.0,0.16,0
4491,Osmia juxta,Monardella odoratissima,0.0,0.28,0
4492,Osmia raritatis,Monardella odoratissima,0.0,0.23,0
4493,Osmia sp. 2,Monardella odoratissima,0.0,0.16,0
4494,Panurginus torchio,Monardella odoratissima,0.0,0.18,0
4495,Perdita wyomingensis,Monardella odoratissima,0.0,0.16,0
4496,Sphecodes sp.,Monardella odoratissima,0.0,0.05,0
4497,Svastra obliqua,Monardella odoratissima,0.0,0.12,0
4498,Triepeolus paenepectoralis,Monardella odoratissima,0.0,0.2,0
4499,Xeromelecta californica,Monardella odoratissima,0.0,0.06,0
4500,Agapostemon femoratus,Myosurus minimus,0.0,0.2,0
4501,Agapostemon texanus,Myosurus minimus,0.0,0.16,0
4502,Andrena astragali,Myosurus minimus,0.0,0.11,0
4503,Andrena barbilabris,Myosurus minimus,0.0,0.06,0
4504,Andrena cyanophila,Myosurus minimus,0.0,0.14,0
4505,Andrena melanochroa,Myosurus minimus,0.0,0.13,0
4506,Andrena nigrocaerulea,Myosurus minimus,0.0,0.09,0
4507,Andrena nivalis,Myosurus minimus,0.0,0.03,0
4508,Andrena pallidifovea,Myosurus minimus,0.0,0.14,0
4509,Andrena prunorum,Myosurus minimus,0.0,0.26,0
4510,Andrena sp. 1,Myosurus minimus,0.0,0.03,0
4511,Andrena sp. A,Myosurus minimus,0.0,0.06,0
4512,Andrena transnigra,Myosurus minimus,0.0,0.1,0
4513,Andrena vicinoides,Myosurus minimus,0.0,0.03,0
4514,Anthophora bomboides,Myosurus minimus,0.0,0.06,0
4515,Anthophora curta,Myosurus minimus,0.0,0.09,0
4516,Anthophora pacifica,Myosurus minimus,0.0,0.03,0
4517,Anthophora urbana,Myosurus minimus,0.0,0.22,0
4518,Bombus appositus,Myosurus minimus,0.0,0.26,0
4519,Bombus bifarius,Myosurus minimus,0.0,0.47,0
4520,Bombus californicus,Myosurus minimus,1.0,0.48,0
4521,Bombus centralis,Myosurus minimus,1.0,0.36,0
4522,Bombus fernaldae,Myosurus minimus,0.0,0.06,0
4523,Bombus fervidus,Myosurus minimus,0.0,0.06,0
4524,Bombus flavifrons,Myosurus minimus,0.0,0.47,0
4525,Bombus griseocollis,Myosurus minimus,0.0,0.12,0
4526,Bombus huntii,Myosurus minimus,0.0,0.22,0
4527,Bombus insularis,Myosurus minimus,0.0,0.19,0
4528,Bombus mixtus,Myosurus minimus,0.0,0.21,0
4529,Bombus nevadensis,Myosurus minimus,0.0,0.23,0
4530,Bombus rufocinctus,Myosurus minimus,0.0,0.2,0
4531,Bombus vosnesenskii,Myosurus minimus,0.0,0.21,0
4532,Coelioxys rufitarsis,Myosurus minimus,0.0,0.2,0
4533,Colletes phaceliae,Myosurus minimus,0.0,0.16,0
4534,Diadasia nigrifrons,Myosurus minimus,0.0,0.13,0
4535,Halictus farinosus,Myosurus minimus,0.0,0.28,0
4536,Halictus ligatus,Myosurus minimus,0.0,0.25,0
4537,Halictus rubicundus,Myosurus minimus,0.0,0.22,0
4538,Halictus tripartitus,Myosurus minimus,0.0,0.16,0
4539,Hylaeus verticalis,Myosurus minimus,0.0,0.13,0
4540,Lasioglossum albipenne,Myosurus minimus,0.0,0.03,0
4541,Lasioglossum cooleyi,Myosurus minimus,0.0,0.06,0
4542,Lasioglossum incompletum,Myosurus minimus,0.0,0.25,0
4543,Lasioglossum laevissimum,Myosurus minimus,0.0,0.11,0
4544,Lasioglossum nevadense,Myosurus minimus,0.0,0.08,0
4545,Lasioglossum olympiae,Myosurus minimus,0.0,0.29,0
4546,Lasioglossum ovaliceps,Myosurus minimus,0.0,0.06,0
4547,Lasioglossum sedi,Myosurus minimus,0.0,0.04,0
4548,Lasioglossum sp.,Myosurus minimus,0.0,0.19,0
4549,Lasioglossum sp. 2,Myosurus minimus,0.0,0.2,0
4550,Lasioglossum titusi,Myosurus minimus,0.0,0.1,0
4551,Megachile apicalis,Myosurus minimus,0.0,0.05,0
4552,Megachile nevadensis,Myosurus minimus,0.0,0.03,0
4553,Megachile onobrychidis,Myosurus minimus,0.0,0.24,0
4554,Megachile perihirta,Myosurus minimus,0.0,0.23,0
4555,Melissodes bimatris,Myosurus minimus,0.0,0.09,0
4556,Melissodes lupinus,Myosurus minimus,0.0,0.08,0
4557,Melissodes lutulentus,Myosurus minimus,0.0,0.06,0
4558,Melissodes microstictus,Myosurus minimus,0.0,0.12,0
4559,Melissodes pallidisignatus,Myosurus minimus,0.0,0.09,0
4560,Melissodes rivalis,Myosurus minimus,0.0,0.06,0
4561,Melissodes subagilis,Myosurus minimus,0.0,0.05,0
4562,Osmia atrocyanea,Myosurus minimus,0.0,0.06,0
4563,Osmia brevis,Myosurus minimus,0.0,0.03,0
4564,Osmia bucephala,Myosurus minimus,0.0,0.06,0
4565,Osmia integra,Myosurus minimus,0.0,0.06,0
4566,Osmia juxta,Myosurus minimus,0.0,0.14,0
4567,Osmia raritatis,Myosurus minimus,0.0,0.11,0
4568,Osmia sp. 2,Myosurus minimus,0.0,0.06,0
4569,Panurginus torchio,Myosurus minimus,0.0,0.09,0
4570,Perdita wyomingensis,Myosurus minimus,0.0,0.06,0
4571,Sphecodes sp.,Myosurus minimus,0.0,0.03,0
4572,Svastra obliqua,Myosurus minimus,0.0,0.05,0
4573,Triepeolus paenepectoralis,Myosurus minimus,0.0,0.09,0
4574,Xeromelecta californica,Myosurus minimus,0.0,0.03,0
4575,Agapostemon femoratus,Nemophila breviflora,0.0,0.18,0
4576,Agapostemon texanus,Nemophila breviflora,0.0,0.15,0
4577,Andrena astragali,Nemophila breviflora,0.0,0.11,0
4578,Andrena barbilabris,Nemophila breviflora,0.0,0.05,0
4579,Andrena cyanophila,Nemophila breviflora,0.0,0.13,0
4580,Andrena melanochroa,Nemophila breviflora,0.0,0.12,0
4581,Andrena nigrocaerulea,Nemophila breviflora,0.0,0.07,0
4582,Andrena nivalis,Nemophila breviflora,0.0,0.03,0
4583,Andrena pallidifovea,Nemophila breviflora,0.0,0.12,0
4584,Andrena prunorum,Nemophila breviflora,0.0,0.24,0
4585,Andrena sp. 1,Nemophila breviflora,0.0,0.03,0
4586,Andrena sp. A,Nemophila breviflora,0.0,0.05,0
4587,Andrena transnigra,Nemophila breviflora,0.0,0.08,0
4588,Andrena vicinoides,Nemophila breviflora,0.0,0.03,0
4589,Anthophora bomboides,Nemophila breviflora,0.0,0.04,0
4590,Anthophora curta,Nemophila breviflora,0.0,0.08,0
4591,Anthophora pacifica,Nemophila breviflora,0.0,0.03,0
4592,Anthophora urbana,Nemophila breviflora,0.0,0.21,0
4593,Bombus appositus,Nemophila breviflora,0.0,0.24,0
4594,Bombus bifarius,Nemophila breviflora,0.0,0.46,0
4595,Bombus californicus,Nemophila breviflora,0.0,0.46,0
4596,Bombus centralis,Nemophila breviflora,1.0,0.36,0
4597,Bombus fernaldae,Nemophila breviflora,0.0,0.05,0
4598,Bombus fervidus,Nemophila breviflora,0.0,0.05,0
4599,Bombus flavifrons,Nemophila breviflora,0.0,0.46,0
4600,Bombus griseocollis,Nemophila breviflora,0.0,0.1,0
4601,Bombus huntii,Nemophila breviflora,0.0,0.21,0
4602,Bombus insularis,Nemophila breviflora,0.0,0.17,0
4603,Bombus mixtus,Nemophila breviflora,0.0,0.17,0
4604,Bombus nevadensis,Nemophila breviflora,0.0,0.22,0
4605,Bombus rufocinctus,Nemophila breviflora,0.0,0.19,0
4606,Bombus vosnesenskii,Nemophila breviflora,1.0,0.18,0
4607,Coelioxys rufitarsis,Nemophila breviflora,0.0,0.18,0
4608,Colletes phaceliae,Nemophila breviflora,0.0,0.14,0
4609,Diadasia nigrifrons,Nemophila breviflora,0.0,0.11,0
4610,Halictus farinosus,Nemophila breviflora,0.0,0.26,0
4611,Halictus ligatus,Nemophila breviflora,0.0,0.24,0
4612,Halictus rubicundus,Nemophila breviflora,0.0,0.19,0
4613,Halictus tripartitus,Nemophila breviflora,0.0,0.14,0
4614,Hylaeus verticalis,Nemophila breviflora,0.0,0.11,0
4615,Lasioglossum albipenne,Nemophila breviflora,0.0,0.03,0
4616,Lasioglossum cooleyi,Nemophila breviflora,0.0,0.05,0
4617,Lasioglossum incompletum,Nemophila breviflora,0.0,0.22,0
4618,Lasioglossum laevissimum,Nemophila breviflora,0.0,0.09,0
4619,Lasioglossum nevadense,Nemophila breviflora,0.0,0.06,0
4620,Lasioglossum olympiae,Nemophila breviflora,0.0,0.26,0
4621,Lasioglossum ovaliceps,Nemophila breviflora,0.0,0.05,0
4622,Lasioglossum sedi,Nemophila breviflora,0.0,0.03,0
4623,Lasioglossum sp.,Nemophila breviflora,0.0,0.17,0
4624,Lasioglossum sp. 2,Nemophila breviflora,0.0,0.19,0
4625,Lasioglossum titusi,Nemophila breviflora,0.0,0.09,0
4626,Megachile apicalis,Nemophila breviflora,0.0,0.05,0
4627,Megachile nevadensis,Nemophila breviflora,0.0,0.03,0
4628,Megachile onobrychidis,Nemophila breviflora,0.0,0.21,0
4629,Megachile perihirta,Nemophila breviflora,0.0,0.21,0
4630,Melissodes bimatris,Nemophila breviflora,0.0,0.08,0
4631,Melissodes lupinus,Nemophila breviflora,0.0,0.05,0
4632,Melissodes lutulentus,Nemophila breviflora,0.0,0.05,0
4633,Melissodes microstictus,Nemophila breviflora,0.0,0.11,0
4634,Melissodes pallidisignatus,Nemophila breviflora,0.0,0.08,0
4635,Melissodes rivalis,Nemophila breviflora,0.0,0.04,0
4636,Melissodes subagilis,Nemophila breviflora,0.0,0.04,0
4637,Osmia atrocyanea,Nemophila breviflora,0.0,0.04,0
4638,Osmia brevis,Nemophila breviflora,0.0,0.03,0
4639,Osmia bucephala,Nemophila breviflora,0.0,0.04,0
4640,Osmia integra,Nemophila breviflora,0.0,0.05,0
4641,Osmia juxta,Nemophila breviflora,0.0,0.12,0
4642,Osmia raritatis,Nemophila breviflora,0.0,0.09,0
4643,Osmia sp. 2,Nemophila breviflora,0.0,0.05,0
4644,Panurginus torchio,Nemophila breviflora,0.0,0.07,0
4645,Perdita wyomingensis,Nemophila breviflora,0.0,0.05,0
4646,Sphecodes sp.,Nemophila breviflora,0.0,0.03,0
4647,Svastra obliqua,Nemophila breviflora,0.0,0.05,0
4648,Triepeolus paenepectoralis,Nemophila breviflora,0.0,0.08,0
4649,Xeromelecta californica,Nemophila breviflora,0.0,0.03,0
4650,Agapostemon femoratus,Onopordum acanthium,1.0,0.39,0
4651,Agapostemon texanus,Onopordum acanthium,1.0,0.28,0
4652,Andrena astragali,Onopordum acanthium,0.0,0.22,0
4653,Andrena barbilabris,Onopordum acanthium,0.0,0.19,0
4654,Andrena cyanophila,Onopordum acanthium,0.0,0.28,0
4655,Andrena melanochroa,Onopordum acanthium,0.0,0.26,0
4656,Andrena nigrocaerulea,Onopordum acanthium,0.0,0.2,0
4657,Andrena nivalis,Onopordum acanthium,0.0,0.07,0
4658,Andrena pallidifovea,Onopordum acanthium,0.0,0.25,0
4659,Andrena prunorum,Onopordum acanthium,0.0,0.42,0
4660,Andrena sp. 1,Onopordum acanthium,0.0,0.07,0
4661,Andrena sp. A,Onopordum acanthium,0.0,0.2,0
4662,Andrena transnigra,Onopordum acanthium,0.0,0.21,0
4663,Andrena vicinoides,Onopordum acanthium,0.0,0.07,0
4664,Anthophora bomboides,Onopordum acanthium,0.0,0.17,0
4665,Anthophora curta,Onopordum acanthium,0.0,0.21,0
4666,Anthophora pacifica,Onopordum acanthium,0.0,0.07,0
4667,Anthophora urbana,Onopordum acanthium,0.0,0.37,0
4668,Bombus appositus,Onopordum acanthium,0.0,0.41,0
4669,Bombus bifarius,Onopordum acanthium,0.0,0.58,1
4670,Bombus californicus,Onopordum acanthium,0.0,0.59,1
4671,Bombus centralis,Onopordum acanthium,0.0,0.48,0
4672,Bombus fernaldae,Onopordum acanthium,0.0,0.16,0
4673,Bombus fervidus,Onopordum acanthium,0.0,0.17,0
4674,Bombus flavifrons,Onopordum acanthium,0.0,0.59,1
4675,Bombus griseocollis,Onopordum acanthium,1.0,0.26,0
4676,Bombus huntii,Onopordum acanthium,0.0,0.37,0
4677,Bombus insularis,Onopordum acanthium,0.0,0.33,0
4678,Bombus mixtus,Onopordum acanthium,0.0,0.35,0
4679,Bombus nevadensis,Onopordum acanthium,1.0,0.36,0
4680,Bombus rufocinctus,Onopordum acanthium,0.0,0.34,0
4681,Bombus vosnesenskii,Onopordum acanthium,0.0,0.36,0
4682,Coelioxys rufitarsis,Onopordum acanthium,0.0,0.33,0
4683,Colletes phaceliae,Onopordum acanthium,0.0,0.27,0
4684,Diadasia nigrifrons,Onopordum acanthium,0.0,0.22,0
4685,Halictus farinosus,Onopordum acanthium,1.0,0.41,0
4686,Halictus ligatus,Onopordum acanthium,0.0,0.41,0
4687,Halictus rubicundus,Onopordum acanthium,0.0,0.36,0
4688,Halictus tripartitus,Onopordum acanthium,0.0,0.29,0
4689,Hylaeus verticalis,Onopordum acanthium,0.0,0.24,0
4690,Lasioglossum albipenne,Onopordum acanthium,0.0,0.08,0
4691,Lasioglossum cooleyi,Onopordum acanthium,0.0,0.17,0
4692,Lasioglossum incompletum,Onopordum acanthium,0.0,0.42,0
4693,Lasioglossum laevissimum,Onopordum acanthium,0.0,0.25,0
4694,Lasioglossum nevadense,Onopordum acanthium,0.0,0.19,0
4695,Lasioglossum olympiae,Onopordum acanthium,0.0,0.42,0
4696,Lasioglossum ovaliceps,Onopordum acanthium,0.0,0.16,0
4697,Lasioglossum sedi,Onopordum acanthium,0.0,0.07,0
4698,Lasioglossum sp.,Onopordum acanthium,1.0,0.34,0
4699,Lasioglossum sp. 2,Onopordum acanthium,0.0,0.36,0
4700,Lasioglossum titusi,Onopordum acanthium,0.0,0.19,0
4701,Megachile apicalis,Onopordum acanthium,0.0,0.15,0
4702,Megachile nevadensis,Onopordum acanthium,0.0,0.06,0
4703,Megachile onobrychidis,Onopordum acanthium,0.0,0.41,0
4704,Megachile perihirta,Onopordum acanthium,0.0,0.38,0
4705,Melissodes bimatris,Onopordum acanthium,0.0,0.21,0
4706,Melissodes lupinus,Onopordum acanthium,0.0,0.19,0
4707,Melissodes lutulentus,Onopordum acanthium,0.0,0.18,0
4708,Melissodes microstictus,Onopordum acanthium,0.0,0.23,0
4709,Melissodes pallidisignatus,Onopordum acanthium,0.0,0.21,0
4710,Melissodes rivalis,Onopordum acanthium,0.0,0.13,0
4711,Melissodes subagilis,Onopordum acanthium,0.0,0.17,0
4712,Osmia atrocyanea,Onopordum acanthium,0.0,0.17,0
4713,Osmia brevis,Onopordum acanthium,0.0,0.08,0
4714,Osmia bucephala,Onopordum acanthium,0.0,0.16,0
4715,Osmia integra,Onopordum acanthium,0.0,0.16,0
4716,Osmia juxta,Onopordum acanthium,0.0,0.3,0
4717,Osmia raritatis,Onopordum acanthium,0.0,0.23,0
4718,Osmia sp. 2,Onopordum acanthium,0.0,0.16,0
4719,Panurginus torchio,Onopordum acanthium,0.0,0.21,0
4720,Perdita wyomingensis,Onopordum acanthium,0.0,0.16,0
4721,Sphecodes sp.,Onopordum acanthium,0.0,0.07,0
4722,Svastra obliqua,Onopordum acanthium,0.0,0.15,0
4723,Triepeolus paenepectoralis,Onopordum acanthium,0.0,0.22,0
4724,Xeromelecta californica,Onopordum acanthium,0.0,0.06,0
4725,Agapostemon femoratus,Orthocarpus tenuifolius,0.0,0.05,0
4726,Agapostemon texanus,Orthocarpus tenuifolius,0.0,0.04,0
4727,Andrena astragali,Orthocarpus tenuifolius,0.0,0.04,0
4728,Andrena barbilabris,Orthocarpus tenuifolius,0.0,0.03,0
4729,Andrena cyanophila,Orthocarpus tenuifolius,0.0,0.04,0
4730,Andrena melanochroa,Orthocarpus tenuifolius,0.0,0.03,0
4731,Andrena nigrocaerulea,Orthocarpus tenuifolius,0.0,0.03,0
4732,Andrena nivalis,Orthocarpus tenuifolius,0.0,0.02,0
4733,Andrena pallidifovea,Orthocarpus tenuifolius,0.0,0.04,0
4734,Andrena prunorum,Orthocarpus tenuifolius,0.0,0.07,0
4735,Andrena sp. 1,Orthocarpus tenuifolius,0.0,0.02,0
4736,Andrena sp. A,Orthocarpus tenuifolius,0.0,0.03,0
4737,Andrena transnigra,Orthocarpus tenuifolius,0.0,0.03,0
4738,Andrena vicinoides,Orthocarpus tenuifolius,0.0,0.02,0
4739,Anthophora bomboides,Orthocarpus tenuifolius,0.0,0.03,0
4740,Anthophora curta,Orthocarpus tenuifolius,0.0,0.04,0
4741,Anthophora pacifica,Orthocarpus tenuifolius,0.0,0.02,0
4742,Anthophora urbana,Orthocarpus tenuifolius,0.0,0.04,0
4743,Bombus appositus,Orthocarpus tenuifolius,0.0,0.07,0
4744,Bombus bifarius,Orthocarpus tenuifolius,0.0,0.08,0
4745,Bombus californicus,Orthocarpus tenuifolius,1.0,0.96,1
4746,Bombus centralis,Orthocarpus tenuifolius,0.0,0.06,0
4747,Bombus fernaldae,Orthocarpus tenuifolius,0.0,0.03,0
4748,Bombus fervidus,Orthocarpus tenuifolius,0.0,0.03,0
4749,Bombus flavifrons,Orthocarpus tenuifolius,0.0,0.08,0
4750,Bombus griseocollis,Orthocarpus tenuifolius,0.0,0.04,0
4751,Bombus huntii,Orthocarpus tenuifolius,0.0,0.04,0
4752,Bombus insularis,Orthocarpus tenuifolius,0.0,0.04,0
4753,Bombus mixtus,Orthocarpus tenuifolius,0.0,0.04,0
4754,Bombus nevadensis,Orthocarpus tenuifolius,0.0,0.04,0
4755,Bombus rufocinctus,Orthocarpus tenuifolius,0.0,0.04,0
4756,Bombus vosnesenskii,Orthocarpus tenuifolius,0.0,0.04,0
4757,Coelioxys rufitarsis,Orthocarpus tenuifolius,0.0,0.04,0
4758,Colletes phaceliae,Orthocarpus tenuifolius,0.0,0.04,0
4759,Diadasia nigrifrons,Orthocarpus tenuifolius,0.0,0.04,0
4760,Halictus farinosus,Orthocarpus tenuifolius,0.0,0.07,0
4761,Halictus ligatus,Orthocarpus tenuifolius,0.0,0.04,0
4762,Halictus rubicundus,Orthocarpus tenuifolius,0.0,0.04,0
4763,Halictus tripartitus,Orthocarpus tenuifolius,0.0,0.04,0
4764,Hylaeus verticalis,Orthocarpus tenuifolius,0.0,0.04,0
4765,Lasioglossum albipenne,Orthocarpus tenuifolius,0.0,0.02,0
4766,Lasioglossum cooleyi,Orthocarpus tenuifolius,0.0,0.03,0
4767,Lasioglossum incompletum,Orthocarpus tenuifolius,0.0,0.05,0
4768,Lasioglossum laevissimum,Orthocarpus tenuifolius,0.0,0.03,0
4769,Lasioglossum nevadense,Orthocarpus tenuifolius,0.0,0.03,0
4770,Lasioglossum olympiae,Orthocarpus tenuifolius,0.0,0.07,0
4771,Lasioglossum ovaliceps,Orthocarpus tenuifolius,0.0,0.03,0
4772,Lasioglossum sedi,Orthocarpus tenuifolius,0.0,0.02,0
4773,Lasioglossum sp.,Orthocarpus tenuifolius,0.0,0.05,0
4774,Lasioglossum sp. 2,Orthocarpus tenuifolius,0.0,0.03,0
4775,Lasioglossum titusi,Orthocarpus tenuifolius,0.0,0.04,0
4776,Megachile apicalis,Orthocarpus tenuifolius,0.0,0.04,0
4777,Megachile nevadensis,Orthocarpus tenuifolius,0.0,0.02,0
4778,Megachile onobrychidis,Orthocarpus tenuifolius,0.0,0.05,0
4779,Megachile perihirta,Orthocarpus tenuifolius,0.0,0.05,0
4780,Melissodes bimatris,Orthocarpus tenuifolius,0.0,0.04,0
4781,Melissodes lupinus,Orthocarpus tenuifolius,0.0,0.03,0
4782,Melissodes lutulentus,Orthocarpus tenuifolius,0.0,0.03,0
4783,Melissodes microstictus,Orthocarpus tenuifolius,0.0,0.04,0
4784,Melissodes pallidisignatus,Orthocarpus tenuifolius,0.0,0.04,0
4785,Melissodes rivalis,Orthocarpus tenuifolius,0.0,0.03,0
4786,Melissodes subagilis,Orthocarpus tenuifolius,0.0,0.03,0
4787,Osmia atrocyanea,Orthocarpus tenuifolius,0.0,0.03,0
4788,Osmia brevis,Orthocarpus tenuifolius,0.0,0.02,0
4789,Osmia bucephala,Orthocarpus tenuifolius,0.0,0.03,0
4790,Osmia integra,Orthocarpus tenuifolius,0.0,0.03,0
4791,Osmia juxta,Orthocarpus tenuifolius,0.0,0.04,0
4792,Osmia raritatis,Orthocarpus tenuifolius,0.0,0.04,0
4793,Osmia sp. 2,Orthocarpus tenuifolius,0.0,0.03,0
4794,Panurginus torchio,Orthocarpus tenuifolius,0.0,0.03,0
4795,Perdita wyomingensis,Orthocarpus tenuifolius,0.0,0.03,0
4796,Sphecodes sp.,Orthocarpus tenuifolius,0.0,0.02,0
4797,Svastra obliqua,Orthocarpus tenuifolius,0.0,0.04,0
4798,Triepeolus paenepectoralis,Orthocarpus tenuifolius,0.0,0.03,0
4799,Xeromelecta californica,Orthocarpus tenuifolius,0.0,0.02,0
4800,Agapostemon femoratus,Packera pseudaurea,0.0,0.05,0
4801,Agapostemon texanus,Packera pseudaurea,0.0,0.04,0
4802,Andrena astragali,Packera pseudaurea,0.0,0.04,0
4803,Andrena barbilabris,Packera pseudaurea,0.0,0.03,0
4804,Andrena cyanophila,Packera pseudaurea,0.0,0.04,0
4805,Andrena melanochroa,Packera pseudaurea,0.0,0.03,0
4806,Andrena nigrocaerulea,Packera pseudaurea,0.0,0.03,0
4807,Andrena nivalis,Packera pseudaurea,0.0,0.02,0
4808,Andrena pallidifovea,Packera pseudaurea,0.0,0.04,0
4809,Andrena prunorum,Packera pseudaurea,0.0,0.07,0
4810,Andrena sp. 1,Packera pseudaurea,0.0,0.02,0
4811,Andrena sp. A,Packera pseudaurea,0.0,0.03,0
4812,Andrena transnigra,Packera pseudaurea,0.0,0.03,0
4813,Andrena vicinoides,Packera pseudaurea,0.0,0.02,0
4814,Anthophora bomboides,Packera pseudaurea,0.0,0.03,0
4815,Anthophora curta,Packera pseudaurea,0.0,0.04,0
4816,Anthophora pacifica,Packera pseudaurea,0.0,0.02,0
4817,Anthophora urbana,Packera pseudaurea,0.0,0.04,0
4818,Bombus appositus,Packera pseudaurea,0.0,0.07,0
4819,Bombus bifarius,Packera pseudaurea,1.0,0.96,1
4820,Bombus californicus,Packera pseudaurea,0.0,0.09,0
4821,Bombus centralis,Packera pseudaurea,0.0,0.07,0
4822,Bombus fernaldae,Packera pseudaurea,0.0,0.03,0
4823,Bombus fervidus,Packera pseudaurea,0.0,0.03,0
4824,Bombus flavifrons,Packera pseudaurea,0.0,0.09,0
4825,Bombus griseocollis,Packera pseudaurea,0.0,0.04,0
4826,Bombus huntii,Packera pseudaurea,0.0,0.04,0
4827,Bombus insularis,Packera pseudaurea,0.0,0.04,0
4828,Bombus mixtus,Packera pseudaurea,0.0,0.04,0
4829,Bombus nevadensis,Packera pseudaurea,0.0,0.04,0
4830,Bombus rufocinctus,Packera pseudaurea,0.0,0.04,0
4831,Bombus vosnesenskii,Packera pseudaurea,0.0,0.04,0
4832,Coelioxys rufitarsis,Packera pseudaurea,0.0,0.03,0
4833,Colletes phaceliae,Packera pseudaurea,0.0,0.04,0
4834,Diadasia nigrifrons,Packera pseudaurea,0.0,0.04,0
4835,Halictus farinosus,Packera pseudaurea,0.0,0.07,0
4836,Halictus ligatus,Packera pseudaurea,0.0,0.05,0
4837,Halictus rubicundus,Packera pseudaurea,0.0,0.04,0
4838,Halictus tripartitus,Packera pseudaurea,0.0,0.04,0
4839,Hylaeus verticalis,Packera pseudaurea,0.0,0.04,0
4840,Lasioglossum albipenne,Packera pseudaurea,0.0,0.02,0
4841,Lasioglossum cooleyi,Packera pseudaurea,0.0,0.03,0
4842,Lasioglossum incompletum,Packera pseudaurea,0.0,0.05,0
4843,Lasioglossum laevissimum,Packera pseudaurea,0.0,0.03,0
4844,Lasioglossum nevadense,Packera pseudaurea,0.0,0.03,0
4845,Lasioglossum olympiae,Packera pseudaurea,0.0,0.07,0
4846,Lasioglossum ovaliceps,Packera pseudaurea,0.0,0.03,0
4847,Lasioglossum sedi,Packera pseudaurea,0.0,0.02,0
4848,Lasioglossum sp.,Packera pseudaurea,0.0,0.03,0
4849,Lasioglossum sp. 2,Packera pseudaurea,0.0,0.03,0
4850,Lasioglossum titusi,Packera pseudaurea,0.0,0.04,0
4851,Megachile apicalis,Packera pseudaurea,0.0,0.04,0
4852,Megachile nevadensis,Packera pseudaurea,0.0,0.02,0
4853,Megachile onobrychidis,Packera pseudaurea,0.0,0.06,0
4854,Megachile perihirta,Packera pseudaurea,0.0,0.04,0
4855,Melissodes bimatris,Packera pseudaurea,0.0,0.04,0
4856,Melissodes lupinus,Packera pseudaurea,0.0,0.03,0
4857,Melissodes lutulentus,Packera pseudaurea,0.0,0.04,0
4858,Melissodes microstictus,Packera pseudaurea,0.0,0.04,0
4859,Melissodes pallidisignatus,Packera pseudaurea,0.0,0.04,0
4860,Melissodes rivalis,Packera pseudaurea,0.0,0.03,0
4861,Melissodes subagilis,Packera pseudaurea,0.0,0.03,0
4862,Osmia atrocyanea,Packera pseudaurea,0.0,0.03,0
4863,Osmia brevis,Packera pseudaurea,0.0,0.02,0
4864,Osmia bucephala,Packera pseudaurea,0.0,0.03,0
4865,Osmia integra,Packera pseudaurea,0.0,0.03,0
4866,Osmia juxta,Packera pseudaurea,0.0,0.03,0
4867,Osmia raritatis,Packera pseudaurea,0.0,0.04,0
4868,Osmia sp. 2,Packera pseudaurea,0.0,0.03,0
4869,Panurginus torchio,Packera pseudaurea,0.0,0.03,0
4870,Perdita wyomingensis,Packera pseudaurea,0.0,0.03,0
4871,Sphecodes sp.,Packera pseudaurea,0.0,0.02,0
4872,Svastra obliqua,Packera pseudaurea,0.0,0.04,0
4873,Triepeolus paenepectoralis,Packera pseudaurea,0.0,0.03,0
4874,Xeromelecta californica,Packera pseudaurea,0.0,0.02,0
4875,Agapostemon femoratus,Pedicularis groenlandica,0.0,0.05,0
4876,Agapostemon texanus,Pedicularis groenlandica,0.0,0.04,0
4877,Andrena astragali,Pedicularis groenlandica,0.0,0.04,0
4878,Andrena barbilabris,Pedicularis groenlandica,0.0,0.03,0
4879,Andrena cyanophila,Pedicularis groenlandica,0.0,0.04,0
4880,Andrena melanochroa,Pedicularis groenlandica,0.0,0.03,0
4881,Andrena nigrocaerulea,Pedicularis groenlandica,0.0,0.03,0
4882,Andrena nivalis,Pedicularis groenlandica,0.0,0.02,0
4883,Andrena pallidifovea,Pedicularis groenlandica,0.0,0.04,0
4884,Andrena prunorum,Pedicularis groenlandica,0.0,0.07,0
4885,Andrena sp. 1,Pedicularis groenlandica,0.0,0.02,0
4886,Andrena sp. A,Pedicularis groenlandica,0.0,0.03,0
4887,Andrena transnigra,Pedicularis groenlandica,0.0,0.03,0
4888,Andrena vicinoides,Pedicularis groenlandica,0.0,0.02,0
4889,Anthophora bomboides,Pedicularis groenlandica,0.0,0.03,0
4890,Anthophora curta,Pedicularis groenlandica,0.0,0.04,0
4891,Anthophora pacifica,Pedicularis groenlandica,0.0,0.02,0
4892,Anthophora urbana,Pedicularis groenlandica,0.0,0.04,0
4893,Bombus appositus,Pedicularis groenlandica,0.0,0.07,0
4894,Bombus bifarius,Pedicularis groenlandica,0.0,0.08,0
4895,Bombus californicus,Pedicularis groenlandica,0.0,0.08,0
4896,Bombus centralis,Pedicularis groenlandica,0.0,0.06,0
4897,Bombus fernaldae,Pedicularis groenlandica,0.0,0.03,0
4898,Bombus fervidus,Pedicularis groenlandica,0.0,0.03,0
4899,Bombus flavifrons,Pedicularis groenlandica,1.0,0.96,1
4900,Bombus griseocollis,Pedicularis groenlandica,0.0,0.04,0
4901,Bombus huntii,Pedicularis groenlandica,0.0,0.04,0
4902,Bombus insularis,Pedicularis groenlandica,0.0,0.04,0
4903,Bombus mixtus,Pedicularis groenlandica,0.0,0.04,0
4904,Bombus nevadensis,Pedicularis groenlandica,0.0,0.04,0
4905,Bombus rufocinctus,Pedicularis groenlandica,0.0,0.04,0
4906,Bombus vosnesenskii,Pedicularis groenlandica,0.0,0.03,0
4907,Coelioxys rufitarsis,Pedicularis groenlandica,0.0,0.04,0
4908,Colletes phaceliae,Pedicularis groenlandica,0.0,0.04,0
4909,Diadasia nigrifrons,Pedicularis groenlandica,0.0,0.04,0
4910,Halictus farinosus,Pedicularis groenlandica,0.0,0.07,0
4911,Halictus ligatus,Pedicularis groenlandica,0.0,0.04,0
4912,Halictus rubicundus,Pedicularis groenlandica,0.0,0.04,0
4913,Halictus tripartitus,Pedicularis groenlandica,0.0,0.04,0
4914,Hylaeus verticalis,Pedicularis groenlandica,0.0,0.04,0
4915,Lasioglossum albipenne,Pedicularis groenlandica,0.0,0.02,0
4916,Lasioglossum cooleyi,Pedicularis groenlandica,0.0,0.03,0
4917,Lasioglossum incompletum,Pedicularis groenlandica,0.0,0.05,0
4918,Lasioglossum laevissimum,Pedicularis groenlandica,0.0,0.03,0
4919,Lasioglossum nevadense,Pedicularis groenlandica,0.0,0.03,0
4920,Lasioglossum olympiae,Pedicularis groenlandica,0.0,0.07,0
4921,Lasioglossum ovaliceps,Pedicularis groenlandica,0.0,0.03,0
4922,Lasioglossum sedi,Pedicularis groenlandica,0.0,0.02,0
4923,Lasioglossum sp.,Pedicularis groenlandica,0.0,0.05,0
4924,Lasioglossum sp. 2,Pedicularis groenlandica,0.0,0.03,0
4925,Lasioglossum titusi,Pedicularis groenlandica,0.0,0.04,0
4926,Megachile apicalis,Pedicularis groenlandica,0.0,0.04,0
4927,Megachile nevadensis,Pedicularis groenlandica,0.0,0.02,0
4928,Megachile onobrychidis,Pedicularis groenlandica,0.0,0.06,0
4929,Megachile perihirta,Pedicularis groenlandica,0.0,0.04,0
4930,Melissodes bimatris,Pedicularis groenlandica,0.0,0.04,0
4931,Melissodes lupinus,Pedicularis groenlandica,0.0,0.03,0
4932,Melissodes lutulentus,Pedicularis groenlandica,0.0,0.04,0
4933,Melissodes microstictus,Pedicularis groenlandica,0.0,0.04,0
4934,Melissodes pallidisignatus,Pedicularis groenlandica,0.0,0.04,0
4935,Melissodes rivalis,Pedicularis groenlandica,0.0,0.03,0
4936,Melissodes subagilis,Pedicularis groenlandica,0.0,0.03,0
4937,Osmia atrocyanea,Pedicularis groenlandica,0.0,0.03,0
4938,Osmia brevis,Pedicularis groenlandica,0.0,0.02,0
4939,Osmia bucephala,Pedicularis groenlandica,0.0,0.03,0
4940,Osmia integra,Pedicularis groenlandica,0.0,0.03,0
4941,Osmia juxta,Pedicularis groenlandica,0.0,0.04,0
4942,Osmia raritatis,Pedicularis groenlandica,0.0,0.04,0
4943,Osmia sp. 2,Pedicularis groenlandica,0.0,0.03,0
4944,Panurginus torchio,Pedicularis groenlandica,0.0,0.03,0
4945,Perdita wyomingensis,Pedicularis groenlandica,0.0,0.03,0
4946,Sphecodes sp.,Pedicularis groenlandica,0.0,0.02,0
4947,Svastra obliqua,Pedicularis groenlandica,0.0,0.04,0
4948,Triepeolus paenepectoralis,Pedicularis groenlandica,0.0,0.03,0
4949,Xeromelecta californica,Pedicularis groenlandica,0.0,0.02,0
4950,Agapostemon femoratus,Penstemon confertus,0.0,0.46,0
4951,Agapostemon texanus,Penstemon confertus,0.0,0.41,0
4952,Andrena astragali,Penstemon confertus,0.0,0.26,0
4953,Andrena barbilabris,Penstemon confertus,0.0,0.28,0
4954,Andrena cyanophila,Penstemon confertus,0.0,0.37,0
4955,Andrena melanochroa,Penstemon confertus,0.0,0.36,0
4956,Andrena nigrocaerulea,Penstemon confertus,0.0,0.27,0
4957,Andrena nivalis,Penstemon confertus,0.0,0.08,0
4958,Andrena pallidifovea,Penstemon confertus,0.0,0.31,0
4959,Andrena prunorum,Penstemon confertus,0.0,0.49,0
4960,Andrena sp. 1,Penstemon confertus,0.0,0.08,0
4961,Andrena sp. A,Penstemon confertus,0.0,0.26,0
4962,Andrena transnigra,Penstemon confertus,0.0,0.28,0
4963,Andrena vicinoides,Penstemon confertus,0.0,0.09,0
4964,Anthophora bomboides,Penstemon confertus,1.0,0.27,0
4965,Anthophora curta,Penstemon confertus,0.0,0.29,0
4966,Anthophora pacifica,Penstemon confertus,0.0,0.09,0
4967,Anthophora urbana,Penstemon confertus,0.0,0.45,0
4968,Bombus appositus,Penstemon confertus,0.0,0.52,1
4969,Bombus bifarius,Penstemon confertus,1.0,0.67,1
4970,Bombus californicus,Penstemon confertus,1.0,0.67,1
4971,Bombus centralis,Penstemon confertus,1.0,0.56,1
4972,Bombus fernaldae,Penstemon confertus,0.0,0.23,0
4973,Bombus fervidus,Penstemon confertus,0.0,0.25,0
4974,Bombus flavifrons,Penstemon confertus,1.0,0.67,1
4975,Bombus griseocollis,Penstemon confertus,0.0,0.37,0
4976,Bombus huntii,Penstemon confertus,0.0,0.45,0
4977,Bombus insularis,Penstemon confertus,0.0,0.43,0
4978,Bombus mixtus,Penstemon confertus,1.0,0.47,0
4979,Bombus nevadensis,Penstemon confertus,0.0,0.45,0
4980,Bombus rufocinctus,Penstemon confertus,0.0,0.43,0
4981,Bombus vosnesenskii,Penstemon confertus,0.0,0.49,0
4982,Coelioxys rufitarsis,Penstemon confertus,0.0,0.43,0
4983,Colletes phaceliae,Penstemon confertus,0.0,0.37,0
4984,Diadasia nigrifrons,Penstemon confertus,0.0,0.26,0
4985,Halictus farinosus,Penstemon confertus,0.0,0.47,0
4986,Halictus ligatus,Penstemon confertus,0.0,0.48,0
4987,Halictus rubicundus,Penstemon confertus,0.0,0.44,0
4988,Halictus tripartitus,Penstemon confertus,0.0,0.38,0
4989,Hylaeus verticalis,Penstemon confertus,0.0,0.28,0
4990,Lasioglossum albipenne,Penstemon confertus,0.0,0.08,0
4991,Lasioglossum cooleyi,Penstemon confertus,0.0,0.24,0
4992,Lasioglossum incompletum,Penstemon confertus,0.0,0.48,0
4993,Lasioglossum laevissimum,Penstemon confertus,0.0,0.34,0
4994,Lasioglossum nevadense,Penstemon confertus,0.0,0.27,0
4995,Lasioglossum olympiae,Penstemon confertus,0.0,0.47,0
4996,Lasioglossum ovaliceps,Penstemon confertus,0.0,0.24,0
4997,Lasioglossum sedi,Penstemon confertus,0.0,0.08,0
4998,Lasioglossum sp.,Penstemon confertus,0.0,0.45,0
4999,Lasioglossum sp. 2,Penstemon confertus,1.0,0.42,0
5000,Lasioglossum titusi,Penstemon confertus,0.0,0.25,0
5001,Megachile apicalis,Penstemon confertus,0.0,0.21,0
5002,Megachile nevadensis,Penstemon confertus,0.0,0.1,0
5003,Megachile onobrychidis,Penstemon confertus,0.0,0.47,0
5004,Megachile perihirta,Penstemon confertus,0.0,0.45,0
5005,Melissodes bimatris,Penstemon confertus,0.0,0.29,0
5006,Melissodes lupinus,Penstemon confertus,0.0,0.26,0
5007,Melissodes lutulentus,Penstemon confertus,0.0,0.24,0
5008,Melissodes microstictus,Penstemon confertus,0.0,0.25,0
5009,Melissodes pallidisignatus,Penstemon confertus,0.0,0.29,0
5010,Melissodes rivalis,Penstemon confertus,0.0,0.21,0
5011,Melissodes subagilis,Penstemon confertus,0.0,0.23,0
5012,Osmia atrocyanea,Penstemon confertus,1.0,0.27,0
5013,Osmia brevis,Penstemon confertus,1.0,0.76,1
5014,Osmia bucephala,Penstemon confertus,0.0,0.25,0
5015,Osmia integra,Penstemon confertus,1.0,0.26,0
5016,Osmia juxta,Penstemon confertus,1.0,0.4,0
5017,Osmia raritatis,Penstemon confertus,0.0,0.32,0
5018,Osmia sp. 2,Penstemon confertus,0.0,0.24,0
5019,Panurginus torchio,Penstemon confertus,0.0,0.29,0
5020,Perdita wyomingensis,Penstemon confertus,0.0,0.24,0
5021,Sphecodes sp.,Penstemon confertus,0.0,0.1,0
5022,Svastra obliqua,Penstemon confertus,0.0,0.21,0
5023,Triepeolus paenepectoralis,Penstemon confertus,0.0,0.3,0
5024,Xeromelecta californica,Penstemon confertus,0.0,0.1,0
5025,Agapostemon femoratus,Penstemon procerus,0.0,0.05,0
5026,Agapostemon texanus,Penstemon procerus,0.0,0.04,0
5027,Andrena astragali,Penstemon procerus,0.0,0.04,0
5028,Andrena barbilabris,Penstemon procerus,0.0,0.03,0
5029,Andrena cyanophila,Penstemon procerus,0.0,0.04,0
5030,Andrena melanochroa,Penstemon procerus,0.0,0.03,0
5031,Andrena nigrocaerulea,Penstemon procerus,0.0,0.03,0
5032,Andrena nivalis,Penstemon procerus,0.0,0.02,0
5033,Andrena pallidifovea,Penstemon procerus,0.0,0.04,0
5034,Andrena prunorum,Penstemon procerus,0.0,0.06,0
5035,Andrena sp. 1,Penstemon procerus,0.0,0.02,0
5036,Andrena sp. A,Penstemon procerus,0.0,0.03,0
5037,Andrena transnigra,Penstemon procerus,0.0,0.03,0
5038,Andrena vicinoides,Penstemon procerus,0.0,0.02,0
5039,Anthophora bomboides,Penstemon procerus,0.0,0.03,0
5040,Anthophora curta,Penstemon procerus,0.0,0.04,0
5041,Anthophora pacifica,Penstemon procerus,0.0,0.02,0
5042,Anthophora urbana,Penstemon procerus,0.0,0.04,0
5043,Bombus appositus,Penstemon procerus,0.0,0.05,0
5044,Bombus bifarius,Penstemon procerus,0.0,0.06,0
5045,Bombus californicus,Penstemon procerus,0.0,0.08,0
5046,Bombus centralis,Penstemon procerus,1.0,0.94,1
5047,Bombus fernaldae,Penstemon procerus,0.0,0.03,0
5048,Bombus fervidus,Penstemon procerus,0.0,0.03,0
5049,Bombus flavifrons,Penstemon procerus,0.0,0.06,0
5050,Bombus griseocollis,Penstemon procerus,0.0,0.04,0
5051,Bombus huntii,Penstemon procerus,0.0,0.04,0
5052,Bombus insularis,Penstemon procerus,0.0,0.04,0
5053,Bombus mixtus,Penstemon procerus,0.0,0.04,0
5054,Bombus nevadensis,Penstemon procerus,0.0,0.04,0
5055,Bombus rufocinctus,Penstemon procerus,0.0,0.04,0
5056,Bombus vosnesenskii,Penstemon procerus,0.0,0.04,0
5057,Coelioxys rufitarsis,Penstemon procerus,0.0,0.04,0
5058,Colletes phaceliae,Penstemon procerus,0.0,0.04,0
5059,Diadasia nigrifrons,Penstemon procerus,0.0,0.04,0
5060,Halictus farinosus,Penstemon procerus,0.0,0.05,0
5061,Halictus ligatus,Penstemon procerus,0.0,0.04,0
5062,Halictus rubicundus,Penstemon procerus,0.0,0.04,0
5063,Halictus tripartitus,Penstemon procerus,0.0,0.04,0
5064,Hylaeus verticalis,Penstemon procerus,0.0,0.04,0
5065,Lasioglossum albipenne,Penstemon procerus,0.0,0.02,0
5066,Lasioglossum cooleyi,Penstemon procerus,0.0,0.03,0
5067,Lasioglossum incompletum,Penstemon procerus,0.0,0.05,0
5068,Lasioglossum laevissimum,Penstemon procerus,0.0,0.03,0
5069,Lasioglossum nevadense,Penstemon procerus,0.0,0.03,0
5070,Lasioglossum olympiae,Penstemon procerus,0.0,0.05,0
5071,Lasioglossum ovaliceps,Penstemon procerus,0.0,0.03,0
5072,Lasioglossum sedi,Penstemon procerus,0.0,0.02,0
5073,Lasioglossum sp.,Penstemon procerus,0.0,0.05,0
5074,Lasioglossum sp. 2,Penstemon procerus,0.0,0.03,0
5075,Lasioglossum titusi,Penstemon procerus,0.0,0.04,0
5076,Megachile apicalis,Penstemon procerus,0.0,0.03,0
5077,Megachile nevadensis,Penstemon procerus,0.0,0.02,0
5078,Megachile onobrychidis,Penstemon procerus,0.0,0.06,0
5079,Megachile perihirta,Penstemon procerus,0.0,0.04,0
5080,Melissodes bimatris,Penstemon procerus,0.0,0.04,0
5081,Melissodes lupinus,Penstemon procerus,0.0,0.03,0
5082,Melissodes lutulentus,Penstemon procerus,0.0,0.03,0
5083,Melissodes microstictus,Penstemon procerus,0.0,0.04,0
5084,Melissodes pallidisignatus,Penstemon procerus,0.0,0.04,0
5085,Melissodes rivalis,Penstemon procerus,0.0,0.03,0
5086,Melissodes subagilis,Penstemon procerus,0.0,0.03,0
5087,Osmia atrocyanea,Penstemon procerus,0.0,0.03,0
5088,Osmia brevis,Penstemon procerus,0.0,0.02,0
5089,Osmia bucephala,Penstemon procerus,0.0,0.03,0
5090,Osmia integra,Penstemon procerus,0.0,0.03,0
5091,Osmia juxta,Penstemon procerus,0.0,0.04,0
5092,Osmia raritatis,Penstemon procerus,0.0,0.04,0
5093,Osmia sp. 2,Penstemon procerus,0.0,0.03,0
5094,Panurginus torchio,Penstemon procerus,0.0,0.03,0
5095,Perdita wyomingensis,Penstemon procerus,0.0,0.03,0
5096,Sphecodes sp.,Penstemon procerus,0.0,0.02,0
5097,Svastra obliqua,Penstemon procerus,0.0,0.03,0
5098,Triepeolus paenepectoralis,Penstemon procerus,0.0,0.03,0
5099,Xeromelecta californica,Penstemon procerus,0.0,0.02,0
5100,Agapostemon femoratus,Phacelia hastata,0.0,0.05,0
5101,Agapostemon texanus,Phacelia hastata,0.0,0.04,0
5102,Andrena astragali,Phacelia hastata,0.0,0.04,0
5103,Andrena barbilabris,Phacelia hastata,0.0,0.03,0
5104,Andrena cyanophila,Phacelia hastata,0.0,0.04,0
5105,Andrena melanochroa,Phacelia hastata,0.0,0.03,0
5106,Andrena nigrocaerulea,Phacelia hastata,0.0,0.03,0
5107,Andrena nivalis,Phacelia hastata,0.0,0.02,0
5108,Andrena pallidifovea,Phacelia hastata,0.0,0.04,0
5109,Andrena prunorum,Phacelia hastata,0.0,0.06,0
5110,Andrena sp. 1,Phacelia hastata,0.0,0.02,0
5111,Andrena sp. A,Phacelia hastata,0.0,0.03,0
5112,Andrena transnigra,Phacelia hastata,0.0,0.03,0
5113,Andrena vicinoides,Phacelia hastata,0.0,0.02,0
5114,Anthophora bomboides,Phacelia hastata,0.0,0.03,0
5115,Anthophora curta,Phacelia hastata,0.0,0.04,0
5116,Anthophora pacifica,Phacelia hastata,0.0,0.02,0
5117,Anthophora urbana,Phacelia hastata,0.0,0.04,0
5118,Bombus appositus,Phacelia hastata,0.0,0.05,0
5119,Bombus bifarius,Phacelia hastata,0.0,0.06,0
5120,Bombus californicus,Phacelia hastata,0.0,0.08,0
5121,Bombus centralis,Phacelia hastata,1.0,0.94,1
5122,Bombus fernaldae,Phacelia hastata,0.0,0.03,0
5123,Bombus fervidus,Phacelia hastata,0.0,0.03,0
5124,Bombus flavifrons,Phacelia hastata,0.0,0.06,0
5125,Bombus griseocollis,Phacelia hastata,0.0,0.04,0
5126,Bombus huntii,Phacelia hastata,0.0,0.04,0
5127,Bombus insularis,Phacelia hastata,0.0,0.04,0
5128,Bombus mixtus,Phacelia hastata,0.0,0.04,0
5129,Bombus nevadensis,Phacelia hastata,0.0,0.04,0
5130,Bombus rufocinctus,Phacelia hastata,0.0,0.04,0
5131,Bombus vosnesenskii,Phacelia hastata,0.0,0.04,0
5132,Coelioxys rufitarsis,Phacelia hastata,0.0,0.04,0
5133,Colletes phaceliae,Phacelia hastata,0.0,0.04,0
5134,Diadasia nigrifrons,Phacelia hastata,0.0,0.04,0
5135,Halictus farinosus,Phacelia hastata,0.0,0.05,0
5136,Halictus ligatus,Phacelia hastata,0.0,0.04,0
5137,Halictus rubicundus,Phacelia hastata,0.0,0.04,0
5138,Halictus tripartitus,Phacelia hastata,0.0,0.04,0
5139,Hylaeus verticalis,Phacelia hastata,0.0,0.04,0
5140,Lasioglossum albipenne,Phacelia hastata,0.0,0.02,0
5141,Lasioglossum cooleyi,Phacelia hastata,0.0,0.03,0
5142,Lasioglossum incompletum,Phacelia hastata,0.0,0.05,0
5143,Lasioglossum laevissimum,Phacelia hastata,0.0,0.03,0
5144,Lasioglossum nevadense,Phacelia hastata,0.0,0.03,0
5145,Lasioglossum olympiae,Phacelia hastata,0.0,0.05,0
5146,Lasioglossum ovaliceps,Phacelia hastata,0.0,0.03,0
5147,Lasioglossum sedi,Phacelia hastata,0.0,0.02,0
5148,Lasioglossum sp.,Phacelia hastata,0.0,0.05,0
5149,Lasioglossum sp. 2,Phacelia hastata,0.0,0.03,0
5150,Lasioglossum titusi,Phacelia hastata,0.0,0.04,0
5151,Megachile apicalis,Phacelia hastata,0.0,0.03,0
5152,Megachile nevadensis,Phacelia hastata,0.0,0.02,0
5153,Megachile onobrychidis,Phacelia hastata,0.0,0.06,0
5154,Megachile perihirta,Phacelia hastata,0.0,0.04,0
5155,Melissodes bimatris,Phacelia hastata,0.0,0.04,0
5156,Melissodes lupinus,Phacelia hastata,0.0,0.03,0
5157,Melissodes lutulentus,Phacelia hastata,0.0,0.03,0
5158,Melissodes microstictus,Phacelia hastata,0.0,0.04,0
5159,Melissodes pallidisignatus,Phacelia hastata,0.0,0.04,0
5160,Melissodes rivalis,Phacelia hastata,0.0,0.03,0
5161,Melissodes subagilis,Phacelia hastata,0.0,0.03,0
5162,Osmia atrocyanea,Phacelia hastata,0.0,0.03,0
5163,Osmia brevis,Phacelia hastata,0.0,0.02,0
5164,Osmia bucephala,Phacelia hastata,0.0,0.03,0
5165,Osmia integra,Phacelia hastata,0.0,0.03,0
5166,Osmia juxta,Phacelia hastata,0.0,0.04,0
5167,Osmia raritatis,Phacelia hastata,0.0,0.04,0
5168,Osmia sp. 2,Phacelia hastata,0.0,0.03,0
5169,Panurginus torchio,Phacelia hastata,0.0,0.03,0
5170,Perdita wyomingensis,Phacelia hastata,0.0,0.03,0
5171,Sphecodes sp.,Phacelia hastata,0.0,0.02,0
5172,Svastra obliqua,Phacelia hastata,0.0,0.03,0
5173,Triepeolus paenepectoralis,Phacelia hastata,0.0,0.03,0
5174,Xeromelecta californica,Phacelia hastata,0.0,0.02,0
5175,Agapostemon femoratus,Phacelia heterophylla,0.0,0.25,0
5176,Agapostemon texanus,Phacelia heterophylla,0.0,0.21,0
5177,Andrena astragali,Phacelia heterophylla,0.0,0.11,0
5178,Andrena barbilabris,Phacelia heterophylla,0.0,0.07,0
5179,Andrena cyanophila,Phacelia heterophylla,0.0,0.16,0
5180,Andrena melanochroa,Phacelia heterophylla,0.0,0.14,0
5181,Andrena nigrocaerulea,Phacelia heterophylla,0.0,0.08,0
5182,Andrena nivalis,Phacelia heterophylla,0.0,0.03,0
5183,Andrena pallidifovea,Phacelia heterophylla,0.0,0.13,0
5184,Andrena prunorum,Phacelia heterophylla,0.0,0.33,0
5185,Andrena sp. 1,Phacelia heterophylla,0.0,0.03,0
5186,Andrena sp. A,Phacelia heterophylla,0.0,0.07,0
5187,Andrena transnigra,Phacelia heterophylla,0.0,0.09,0
5188,Andrena vicinoides,Phacelia heterophylla,0.0,0.03,0
5189,Anthophora bomboides,Phacelia heterophylla,0.0,0.06,0
5190,Anthophora curta,Phacelia heterophylla,0.0,0.1,0
5191,Anthophora pacifica,Phacelia heterophylla,0.0,0.03,0
5192,Anthophora urbana,Phacelia heterophylla,0.0,0.26,0
5193,Bombus appositus,Phacelia heterophylla,0.0,0.29,0
5194,Bombus bifarius,Phacelia heterophylla,0.0,0.48,0
5195,Bombus californicus,Phacelia heterophylla,0.0,0.48,0
5196,Bombus centralis,Phacelia heterophylla,1.0,0.42,0
5197,Bombus fernaldae,Phacelia heterophylla,0.0,0.07,0
5198,Bombus fervidus,Phacelia heterophylla,0.0,0.06,0
5199,Bombus flavifrons,Phacelia heterophylla,0.0,0.48,0
5200,Bombus griseocollis,Phacelia heterophylla,0.0,0.14,0
5201,Bombus huntii,Phacelia heterophylla,1.0,0.26,0
5202,Bombus insularis,Phacelia heterophylla,0.0,0.22,0
5203,Bombus mixtus,Phacelia heterophylla,0.0,0.23,0
5204,Bombus nevadensis,Phacelia heterophylla,0.0,0.27,0
5205,Bombus rufocinctus,Phacelia heterophylla,0.0,0.24,0
5206,Bombus vosnesenskii,Phacelia heterophylla,0.0,0.23,0
5207,Coelioxys rufitarsis,Phacelia heterophylla,0.0,0.23,0
5208,Colletes phaceliae,Phacelia heterophylla,0.0,0.16,0
5209,Diadasia nigrifrons,Phacelia heterophylla,0.0,0.12,0
5210,Halictus farinosus,Phacelia heterophylla,0.0,0.33,0
5211,Halictus ligatus,Phacelia heterophylla,0.0,0.3,0
5212,Halictus rubicundus,Phacelia heterophylla,0.0,0.25,0
5213,Halictus tripartitus,Phacelia heterophylla,0.0,0.18,0
5214,Hylaeus verticalis,Phacelia heterophylla,0.0,0.13,0
5215,Lasioglossum albipenne,Phacelia heterophylla,0.0,0.03,0
5216,Lasioglossum cooleyi,Phacelia heterophylla,0.0,0.06,0
5217,Lasioglossum incompletum,Phacelia heterophylla,0.0,0.28,0
5218,Lasioglossum laevissimum,Phacelia heterophylla,0.0,0.11,0
5219,Lasioglossum nevadense,Phacelia heterophylla,0.0,0.08,0
5220,Lasioglossum olympiae,Phacelia heterophylla,0.0,0.33,0
5221,Lasioglossum ovaliceps,Phacelia heterophylla,0.0,0.06,0
5222,Lasioglossum sedi,Phacelia heterophylla,0.0,0.03,0
5223,Lasioglossum sp.,Phacelia heterophylla,0.0,0.23,0
5224,Lasioglossum sp. 2,Phacelia heterophylla,0.0,0.24,0
5225,Lasioglossum titusi,Phacelia heterophylla,0.0,0.1,0
5226,Megachile apicalis,Phacelia heterophylla,0.0,0.05,0
5227,Megachile nevadensis,Phacelia heterophylla,0.0,0.03,0
5228,Megachile onobrychidis,Phacelia heterophylla,0.0,0.28,0
5229,Megachile perihirta,Phacelia heterophylla,0.0,0.26,0
5230,Melissodes bimatris,Phacelia heterophylla,0.0,0.1,0
5231,Melissodes lupinus,Phacelia heterophylla,0.0,0.06,0
5232,Melissodes lutulentus,Phacelia heterophylla,0.0,0.07,0
5233,Melissodes microstictus,Phacelia heterophylla,0.0,0.12,0
5234,Melissodes pallidisignatus,Phacelia heterophylla,0.0,0.1,0
5235,Melissodes rivalis,Phacelia heterophylla,0.0,0.05,0
5236,Melissodes subagilis,Phacelia heterophylla,0.0,0.06,0
5237,Osmia atrocyanea,Phacelia heterophylla,0.0,0.06,0
5238,Osmia brevis,Phacelia heterophylla,0.0,0.03,0
5239,Osmia bucephala,Phacelia heterophylla,0.0,0.06,0
5240,Osmia integra,Phacelia heterophylla,0.0,0.06,0
5241,Osmia juxta,Phacelia heterophylla,0.0,0.16,0
5242,Osmia raritatis,Phacelia heterophylla,0.0,0.11,0
5243,Osmia sp. 2,Phacelia heterophylla,0.0,0.06,0
5244,Panurginus torchio,Phacelia heterophylla,0.0,0.08,0
5245,Perdita wyomingensis,Phacelia heterophylla,0.0,0.06,0
5246,Sphecodes sp.,Phacelia heterophylla,0.0,0.03,0
5247,Svastra obliqua,Phacelia heterophylla,0.0,0.05,0
5248,Triepeolus paenepectoralis,Phacelia heterophylla,0.0,0.1,0
5249,Xeromelecta californica,Phacelia heterophylla,0.0,0.03,0
5250,Agapostemon femoratus,Philadelphus lewisii,0.0,0.05,0
5251,Agapostemon texanus,Philadelphus lewisii,0.0,0.04,0
5252,Andrena astragali,Philadelphus lewisii,0.0,0.03,0
5253,Andrena barbilabris,Philadelphus lewisii,0.0,0.02,0
5254,Andrena cyanophila,Philadelphus lewisii,0.0,0.03,0
5255,Andrena melanochroa,Philadelphus lewisii,0.0,0.03,0
5256,Andrena nigrocaerulea,Philadelphus lewisii,0.0,0.03,0
5257,Andrena nivalis,Philadelphus lewisii,0.0,0.02,0
5258,Andrena pallidifovea,Philadelphus lewisii,0.0,0.04,0
5259,Andrena prunorum,Philadelphus lewisii,1.0,0.81,1
5260,Andrena sp. 1,Philadelphus lewisii,0.0,0.02,0
5261,Andrena sp. A,Philadelphus lewisii,0.0,0.03,0
5262,Andrena transnigra,Philadelphus lewisii,0.0,0.03,0
5263,Andrena vicinoides,Philadelphus lewisii,0.0,0.02,0
5264,Anthophora bomboides,Philadelphus lewisii,0.0,0.02,0
5265,Anthophora curta,Philadelphus lewisii,0.0,0.03,0
5266,Anthophora pacifica,Philadelphus lewisii,0.0,0.02,0
5267,Anthophora urbana,Philadelphus lewisii,0.0,0.04,0
5268,Bombus appositus,Philadelphus lewisii,0.0,0.05,0
5269,Bombus bifarius,Philadelphus lewisii,0.0,0.09,0
5270,Bombus californicus,Philadelphus lewisii,0.0,0.11,0
5271,Bombus centralis,Philadelphus lewisii,0.0,0.07,0
5272,Bombus fernaldae,Philadelphus lewisii,0.0,0.02,0
5273,Bombus fervidus,Philadelphus lewisii,0.0,0.02,0
5274,Bombus flavifrons,Philadelphus lewisii,0.0,0.09,0
5275,Bombus griseocollis,Philadelphus lewisii,0.0,0.04,0
5276,Bombus huntii,Philadelphus lewisii,0.0,0.04,0
5277,Bombus insularis,Philadelphus lewisii,0.0,0.04,0
5278,Bombus mixtus,Philadelphus lewisii,0.0,0.04,0
5279,Bombus nevadensis,Philadelphus lewisii,0.0,0.04,0
5280,Bombus rufocinctus,Philadelphus lewisii,0.0,0.04,0
5281,Bombus vosnesenskii,Philadelphus lewisii,0.0,0.04,0
5282,Coelioxys rufitarsis,Philadelphus lewisii,0.0,0.04,0
5283,Colletes phaceliae,Philadelphus lewisii,0.0,0.03,0
5284,Diadasia nigrifrons,Philadelphus lewisii,0.0,0.03,0
5285,Halictus farinosus,Philadelphus lewisii,0.0,0.04,0
5286,Halictus ligatus,Philadelphus lewisii,0.0,0.05,0
5287,Halictus rubicundus,Philadelphus lewisii,0.0,0.05,0
5288,Halictus tripartitus,Philadelphus lewisii,0.0,0.03,0
5289,Hylaeus verticalis,Philadelphus lewisii,0.0,0.04,0
5290,Lasioglossum albipenne,Philadelphus lewisii,0.0,0.02,0
5291,Lasioglossum cooleyi,Philadelphus lewisii,0.0,0.03,0
5292,Lasioglossum incompletum,Philadelphus lewisii,0.0,0.06,0
5293,Lasioglossum laevissimum,Philadelphus lewisii,0.0,0.03,0
5294,Lasioglossum nevadense,Philadelphus lewisii,0.0,0.02,0
5295,Lasioglossum olympiae,Philadelphus lewisii,0.0,0.05,0
5296,Lasioglossum ovaliceps,Philadelphus lewisii,0.0,0.03,0
5297,Lasioglossum sedi,Philadelphus lewisii,0.0,0.02,0
5298,Lasioglossum sp.,Philadelphus lewisii,0.0,0.04,0
5299,Lasioglossum sp. 2,Philadelphus lewisii,0.0,0.04,0
5300,Lasioglossum titusi,Philadelphus lewisii,0.0,0.03,0
5301,Megachile apicalis,Philadelphus lewisii,0.0,0.02,0
5302,Megachile nevadensis,Philadelphus lewisii,0.0,0.02,0
5303,Megachile onobrychidis,Philadelphus lewisii,0.0,0.04,0
5304,Megachile perihirta,Philadelphus lewisii,0.0,0.05,0
5305,Melissodes bimatris,Philadelphus lewisii,0.0,0.03,0
5306,Melissodes lupinus,Philadelphus lewisii,0.0,0.03,0
5307,Melissodes lutulentus,Philadelphus lewisii,0.0,0.03,0
5308,Melissodes microstictus,Philadelphus lewisii,0.0,0.03,0
5309,Melissodes pallidisignatus,Philadelphus lewisii,0.0,0.03,0
5310,Melissodes rivalis,Philadelphus lewisii,0.0,0.02,0
5311,Melissodes subagilis,Philadelphus lewisii,0.0,0.02,0
5312,Osmia atrocyanea,Philadelphus lewisii,0.0,0.02,0
5313,Osmia brevis,Philadelphus lewisii,0.0,0.02,0
5314,Osmia bucephala,Philadelphus lewisii,0.0,0.03,0
5315,Osmia integra,Philadelphus lewisii,0.0,0.02,0
5316,Osmia juxta,Philadelphus lewisii,0.0,0.04,0
5317,Osmia raritatis,Philadelphus lewisii,0.0,0.03,0
5318,Osmia sp. 2,Philadelphus lewisii,0.0,0.03,0
5319,Panurginus torchio,Philadelphus lewisii,0.0,0.03,0
5320,Perdita wyomingensis,Philadelphus lewisii,0.0,0.02,0
5321,Sphecodes sp.,Philadelphus lewisii,0.0,0.02,0
5322,Svastra obliqua,Philadelphus lewisii,0.0,0.02,0
5323,Triepeolus paenepectoralis,Philadelphus lewisii,0.0,0.03,0
5324,Xeromelecta californica,Philadelphus lewisii,0.0,0.02,0
5325,Agapostemon femoratus,Physocarpus malvaceus,0.0,0.19,0
5326,Agapostemon texanus,Physocarpus malvaceus,0.0,0.14,0
5327,Andrena astragali,Physocarpus malvaceus,0.0,0.1,0
5328,Andrena barbilabris,Physocarpus malvaceus,0.0,0.06,0
5329,Andrena cyanophila,Physocarpus malvaceus,0.0,0.14,0
5330,Andrena melanochroa,Physocarpus malvaceus,0.0,0.12,0
5331,Andrena nigrocaerulea,Physocarpus malvaceus,0.0,0.06,0
5332,Andrena nivalis,Physocarpus malvaceus,0.0,0.03,0
5333,Andrena pallidifovea,Physocarpus malvaceus,0.0,0.11,0
5334,Andrena prunorum,Physocarpus malvaceus,0.0,0.24,0
5335,Andrena sp. 1,Physocarpus malvaceus,0.0,0.03,0
5336,Andrena sp. A,Physocarpus malvaceus,0.0,0.06,0
5337,Andrena transnigra,Physocarpus malvaceus,0.0,0.06,0
5338,Andrena vicinoides,Physocarpus malvaceus,0.0,0.03,0
5339,Anthophora bomboides,Physocarpus malvaceus,0.0,0.04,0
5340,Anthophora curta,Physocarpus malvaceus,0.0,0.07,0
5341,Anthophora pacifica,Physocarpus malvaceus,0.0,0.03,0
5342,Anthophora urbana,Physocarpus malvaceus,0.0,0.19,0
5343,Bombus appositus,Physocarpus malvaceus,0.0,0.23,0
5344,Bombus bifarius,Physocarpus malvaceus,0.0,0.46,0
5345,Bombus californicus,Physocarpus malvaceus,0.0,0.46,0
5346,Bombus centralis,Physocarpus malvaceus,0.0,0.36,0
5347,Bombus fernaldae,Physocarpus malvaceus,0.0,0.05,0
5348,Bombus fervidus,Physocarpus malvaceus,0.0,0.04,0
5349,Bombus flavifrons,Physocarpus malvaceus,0.0,0.46,0
5350,Bombus griseocollis,Physocarpus malvaceus,0.0,0.11,0
5351,Bombus huntii,Physocarpus malvaceus,0.0,0.22,0
5352,Bombus insularis,Physocarpus malvaceus,0.0,0.15,0
5353,Bombus mixtus,Physocarpus malvaceus,0.0,0.19,0
5354,Bombus nevadensis,Physocarpus malvaceus,0.0,0.19,0
5355,Bombus rufocinctus,Physocarpus malvaceus,0.0,0.17,0
5356,Bombus vosnesenskii,Physocarpus malvaceus,0.0,0.2,0
5357,Coelioxys rufitarsis,Physocarpus malvaceus,0.0,0.19,0
5358,Colletes phaceliae,Physocarpus malvaceus,0.0,0.14,0
5359,Diadasia nigrifrons,Physocarpus malvaceus,0.0,0.09,0
5360,Halictus farinosus,Physocarpus malvaceus,0.0,0.22,0
5361,Halictus ligatus,Physocarpus malvaceus,0.0,0.24,0
5362,Halictus rubicundus,Physocarpus malvaceus,0.0,0.16,0
5363,Halictus tripartitus,Physocarpus malvaceus,0.0,0.15,0
5364,Hylaeus verticalis,Physocarpus malvaceus,0.0,0.1,0
5365,Lasioglossum albipenne,Physocarpus malvaceus,0.0,0.03,0
5366,Lasioglossum cooleyi,Physocarpus malvaceus,0.0,0.04,0
5367,Lasioglossum incompletum,Physocarpus malvaceus,0.0,0.23,0
5368,Lasioglossum laevissimum,Physocarpus malvaceus,0.0,0.09,0
5369,Lasioglossum nevadense,Physocarpus malvaceus,0.0,0.06,0
5370,Lasioglossum olympiae,Physocarpus malvaceus,1.0,0.3,0
5371,Lasioglossum ovaliceps,Physocarpus malvaceus,0.0,0.04,0
5372,Lasioglossum sedi,Physocarpus malvaceus,0.0,0.03,0
5373,Lasioglossum sp.,Physocarpus malvaceus,0.0,0.19,0
5374,Lasioglossum sp. 2,Physocarpus malvaceus,1.0,0.22,0
5375,Lasioglossum titusi,Physocarpus malvaceus,0.0,0.08,0
5376,Megachile apicalis,Physocarpus malvaceus,0.0,0.04,0
5377,Megachile nevadensis,Physocarpus malvaceus,0.0,0.03,0
5378,Megachile onobrychidis,Physocarpus malvaceus,0.0,0.22,0
5379,Megachile perihirta,Physocarpus malvaceus,0.0,0.22,0
5380,Melissodes bimatris,Physocarpus malvaceus,0.0,0.07,0
5381,Melissodes lupinus,Physocarpus malvaceus,0.0,0.04,0
5382,Melissodes lutulentus,Physocarpus malvaceus,0.0,0.05,0
5383,Melissodes microstictus,Physocarpus malvaceus,0.0,0.1,0
5384,Melissodes pallidisignatus,Physocarpus malvaceus,0.0,0.07,0
5385,Melissodes rivalis,Physocarpus malvaceus,0.0,0.04,0
5386,Melissodes subagilis,Physocarpus malvaceus,0.0,0.04,0
5387,Osmia atrocyanea,Physocarpus malvaceus,0.0,0.04,0
5388,Osmia brevis,Physocarpus malvaceus,0.0,0.03,0
5389,Osmia bucephala,Physocarpus malvaceus,0.0,0.04,0
5390,Osmia integra,Physocarpus malvaceus,0.0,0.04,0
5391,Osmia juxta,Physocarpus malvaceus,0.0,0.14,0
5392,Osmia raritatis,Physocarpus malvaceus,0.0,0.08,0
5393,Osmia sp. 2,Physocarpus malvaceus,0.0,0.04,0
5394,Panurginus torchio,Physocarpus malvaceus,0.0,0.07,0
5395,Perdita wyomingensis,Physocarpus malvaceus,0.0,0.04,0
5396,Sphecodes sp.,Physocarpus malvaceus,0.0,0.03,0
5397,Svastra obliqua,Physocarpus malvaceus,0.0,0.04,0
5398,Triepeolus paenepectoralis,Physocarpus malvaceus,0.0,0.07,0
5399,Xeromelecta californica,Physocarpus malvaceus,0.0,0.03,0
5400,Agapostemon femoratus,Polemonium occidentale,0.0,0.05,0
5401,Agapostemon texanus,Polemonium occidentale,0.0,0.04,0
5402,Andrena astragali,Polemonium occidentale,0.0,0.04,0
5403,Andrena barbilabris,Polemonium occidentale,0.0,0.03,0
5404,Andrena cyanophila,Polemonium occidentale,0.0,0.04,0
5405,Andrena melanochroa,Polemonium occidentale,0.0,0.03,0
5406,Andrena nigrocaerulea,Polemonium occidentale,0.0,0.03,0
5407,Andrena nivalis,Polemonium occidentale,0.0,0.02,0
5408,Andrena pallidifovea,Polemonium occidentale,0.0,0.04,0
5409,Andrena prunorum,Polemonium occidentale,0.0,0.07,0
5410,Andrena sp. 1,Polemonium occidentale,0.0,0.02,0
5411,Andrena sp. A,Polemonium occidentale,0.0,0.03,0
5412,Andrena transnigra,Polemonium occidentale,0.0,0.03,0
5413,Andrena vicinoides,Polemonium occidentale,0.0,0.02,0
5414,Anthophora bomboides,Polemonium occidentale,0.0,0.03,0
5415,Anthophora curta,Polemonium occidentale,0.0,0.04,0
5416,Anthophora pacifica,Polemonium occidentale,0.0,0.02,0
5417,Anthophora urbana,Polemonium occidentale,0.0,0.04,0
5418,Bombus appositus,Polemonium occidentale,0.0,0.07,0
5419,Bombus bifarius,Polemonium occidentale,0.0,0.08,0
5420,Bombus californicus,Polemonium occidentale,0.0,0.08,0
5421,Bombus centralis,Polemonium occidentale,0.0,0.06,0
5422,Bombus fernaldae,Polemonium occidentale,0.0,0.03,0
5423,Bombus fervidus,Polemonium occidentale,0.0,0.03,0
5424,Bombus flavifrons,Polemonium occidentale,1.0,0.96,1
5425,Bombus griseocollis,Polemonium occidentale,0.0,0.04,0
5426,Bombus huntii,Polemonium occidentale,0.0,0.04,0
5427,Bombus insularis,Polemonium occidentale,0.0,0.04,0
5428,Bombus mixtus,Polemonium occidentale,0.0,0.04,0
5429,Bombus nevadensis,Polemonium occidentale,0.0,0.04,0
5430,Bombus rufocinctus,Polemonium occidentale,0.0,0.04,0
5431,Bombus vosnesenskii,Polemonium occidentale,0.0,0.03,0
5432,Coelioxys rufitarsis,Polemonium occidentale,0.0,0.04,0
5433,Colletes phaceliae,Polemonium occidentale,0.0,0.04,0
5434,Diadasia nigrifrons,Polemonium occidentale,0.0,0.04,0
5435,Halictus farinosus,Polemonium occidentale,0.0,0.07,0
5436,Halictus ligatus,Polemonium occidentale,0.0,0.04,0
5437,Halictus rubicundus,Polemonium occidentale,0.0,0.04,0
5438,Halictus tripartitus,Polemonium occidentale,0.0,0.04,0
5439,Hylaeus verticalis,Polemonium occidentale,0.0,0.04,0
5440,Lasioglossum albipenne,Polemonium occidentale,0.0,0.02,0
5441,Lasioglossum cooleyi,Polemonium occidentale,0.0,0.03,0
5442,Lasioglossum incompletum,Polemonium occidentale,0.0,0.05,0
5443,Lasioglossum laevissimum,Polemonium occidentale,0.0,0.03,0
5444,Lasioglossum nevadense,Polemonium occidentale,0.0,0.03,0
5445,Lasioglossum olympiae,Polemonium occidentale,0.0,0.07,0
5446,Lasioglossum ovaliceps,Polemonium occidentale,0.0,0.03,0
5447,Lasioglossum sedi,Polemonium occidentale,0.0,0.02,0
5448,Lasioglossum sp.,Polemonium occidentale,0.0,0.05,0
5449,Lasioglossum sp. 2,Polemonium occidentale,0.0,0.03,0
5450,Lasioglossum titusi,Polemonium occidentale,0.0,0.04,0
5451,Megachile apicalis,Polemonium occidentale,0.0,0.04,0
5452,Megachile nevadensis,Polemonium occidentale,0.0,0.02,0
5453,Megachile onobrychidis,Polemonium occidentale,0.0,0.06,0
5454,Megachile perihirta,Polemonium occidentale,0.0,0.04,0
5455,Melissodes bimatris,Polemonium occidentale,0.0,0.04,0
5456,Melissodes lupinus,Polemonium occidentale,0.0,0.03,0
5457,Melissodes lutulentus,Polemonium occidentale,0.0,0.04,0
5458,Melissodes microstictus,Polemonium occidentale,0.0,0.04,0
5459,Melissodes pallidisignatus,Polemonium occidentale,0.0,0.04,0
5460,Melissodes rivalis,Polemonium occidentale,0.0,0.03,0
5461,Melissodes subagilis,Polemonium occidentale,0.0,0.03,0
5462,Osmia atrocyanea,Polemonium occidentale,0.0,0.03,0
5463,Osmia brevis,Polemonium occidentale,0.0,0.02,0
5464,Osmia bucephala,Polemonium occidentale,0.0,0.03,0
5465,Osmia integra,Polemonium occidentale,0.0,0.03,0
5466,Osmia juxta,Polemonium occidentale,0.0,0.04,0
5467,Osmia raritatis,Polemonium occidentale,0.0,0.04,0
5468,Osmia sp. 2,Polemonium occidentale,0.0,0.03,0
5469,Panurginus torchio,Polemonium occidentale,0.0,0.03,0
5470,Perdita wyomingensis,Polemonium occidentale,0.0,0.03,0
5471,Sphecodes sp.,Polemonium occidentale,0.0,0.02,0
5472,Svastra obliqua,Polemonium occidentale,0.0,0.04,0
5473,Triepeolus paenepectoralis,Polemonium occidentale,0.0,0.03,0
5474,Xeromelecta californica,Polemonium occidentale,0.0,0.02,0
5475,Agapostemon femoratus,Polygonum minimum,0.0,0.2,0
5476,Agapostemon texanus,Polygonum minimum,0.0,0.17,0
5477,Andrena astragali,Polygonum minimum,0.0,0.11,0
5478,Andrena barbilabris,Polygonum minimum,0.0,0.05,0
5479,Andrena cyanophila,Polygonum minimum,0.0,0.14,0
5480,Andrena melanochroa,Polygonum minimum,0.0,0.13,0
5481,Andrena nigrocaerulea,Polygonum minimum,0.0,0.07,0
5482,Andrena nivalis,Polygonum minimum,0.0,0.03,0
5483,Andrena pallidifovea,Polygonum minimum,0.0,0.11,0
5484,Andrena prunorum,Polygonum minimum,0.0,0.27,0
5485,Andrena sp. 1,Polygonum minimum,0.0,0.03,0
5486,Andrena sp. A,Polygonum minimum,0.0,0.05,0
5487,Andrena transnigra,Polygonum minimum,0.0,0.08,0
5488,Andrena vicinoides,Polygonum minimum,0.0,0.03,0
5489,Anthophora bomboides,Polygonum minimum,0.0,0.05,0
5490,Anthophora curta,Polygonum minimum,0.0,0.08,0
5491,Anthophora pacifica,Polygonum minimum,0.0,0.03,0
5492,Anthophora urbana,Polygonum minimum,0.0,0.24,0
5493,Bombus appositus,Polygonum minimum,0.0,0.27,0
5494,Bombus bifarius,Polygonum minimum,0.0,0.46,0
5495,Bombus californicus,Polygonum minimum,0.0,0.46,0
5496,Bombus centralis,Polygonum minimum,1.0,0.4,0
5497,Bombus fernaldae,Polygonum minimum,0.0,0.06,0
5498,Bombus fervidus,Polygonum minimum,0.0,0.05,0
5499,Bombus flavifrons,Polygonum minimum,0.0,0.46,0
5500,Bombus griseocollis,Polygonum minimum,0.0,0.11,0
5501,Bombus huntii,Polygonum minimum,0.0,0.24,0
5502,Bombus insularis,Polygonum minimum,0.0,0.21,0
5503,Bombus mixtus,Polygonum minimum,0.0,0.21,0
5504,Bombus nevadensis,Polygonum minimum,0.0,0.24,0
5505,Bombus rufocinctus,Polygonum minimum,0.0,0.22,0
5506,Bombus vosnesenskii,Polygonum minimum,0.0,0.2,0
5507,Coelioxys rufitarsis,Polygonum minimum,0.0,0.21,0
5508,Colletes phaceliae,Polygonum minimum,0.0,0.14,0
5509,Diadasia nigrifrons,Polygonum minimum,0.0,0.12,0
5510,Halictus farinosus,Polygonum minimum,0.0,0.31,0
5511,Halictus ligatus,Polygonum minimum,0.0,0.28,0
5512,Halictus rubicundus,Polygonum minimum,0.0,0.23,0
5513,Halictus tripartitus,Polygonum minimum,0.0,0.17,0
5514,Hylaeus verticalis,Polygonum minimum,0.0,0.11,0
5515,Lasioglossum albipenne,Polygonum minimum,0.0,0.03,0
5516,Lasioglossum cooleyi,Polygonum minimum,0.0,0.05,0
5517,Lasioglossum incompletum,Polygonum minimum,0.0,0.27,0
5518,Lasioglossum laevissimum,Polygonum minimum,0.0,0.1,0
5519,Lasioglossum nevadense,Polygonum minimum,1.0,0.14,0
5520,Lasioglossum olympiae,Polygonum minimum,0.0,0.31,0
5521,Lasioglossum ovaliceps,Polygonum minimum,0.0,0.05,0
5522,Lasioglossum sedi,Polygonum minimum,0.0,0.03,0
5523,Lasioglossum sp.,Polygonum minimum,0.0,0.19,0
5524,Lasioglossum sp. 2,Polygonum minimum,0.0,0.23,0
5525,Lasioglossum titusi,Polygonum minimum,0.0,0.1,0
5526,Megachile apicalis,Polygonum minimum,0.0,0.05,0
5527,Megachile nevadensis,Polygonum minimum,0.0,0.03,0
5528,Megachile onobrychidis,Polygonum minimum,0.0,0.23,0
5529,Megachile perihirta,Polygonum minimum,0.0,0.25,0
5530,Melissodes bimatris,Polygonum minimum,0.0,0.08,0
5531,Melissodes lupinus,Polygonum minimum,0.0,0.05,0
5532,Melissodes lutulentus,Polygonum minimum,0.0,0.06,0
5533,Melissodes microstictus,Polygonum minimum,0.0,0.11,0
5534,Melissodes pallidisignatus,Polygonum minimum,0.0,0.08,0
5535,Melissodes rivalis,Polygonum minimum,0.0,0.05,0
5536,Melissodes subagilis,Polygonum minimum,0.0,0.05,0
5537,Osmia atrocyanea,Polygonum minimum,0.0,0.05,0
5538,Osmia brevis,Polygonum minimum,0.0,0.03,0
5539,Osmia bucephala,Polygonum minimum,0.0,0.05,0
5540,Osmia integra,Polygonum minimum,0.0,0.05,0
5541,Osmia juxta,Polygonum minimum,0.0,0.15,0
5542,Osmia raritatis,Polygonum minimum,0.0,0.1,0
5543,Osmia sp. 2,Polygonum minimum,0.0,0.05,0
5544,Panurginus torchio,Polygonum minimum,0.0,0.08,0
5545,Perdita wyomingensis,Polygonum minimum,0.0,0.05,0
5546,Sphecodes sp.,Polygonum minimum,0.0,0.03,0
5547,Svastra obliqua,Polygonum minimum,0.0,0.05,0
5548,Triepeolus paenepectoralis,Polygonum minimum,0.0,0.08,0
5549,Xeromelecta californica,Polygonum minimum,0.0,0.03,0
5550,Agapostemon femoratus,Potentilla flabellifolia,0.0,0.41,0
5551,Agapostemon texanus,Potentilla flabellifolia,0.0,0.38,0
5552,Andrena astragali,Potentilla flabellifolia,0.0,0.3,0
5553,Andrena barbilabris,Potentilla flabellifolia,0.0,0.25,0
5554,Andrena cyanophila,Potentilla flabellifolia,0.0,0.34,0
5555,Andrena melanochroa,Potentilla flabellifolia,1.0,0.32,0
5556,Andrena nigrocaerulea,Potentilla flabellifolia,0.0,0.26,0
5557,Andrena nivalis,Potentilla flabellifolia,1.0,0.77,1
5558,Andrena pallidifovea,Potentilla flabellifolia,0.0,0.3,0
5559,Andrena prunorum,Potentilla flabellifolia,0.0,0.46,0
5560,Andrena sp. 1,Potentilla flabellifolia,0.0,0.08,0
5561,Andrena sp. A,Potentilla flabellifolia,0.0,0.25,0
5562,Andrena transnigra,Potentilla flabellifolia,1.0,0.26,0
5563,Andrena vicinoides,Potentilla flabellifolia,0.0,0.08,0
5564,Anthophora bomboides,Potentilla flabellifolia,0.0,0.22,0
5565,Anthophora curta,Potentilla flabellifolia,0.0,0.26,0
5566,Anthophora pacifica,Potentilla flabellifolia,0.0,0.08,0
5567,Anthophora urbana,Potentilla flabellifolia,0.0,0.42,0
5568,Bombus appositus,Potentilla flabellifolia,0.0,0.45,0
5569,Bombus bifarius,Potentilla flabellifolia,0.0,0.61,1
5570,Bombus californicus,Potentilla flabellifolia,0.0,0.61,1
5571,Bombus centralis,Potentilla flabellifolia,1.0,0.49,0
5572,Bombus fernaldae,Potentilla flabellifolia,0.0,0.2,0
5573,Bombus fervidus,Potentilla flabellifolia,0.0,0.23,0
5574,Bombus flavifrons,Potentilla flabellifolia,0.0,0.61,1
5575,Bombus griseocollis,Potentilla flabellifolia,0.0,0.33,0
5576,Bombus huntii,Potentilla flabellifolia,0.0,0.42,0
5577,Bombus insularis,Potentilla flabellifolia,0.0,0.39,0
5578,Bombus mixtus,Potentilla flabellifolia,0.0,0.42,0
5579,Bombus nevadensis,Potentilla flabellifolia,0.0,0.42,0
5580,Bombus rufocinctus,Potentilla flabellifolia,1.0,0.38,0
5581,Bombus vosnesenskii,Potentilla flabellifolia,0.0,0.43,0
5582,Coelioxys rufitarsis,Potentilla flabellifolia,0.0,0.4,0
5583,Colletes phaceliae,Potentilla flabellifolia,0.0,0.35,0
5584,Diadasia nigrifrons,Potentilla flabellifolia,1.0,0.64,1
5585,Halictus farinosus,Potentilla flabellifolia,0.0,0.45,0
5586,Halictus ligatus,Potentilla flabellifolia,0.0,0.44,0
5587,Halictus rubicundus,Potentilla flabellifolia,0.0,0.41,0
5588,Halictus tripartitus,Potentilla flabellifolia,0.0,0.36,0
5589,Hylaeus verticalis,Potentilla flabellifolia,0.0,0.28,0
5590,Lasioglossum albipenne,Potentilla flabellifolia,0.0,0.09,0
5591,Lasioglossum cooleyi,Potentilla flabellifolia,0.0,0.2,0
5592,Lasioglossum incompletum,Potentilla flabellifolia,0.0,0.44,0
5593,Lasioglossum laevissimum,Potentilla flabellifolia,0.0,0.32,0
5594,Lasioglossum nevadense,Potentilla flabellifolia,0.0,0.25,0
5595,Lasioglossum olympiae,Potentilla flabellifolia,0.0,0.45,0
5596,Lasioglossum ovaliceps,Potentilla flabellifolia,0.0,0.2,0
5597,Lasioglossum sedi,Potentilla flabellifolia,0.0,0.08,0
5598,Lasioglossum sp.,Potentilla flabellifolia,0.0,0.43,0
5599,Lasioglossum sp. 2,Potentilla flabellifolia,0.0,0.41,0
5600,Lasioglossum titusi,Potentilla flabellifolia,1.0,0.24,0
5601,Megachile apicalis,Potentilla flabellifolia,0.0,0.18,0
5602,Megachile nevadensis,Potentilla flabellifolia,0.0,0.08,0
5603,Megachile onobrychidis,Potentilla flabellifolia,0.0,0.45,0
5604,Megachile perihirta,Potentilla flabellifolia,0.0,0.42,0
5605,Melissodes bimatris,Potentilla flabellifolia,0.0,0.26,0
5606,Melissodes lupinus,Potentilla flabellifolia,0.0,0.23,0
5607,Melissodes lutulentus,Potentilla flabellifolia,0.0,0.19,0
5608,Melissodes microstictus,Potentilla flabellifolia,0.0,0.3,0
5609,Melissodes pallidisignatus,Potentilla flabellifolia,0.0,0.26,0
5610,Melissodes rivalis,Potentilla flabellifolia,0.0,0.16,0
5611,Melissodes subagilis,Potentilla flabellifolia,0.0,0.21,0
5612,Osmia atrocyanea,Potentilla flabellifolia,0.0,0.22,0
5613,Osmia brevis,Potentilla flabellifolia,0.0,0.08,0
5614,Osmia bucephala,Potentilla flabellifolia,0.0,0.23,0
5615,Osmia integra,Potentilla flabellifolia,0.0,0.22,0
5616,Osmia juxta,Potentilla flabellifolia,0.0,0.36,0
5617,Osmia raritatis,Potentilla flabellifolia,0.0,0.3,0
5618,Osmia sp. 2,Potentilla flabellifolia,0.0,0.23,0
5619,Panurginus torchio,Potentilla flabellifolia,1.0,0.28,0
5620,Perdita wyomingensis,Potentilla flabellifolia,0.0,0.23,0
5621,Sphecodes sp.,Potentilla flabellifolia,0.0,0.09,0
5622,Svastra obliqua,Potentilla flabellifolia,0.0,0.18,0
5623,Triepeolus paenepectoralis,Potentilla flabellifolia,0.0,0.27,0
5624,Xeromelecta californica,Potentilla flabellifolia,0.0,0.09,0
5625,Agapostemon femoratus,Potentilla gracilis,0.0,0.41,0
5626,Agapostemon texanus,Potentilla gracilis,0.0,0.32,0
5627,Andrena astragali,Potentilla gracilis,0.0,0.21,0
5628,Andrena barbilabris,Potentilla gracilis,1.0,0.25,0
5629,Andrena cyanophila,Potentilla gracilis,1.0,0.32,0
5630,Andrena melanochroa,Potentilla gracilis,1.0,0.31,0
5631,Andrena nigrocaerulea,Potentilla gracilis,0.0,0.23,0
5632,Andrena nivalis,Potentilla gracilis,0.0,0.05,0
5633,Andrena pallidifovea,Potentilla gracilis,0.0,0.28,0
5634,Andrena prunorum,Potentilla gracilis,0.0,0.42,0
5635,Andrena sp. 1,Potentilla gracilis,0.0,0.05,0
5636,Andrena sp. A,Potentilla gracilis,1.0,0.26,0
5637,Andrena transnigra,Potentilla gracilis,0.0,0.24,0
5638,Andrena vicinoides,Potentilla gracilis,0.0,0.05,0
5639,Anthophora bomboides,Potentilla gracilis,0.0,0.2,0
5640,Anthophora curta,Potentilla gracilis,0.0,0.23,0
5641,Anthophora pacifica,Potentilla gracilis,0.0,0.05,0
5642,Anthophora urbana,Potentilla gracilis,0.0,0.39,0
5643,Bombus appositus,Potentilla gracilis,0.0,0.46,0
5644,Bombus bifarius,Potentilla gracilis,0.0,0.66,1
5645,Bombus californicus,Potentilla gracilis,0.0,0.63,1
5646,Bombus centralis,Potentilla gracilis,0.0,0.49,0
5647,Bombus fernaldae,Potentilla gracilis,0.0,0.19,0
5648,Bombus fervidus,Potentilla gracilis,0.0,0.2,0
5649,Bombus flavifrons,Potentilla gracilis,1.0,0.62,1
5650,Bombus griseocollis,Potentilla gracilis,0.0,0.31,0
5651,Bombus huntii,Potentilla gracilis,0.0,0.39,0
5652,Bombus insularis,Potentilla gracilis,0.0,0.37,0
5653,Bombus mixtus,Potentilla gracilis,0.0,0.41,0
5654,Bombus nevadensis,Potentilla gracilis,0.0,0.4,0
5655,Bombus rufocinctus,Potentilla gracilis,0.0,0.38,0
5656,Bombus vosnesenskii,Potentilla gracilis,0.0,0.41,0
5657,Coelioxys rufitarsis,Potentilla gracilis,0.0,0.36,0
5658,Colletes phaceliae,Potentilla gracilis,0.0,0.32,0
5659,Diadasia nigrifrons,Potentilla gracilis,0.0,0.22,0
5660,Halictus farinosus,Potentilla gracilis,0.0,0.44,0
5661,Halictus ligatus,Potentilla gracilis,0.0,0.44,0
5662,Halictus rubicundus,Potentilla gracilis,0.0,0.38,0
5663,Halictus tripartitus,Potentilla gracilis,0.0,0.32,0
5664,Hylaeus verticalis,Potentilla gracilis,0.0,0.26,0
5665,Lasioglossum albipenne,Potentilla gracilis,0.0,0.06,0
5666,Lasioglossum cooleyi,Potentilla gracilis,0.0,0.19,0
5667,Lasioglossum incompletum,Potentilla gracilis,0.0,0.44,0
5668,Lasioglossum laevissimum,Potentilla gracilis,1.0,0.29,0
5669,Lasioglossum nevadense,Potentilla gracilis,0.0,0.23,0
5670,Lasioglossum olympiae,Potentilla gracilis,1.0,0.44,0
5671,Lasioglossum ovaliceps,Potentilla gracilis,0.0,0.18,0
5672,Lasioglossum sedi,Potentilla gracilis,0.0,0.05,0
5673,Lasioglossum sp.,Potentilla gracilis,0.0,0.4,0
5674,Lasioglossum sp. 2,Potentilla gracilis,1.0,0.39,0
5675,Lasioglossum titusi,Potentilla gracilis,0.0,0.23,0
5676,Megachile apicalis,Potentilla gracilis,0.0,0.16,0
5677,Megachile nevadensis,Potentilla gracilis,0.0,0.05,0
5678,Megachile onobrychidis,Potentilla gracilis,0.0,0.42,0
5679,Megachile perihirta,Potentilla gracilis,0.0,0.4,0
5680,Melissodes bimatris,Potentilla gracilis,0.0,0.23,0
5681,Melissodes lupinus,Potentilla gracilis,0.0,0.2,0
5682,Melissodes lutulentus,Potentilla gracilis,0.0,0.17,0
5683,Melissodes microstictus,Potentilla gracilis,0.0,0.22,0
5684,Melissodes pallidisignatus,Potentilla gracilis,0.0,0.23,0
5685,Melissodes rivalis,Potentilla gracilis,0.0,0.14,0
5686,Melissodes subagilis,Potentilla gracilis,0.0,0.19,0
5687,Osmia atrocyanea,Potentilla gracilis,0.0,0.2,0
5688,Osmia brevis,Potentilla gracilis,0.0,0.05,0
5689,Osmia bucephala,Potentilla gracilis,0.0,0.2,0
5690,Osmia integra,Potentilla gracilis,0.0,0.2,0
5691,Osmia juxta,Potentilla gracilis,0.0,0.34,0
5692,Osmia raritatis,Potentilla gracilis,0.0,0.27,0
5693,Osmia sp. 2,Potentilla gracilis,0.0,0.2,0
5694,Panurginus torchio,Potentilla gracilis,1.0,0.26,0
5695,Perdita wyomingensis,Potentilla gracilis,0.0,0.21,0
5696,Sphecodes sp.,Potentilla gracilis,0.0,0.05,0
5697,Svastra obliqua,Potentilla gracilis,0.0,0.16,0
5698,Triepeolus paenepectoralis,Potentilla gracilis,0.0,0.25,0
5699,Xeromelecta californica,Potentilla gracilis,0.0,0.05,0
5700,Agapostemon femoratus,Potentilla recta,0.0,0.45,0
5701,Agapostemon texanus,Potentilla recta,0.0,0.4,0
5702,Andrena astragali,Potentilla recta,0.0,0.27,0
5703,Andrena barbilabris,Potentilla recta,1.0,0.3,0
5704,Andrena cyanophila,Potentilla recta,1.0,0.37,0
5705,Andrena melanochroa,Potentilla recta,1.0,0.37,0
5706,Andrena nigrocaerulea,Potentilla recta,0.0,0.28,0
5707,Andrena nivalis,Potentilla recta,0.0,0.08,0
5708,Andrena pallidifovea,Potentilla recta,0.0,0.32,0
5709,Andrena prunorum,Potentilla recta,0.0,0.49,0
5710,Andrena sp. 1,Potentilla recta,0.0,0.08,0
5711,Andrena sp. A,Potentilla recta,1.0,0.3,0
5712,Andrena transnigra,Potentilla recta,0.0,0.3,0
5713,Andrena vicinoides,Potentilla recta,0.0,0.08,0
5714,Anthophora bomboides,Potentilla recta,0.0,0.28,0
5715,Anthophora curta,Potentilla recta,0.0,0.3,0
5716,Anthophora pacifica,Potentilla recta,0.0,0.08,0
5717,Anthophora urbana,Potentilla recta,0.0,0.45,0
5718,Bombus appositus,Potentilla recta,0.0,0.5,1
5719,Bombus bifarius,Potentilla recta,1.0,0.68,1
5720,Bombus californicus,Potentilla recta,0.0,0.68,1
5721,Bombus centralis,Potentilla recta,0.0,0.58,1
5722,Bombus fernaldae,Potentilla recta,0.0,0.24,0
5723,Bombus fervidus,Potentilla recta,0.0,0.27,0
5724,Bombus flavifrons,Potentilla recta,1.0,0.68,1
5725,Bombus griseocollis,Potentilla recta,0.0,0.37,0
5726,Bombus huntii,Potentilla recta,0.0,0.45,0
5727,Bombus insularis,Potentilla recta,0.0,0.44,0
5728,Bombus mixtus,Potentilla recta,1.0,0.45,0
5729,Bombus nevadensis,Potentilla recta,0.0,0.45,0
5730,Bombus rufocinctus,Potentilla recta,0.0,0.43,0
5731,Bombus vosnesenskii,Potentilla recta,0.0,0.47,0
5732,Coelioxys rufitarsis,Potentilla recta,0.0,0.42,0
5733,Colletes phaceliae,Potentilla recta,0.0,0.38,0
5734,Diadasia nigrifrons,Potentilla recta,0.0,0.28,0
5735,Halictus farinosus,Potentilla recta,0.0,0.48,0
5736,Halictus ligatus,Potentilla recta,0.0,0.49,0
5737,Halictus rubicundus,Potentilla recta,0.0,0.44,0
5738,Halictus tripartitus,Potentilla recta,0.0,0.39,0
5739,Hylaeus verticalis,Potentilla recta,0.0,0.32,0
5740,Lasioglossum albipenne,Potentilla recta,0.0,0.1,0
5741,Lasioglossum cooleyi,Potentilla recta,0.0,0.26,0
5742,Lasioglossum incompletum,Potentilla recta,0.0,0.47,0
5743,Lasioglossum laevissimum,Potentilla recta,1.0,0.35,0
5744,Lasioglossum nevadense,Potentilla recta,0.0,0.29,0
5745,Lasioglossum olympiae,Potentilla recta,1.0,0.5,0
5746,Lasioglossum ovaliceps,Potentilla recta,0.0,0.25,0
5747,Lasioglossum sedi,Potentilla recta,0.0,0.08,0
5748,Lasioglossum sp.,Potentilla recta,0.0,0.45,0
5749,Lasioglossum sp. 2,Potentilla recta,1.0,0.47,0
5750,Lasioglossum titusi,Potentilla recta,0.0,0.27,0
5751,Megachile apicalis,Potentilla recta,0.0,0.23,0
5752,Megachile nevadensis,Potentilla recta,0.0,0.09,0
5753,Megachile onobrychidis,Potentilla recta,0.0,0.47,0
5754,Megachile perihirta,Potentilla recta,0.0,0.46,0
5755,Melissodes bimatris,Potentilla recta,0.0,0.3,0
5756,Melissodes lupinus,Potentilla recta,0.0,0.27,0
5757,Melissodes lutulentus,Potentilla recta,0.0,0.26,0
5758,Melissodes microstictus,Potentilla recta,0.0,0.28,0
5759,Melissodes pallidisignatus,Potentilla recta,0.0,0.3,0
5760,Melissodes rivalis,Potentilla recta,0.0,0.2,0
5761,Melissodes subagilis,Potentilla recta,0.0,0.25,0
5762,Osmia atrocyanea,Potentilla recta,0.0,0.28,0
5763,Osmia brevis,Potentilla recta,0.0,0.08,0
5764,Osmia bucephala,Potentilla recta,0.0,0.26,0
5765,Osmia integra,Potentilla recta,0.0,0.26,0
5766,Osmia juxta,Potentilla recta,0.0,0.42,0
5767,Osmia raritatis,Potentilla recta,0.0,0.33,0
5768,Osmia sp. 2,Potentilla recta,0.0,0.25,0
5769,Panurginus torchio,Potentilla recta,1.0,0.31,0
5770,Perdita wyomingensis,Potentilla recta,1.0,0.25,0
5771,Sphecodes sp.,Potentilla recta,0.0,0.09,0
5772,Svastra obliqua,Potentilla recta,0.0,0.23,0
5773,Triepeolus paenepectoralis,Potentilla recta,0.0,0.31,0
5774,Xeromelecta californica,Potentilla recta,0.0,0.09,0
5775,Agapostemon femoratus,Purshia tridentata,0.0,0.05,0
5776,Agapostemon texanus,Purshia tridentata,1.0,0.68,1
5777,Andrena astragali,Purshia tridentata,0.0,0.05,0
5778,Andrena barbilabris,Purshia tridentata,0.0,0.03,0
5779,Andrena cyanophila,Purshia tridentata,0.0,0.05,0
5780,Andrena melanochroa,Purshia tridentata,0.0,0.04,0
5781,Andrena nigrocaerulea,Purshia tridentata,0.0,0.03,0
5782,Andrena nivalis,Purshia tridentata,0.0,0.02,0
5783,Andrena pallidifovea,Purshia tridentata,0.0,0.05,0
5784,Andrena prunorum,Purshia tridentata,0.0,0.06,0
5785,Andrena sp. 1,Purshia tridentata,0.0,0.02,0
5786,Andrena sp. A,Purshia tridentata,0.0,0.03,0
5787,Andrena transnigra,Purshia tridentata,0.0,0.03,0
5788,Andrena vicinoides,Purshia tridentata,0.0,0.02,0
5789,Anthophora bomboides,Purshia tridentata,0.0,0.02,0
5790,Anthophora curta,Purshia tridentata,0.0,0.03,0
5791,Anthophora pacifica,Purshia tridentata,0.0,0.02,0
5792,Anthophora urbana,Purshia tridentata,0.0,0.05,0
5793,Bombus appositus,Purshia tridentata,0.0,0.05,0
5794,Bombus bifarius,Purshia tridentata,0.0,0.07,0
5795,Bombus californicus,Purshia tridentata,0.0,0.09,0
5796,Bombus centralis,Purshia tridentata,0.0,0.05,0
5797,Bombus fernaldae,Purshia tridentata,0.0,0.03,0
5798,Bombus fervidus,Purshia tridentata,0.0,0.02,0
5799,Bombus flavifrons,Purshia tridentata,0.0,0.07,0
5800,Bombus griseocollis,Purshia tridentata,0.0,0.05,0
5801,Bombus huntii,Purshia tridentata,0.0,0.05,0
5802,Bombus insularis,Purshia tridentata,0.0,0.05,0
5803,Bombus mixtus,Purshia tridentata,0.0,0.05,0
5804,Bombus nevadensis,Purshia tridentata,0.0,0.05,0
5805,Bombus rufocinctus,Purshia tridentata,0.0,0.06,0
5806,Bombus vosnesenskii,Purshia tridentata,0.0,0.05,0
5807,Coelioxys rufitarsis,Purshia tridentata,0.0,0.05,0
5808,Colletes phaceliae,Purshia tridentata,0.0,0.05,0
5809,Diadasia nigrifrons,Purshia tridentata,0.0,0.05,0
5810,Halictus farinosus,Purshia tridentata,0.0,0.06,0
5811,Halictus ligatus,Purshia tridentata,0.0,0.05,0
5812,Halictus rubicundus,Purshia tridentata,0.0,0.06,0
5813,Halictus tripartitus,Purshia tridentata,0.0,0.05,0
5814,Hylaeus verticalis,Purshia tridentata,0.0,0.05,0
5815,Lasioglossum albipenne,Purshia tridentata,0.0,0.02,0
5816,Lasioglossum cooleyi,Purshia tridentata,0.0,0.03,0
5817,Lasioglossum incompletum,Purshia tridentata,0.0,0.06,0
5818,Lasioglossum laevissimum,Purshia tridentata,0.0,0.03,0
5819,Lasioglossum nevadense,Purshia tridentata,0.0,0.03,0
5820,Lasioglossum olympiae,Purshia tridentata,0.0,0.05,0
5821,Lasioglossum ovaliceps,Purshia tridentata,0.0,0.03,0
5822,Lasioglossum sedi,Purshia tridentata,0.0,0.02,0
5823,Lasioglossum sp.,Purshia tridentata,0.0,0.05,0
5824,Lasioglossum sp. 2,Purshia tridentata,0.0,0.05,0
5825,Lasioglossum titusi,Purshia tridentata,0.0,0.04,0
5826,Megachile apicalis,Purshia tridentata,0.0,0.02,0
5827,Megachile nevadensis,Purshia tridentata,0.0,0.02,0
5828,Megachile onobrychidis,Purshia tridentata,0.0,0.05,0
5829,Megachile perihirta,Purshia tridentata,0.0,0.06,0
5830,Melissodes bimatris,Purshia tridentata,0.0,0.03,0
5831,Melissodes lupinus,Purshia tridentata,0.0,0.03,0
5832,Melissodes lutulentus,Purshia tridentata,0.0,0.03,0
5833,Melissodes microstictus,Purshia tridentata,0.0,0.05,0
5834,Melissodes pallidisignatus,Purshia tridentata,0.0,0.03,0
5835,Melissodes rivalis,Purshia tridentata,0.0,0.02,0
5836,Melissodes subagilis,Purshia tridentata,0.0,0.02,0
5837,Osmia atrocyanea,Purshia tridentata,0.0,0.02,0
5838,Osmia brevis,Purshia tridentata,0.0,0.02,0
5839,Osmia bucephala,Purshia tridentata,0.0,0.03,0
5840,Osmia integra,Purshia tridentata,0.0,0.02,0
5841,Osmia juxta,Purshia tridentata,0.0,0.04,0
5842,Osmia raritatis,Purshia tridentata,0.0,0.04,0
5843,Osmia sp. 2,Purshia tridentata,0.0,0.03,0
5844,Panurginus torchio,Purshia tridentata,0.0,0.03,0
5845,Perdita wyomingensis,Purshia tridentata,0.0,0.03,0
5846,Sphecodes sp.,Purshia tridentata,0.0,0.02,0
5847,Svastra obliqua,Purshia tridentata,0.0,0.02,0
5848,Triepeolus paenepectoralis,Purshia tridentata,0.0,0.03,0
5849,Xeromelecta californica,Purshia tridentata,0.0,0.02,0
5850,Agapostemon femoratus,Robinia pseudoacacia,1.0,0.3,0
5851,Agapostemon texanus,Robinia pseudoacacia,0.0,0.25,0
5852,Andrena astragali,Robinia pseudoacacia,0.0,0.14,0
5853,Andrena barbilabris,Robinia pseudoacacia,0.0,0.13,0
5854,Andrena cyanophila,Robinia pseudoacacia,0.0,0.22,0
5855,Andrena melanochroa,Robinia pseudoacacia,0.0,0.2,0
5856,Andrena nigrocaerulea,Robinia pseudoacacia,0.0,0.13,0
5857,Andrena nivalis,Robinia pseudoacacia,0.0,0.04,0
5858,Andrena pallidifovea,Robinia pseudoacacia,0.0,0.19,0
5859,Andrena prunorum,Robinia pseudoacacia,0.0,0.38,0
5860,Andrena sp. 1,Robinia pseudoacacia,0.0,0.04,0
5861,Andrena sp. A,Robinia pseudoacacia,0.0,0.13,0
5862,Andrena transnigra,Robinia pseudoacacia,0.0,0.14,0
5863,Andrena vicinoides,Robinia pseudoacacia,0.0,0.04,0
5864,Anthophora bomboides,Robinia pseudoacacia,0.0,0.11,0
5865,Anthophora curta,Robinia pseudoacacia,0.0,0.15,0
5866,Anthophora pacifica,Robinia pseudoacacia,0.0,0.04,0
5867,Anthophora urbana,Robinia pseudoacacia,0.0,0.3,0
5868,Bombus appositus,Robinia pseudoacacia,0.0,0.34,0
5869,Bombus bifarius,Robinia pseudoacacia,0.0,0.54,1
5870,Bombus californicus,Robinia pseudoacacia,0.0,0.55,1
5871,Bombus centralis,Robinia pseudoacacia,0.0,0.45,0
5872,Bombus fernaldae,Robinia pseudoacacia,0.0,0.12,0
5873,Bombus fervidus,Robinia pseudoacacia,0.0,0.12,0
5874,Bombus flavifrons,Robinia pseudoacacia,0.0,0.55,1
5875,Bombus griseocollis,Robinia pseudoacacia,0.0,0.21,0
5876,Bombus huntii,Robinia pseudoacacia,0.0,0.3,0
5877,Bombus insularis,Robinia pseudoacacia,0.0,0.27,0
5878,Bombus mixtus,Robinia pseudoacacia,0.0,0.27,0
5879,Bombus nevadensis,Robinia pseudoacacia,1.0,0.31,0
5880,Bombus rufocinctus,Robinia pseudoacacia,0.0,0.28,0
5881,Bombus vosnesenskii,Robinia pseudoacacia,0.0,0.29,0
5882,Coelioxys rufitarsis,Robinia pseudoacacia,0.0,0.27,0
5883,Colletes phaceliae,Robinia pseudoacacia,1.0,0.23,0
5884,Diadasia nigrifrons,Robinia pseudoacacia,0.0,0.15,0
5885,Halictus farinosus,Robinia pseudoacacia,1.0,0.36,0
5886,Halictus ligatus,Robinia pseudoacacia,0.0,0.35,0
5887,Halictus rubicundus,Robinia pseudoacacia,0.0,0.28,0
5888,Halictus tripartitus,Robinia pseudoacacia,0.0,0.23,0
5889,Hylaeus verticalis,Robinia pseudoacacia,0.0,0.17,0
5890,Lasioglossum albipenne,Robinia pseudoacacia,0.0,0.04,0
5891,Lasioglossum cooleyi,Robinia pseudoacacia,0.0,0.11,0
5892,Lasioglossum incompletum,Robinia pseudoacacia,0.0,0.32,0
5893,Lasioglossum laevissimum,Robinia pseudoacacia,0.0,0.18,0
5894,Lasioglossum nevadense,Robinia pseudoacacia,0.0,0.13,0
5895,Lasioglossum olympiae,Robinia pseudoacacia,0.0,0.35,0
5896,Lasioglossum ovaliceps,Robinia pseudoacacia,0.0,0.11,0
5897,Lasioglossum sedi,Robinia pseudoacacia,0.0,0.04,0
5898,Lasioglossum sp.,Robinia pseudoacacia,0.0,0.28,0
5899,Lasioglossum sp. 2,Robinia pseudoacacia,0.0,0.26,0
5900,Lasioglossum titusi,Robinia pseudoacacia,0.0,0.13,0
5901,Megachile apicalis,Robinia pseudoacacia,0.0,0.1,0
5902,Megachile nevadensis,Robinia pseudoacacia,0.0,0.04,0
5903,Megachile onobrychidis,Robinia pseudoacacia,0.0,0.33,0
5904,Megachile perihirta,Robinia pseudoacacia,0.0,0.31,0
5905,Melissodes bimatris,Robinia pseudoacacia,0.0,0.15,0
5906,Melissodes lupinus,Robinia pseudoacacia,0.0,0.12,0
5907,Melissodes lutulentus,Robinia pseudoacacia,0.0,0.12,0
5908,Melissodes microstictus,Robinia pseudoacacia,0.0,0.15,0
5909,Melissodes pallidisignatus,Robinia pseudoacacia,0.0,0.15,0
5910,Melissodes rivalis,Robinia pseudoacacia,0.0,0.1,0
5911,Melissodes subagilis,Robinia pseudoacacia,0.0,0.12,0
5912,Osmia atrocyanea,Robinia pseudoacacia,0.0,0.11,0
5913,Osmia brevis,Robinia pseudoacacia,0.0,0.04,0
5914,Osmia bucephala,Robinia pseudoacacia,0.0,0.11,0
5915,Osmia integra,Robinia pseudoacacia,0.0,0.11,0
5916,Osmia juxta,Robinia pseudoacacia,0.0,0.23,0
5917,Osmia raritatis,Robinia pseudoacacia,0.0,0.17,0
5918,Osmia sp. 2,Robinia pseudoacacia,0.0,0.12,0
5919,Panurginus torchio,Robinia pseudoacacia,0.0,0.14,0
5920,Perdita wyomingensis,Robinia pseudoacacia,0.0,0.11,0
5921,Sphecodes sp.,Robinia pseudoacacia,0.0,0.04,0
5922,Svastra obliqua,Robinia pseudoacacia,0.0,0.1,0
5923,Triepeolus paenepectoralis,Robinia pseudoacacia,0.0,0.17,0
5924,Xeromelecta californica,Robinia pseudoacacia,0.0,0.04,0
5925,Agapostemon femoratus,Rosa gymnocarpa,0.0,0.43,0
5926,Agapostemon texanus,Rosa gymnocarpa,0.0,0.38,0
5927,Andrena astragali,Rosa gymnocarpa,0.0,0.27,0
5928,Andrena barbilabris,Rosa gymnocarpa,0.0,0.29,0
5929,Andrena cyanophila,Rosa gymnocarpa,0.0,0.36,0
5930,Andrena melanochroa,Rosa gymnocarpa,1.0,0.33,0
5931,Andrena nigrocaerulea,Rosa gymnocarpa,0.0,0.28,0
5932,Andrena nivalis,Rosa gymnocarpa,0.0,0.08,0
5933,Andrena pallidifovea,Rosa gymnocarpa,0.0,0.33,0
5934,Andrena prunorum,Rosa gymnocarpa,0.0,0.47,0
5935,Andrena sp. 1,Rosa gymnocarpa,0.0,0.08,0
5936,Andrena sp. A,Rosa gymnocarpa,1.0,0.27,0
5937,Andrena transnigra,Rosa gymnocarpa,0.0,0.27,0
5938,Andrena vicinoides,Rosa gymnocarpa,0.0,0.08,0
5939,Anthophora bomboides,Rosa gymnocarpa,0.0,0.24,0
5940,Anthophora curta,Rosa gymnocarpa,0.0,0.28,0
5941,Anthophora pacifica,Rosa gymnocarpa,0.0,0.08,0
5942,Anthophora urbana,Rosa gymnocarpa,0.0,0.43,0
5943,Bombus appositus,Rosa gymnocarpa,0.0,0.47,0
5944,Bombus bifarius,Rosa gymnocarpa,1.0,0.61,1
5945,Bombus californicus,Rosa gymnocarpa,0.0,0.62,1
5946,Bombus centralis,Rosa gymnocarpa,0.0,0.5,1
5947,Bombus fernaldae,Rosa gymnocarpa,0.0,0.24,0
5948,Bombus fervidus,Rosa gymnocarpa,0.0,0.25,0
5949,Bombus flavifrons,Rosa gymnocarpa,0.0,0.65,1
5950,Bombus griseocollis,Rosa gymnocarpa,0.0,0.33,0
5951,Bombus huntii,Rosa gymnocarpa,0.0,0.43,0
5952,Bombus insularis,Rosa gymnocarpa,0.0,0.39,0
5953,Bombus mixtus,Rosa gymnocarpa,0.0,0.43,0
5954,Bombus nevadensis,Rosa gymnocarpa,0.0,0.43,0
5955,Bombus rufocinctus,Rosa gymnocarpa,0.0,0.41,0
5956,Bombus vosnesenskii,Rosa gymnocarpa,0.0,0.41,0
5957,Coelioxys rufitarsis,Rosa gymnocarpa,0.0,0.39,0
5958,Colletes phaceliae,Rosa gymnocarpa,0.0,0.36,0
5959,Diadasia nigrifrons,Rosa gymnocarpa,0.0,0.27,0
5960,Halictus farinosus,Rosa gymnocarpa,0.0,0.46,0
5961,Halictus ligatus,Rosa gymnocarpa,0.0,0.45,0
5962,Halictus rubicundus,Rosa gymnocarpa,0.0,0.42,0
5963,Halictus tripartitus,Rosa gymnocarpa,0.0,0.36,0
5964,Hylaeus verticalis,Rosa gymnocarpa,1.0,0.33,0
5965,Lasioglossum albipenne,Rosa gymnocarpa,0.0,0.1,0
5966,Lasioglossum cooleyi,Rosa gymnocarpa,0.0,0.24,0
5967,Lasioglossum incompletum,Rosa gymnocarpa,0.0,0.45,0
5968,Lasioglossum laevissimum,Rosa gymnocarpa,0.0,0.32,0
5969,Lasioglossum nevadense,Rosa gymnocarpa,0.0,0.26,0
5970,Lasioglossum olympiae,Rosa gymnocarpa,1.0,0.46,0
5971,Lasioglossum ovaliceps,Rosa gymnocarpa,0.0,0.22,0
5972,Lasioglossum sedi,Rosa gymnocarpa,1.0,0.76,1
5973,Lasioglossum sp.,Rosa gymnocarpa,1.0,0.43,0
5974,Lasioglossum sp. 2,Rosa gymnocarpa,1.0,0.42,0
5975,Lasioglossum titusi,Rosa gymnocarpa,0.0,0.26,0
5976,Megachile apicalis,Rosa gymnocarpa,0.0,0.22,0
5977,Megachile nevadensis,Rosa gymnocarpa,0.0,0.1,0
5978,Megachile onobrychidis,Rosa gymnocarpa,0.0,0.47,0
5979,Megachile perihirta,Rosa gymnocarpa,0.0,0.42,0
5980,Melissodes bimatris,Rosa gymnocarpa,0.0,0.28,0
5981,Melissodes lupinus,Rosa gymnocarpa,0.0,0.25,0
5982,Melissodes lutulentus,Rosa gymnocarpa,0.0,0.23,0
5983,Melissodes microstictus,Rosa gymnocarpa,0.0,0.27,0
5984,Melissodes pallidisignatus,Rosa gymnocarpa,0.0,0.28,0
5985,Melissodes rivalis,Rosa gymnocarpa,0.0,0.18,0
5986,Melissodes subagilis,Rosa gymnocarpa,0.0,0.24,0
5987,Osmia atrocyanea,Rosa gymnocarpa,0.0,0.24,0
5988,Osmia brevis,Rosa gymnocarpa,0.0,0.08,0
5989,Osmia bucephala,Rosa gymnocarpa,0.0,0.24,0
5990,Osmia integra,Rosa gymnocarpa,0.0,0.23,0
5991,Osmia juxta,Rosa gymnocarpa,0.0,0.36,0
5992,Osmia raritatis,Rosa gymnocarpa,0.0,0.29,0
5993,Osmia sp. 2,Rosa gymnocarpa,0.0,0.25,0
5994,Panurginus torchio,Rosa gymnocarpa,0.0,0.3,0
5995,Perdita wyomingensis,Rosa gymnocarpa,0.0,0.23,0
5996,Sphecodes sp.,Rosa gymnocarpa,0.0,0.08,0
5997,Svastra obliqua,Rosa gymnocarpa,0.0,0.22,0
5998,Triepeolus paenepectoralis,Rosa gymnocarpa,0.0,0.29,0
5999,Xeromelecta californica,Rosa gymnocarpa,0.0,0.08,0
6000,Agapostemon femoratus,Rosa sp.,0.0,0.27,0
6001,Agapostemon texanus,Rosa sp.,0.0,0.26,0
6002,Andrena astragali,Rosa sp.,0.0,0.18,0
6003,Andrena barbilabris,Rosa sp.,0.0,0.12,0
6004,Andrena cyanophila,Rosa sp.,0.0,0.23,0
6005,Andrena melanochroa,Rosa sp.,0.0,0.18,0
6006,Andrena nigrocaerulea,Rosa sp.,0.0,0.12,0
6007,Andrena nivalis,Rosa sp.,0.0,0.05,0
6008,Andrena pallidifovea,Rosa sp.,0.0,0.21,0
6009,Andrena prunorum,Rosa sp.,0.0,0.33,0
6010,Andrena sp. 1,Rosa sp.,0.0,0.05,0
6011,Andrena sp. A,Rosa sp.,0.0,0.11,0
6012,Andrena transnigra,Rosa sp.,0.0,0.14,0
6013,Andrena vicinoides,Rosa sp.,0.0,0.05,0
6014,Anthophora bomboides,Rosa sp.,0.0,0.09,0
6015,Anthophora curta,Rosa sp.,0.0,0.12,0
6016,Anthophora pacifica,Rosa sp.,0.0,0.05,0
6017,Anthophora urbana,Rosa sp.,0.0,0.29,0
6018,Bombus appositus,Rosa sp.,0.0,0.29,0
6019,Bombus bifarius,Rosa sp.,0.0,0.45,0
6020,Bombus californicus,Rosa sp.,0.0,0.45,0
6021,Bombus centralis,Rosa sp.,0.0,0.37,0
6022,Bombus fernaldae,Rosa sp.,0.0,0.1,0
6023,Bombus fervidus,Rosa sp.,0.0,0.09,0
6024,Bombus flavifrons,Rosa sp.,0.0,0.45,0
6025,Bombus griseocollis,Rosa sp.,0.0,0.19,0
6026,Bombus huntii,Rosa sp.,1.0,0.31,0
6027,Bombus insularis,Rosa sp.,0.0,0.26,0
6028,Bombus mixtus,Rosa sp.,0.0,0.26,0
6029,Bombus nevadensis,Rosa sp.,0.0,0.29,0
6030,Bombus rufocinctus,Rosa sp.,0.0,0.26,0
6031,Bombus vosnesenskii,Rosa sp.,0.0,0.27,0
6032,Coelioxys rufitarsis,Rosa sp.,0.0,0.26,0
6033,Colletes phaceliae,Rosa sp.,0.0,0.24,0
6034,Diadasia nigrifrons,Rosa sp.,0.0,0.21,0
6035,Halictus farinosus,Rosa sp.,0.0,0.33,0
6036,Halictus ligatus,Rosa sp.,0.0,0.29,0
6037,Halictus rubicundus,Rosa sp.,0.0,0.28,0
6038,Halictus tripartitus,Rosa sp.,0.0,0.25,0
6039,Hylaeus verticalis,Rosa sp.,0.0,0.19,0
6040,Lasioglossum albipenne,Rosa sp.,0.0,0.05,0
6041,Lasioglossum cooleyi,Rosa sp.,0.0,0.09,0
6042,Lasioglossum incompletum,Rosa sp.,0.0,0.3,0
6043,Lasioglossum laevissimum,Rosa sp.,0.0,0.17,0
6044,Lasioglossum nevadense,Rosa sp.,0.0,0.11,0
6045,Lasioglossum olympiae,Rosa sp.,0.0,0.32,0
6046,Lasioglossum ovaliceps,Rosa sp.,0.0,0.09,0
6047,Lasioglossum sedi,Rosa sp.,0.0,0.05,0
6048,Lasioglossum sp.,Rosa sp.,0.0,0.25,0
6049,Lasioglossum sp. 2,Rosa sp.,1.0,0.28,0
6050,Lasioglossum titusi,Rosa sp.,0.0,0.15,0
6051,Megachile apicalis,Rosa sp.,0.0,0.08,0
6052,Megachile nevadensis,Rosa sp.,0.0,0.05,0
6053,Megachile onobrychidis,Rosa sp.,0.0,0.3,0
6054,Megachile perihirta,Rosa sp.,0.0,0.28,0
6055,Melissodes bimatris,Rosa sp.,0.0,0.12,0
6056,Melissodes lupinus,Rosa sp.,0.0,0.1,0
6057,Melissodes lutulentus,Rosa sp.,0.0,0.1,0
6058,Melissodes microstictus,Rosa sp.,0.0,0.2,0
6059,Melissodes pallidisignatus,Rosa sp.,0.0,0.12,0
6060,Melissodes rivalis,Rosa sp.,0.0,0.1,0
6061,Melissodes subagilis,Rosa sp.,0.0,0.09,0
6062,Osmia atrocyanea,Rosa sp.,0.0,0.09,0
6063,Osmia brevis,Rosa sp.,0.0,0.05,0
6064,Osmia bucephala,Rosa sp.,0.0,0.09,0
6065,Osmia integra,Rosa sp.,0.0,0.09,0
6066,Osmia juxta,Rosa sp.,0.0,0.21,0
6067,Osmia raritatis,Rosa sp.,0.0,0.14,0
6068,Osmia sp. 2,Rosa sp.,0.0,0.09,0
6069,Panurginus torchio,Rosa sp.,0.0,0.13,0
6070,Perdita wyomingensis,Rosa sp.,0.0,0.09,0
6071,Sphecodes sp.,Rosa sp.,0.0,0.05,0
6072,Svastra obliqua,Rosa sp.,0.0,0.08,0
6073,Triepeolus paenepectoralis,Rosa sp.,0.0,0.14,0
6074,Xeromelecta californica,Rosa sp.,0.0,0.04,0
6075,Agapostemon femoratus,Sidalcea oregana,0.0,0.05,0
6076,Agapostemon texanus,Sidalcea oregana,0.0,0.06,0
6077,Andrena astragali,Sidalcea oregana,0.0,0.05,0
6078,Andrena barbilabris,Sidalcea oregana,0.0,0.03,0
6079,Andrena cyanophila,Sidalcea oregana,0.0,0.05,0
6080,Andrena melanochroa,Sidalcea oregana,0.0,0.04,0
6081,Andrena nigrocaerulea,Sidalcea oregana,0.0,0.03,0
6082,Andrena nivalis,Sidalcea oregana,0.0,0.02,0
6083,Andrena pallidifovea,Sidalcea oregana,0.0,0.05,0
6084,Andrena prunorum,Sidalcea oregana,0.0,0.06,0
6085,Andrena sp. 1,Sidalcea oregana,0.0,0.02,0
6086,Andrena sp. A,Sidalcea oregana,0.0,0.03,0
6087,Andrena transnigra,Sidalcea oregana,0.0,0.03,0
6088,Andrena vicinoides,Sidalcea oregana,0.0,0.02,0
6089,Anthophora bomboides,Sidalcea oregana,0.0,0.02,0
6090,Anthophora curta,Sidalcea oregana,0.0,0.03,0
6091,Anthophora pacifica,Sidalcea oregana,0.0,0.02,0
6092,Anthophora urbana,Sidalcea oregana,0.0,0.07,0
6093,Bombus appositus,Sidalcea oregana,0.0,0.05,0
6094,Bombus bifarius,Sidalcea oregana,0.0,0.08,0
6095,Bombus californicus,Sidalcea oregana,0.0,0.09,0
6096,Bombus centralis,Sidalcea oregana,0.0,0.07,0
6097,Bombus fernaldae,Sidalcea oregana,0.0,0.03,0
6098,Bombus fervidus,Sidalcea oregana,0.0,0.02,0
6099,Bombus flavifrons,Sidalcea oregana,0.0,0.08,0
6100,Bombus griseocollis,Sidalcea oregana,0.0,0.05,0
6101,Bombus huntii,Sidalcea oregana,0.0,0.06,0
6102,Bombus insularis,Sidalcea oregana,0.0,0.05,0
6103,Bombus mixtus,Sidalcea oregana,0.0,0.05,0
6104,Bombus nevadensis,Sidalcea oregana,0.0,0.06,0
6105,Bombus rufocinctus,Sidalcea oregana,0.0,0.05,0
6106,Bombus vosnesenskii,Sidalcea oregana,0.0,0.05,0
6107,Coelioxys rufitarsis,Sidalcea oregana,0.0,0.05,0
6108,Colletes phaceliae,Sidalcea oregana,0.0,0.05,0
6109,Diadasia nigrifrons,Sidalcea oregana,1.0,0.63,1
6110,Halictus farinosus,Sidalcea oregana,0.0,0.06,0
6111,Halictus ligatus,Sidalcea oregana,0.0,0.05,0
6112,Halictus rubicundus,Sidalcea oregana,0.0,0.06,0
6113,Halictus tripartitus,Sidalcea oregana,0.0,0.05,0
6114,Hylaeus verticalis,Sidalcea oregana,0.0,0.05,0
6115,Lasioglossum albipenne,Sidalcea oregana,0.0,0.02,0
6116,Lasioglossum cooleyi,Sidalcea oregana,0.0,0.02,0
6117,Lasioglossum incompletum,Sidalcea oregana,0.0,0.06,0
6118,Lasioglossum laevissimum,Sidalcea oregana,0.0,0.03,0
6119,Lasioglossum nevadense,Sidalcea oregana,0.0,0.03,0
6120,Lasioglossum olympiae,Sidalcea oregana,0.0,0.06,0
6121,Lasioglossum ovaliceps,Sidalcea oregana,0.0,0.02,0
6122,Lasioglossum sedi,Sidalcea oregana,0.0,0.02,0
6123,Lasioglossum sp.,Sidalcea oregana,0.0,0.06,0
6124,Lasioglossum sp. 2,Sidalcea oregana,0.0,0.05,0
6125,Lasioglossum titusi,Sidalcea oregana,0.0,0.04,0
6126,Megachile apicalis,Sidalcea oregana,0.0,0.03,0
6127,Megachile nevadensis,Sidalcea oregana,0.0,0.02,0
6128,Megachile onobrychidis,Sidalcea oregana,0.0,0.06,0
6129,Megachile perihirta,Sidalcea oregana,0.0,0.06,0
6130,Melissodes bimatris,Sidalcea oregana,0.0,0.03,0
6131,Melissodes lupinus,Sidalcea oregana,0.0,0.03,0
6132,Melissodes lutulentus,Sidalcea oregana,0.0,0.03,0
6133,Melissodes microstictus,Sidalcea oregana,0.0,0.05,0
6134,Melissodes pallidisignatus,Sidalcea oregana,0.0,0.03,0
6135,Melissodes rivalis,Sidalcea oregana,0.0,0.02,0
6136,Melissodes subagilis,Sidalcea oregana,0.0,0.03,0
6137,Osmia atrocyanea,Sidalcea oregana,0.0,0.02,0
6138,Osmia brevis,Sidalcea oregana,0.0,0.02,0
6139,Osmia bucephala,Sidalcea oregana,0.0,0.03,0
6140,Osmia integra,Sidalcea oregana,0.0,0.03,0
6141,Osmia juxta,Sidalcea oregana,0.0,0.04,0
6142,Osmia raritatis,Sidalcea oregana,0.0,0.04,0
6143,Osmia sp. 2,Sidalcea oregana,0.0,0.03,0
6144,Panurginus torchio,Sidalcea oregana,0.0,0.03,0
6145,Perdita wyomingensis,Sidalcea oregana,0.0,0.03,0
6146,Sphecodes sp.,Sidalcea oregana,0.0,0.02,0
6147,Svastra obliqua,Sidalcea oregana,0.0,0.03,0
6148,Triepeolus paenepectoralis,Sidalcea oregana,0.0,0.03,0
6149,Xeromelecta californica,Sidalcea oregana,0.0,0.02,0
6150,Agapostemon femoratus,Silene scouleri,0.0,0.05,0
6151,Agapostemon texanus,Silene scouleri,0.0,0.05,0
6152,Andrena astragali,Silene scouleri,0.0,0.04,0
6153,Andrena barbilabris,Silene scouleri,0.0,0.03,0
6154,Andrena cyanophila,Silene scouleri,0.0,0.04,0
6155,Andrena melanochroa,Silene scouleri,0.0,0.04,0
6156,Andrena nigrocaerulea,Silene scouleri,0.0,0.03,0
6157,Andrena nivalis,Silene scouleri,0.0,0.02,0
6158,Andrena pallidifovea,Silene scouleri,0.0,0.05,0
6159,Andrena prunorum,Silene scouleri,0.0,0.05,0
6160,Andrena sp. 1,Silene scouleri,0.0,0.02,0
6161,Andrena sp. A,Silene scouleri,0.0,0.03,0
6162,Andrena transnigra,Silene scouleri,0.0,0.03,0
6163,Andrena vicinoides,Silene scouleri,0.0,0.02,0
6164,Anthophora bomboides,Silene scouleri,0.0,0.02,0
6165,Anthophora curta,Silene scouleri,0.0,0.04,0
6166,Anthophora pacifica,Silene scouleri,0.0,0.02,0
6167,Anthophora urbana,Silene scouleri,0.0,0.06,0
6168,Bombus appositus,Silene scouleri,0.0,0.04,0
6169,Bombus bifarius,Silene scouleri,0.0,0.07,0
6170,Bombus californicus,Silene scouleri,0.0,0.07,0
6171,Bombus centralis,Silene scouleri,0.0,0.07,0
6172,Bombus fernaldae,Silene scouleri,0.0,0.03,0
6173,Bombus fervidus,Silene scouleri,0.0,0.02,0
6174,Bombus flavifrons,Silene scouleri,0.0,0.07,0
6175,Bombus griseocollis,Silene scouleri,0.0,0.04,0
6176,Bombus huntii,Silene scouleri,0.0,0.05,0
6177,Bombus insularis,Silene scouleri,0.0,0.05,0
6178,Bombus mixtus,Silene scouleri,0.0,0.04,0
6179,Bombus nevadensis,Silene scouleri,0.0,0.05,0
6180,Bombus rufocinctus,Silene scouleri,1.0,0.81,1
6181,Bombus vosnesenskii,Silene scouleri,0.0,0.04,0
6182,Coelioxys rufitarsis,Silene scouleri,0.0,0.05,0
6183,Colletes phaceliae,Silene scouleri,0.0,0.04,0
6184,Diadasia nigrifrons,Silene scouleri,0.0,0.04,0
6185,Halictus farinosus,Silene scouleri,0.0,0.05,0
6186,Halictus ligatus,Silene scouleri,0.0,0.05,0
6187,Halictus rubicundus,Silene scouleri,0.0,0.05,0
6188,Halictus tripartitus,Silene scouleri,0.0,0.04,0
6189,Hylaeus verticalis,Silene scouleri,0.0,0.05,0
6190,Lasioglossum albipenne,Silene scouleri,0.0,0.02,0
6191,Lasioglossum cooleyi,Silene scouleri,0.0,0.03,0
6192,Lasioglossum incompletum,Silene scouleri,0.0,0.05,0
6193,Lasioglossum laevissimum,Silene scouleri,0.0,0.03,0
6194,Lasioglossum nevadense,Silene scouleri,0.0,0.03,0
6195,Lasioglossum olympiae,Silene scouleri,0.0,0.05,0
6196,Lasioglossum ovaliceps,Silene scouleri,0.0,0.03,0
6197,Lasioglossum sedi,Silene scouleri,0.0,0.02,0
6198,Lasioglossum sp.,Silene scouleri,0.0,0.06,0
6199,Lasioglossum sp. 2,Silene scouleri,0.0,0.05,0
6200,Lasioglossum titusi,Silene scouleri,0.0,0.04,0
6201,Megachile apicalis,Silene scouleri,0.0,0.03,0
6202,Megachile nevadensis,Silene scouleri,0.0,0.02,0
6203,Megachile onobrychidis,Silene scouleri,0.0,0.06,0
6204,Megachile perihirta,Silene scouleri,0.0,0.06,0
6205,Melissodes bimatris,Silene scouleri,0.0,0.04,0
6206,Melissodes lupinus,Silene scouleri,0.0,0.03,0
6207,Melissodes lutulentus,Silene scouleri,0.0,0.03,0
6208,Melissodes microstictus,Silene scouleri,0.0,0.04,0
6209,Melissodes pallidisignatus,Silene scouleri,0.0,0.04,0
6210,Melissodes rivalis,Silene scouleri,0.0,0.03,0
6211,Melissodes subagilis,Silene scouleri,0.0,0.02,0
6212,Osmia atrocyanea,Silene scouleri,0.0,0.02,0
6213,Osmia brevis,Silene scouleri,0.0,0.02,0
6214,Osmia bucephala,Silene scouleri,0.0,0.03,0
6215,Osmia integra,Silene scouleri,0.0,0.02,0
6216,Osmia juxta,Silene scouleri,0.0,0.04,0
6217,Osmia raritatis,Silene scouleri,0.0,0.04,0
6218,Osmia sp. 2,Silene scouleri,0.0,0.03,0
6219,Panurginus torchio,Silene scouleri,0.0,0.03,0
6220,Perdita wyomingensis,Silene scouleri,0.0,0.02,0
6221,Sphecodes sp.,Silene scouleri,0.0,0.02,0
6222,Svastra obliqua,Silene scouleri,0.0,0.03,0
6223,Triepeolus paenepectoralis,Silene scouleri,0.0,0.03,0
6224,Xeromelecta californica,Silene scouleri,0.0,0.02,0
6225,Agapostemon femoratus,Sisymbrium altissimum,1.0,0.41,0
6226,Agapostemon texanus,Sisymbrium altissimum,0.0,0.32,0
6227,Andrena astragali,Sisymbrium altissimum,0.0,0.25,0
6228,Andrena barbilabris,Sisymbrium altissimum,0.0,0.2,0
6229,Andrena cyanophila,Sisymbrium altissimum,0.0,0.32,0
6230,Andrena melanochroa,Sisymbrium altissimum,0.0,0.31,0
6231,Andrena nigrocaerulea,Sisymbrium altissimum,0.0,0.24,0
6232,Andrena nivalis,Sisymbrium altissimum,0.0,0.08,0
6233,Andrena pallidifovea,Sisymbrium altissimum,0.0,0.27,0
6234,Andrena prunorum,Sisymbrium altissimum,1.0,0.44,0
6235,Andrena sp. 1,Sisymbrium altissimum,0.0,0.08,0
6236,Andrena sp. A,Sisymbrium altissimum,0.0,0.22,0
6237,Andrena transnigra,Sisymbrium altissimum,0.0,0.23,0
6238,Andrena vicinoides,Sisymbrium altissimum,0.0,0.09,0
6239,Anthophora bomboides,Sisymbrium altissimum,0.0,0.18,0
6240,Anthophora curta,Sisymbrium altissimum,0.0,0.24,0
6241,Anthophora pacifica,Sisymbrium altissimum,0.0,0.09,0
6242,Anthophora urbana,Sisymbrium altissimum,0.0,0.39,0
6243,Bombus appositus,Sisymbrium altissimum,0.0,0.41,0
6244,Bombus bifarius,Sisymbrium altissimum,0.0,0.6,1
6245,Bombus californicus,Sisymbrium altissimum,0.0,0.6,1
6246,Bombus centralis,Sisymbrium altissimum,0.0,0.5,1
6247,Bombus fernaldae,Sisymbrium altissimum,0.0,0.17,0
6248,Bombus fervidus,Sisymbrium altissimum,0.0,0.18,0
6249,Bombus flavifrons,Sisymbrium altissimum,0.0,0.6,1
6250,Bombus griseocollis,Sisymbrium altissimum,0.0,0.31,0
6251,Bombus huntii,Sisymbrium altissimum,0.0,0.39,0
6252,Bombus insularis,Sisymbrium altissimum,0.0,0.36,0
6253,Bombus mixtus,Sisymbrium altissimum,0.0,0.37,0
6254,Bombus nevadensis,Sisymbrium altissimum,0.0,0.4,0
6255,Bombus rufocinctus,Sisymbrium altissimum,0.0,0.37,0
6256,Bombus vosnesenskii,Sisymbrium altissimum,0.0,0.38,0
6257,Coelioxys rufitarsis,Sisymbrium altissimum,0.0,0.36,0
6258,Colletes phaceliae,Sisymbrium altissimum,1.0,0.3,0
6259,Diadasia nigrifrons,Sisymbrium altissimum,0.0,0.25,0
6260,Halictus farinosus,Sisymbrium altissimum,0.0,0.43,0
6261,Halictus ligatus,Sisymbrium altissimum,0.0,0.43,0
6262,Halictus rubicundus,Sisymbrium altissimum,0.0,0.38,0
6263,Halictus tripartitus,Sisymbrium altissimum,0.0,0.33,0
6264,Hylaeus verticalis,Sisymbrium altissimum,0.0,0.25,0
6265,Lasioglossum albipenne,Sisymbrium altissimum,0.0,0.07,0
6266,Lasioglossum cooleyi,Sisymbrium altissimum,0.0,0.18,0
6267,Lasioglossum incompletum,Sisymbrium altissimum,0.0,0.43,0
6268,Lasioglossum laevissimum,Sisymbrium altissimum,0.0,0.26,0
6269,Lasioglossum nevadense,Sisymbrium altissimum,0.0,0.2,0
6270,Lasioglossum olympiae,Sisymbrium altissimum,0.0,0.43,0
6271,Lasioglossum ovaliceps,Sisymbrium altissimum,0.0,0.2,0
6272,Lasioglossum sedi,Sisymbrium altissimum,0.0,0.08,0
6273,Lasioglossum sp.,Sisymbrium altissimum,1.0,0.39,0
6274,Lasioglossum sp. 2,Sisymbrium altissimum,0.0,0.37,0
6275,Lasioglossum titusi,Sisymbrium altissimum,0.0,0.22,0
6276,Megachile apicalis,Sisymbrium altissimum,0.0,0.17,0
6277,Megachile nevadensis,Sisymbrium altissimum,0.0,0.07,0
6278,Megachile onobrychidis,Sisymbrium altissimum,1.0,0.43,0
6279,Megachile perihirta,Sisymbrium altissimum,0.0,0.39,0
6280,Melissodes bimatris,Sisymbrium altissimum,0.0,0.24,0
6281,Melissodes lupinus,Sisymbrium altissimum,0.0,0.22,0
6282,Melissodes lutulentus,Sisymbrium altissimum,0.0,0.2,0
6283,Melissodes microstictus,Sisymbrium altissimum,0.0,0.27,0
6284,Melissodes pallidisignatus,Sisymbrium altissimum,0.0,0.24,0
6285,Melissodes rivalis,Sisymbrium altissimum,0.0,0.15,0
6286,Melissodes subagilis,Sisymbrium altissimum,0.0,0.19,0
6287,Osmia atrocyanea,Sisymbrium altissimum,0.0,0.18,0
6288,Osmia brevis,Sisymbrium altissimum,0.0,0.08,0
6289,Osmia bucephala,Sisymbrium altissimum,0.0,0.18,0
6290,Osmia integra,Sisymbrium altissimum,0.0,0.17,0
6291,Osmia juxta,Sisymbrium altissimum,0.0,0.32,0
6292,Osmia raritatis,Sisymbrium altissimum,0.0,0.24,0
6293,Osmia sp. 2,Sisymbrium altissimum,0.0,0.18,0
6294,Panurginus torchio,Sisymbrium altissimum,0.0,0.23,0
6295,Perdita wyomingensis,Sisymbrium altissimum,0.0,0.18,0
6296,Sphecodes sp.,Sisymbrium altissimum,1.0,0.75,1
6297,Svastra obliqua,Sisymbrium altissimum,0.0,0.17,0
6298,Triepeolus paenepectoralis,Sisymbrium altissimum,1.0,0.25,0
6299,Xeromelecta californica,Sisymbrium altissimum,0.0,0.07,0
6300,Agapostemon femoratus,Sisymbrium loeselii,0.0,0.23,0
6301,Agapostemon texanus,Sisymbrium loeselii,0.0,0.21,0
6302,Andrena astragali,Sisymbrium loeselii,0.0,0.11,0
6303,Andrena barbilabris,Sisymbrium loeselii,0.0,0.06,0
6304,Andrena cyanophila,Sisymbrium loeselii,0.0,0.14,0
6305,Andrena melanochroa,Sisymbrium loeselii,0.0,0.12,0
6306,Andrena nigrocaerulea,Sisymbrium loeselii,0.0,0.08,0
6307,Andrena nivalis,Sisymbrium loeselii,0.0,0.03,0
6308,Andrena pallidifovea,Sisymbrium loeselii,0.0,0.13,0
6309,Andrena prunorum,Sisymbrium loeselii,1.0,0.34,0
6310,Andrena sp. 1,Sisymbrium loeselii,0.0,0.03,0
6311,Andrena sp. A,Sisymbrium loeselii,0.0,0.06,0
6312,Andrena transnigra,Sisymbrium loeselii,0.0,0.07,0
6313,Andrena vicinoides,Sisymbrium loeselii,0.0,0.03,0
6314,Anthophora bomboides,Sisymbrium loeselii,0.0,0.05,0
6315,Anthophora curta,Sisymbrium loeselii,0.0,0.09,0
6316,Anthophora pacifica,Sisymbrium loeselii,0.0,0.03,0
6317,Anthophora urbana,Sisymbrium loeselii,0.0,0.27,0
6318,Bombus appositus,Sisymbrium loeselii,0.0,0.23,0
6319,Bombus bifarius,Sisymbrium loeselii,0.0,0.45,0
6320,Bombus californicus,Sisymbrium loeselii,0.0,0.48,0
6321,Bombus centralis,Sisymbrium loeselii,0.0,0.34,0
6322,Bombus fernaldae,Sisymbrium loeselii,0.0,0.06,0
6323,Bombus fervidus,Sisymbrium loeselii,0.0,0.05,0
6324,Bombus flavifrons,Sisymbrium loeselii,0.0,0.45,0
6325,Bombus griseocollis,Sisymbrium loeselii,0.0,0.14,0
6326,Bombus huntii,Sisymbrium loeselii,0.0,0.26,0
6327,Bombus insularis,Sisymbrium loeselii,0.0,0.2,0
6328,Bombus mixtus,Sisymbrium loeselii,0.0,0.2,0
6329,Bombus nevadensis,Sisymbrium loeselii,0.0,0.27,0
6330,Bombus rufocinctus,Sisymbrium loeselii,0.0,0.24,0
6331,Bombus vosnesenskii,Sisymbrium loeselii,0.0,0.19,0
6332,Coelioxys rufitarsis,Sisymbrium loeselii,0.0,0.24,0
6333,Colletes phaceliae,Sisymbrium loeselii,0.0,0.18,0
6334,Diadasia nigrifrons,Sisymbrium loeselii,0.0,0.11,0
6335,Halictus farinosus,Sisymbrium loeselii,0.0,0.32,0
6336,Halictus ligatus,Sisymbrium loeselii,0.0,0.29,0
6337,Halictus rubicundus,Sisymbrium loeselii,0.0,0.26,0
6338,Halictus tripartitus,Sisymbrium loeselii,0.0,0.19,0
6339,Hylaeus verticalis,Sisymbrium loeselii,0.0,0.13,0
6340,Lasioglossum albipenne,Sisymbrium loeselii,0.0,0.03,0
6341,Lasioglossum cooleyi,Sisymbrium loeselii,0.0,0.05,0
6342,Lasioglossum incompletum,Sisymbrium loeselii,0.0,0.24,0
6343,Lasioglossum laevissimum,Sisymbrium loeselii,0.0,0.09,0
6344,Lasioglossum nevadense,Sisymbrium loeselii,0.0,0.06,0
6345,Lasioglossum olympiae,Sisymbrium loeselii,0.0,0.28,0
6346,Lasioglossum ovaliceps,Sisymbrium loeselii,0.0,0.05,0
6347,Lasioglossum sedi,Sisymbrium loeselii,0.0,0.03,0
6348,Lasioglossum sp.,Sisymbrium loeselii,0.0,0.22,0
6349,Lasioglossum sp. 2,Sisymbrium loeselii,0.0,0.22,0
6350,Lasioglossum titusi,Sisymbrium loeselii,0.0,0.1,0
6351,Megachile apicalis,Sisymbrium loeselii,0.0,0.05,0
6352,Megachile nevadensis,Sisymbrium loeselii,0.0,0.03,0
6353,Megachile onobrychidis,Sisymbrium loeselii,1.0,0.28,0
6354,Megachile perihirta,Sisymbrium loeselii,0.0,0.27,0
6355,Melissodes bimatris,Sisymbrium loeselii,0.0,0.09,0
6356,Melissodes lupinus,Sisymbrium loeselii,0.0,0.06,0
6357,Melissodes lutulentus,Sisymbrium loeselii,0.0,0.06,0
6358,Melissodes microstictus,Sisymbrium loeselii,0.0,0.12,0
6359,Melissodes pallidisignatus,Sisymbrium loeselii,0.0,0.09,0
6360,Melissodes rivalis,Sisymbrium loeselii,0.0,0.05,0
6361,Melissodes subagilis,Sisymbrium loeselii,0.0,0.05,0
6362,Osmia atrocyanea,Sisymbrium loeselii,0.0,0.05,0
6363,Osmia brevis,Sisymbrium loeselii,0.0,0.03,0
6364,Osmia bucephala,Sisymbrium loeselii,0.0,0.05,0
6365,Osmia integra,Sisymbrium loeselii,0.0,0.05,0
6366,Osmia juxta,Sisymbrium loeselii,0.0,0.15,0
6367,Osmia raritatis,Sisymbrium loeselii,0.0,0.09,0
6368,Osmia sp. 2,Sisymbrium loeselii,0.0,0.05,0
6369,Panurginus torchio,Sisymbrium loeselii,0.0,0.07,0
6370,Perdita wyomingensis,Sisymbrium loeselii,0.0,0.05,0
6371,Sphecodes sp.,Sisymbrium loeselii,0.0,0.03,0
6372,Svastra obliqua,Sisymbrium loeselii,0.0,0.05,0
6373,Triepeolus paenepectoralis,Sisymbrium loeselii,0.0,0.1,0
6374,Xeromelecta californica,Sisymbrium loeselii,0.0,0.03,0
6375,Agapostemon femoratus,Solanum triflorum,0.0,0.28,0
6376,Agapostemon texanus,Solanum triflorum,0.0,0.24,0
6377,Andrena astragali,Solanum triflorum,0.0,0.16,0
6378,Andrena barbilabris,Solanum triflorum,0.0,0.08,0
6379,Andrena cyanophila,Solanum triflorum,0.0,0.19,0
6380,Andrena melanochroa,Solanum triflorum,0.0,0.16,0
6381,Andrena nigrocaerulea,Solanum triflorum,0.0,0.1,0
6382,Andrena nivalis,Solanum triflorum,0.0,0.03,0
6383,Andrena pallidifovea,Solanum triflorum,0.0,0.18,0
6384,Andrena prunorum,Solanum triflorum,0.0,0.32,0
6385,Andrena sp. 1,Solanum triflorum,0.0,0.03,0
6386,Andrena sp. A,Solanum triflorum,0.0,0.08,0
6387,Andrena transnigra,Solanum triflorum,0.0,0.11,0
6388,Andrena vicinoides,Solanum triflorum,0.0,0.03,0
6389,Anthophora bomboides,Solanum triflorum,0.0,0.07,0
6390,Anthophora curta,Solanum triflorum,0.0,0.11,0
6391,Anthophora pacifica,Solanum triflorum,0.0,0.03,0
6392,Anthophora urbana,Solanum triflorum,0.0,0.29,0
6393,Bombus appositus,Solanum triflorum,0.0,0.3,0
6394,Bombus bifarius,Solanum triflorum,0.0,0.48,0
6395,Bombus californicus,Solanum triflorum,0.0,0.49,0
6396,Bombus centralis,Solanum triflorum,0.0,0.41,0
6397,Bombus fernaldae,Solanum triflorum,0.0,0.08,0
6398,Bombus fervidus,Solanum triflorum,0.0,0.07,0
6399,Bombus flavifrons,Solanum triflorum,0.0,0.49,0
6400,Bombus griseocollis,Solanum triflorum,1.0,0.15,0
6401,Bombus huntii,Solanum triflorum,1.0,0.29,0
6402,Bombus insularis,Solanum triflorum,0.0,0.25,0
6403,Bombus mixtus,Solanum triflorum,0.0,0.25,0
6404,Bombus nevadensis,Solanum triflorum,1.0,0.28,0
6405,Bombus rufocinctus,Solanum triflorum,0.0,0.27,0
6406,Bombus vosnesenskii,Solanum triflorum,0.0,0.25,0
6407,Coelioxys rufitarsis,Solanum triflorum,0.0,0.22,0
6408,Colletes phaceliae,Solanum triflorum,0.0,0.22,0
6409,Diadasia nigrifrons,Solanum triflorum,0.0,0.16,0
6410,Halictus farinosus,Solanum triflorum,0.0,0.34,0
6411,Halictus ligatus,Solanum triflorum,0.0,0.26,0
6412,Halictus rubicundus,Solanum triflorum,0.0,0.27,0
6413,Halictus tripartitus,Solanum triflorum,0.0,0.19,0
6414,Hylaeus verticalis,Solanum triflorum,0.0,0.17,0
6415,Lasioglossum albipenne,Solanum triflorum,0.0,0.03,0
6416,Lasioglossum cooleyi,Solanum triflorum,0.0,0.08,0
6417,Lasioglossum incompletum,Solanum triflorum,0.0,0.25,0
6418,Lasioglossum laevissimum,Solanum triflorum,0.0,0.11,0
6419,Lasioglossum nevadense,Solanum triflorum,0.0,0.08,0
6420,Lasioglossum olympiae,Solanum triflorum,0.0,0.28,0
6421,Lasioglossum ovaliceps,Solanum triflorum,0.0,0.07,0
6422,Lasioglossum sedi,Solanum triflorum,0.0,0.04,0
6423,Lasioglossum sp.,Solanum triflorum,0.0,0.26,0
6424,Lasioglossum sp. 2,Solanum triflorum,0.0,0.26,0
6425,Lasioglossum titusi,Solanum triflorum,0.0,0.1,0
6426,Megachile apicalis,Solanum triflorum,0.0,0.07,0
6427,Megachile nevadensis,Solanum triflorum,0.0,0.03,0
6428,Megachile onobrychidis,Solanum triflorum,0.0,0.29,0
6429,Megachile perihirta,Solanum triflorum,0.0,0.24,0
6430,Melissodes bimatris,Solanum triflorum,0.0,0.11,0
6431,Melissodes lupinus,Solanum triflorum,0.0,0.08,0
6432,Melissodes lutulentus,Solanum triflorum,0.0,0.09,0
6433,Melissodes microstictus,Solanum triflorum,0.0,0.16,0
6434,Melissodes pallidisignatus,Solanum triflorum,0.0,0.11,0
6435,Melissodes rivalis,Solanum triflorum,0.0,0.07,0
6436,Melissodes subagilis,Solanum triflorum,0.0,0.07,0
6437,Osmia atrocyanea,Solanum triflorum,0.0,0.07,0
6438,Osmia brevis,Solanum triflorum,0.0,0.03,0
6439,Osmia bucephala,Solanum triflorum,0.0,0.07,0
6440,Osmia integra,Solanum triflorum,0.0,0.07,0
6441,Osmia juxta,Solanum triflorum,0.0,0.19,0
6442,Osmia raritatis,Solanum triflorum,0.0,0.11,0
6443,Osmia sp. 2,Solanum triflorum,0.0,0.08,0
6444,Panurginus torchio,Solanum triflorum,0.0,0.1,0
6445,Perdita wyomingensis,Solanum triflorum,0.0,0.07,0
6446,Sphecodes sp.,Solanum triflorum,0.0,0.04,0
6447,Svastra obliqua,Solanum triflorum,0.0,0.07,0
6448,Triepeolus paenepectoralis,Solanum triflorum,0.0,0.12,0
6449,Xeromelecta californica,Solanum triflorum,0.0,0.03,0
6450,Agapostemon femoratus,Solidago canadensis,0.0,0.4,0
6451,Agapostemon texanus,Solidago canadensis,0.0,0.29,0
6452,Andrena astragali,Solidago canadensis,0.0,0.19,0
6453,Andrena barbilabris,Solidago canadensis,0.0,0.19,0
6454,Andrena cyanophila,Solidago canadensis,0.0,0.29,0
6455,Andrena melanochroa,Solidago canadensis,0.0,0.27,0
6456,Andrena nigrocaerulea,Solidago canadensis,0.0,0.21,0
6457,Andrena nivalis,Solidago canadensis,0.0,0.06,0
6458,Andrena pallidifovea,Solidago canadensis,0.0,0.22,0
6459,Andrena prunorum,Solidago canadensis,0.0,0.43,0
6460,Andrena sp. 1,Solidago canadensis,0.0,0.05,0
6461,Andrena sp. A,Solidago canadensis,0.0,0.19,0
6462,Andrena transnigra,Solidago canadensis,0.0,0.21,0
6463,Andrena vicinoides,Solidago canadensis,0.0,0.05,0
6464,Anthophora bomboides,Solidago canadensis,0.0,0.18,0
6465,Anthophora curta,Solidago canadensis,0.0,0.21,0
6466,Anthophora pacifica,Solidago canadensis,0.0,0.05,0
6467,Anthophora urbana,Solidago canadensis,0.0,0.37,0
6468,Bombus appositus,Solidago canadensis,0.0,0.46,0
6469,Bombus bifarius,Solidago canadensis,1.0,0.62,1
6470,Bombus californicus,Solidago canadensis,0.0,0.64,1
6471,Bombus centralis,Solidago canadensis,0.0,0.51,1
6472,Bombus fernaldae,Solidago canadensis,0.0,0.17,0
6473,Bombus fervidus,Solidago canadensis,0.0,0.19,0
6474,Bombus flavifrons,Solidago canadensis,0.0,0.65,1
6475,Bombus griseocollis,Solidago canadensis,0.0,0.3,0
6476,Bombus huntii,Solidago canadensis,0.0,0.37,0
6477,Bombus insularis,Solidago canadensis,1.0,0.32,0
6478,Bombus mixtus,Solidago canadensis,0.0,0.38,0
6479,Bombus nevadensis,Solidago canadensis,0.0,0.39,0
6480,Bombus rufocinctus,Solidago canadensis,0.0,0.36,0
6481,Bombus vosnesenskii,Solidago canadensis,0.0,0.4,0
6482,Coelioxys rufitarsis,Solidago canadensis,0.0,0.34,0
6483,Colletes phaceliae,Solidago canadensis,0.0,0.28,0
6484,Diadasia nigrifrons,Solidago canadensis,0.0,0.22,0
6485,Halictus farinosus,Solidago canadensis,1.0,0.43,0
6486,Halictus ligatus,Solidago canadensis,1.0,0.44,0
6487,Halictus rubicundus,Solidago canadensis,1.0,0.34,0
6488,Halictus tripartitus,Solidago canadensis,0.0,0.29,0
6489,Hylaeus verticalis,Solidago canadensis,0.0,0.2,0
6490,Lasioglossum albipenne,Solidago canadensis,0.0,0.04,0
6491,Lasioglossum cooleyi,Solidago canadensis,0.0,0.18,0
6492,Lasioglossum incompletum,Solidago canadensis,1.0,0.42,0
6493,Lasioglossum laevissimum,Solidago canadensis,0.0,0.25,0
6494,Lasioglossum nevadense,Solidago canadensis,0.0,0.19,0
6495,Lasioglossum olympiae,Solidago canadensis,0.0,0.43,0
6496,Lasioglossum ovaliceps,Solidago canadensis,0.0,0.17,0
6497,Lasioglossum sedi,Solidago canadensis,0.0,0.05,0
6498,Lasioglossum sp.,Solidago canadensis,0.0,0.37,0
6499,Lasioglossum sp. 2,Solidago canadensis,0.0,0.36,0
6500,Lasioglossum titusi,Solidago canadensis,0.0,0.21,0
6501,Megachile apicalis,Solidago canadensis,0.0,0.15,0
6502,Megachile nevadensis,Solidago canadensis,0.0,0.06,0
6503,Megachile onobrychidis,Solidago canadensis,0.0,0.41,0
6504,Megachile perihirta,Solidago canadensis,0.0,0.39,0
6505,Melissodes bimatris,Solidago canadensis,0.0,0.21,0
6506,Melissodes lupinus,Solidago canadensis,0.0,0.2,0
6507,Melissodes lutulentus,Solidago canadensis,0.0,0.16,0
6508,Melissodes microstictus,Solidago canadensis,0.0,0.19,0
6509,Melissodes pallidisignatus,Solidago canadensis,0.0,0.21,0
6510,Melissodes rivalis,Solidago canadensis,0.0,0.13,0
6511,Melissodes subagilis,Solidago canadensis,0.0,0.18,0
6512,Osmia atrocyanea,Solidago canadensis,0.0,0.18,0
6513,Osmia brevis,Solidago canadensis,0.0,0.04,0
6514,Osmia bucephala,Solidago canadensis,0.0,0.18,0
6515,Osmia integra,Solidago canadensis,0.0,0.17,0
6516,Osmia juxta,Solidago canadensis,0.0,0.33,0
6517,Osmia raritatis,Solidago canadensis,1.0,0.25,0
6518,Osmia sp. 2,Solidago canadensis,0.0,0.19,0
6519,Panurginus torchio,Solidago canadensis,0.0,0.21,0
6520,Perdita wyomingensis,Solidago canadensis,0.0,0.18,0
6521,Sphecodes sp.,Solidago canadensis,0.0,0.05,0
6522,Svastra obliqua,Solidago canadensis,0.0,0.15,0
6523,Triepeolus paenepectoralis,Solidago canadensis,0.0,0.23,0
6524,Xeromelecta californica,Solidago canadensis,0.0,0.06,0
6525,Agapostemon femoratus,Symphoricarpos albus,0.0,0.05,0
6526,Agapostemon texanus,Symphoricarpos albus,0.0,0.04,0
6527,Andrena astragali,Symphoricarpos albus,0.0,0.04,0
6528,Andrena barbilabris,Symphoricarpos albus,0.0,0.03,0
6529,Andrena cyanophila,Symphoricarpos albus,0.0,0.04,0
6530,Andrena melanochroa,Symphoricarpos albus,0.0,0.03,0
6531,Andrena nigrocaerulea,Symphoricarpos albus,0.0,0.03,0
6532,Andrena nivalis,Symphoricarpos albus,0.0,0.02,0
6533,Andrena pallidifovea,Symphoricarpos albus,0.0,0.04,0
6534,Andrena prunorum,Symphoricarpos albus,0.0,0.06,0
6535,Andrena sp. 1,Symphoricarpos albus,0.0,0.02,0
6536,Andrena sp. A,Symphoricarpos albus,0.0,0.03,0
6537,Andrena transnigra,Symphoricarpos albus,0.0,0.03,0
6538,Andrena vicinoides,Symphoricarpos albus,0.0,0.02,0
6539,Anthophora bomboides,Symphoricarpos albus,0.0,0.03,0
6540,Anthophora curta,Symphoricarpos albus,0.0,0.04,0
6541,Anthophora pacifica,Symphoricarpos albus,0.0,0.02,0
6542,Anthophora urbana,Symphoricarpos albus,0.0,0.04,0
6543,Bombus appositus,Symphoricarpos albus,0.0,0.05,0
6544,Bombus bifarius,Symphoricarpos albus,0.0,0.06,0
6545,Bombus californicus,Symphoricarpos albus,0.0,0.08,0
6546,Bombus centralis,Symphoricarpos albus,1.0,0.94,1
6547,Bombus fernaldae,Symphoricarpos albus,0.0,0.03,0
6548,Bombus fervidus,Symphoricarpos albus,0.0,0.03,0
6549,Bombus flavifrons,Symphoricarpos albus,0.0,0.06,0
6550,Bombus griseocollis,Symphoricarpos albus,0.0,0.04,0
6551,Bombus huntii,Symphoricarpos albus,0.0,0.04,0
6552,Bombus insularis,Symphoricarpos albus,0.0,0.04,0
6553,Bombus mixtus,Symphoricarpos albus,0.0,0.04,0
6554,Bombus nevadensis,Symphoricarpos albus,0.0,0.04,0
6555,Bombus rufocinctus,Symphoricarpos albus,0.0,0.04,0
6556,Bombus vosnesenskii,Symphoricarpos albus,0.0,0.04,0
6557,Coelioxys rufitarsis,Symphoricarpos albus,0.0,0.04,0
6558,Colletes phaceliae,Symphoricarpos albus,0.0,0.04,0
6559,Diadasia nigrifrons,Symphoricarpos albus,0.0,0.04,0
6560,Halictus farinosus,Symphoricarpos albus,0.0,0.05,0
6561,Halictus ligatus,Symphoricarpos albus,0.0,0.04,0
6562,Halictus rubicundus,Symphoricarpos albus,0.0,0.04,0
6563,Halictus tripartitus,Symphoricarpos albus,0.0,0.04,0
6564,Hylaeus verticalis,Symphoricarpos albus,0.0,0.04,0
6565,Lasioglossum albipenne,Symphoricarpos albus,0.0,0.02,0
6566,Lasioglossum cooleyi,Symphoricarpos albus,0.0,0.03,0
6567,Lasioglossum incompletum,Symphoricarpos albus,0.0,0.05,0
6568,Lasioglossum laevissimum,Symphoricarpos albus,0.0,0.03,0
6569,Lasioglossum nevadense,Symphoricarpos albus,0.0,0.03,0
6570,Lasioglossum olympiae,Symphoricarpos albus,0.0,0.05,0
6571,Lasioglossum ovaliceps,Symphoricarpos albus,0.0,0.03,0
6572,Lasioglossum sedi,Symphoricarpos albus,0.0,0.02,0
6573,Lasioglossum sp.,Symphoricarpos albus,0.0,0.05,0
6574,Lasioglossum sp. 2,Symphoricarpos albus,0.0,0.03,0
6575,Lasioglossum titusi,Symphoricarpos albus,0.0,0.04,0
6576,Megachile apicalis,Symphoricarpos albus,0.0,0.03,0
6577,Megachile nevadensis,Symphoricarpos albus,0.0,0.02,0
6578,Megachile onobrychidis,Symphoricarpos albus,0.0,0.06,0
6579,Megachile perihirta,Symphoricarpos albus,0.0,0.04,0
6580,Melissodes bimatris,Symphoricarpos albus,0.0,0.04,0
6581,Melissodes lupinus,Symphoricarpos albus,0.0,0.03,0
6582,Melissodes lutulentus,Symphoricarpos albus,0.0,0.03,0
6583,Melissodes microstictus,Symphoricarpos albus,0.0,0.04,0
6584,Melissodes pallidisignatus,Symphoricarpos albus,0.0,0.04,0
6585,Melissodes rivalis,Symphoricarpos albus,0.0,0.03,0
6586,Melissodes subagilis,Symphoricarpos albus,0.0,0.03,0
6587,Osmia atrocyanea,Symphoricarpos albus,0.0,0.03,0
6588,Osmia brevis,Symphoricarpos albus,0.0,0.02,0
6589,Osmia bucephala,Symphoricarpos albus,0.0,0.03,0
6590,Osmia integra,Symphoricarpos albus,0.0,0.03,0
6591,Osmia juxta,Symphoricarpos albus,0.0,0.04,0
6592,Osmia raritatis,Symphoricarpos albus,0.0,0.04,0
6593,Osmia sp. 2,Symphoricarpos albus,0.0,0.03,0
6594,Panurginus torchio,Symphoricarpos albus,0.0,0.03,0
6595,Perdita wyomingensis,Symphoricarpos albus,0.0,0.03,0
6596,Sphecodes sp.,Symphoricarpos albus,0.0,0.02,0
6597,Svastra obliqua,Symphoricarpos albus,0.0,0.03,0
6598,Triepeolus paenepectoralis,Symphoricarpos albus,0.0,0.03,0
6599,Xeromelecta californica,Symphoricarpos albus,0.0,0.02,0
6600,Agapostemon femoratus,Symphyotrichum ascendens,0.0,0.45,0
6601,Agapostemon texanus,Symphyotrichum ascendens,0.0,0.4,0
6602,Andrena astragali,Symphyotrichum ascendens,0.0,0.27,0
6603,Andrena barbilabris,Symphyotrichum ascendens,0.0,0.28,0
6604,Andrena cyanophila,Symphyotrichum ascendens,0.0,0.37,0
6605,Andrena melanochroa,Symphyotrichum ascendens,0.0,0.35,0
6606,Andrena nigrocaerulea,Symphyotrichum ascendens,0.0,0.26,0
6607,Andrena nivalis,Symphyotrichum ascendens,0.0,0.1,0
6608,Andrena pallidifovea,Symphyotrichum ascendens,0.0,0.3,0
6609,Andrena prunorum,Symphyotrichum ascendens,0.0,0.48,0
6610,Andrena sp. 1,Symphyotrichum ascendens,0.0,0.08,0
6611,Andrena sp. A,Symphyotrichum ascendens,0.0,0.27,0
6612,Andrena transnigra,Symphyotrichum ascendens,0.0,0.28,0
6613,Andrena vicinoides,Symphyotrichum ascendens,0.0,0.08,0
6614,Anthophora bomboides,Symphyotrichum ascendens,0.0,0.22,0
6615,Anthophora curta,Symphyotrichum ascendens,0.0,0.28,0
6616,Anthophora pacifica,Symphyotrichum ascendens,0.0,0.08,0
6617,Anthophora urbana,Symphyotrichum ascendens,1.0,0.43,0
6618,Bombus appositus,Symphyotrichum ascendens,0.0,0.52,1
6619,Bombus bifarius,Symphyotrichum ascendens,1.0,0.66,1
6620,Bombus californicus,Symphyotrichum ascendens,1.0,0.66,1
6621,Bombus centralis,Symphyotrichum ascendens,0.0,0.55,1
6622,Bombus fernaldae,Symphyotrichum ascendens,0.0,0.22,0
6623,Bombus fervidus,Symphyotrichum ascendens,0.0,0.24,0
6624,Bombus flavifrons,Symphyotrichum ascendens,1.0,0.66,1
6625,Bombus griseocollis,Symphyotrichum ascendens,0.0,0.33,0
6626,Bombus huntii,Symphyotrichum ascendens,0.0,0.43,0
6627,Bombus insularis,Symphyotrichum ascendens,0.0,0.44,0
6628,Bombus mixtus,Symphyotrichum ascendens,0.0,0.46,0
6629,Bombus nevadensis,Symphyotrichum ascendens,0.0,0.44,0
6630,Bombus rufocinctus,Symphyotrichum ascendens,0.0,0.42,0
6631,Bombus vosnesenskii,Symphyotrichum ascendens,0.0,0.47,0
6632,Coelioxys rufitarsis,Symphyotrichum ascendens,0.0,0.44,0
6633,Colletes phaceliae,Symphyotrichum ascendens,0.0,0.37,0
6634,Diadasia nigrifrons,Symphyotrichum ascendens,0.0,0.3,0
6635,Halictus farinosus,Symphyotrichum ascendens,1.0,0.47,0
6636,Halictus ligatus,Symphyotrichum ascendens,1.0,0.49,0
6637,Halictus rubicundus,Symphyotrichum ascendens,0.0,0.44,0
6638,Halictus tripartitus,Symphyotrichum ascendens,0.0,0.38,0
6639,Hylaeus verticalis,Symphyotrichum ascendens,0.0,0.29,0
6640,Lasioglossum albipenne,Symphyotrichum ascendens,0.0,0.08,0
6641,Lasioglossum cooleyi,Symphyotrichum ascendens,0.0,0.23,0
6642,Lasioglossum incompletum,Symphyotrichum ascendens,1.0,0.47,0
6643,Lasioglossum laevissimum,Symphyotrichum ascendens,0.0,0.34,0
6644,Lasioglossum nevadense,Symphyotrichum ascendens,0.0,0.27,0
6645,Lasioglossum olympiae,Symphyotrichum ascendens,0.0,0.47,0
6646,Lasioglossum ovaliceps,Symphyotrichum ascendens,0.0,0.22,0
6647,Lasioglossum sedi,Symphyotrichum ascendens,0.0,0.08,0
6648,Lasioglossum sp.,Symphyotrichum ascendens,0.0,0.43,0
6649,Lasioglossum sp. 2,Symphyotrichum ascendens,0.0,0.43,0
6650,Lasioglossum titusi,Symphyotrichum ascendens,0.0,0.26,0
6651,Megachile apicalis,Symphyotrichum ascendens,0.0,0.22,0
6652,Megachile nevadensis,Symphyotrichum ascendens,0.0,0.08,0
6653,Megachile onobrychidis,Symphyotrichum ascendens,0.0,0.47,0
6654,Megachile perihirta,Symphyotrichum ascendens,1.0,0.44,0
6655,Melissodes bimatris,Symphyotrichum ascendens,0.0,0.28,0
6656,Melissodes lupinus,Symphyotrichum ascendens,0.0,0.25,0
6657,Melissodes lutulentus,Symphyotrichum ascendens,0.0,0.24,0
6658,Melissodes microstictus,Symphyotrichum ascendens,1.0,0.64,1
6659,Melissodes pallidisignatus,Symphyotrichum ascendens,0.0,0.28,0
6660,Melissodes rivalis,Symphyotrichum ascendens,0.0,0.21,0
6661,Melissodes subagilis,Symphyotrichum ascendens,0.0,0.24,0
6662,Osmia atrocyanea,Symphyotrichum ascendens,0.0,0.22,0
6663,Osmia brevis,Symphyotrichum ascendens,0.0,0.08,0
6664,Osmia bucephala,Symphyotrichum ascendens,0.0,0.23,0
6665,Osmia integra,Symphyotrichum ascendens,0.0,0.23,0
6666,Osmia juxta,Symphyotrichum ascendens,1.0,0.39,0
6667,Osmia raritatis,Symphyotrichum ascendens,0.0,0.31,0
6668,Osmia sp. 2,Symphyotrichum ascendens,0.0,0.23,0
6669,Panurginus torchio,Symphyotrichum ascendens,0.0,0.28,0
6670,Perdita wyomingensis,Symphyotrichum ascendens,0.0,0.23,0
6671,Sphecodes sp.,Symphyotrichum ascendens,0.0,0.1,0
6672,Svastra obliqua,Symphyotrichum ascendens,0.0,0.22,0
6673,Triepeolus paenepectoralis,Symphyotrichum ascendens,0.0,0.29,0
6674,Xeromelecta californica,Symphyotrichum ascendens,0.0,0.08,0
6675,Agapostemon femoratus,Symphyotrichum sp.,0.0,0.34,0
6676,Agapostemon texanus,Symphyotrichum sp.,0.0,0.23,0
6677,Andrena astragali,Symphyotrichum sp.,0.0,0.15,0
6678,Andrena barbilabris,Symphyotrichum sp.,0.0,0.13,0
6679,Andrena cyanophila,Symphyotrichum sp.,0.0,0.21,0
6680,Andrena melanochroa,Symphyotrichum sp.,0.0,0.19,0
6681,Andrena nigrocaerulea,Symphyotrichum sp.,0.0,0.13,0
6682,Andrena nivalis,Symphyotrichum sp.,0.0,0.05,0
6683,Andrena pallidifovea,Symphyotrichum sp.,0.0,0.18,0
6684,Andrena prunorum,Symphyotrichum sp.,0.0,0.36,0
6685,Andrena sp. 1,Symphyotrichum sp.,0.0,0.04,0
6686,Andrena sp. A,Symphyotrichum sp.,0.0,0.13,0
6687,Andrena transnigra,Symphyotrichum sp.,0.0,0.14,0
6688,Andrena vicinoides,Symphyotrichum sp.,0.0,0.04,0
6689,Anthophora bomboides,Symphyotrichum sp.,0.0,0.12,0
6690,Anthophora curta,Symphyotrichum sp.,0.0,0.15,0
6691,Anthophora pacifica,Symphyotrichum sp.,0.0,0.04,0
6692,Anthophora urbana,Symphyotrichum sp.,0.0,0.31,0
6693,Bombus appositus,Symphyotrichum sp.,0.0,0.39,0
6694,Bombus bifarius,Symphyotrichum sp.,1.0,0.57,1
6695,Bombus californicus,Symphyotrichum sp.,0.0,0.59,1
6696,Bombus centralis,Symphyotrichum sp.,0.0,0.48,0
6697,Bombus fernaldae,Symphyotrichum sp.,0.0,0.11,0
6698,Bombus fervidus,Symphyotrichum sp.,0.0,0.12,0
6699,Bombus flavifrons,Symphyotrichum sp.,1.0,0.57,1
6700,Bombus griseocollis,Symphyotrichum sp.,0.0,0.21,0
6701,Bombus huntii,Symphyotrichum sp.,0.0,0.3,0
6702,Bombus insularis,Symphyotrichum sp.,0.0,0.26,0
6703,Bombus mixtus,Symphyotrichum sp.,0.0,0.3,0
6704,Bombus nevadensis,Symphyotrichum sp.,0.0,0.34,0
6705,Bombus rufocinctus,Symphyotrichum sp.,0.0,0.28,0
6706,Bombus vosnesenskii,Symphyotrichum sp.,0.0,0.34,0
6707,Coelioxys rufitarsis,Symphyotrichum sp.,0.0,0.27,0
6708,Colletes phaceliae,Symphyotrichum sp.,0.0,0.21,0
6709,Diadasia nigrifrons,Symphyotrichum sp.,0.0,0.16,0
6710,Halictus farinosus,Symphyotrichum sp.,0.0,0.37,0
6711,Halictus ligatus,Symphyotrichum sp.,1.0,0.35,0
6712,Halictus rubicundus,Symphyotrichum sp.,0.0,0.3,0
6713,Halictus tripartitus,Symphyotrichum sp.,0.0,0.22,0
6714,Hylaeus verticalis,Symphyotrichum sp.,0.0,0.16,0
6715,Lasioglossum albipenne,Symphyotrichum sp.,0.0,0.04,0
6716,Lasioglossum cooleyi,Symphyotrichum sp.,0.0,0.1,0
6717,Lasioglossum incompletum,Symphyotrichum sp.,1.0,0.34,0
6718,Lasioglossum laevissimum,Symphyotrichum sp.,0.0,0.17,0
6719,Lasioglossum nevadense,Symphyotrichum sp.,0.0,0.12,0
6720,Lasioglossum olympiae,Symphyotrichum sp.,0.0,0.37,0
6721,Lasioglossum ovaliceps,Symphyotrichum sp.,0.0,0.1,0
6722,Lasioglossum sedi,Symphyotrichum sp.,0.0,0.04,0
6723,Lasioglossum sp.,Symphyotrichum sp.,0.0,0.29,0
6724,Lasioglossum sp. 2,Symphyotrichum sp.,0.0,0.29,0
6725,Lasioglossum titusi,Symphyotrichum sp.,0.0,0.14,0
6726,Megachile apicalis,Symphyotrichum sp.,0.0,0.1,0
6727,Megachile nevadensis,Symphyotrichum sp.,0.0,0.05,0
6728,Megachile onobrychidis,Symphyotrichum sp.,0.0,0.35,0
6729,Megachile perihirta,Symphyotrichum sp.,0.0,0.34,0
6730,Melissodes bimatris,Symphyotrichum sp.,0.0,0.15,0
6731,Melissodes lupinus,Symphyotrichum sp.,0.0,0.13,0
6732,Melissodes lutulentus,Symphyotrichum sp.,0.0,0.11,0
6733,Melissodes microstictus,Symphyotrichum sp.,0.0,0.15,0
6734,Melissodes pallidisignatus,Symphyotrichum sp.,0.0,0.15,0
6735,Melissodes rivalis,Symphyotrichum sp.,0.0,0.1,0
6736,Melissodes subagilis,Symphyotrichum sp.,0.0,0.11,0
6737,Osmia atrocyanea,Symphyotrichum sp.,0.0,0.12,0
6738,Osmia brevis,Symphyotrichum sp.,0.0,0.04,0
6739,Osmia bucephala,Symphyotrichum sp.,0.0,0.11,0
6740,Osmia integra,Symphyotrichum sp.,0.0,0.11,0
6741,Osmia juxta,Symphyotrichum sp.,1.0,0.23,0
6742,Osmia raritatis,Symphyotrichum sp.,0.0,0.18,0
6743,Osmia sp. 2,Symphyotrichum sp.,0.0,0.11,0
6744,Panurginus torchio,Symphyotrichum sp.,0.0,0.14,0
6745,Perdita wyomingensis,Symphyotrichum sp.,0.0,0.12,0
6746,Sphecodes sp.,Symphyotrichum sp.,0.0,0.04,0
6747,Svastra obliqua,Symphyotrichum sp.,0.0,0.1,0
6748,Triepeolus paenepectoralis,Symphyotrichum sp.,0.0,0.16,0
6749,Xeromelecta californica,Symphyotrichum sp.,0.0,0.04,0
6750,Agapostemon femoratus,Symphyotrichum spathulatum,0.0,0.45,0
6751,Agapostemon texanus,Symphyotrichum spathulatum,0.0,0.38,0
6752,Andrena astragali,Symphyotrichum spathulatum,0.0,0.32,0
6753,Andrena barbilabris,Symphyotrichum spathulatum,0.0,0.26,0
6754,Andrena cyanophila,Symphyotrichum spathulatum,0.0,0.38,0
6755,Andrena melanochroa,Symphyotrichum spathulatum,0.0,0.34,0
6756,Andrena nigrocaerulea,Symphyotrichum spathulatum,0.0,0.28,0
6757,Andrena nivalis,Symphyotrichum spathulatum,0.0,0.1,0
6758,Andrena pallidifovea,Symphyotrichum spathulatum,0.0,0.31,0
6759,Andrena prunorum,Symphyotrichum spathulatum,0.0,0.48,0
6760,Andrena sp. 1,Symphyotrichum spathulatum,0.0,0.08,0
6761,Andrena sp. A,Symphyotrichum spathulatum,0.0,0.26,0
6762,Andrena transnigra,Symphyotrichum spathulatum,0.0,0.27,0
6763,Andrena vicinoides,Symphyotrichum spathulatum,0.0,0.08,0
6764,Anthophora bomboides,Symphyotrichum spathulatum,0.0,0.24,0
6765,Anthophora curta,Symphyotrichum spathulatum,0.0,0.27,0
6766,Anthophora pacifica,Symphyotrichum spathulatum,0.0,0.08,0
6767,Anthophora urbana,Symphyotrichum spathulatum,0.0,0.44,0
6768,Bombus appositus,Symphyotrichum spathulatum,0.0,0.48,0
6769,Bombus bifarius,Symphyotrichum spathulatum,0.0,0.65,1
6770,Bombus californicus,Symphyotrichum spathulatum,1.0,0.63,1
6771,Bombus centralis,Symphyotrichum spathulatum,0.0,0.52,1
6772,Bombus fernaldae,Symphyotrichum spathulatum,0.0,0.24,0
6773,Bombus fervidus,Symphyotrichum spathulatum,0.0,0.24,0
6774,Bombus flavifrons,Symphyotrichum spathulatum,0.0,0.65,1
6775,Bombus griseocollis,Symphyotrichum spathulatum,0.0,0.34,0
6776,Bombus huntii,Symphyotrichum spathulatum,0.0,0.43,0
6777,Bombus insularis,Symphyotrichum spathulatum,0.0,0.4,0
6778,Bombus mixtus,Symphyotrichum spathulatum,0.0,0.42,0
6779,Bombus nevadensis,Symphyotrichum spathulatum,0.0,0.43,0
6780,Bombus rufocinctus,Symphyotrichum spathulatum,0.0,0.42,0
6781,Bombus vosnesenskii,Symphyotrichum spathulatum,0.0,0.44,0
6782,Coelioxys rufitarsis,Symphyotrichum spathulatum,0.0,0.41,0
6783,Colletes phaceliae,Symphyotrichum spathulatum,0.0,0.36,0
6784,Diadasia nigrifrons,Symphyotrichum spathulatum,0.0,0.32,0
6785,Halictus farinosus,Symphyotrichum spathulatum,0.0,0.47,0
6786,Halictus ligatus,Symphyotrichum spathulatum,1.0,0.45,0
6787,Halictus rubicundus,Symphyotrichum spathulatum,1.0,0.42,0
6788,Halictus tripartitus,Symphyotrichum spathulatum,1.0,0.36,0
6789,Hylaeus verticalis,Symphyotrichum spathulatum,0.0,0.29,0
6790,Lasioglossum albipenne,Symphyotrichum spathulatum,1.0,0.78,1
6791,Lasioglossum cooleyi,Symphyotrichum spathulatum,0.0,0.24,0
6792,Lasioglossum incompletum,Symphyotrichum spathulatum,0.0,0.46,0
6793,Lasioglossum laevissimum,Symphyotrichum spathulatum,0.0,0.31,0
6794,Lasioglossum nevadense,Symphyotrichum spathulatum,0.0,0.26,0
6795,Lasioglossum olympiae,Symphyotrichum spathulatum,0.0,0.47,0
6796,Lasioglossum ovaliceps,Symphyotrichum spathulatum,1.0,0.26,0
6797,Lasioglossum sedi,Symphyotrichum spathulatum,0.0,0.11,0
6798,Lasioglossum sp.,Symphyotrichum spathulatum,0.0,0.43,0
6799,Lasioglossum sp. 2,Symphyotrichum spathulatum,0.0,0.42,0
6800,Lasioglossum titusi,Symphyotrichum spathulatum,0.0,0.26,0
6801,Megachile apicalis,Symphyotrichum spathulatum,0.0,0.22,0
6802,Megachile nevadensis,Symphyotrichum spathulatum,0.0,0.08,0
6803,Megachile onobrychidis,Symphyotrichum spathulatum,1.0,0.46,0
6804,Megachile perihirta,Symphyotrichum spathulatum,1.0,0.43,0
6805,Melissodes bimatris,Symphyotrichum spathulatum,0.0,0.27,0
6806,Melissodes lupinus,Symphyotrichum spathulatum,1.0,0.28,0
6807,Melissodes lutulentus,Symphyotrichum spathulatum,0.0,0.23,0
6808,Melissodes microstictus,Symphyotrichum spathulatum,0.0,0.26,0
6809,Melissodes pallidisignatus,Symphyotrichum spathulatum,0.0,0.27,0
6810,Melissodes rivalis,Symphyotrichum spathulatum,0.0,0.21,0
6811,Melissodes subagilis,Symphyotrichum spathulatum,0.0,0.24,0
6812,Osmia atrocyanea,Symphyotrichum spathulatum,0.0,0.24,0
6813,Osmia brevis,Symphyotrichum spathulatum,0.0,0.08,0
6814,Osmia bucephala,Symphyotrichum spathulatum,0.0,0.24,0
6815,Osmia integra,Symphyotrichum spathulatum,0.0,0.25,0
6816,Osmia juxta,Symphyotrichum spathulatum,0.0,0.37,0
6817,Osmia raritatis,Symphyotrichum spathulatum,0.0,0.3,0
6818,Osmia sp. 2,Symphyotrichum spathulatum,0.0,0.25,0
6819,Panurginus torchio,Symphyotrichum spathulatum,0.0,0.28,0
6820,Perdita wyomingensis,Symphyotrichum spathulatum,0.0,0.24,0
6821,Sphecodes sp.,Symphyotrichum spathulatum,0.0,0.08,0
6822,Svastra obliqua,Symphyotrichum spathulatum,0.0,0.22,0
6823,Triepeolus paenepectoralis,Symphyotrichum spathulatum,0.0,0.29,0
6824,Xeromelecta californica,Symphyotrichum spathulatum,0.0,0.08,0
6825,Agapostemon femoratus,Thermopsis montana,0.0,0.38,0
6826,Agapostemon texanus,Thermopsis montana,0.0,0.3,0
6827,Andrena astragali,Thermopsis montana,0.0,0.22,0
6828,Andrena barbilabris,Thermopsis montana,0.0,0.21,0
6829,Andrena cyanophila,Thermopsis montana,0.0,0.29,0
6830,Andrena melanochroa,Thermopsis montana,0.0,0.26,0
6831,Andrena nigrocaerulea,Thermopsis montana,0.0,0.21,0
6832,Andrena nivalis,Thermopsis montana,0.0,0.08,0
6833,Andrena pallidifovea,Thermopsis montana,0.0,0.24,0
6834,Andrena prunorum,Thermopsis montana,0.0,0.44,0
6835,Andrena sp. 1,Thermopsis montana,0.0,0.07,0
6836,Andrena sp. A,Thermopsis montana,0.0,0.2,0
6837,Andrena transnigra,Thermopsis montana,0.0,0.22,0
6838,Andrena vicinoides,Thermopsis montana,0.0,0.07,0
6839,Anthophora bomboides,Thermopsis montana,0.0,0.17,0
6840,Anthophora curta,Thermopsis montana,0.0,0.2,0
6841,Anthophora pacifica,Thermopsis montana,0.0,0.07,0
6842,Anthophora urbana,Thermopsis montana,0.0,0.37,0
6843,Bombus appositus,Thermopsis montana,1.0,0.42,0
6844,Bombus bifarius,Thermopsis montana,0.0,0.62,1
6845,Bombus californicus,Thermopsis montana,1.0,0.6,1
6846,Bombus centralis,Thermopsis montana,0.0,0.5,1
6847,Bombus fernaldae,Thermopsis montana,0.0,0.18,0
6848,Bombus fervidus,Thermopsis montana,0.0,0.17,0
6849,Bombus flavifrons,Thermopsis montana,1.0,0.6,1
6850,Bombus griseocollis,Thermopsis montana,0.0,0.29,0
6851,Bombus huntii,Thermopsis montana,0.0,0.37,0
6852,Bombus insularis,Thermopsis montana,0.0,0.32,0
6853,Bombus mixtus,Thermopsis montana,0.0,0.36,0
6854,Bombus nevadensis,Thermopsis montana,0.0,0.38,0
6855,Bombus rufocinctus,Thermopsis montana,0.0,0.33,0
6856,Bombus vosnesenskii,Thermopsis montana,0.0,0.39,0
6857,Coelioxys rufitarsis,Thermopsis montana,0.0,0.32,0
6858,Colletes phaceliae,Thermopsis montana,0.0,0.29,0
6859,Diadasia nigrifrons,Thermopsis montana,0.0,0.25,0
6860,Halictus farinosus,Thermopsis montana,0.0,0.42,0
6861,Halictus ligatus,Thermopsis montana,0.0,0.41,0
6862,Halictus rubicundus,Thermopsis montana,0.0,0.36,0
6863,Halictus tripartitus,Thermopsis montana,0.0,0.29,0
6864,Hylaeus verticalis,Thermopsis montana,1.0,0.27,0
6865,Lasioglossum albipenne,Thermopsis montana,0.0,0.06,0
6866,Lasioglossum cooleyi,Thermopsis montana,0.0,0.17,0
6867,Lasioglossum incompletum,Thermopsis montana,0.0,0.42,0
6868,Lasioglossum laevissimum,Thermopsis montana,0.0,0.25,0
6869,Lasioglossum nevadense,Thermopsis montana,0.0,0.2,0
6870,Lasioglossum olympiae,Thermopsis montana,0.0,0.42,0
6871,Lasioglossum ovaliceps,Thermopsis montana,0.0,0.17,0
6872,Lasioglossum sedi,Thermopsis montana,0.0,0.07,0
6873,Lasioglossum sp.,Thermopsis montana,0.0,0.36,0
6874,Lasioglossum sp. 2,Thermopsis montana,0.0,0.35,0
6875,Lasioglossum titusi,Thermopsis montana,0.0,0.23,0
6876,Megachile apicalis,Thermopsis montana,0.0,0.13,0
6877,Megachile nevadensis,Thermopsis montana,0.0,0.08,0
6878,Megachile onobrychidis,Thermopsis montana,0.0,0.42,0
6879,Megachile perihirta,Thermopsis montana,0.0,0.38,0
6880,Melissodes bimatris,Thermopsis montana,0.0,0.2,0
6881,Melissodes lupinus,Thermopsis montana,0.0,0.2,0
6882,Melissodes lutulentus,Thermopsis montana,0.0,0.15,0
6883,Melissodes microstictus,Thermopsis montana,0.0,0.22,0
6884,Melissodes pallidisignatus,Thermopsis montana,0.0,0.2,0
6885,Melissodes rivalis,Thermopsis montana,0.0,0.15,0
6886,Melissodes subagilis,Thermopsis montana,0.0,0.15,0
6887,Osmia atrocyanea,Thermopsis montana,0.0,0.17,0
6888,Osmia brevis,Thermopsis montana,0.0,0.07,0
6889,Osmia bucephala,Thermopsis montana,1.0,0.23,0
6890,Osmia integra,Thermopsis montana,1.0,0.23,0
6891,Osmia juxta,Thermopsis montana,0.0,0.29,0
6892,Osmia raritatis,Thermopsis montana,0.0,0.23,0
6893,Osmia sp. 2,Thermopsis montana,0.0,0.18,0
6894,Panurginus torchio,Thermopsis montana,0.0,0.23,0
6895,Perdita wyomingensis,Thermopsis montana,0.0,0.17,0
6896,Sphecodes sp.,Thermopsis montana,0.0,0.07,0
6897,Svastra obliqua,Thermopsis montana,0.0,0.13,0
6898,Triepeolus paenepectoralis,Thermopsis montana,0.0,0.22,0
6899,Xeromelecta californica,Thermopsis montana,0.0,0.07,0
6900,Agapostemon femoratus,Toxicoscordion venenosum,0.0,0.05,0
6901,Agapostemon texanus,Toxicoscordion venenosum,0.0,0.06,0
6902,Andrena astragali,Toxicoscordion venenosum,1.0,0.63,1
6903,Andrena barbilabris,Toxicoscordion venenosum,0.0,0.03,0
6904,Andrena cyanophila,Toxicoscordion venenosum,0.0,0.05,0
6905,Andrena melanochroa,Toxicoscordion venenosum,0.0,0.04,0
6906,Andrena nigrocaerulea,Toxicoscordion venenosum,0.0,0.03,0
6907,Andrena nivalis,Toxicoscordion venenosum,0.0,0.02,0
6908,Andrena pallidifovea,Toxicoscordion venenosum,0.0,0.05,0
6909,Andrena prunorum,Toxicoscordion venenosum,0.0,0.06,0
6910,Andrena sp. 1,Toxicoscordion venenosum,0.0,0.02,0
6911,Andrena sp. A,Toxicoscordion venenosum,0.0,0.03,0
6912,Andrena transnigra,Toxicoscordion venenosum,0.0,0.03,0
6913,Andrena vicinoides,Toxicoscordion venenosum,0.0,0.02,0
6914,Anthophora bomboides,Toxicoscordion venenosum,0.0,0.02,0
6915,Anthophora curta,Toxicoscordion venenosum,0.0,0.04,0
6916,Anthophora pacifica,Toxicoscordion venenosum,0.0,0.02,0
6917,Anthophora urbana,Toxicoscordion venenosum,0.0,0.07,0
6918,Bombus appositus,Toxicoscordion venenosum,0.0,0.05,0
6919,Bombus bifarius,Toxicoscordion venenosum,0.0,0.08,0
6920,Bombus californicus,Toxicoscordion venenosum,0.0,0.09,0
6921,Bombus centralis,Toxicoscordion venenosum,0.0,0.06,0
6922,Bombus fernaldae,Toxicoscordion venenosum,0.0,0.03,0
6923,Bombus fervidus,Toxicoscordion venenosum,0.0,0.02,0
6924,Bombus flavifrons,Toxicoscordion venenosum,0.0,0.07,0
6925,Bombus griseocollis,Toxicoscordion venenosum,0.0,0.05,0
6926,Bombus huntii,Toxicoscordion venenosum,0.0,0.06,0
6927,Bombus insularis,Toxicoscordion venenosum,0.0,0.05,0
6928,Bombus mixtus,Toxicoscordion venenosum,0.0,0.05,0
6929,Bombus nevadensis,Toxicoscordion venenosum,0.0,0.06,0
6930,Bombus rufocinctus,Toxicoscordion venenosum,0.0,0.06,0
6931,Bombus vosnesenskii,Toxicoscordion venenosum,0.0,0.05,0
6932,Coelioxys rufitarsis,Toxicoscordion venenosum,0.0,0.05,0
6933,Colletes phaceliae,Toxicoscordion venenosum,0.0,0.05,0
6934,Diadasia nigrifrons,Toxicoscordion venenosum,0.0,0.05,0
6935,Halictus farinosus,Toxicoscordion venenosum,0.0,0.06,0
6936,Halictus ligatus,Toxicoscordion venenosum,0.0,0.05,0
6937,Halictus rubicundus,Toxicoscordion venenosum,0.0,0.06,0
6938,Halictus tripartitus,Toxicoscordion venenosum,0.0,0.05,0
6939,Hylaeus verticalis,Toxicoscordion venenosum,0.0,0.05,0
6940,Lasioglossum albipenne,Toxicoscordion venenosum,0.0,0.02,0
6941,Lasioglossum cooleyi,Toxicoscordion venenosum,0.0,0.03,0
6942,Lasioglossum incompletum,Toxicoscordion venenosum,0.0,0.05,0
6943,Lasioglossum laevissimum,Toxicoscordion venenosum,0.0,0.03,0
6944,Lasioglossum nevadense,Toxicoscordion venenosum,0.0,0.03,0
6945,Lasioglossum olympiae,Toxicoscordion venenosum,0.0,0.06,0
6946,Lasioglossum ovaliceps,Toxicoscordion venenosum,0.0,0.03,0
6947,Lasioglossum sedi,Toxicoscordion venenosum,0.0,0.02,0
6948,Lasioglossum sp.,Toxicoscordion venenosum,0.0,0.06,0
6949,Lasioglossum sp. 2,Toxicoscordion venenosum,0.0,0.05,0
6950,Lasioglossum titusi,Toxicoscordion venenosum,0.0,0.04,0
6951,Megachile apicalis,Toxicoscordion venenosum,0.0,0.03,0
6952,Megachile nevadensis,Toxicoscordion venenosum,0.0,0.02,0
6953,Megachile onobrychidis,Toxicoscordion venenosum,0.0,0.06,0
6954,Megachile perihirta,Toxicoscordion venenosum,0.0,0.06,0
6955,Melissodes bimatris,Toxicoscordion venenosum,0.0,0.04,0
6956,Melissodes lupinus,Toxicoscordion venenosum,0.0,0.03,0
6957,Melissodes lutulentus,Toxicoscordion venenosum,0.0,0.03,0
6958,Melissodes microstictus,Toxicoscordion venenosum,0.0,0.05,0
6959,Melissodes pallidisignatus,Toxicoscordion venenosum,0.0,0.04,0
6960,Melissodes rivalis,Toxicoscordion venenosum,0.0,0.03,0
6961,Melissodes subagilis,Toxicoscordion venenosum,0.0,0.03,0
6962,Osmia atrocyanea,Toxicoscordion venenosum,0.0,0.02,0
6963,Osmia brevis,Toxicoscordion venenosum,0.0,0.02,0
6964,Osmia bucephala,Toxicoscordion venenosum,0.0,0.03,0
6965,Osmia integra,Toxicoscordion venenosum,0.0,0.03,0
6966,Osmia juxta,Toxicoscordion venenosum,0.0,0.04,0
6967,Osmia raritatis,Toxicoscordion venenosum,0.0,0.04,0
6968,Osmia sp. 2,Toxicoscordion venenosum,0.0,0.03,0
6969,Panurginus torchio,Toxicoscordion venenosum,0.0,0.03,0
6970,Perdita wyomingensis,Toxicoscordion venenosum,0.0,0.03,0
6971,Sphecodes sp.,Toxicoscordion venenosum,0.0,0.02,0
6972,Svastra obliqua,Toxicoscordion venenosum,0.0,0.03,0
6973,Triepeolus paenepectoralis,Toxicoscordion venenosum,0.0,0.03,0
6974,Xeromelecta californica,Toxicoscordion venenosum,0.0,0.02,0
6975,Agapostemon femoratus,Tragopogon dubius,0.0,0.05,0
6976,Agapostemon texanus,Tragopogon dubius,0.0,0.04,0
6977,Andrena astragali,Tragopogon dubius,0.0,0.04,0
6978,Andrena barbilabris,Tragopogon dubius,0.0,0.03,0
6979,Andrena cyanophila,Tragopogon dubius,0.0,0.04,0
6980,Andrena melanochroa,Tragopogon dubius,0.0,0.03,0
6981,Andrena nigrocaerulea,Tragopogon dubius,0.0,0.03,0
6982,Andrena nivalis,Tragopogon dubius,0.0,0.02,0
6983,Andrena pallidifovea,Tragopogon dubius,0.0,0.04,0
6984,Andrena prunorum,Tragopogon dubius,0.0,0.08,0
6985,Andrena sp. 1,Tragopogon dubius,0.0,0.02,0
6986,Andrena sp. A,Tragopogon dubius,0.0,0.03,0
6987,Andrena transnigra,Tragopogon dubius,0.0,0.03,0
6988,Andrena vicinoides,Tragopogon dubius,0.0,0.02,0
6989,Anthophora bomboides,Tragopogon dubius,0.0,0.03,0
6990,Anthophora curta,Tragopogon dubius,0.0,0.04,0
6991,Anthophora pacifica,Tragopogon dubius,0.0,0.02,0
6992,Anthophora urbana,Tragopogon dubius,0.0,0.04,0
6993,Bombus appositus,Tragopogon dubius,1.0,0.71,1
6994,Bombus bifarius,Tragopogon dubius,0.0,0.07,0
6995,Bombus californicus,Tragopogon dubius,0.0,0.07,0
6996,Bombus centralis,Tragopogon dubius,0.0,0.06,0
6997,Bombus fernaldae,Tragopogon dubius,0.0,0.03,0
6998,Bombus fervidus,Tragopogon dubius,0.0,0.03,0
6999,Bombus flavifrons,Tragopogon dubius,0.0,0.07,0
7000,Bombus griseocollis,Tragopogon dubius,0.0,0.04,0
7001,Bombus huntii,Tragopogon dubius,0.0,0.04,0
7002,Bombus insularis,Tragopogon dubius,0.0,0.04,0
7003,Bombus mixtus,Tragopogon dubius,0.0,0.04,0
7004,Bombus nevadensis,Tragopogon dubius,0.0,0.04,0
7005,Bombus rufocinctus,Tragopogon dubius,0.0,0.04,0
7006,Bombus vosnesenskii,Tragopogon dubius,0.0,0.05,0
7007,Coelioxys rufitarsis,Tragopogon dubius,0.0,0.04,0
7008,Colletes phaceliae,Tragopogon dubius,0.0,0.04,0
7009,Diadasia nigrifrons,Tragopogon dubius,0.0,0.04,0
7010,Halictus farinosus,Tragopogon dubius,0.0,0.06,0
7011,Halictus ligatus,Tragopogon dubius,0.0,0.03,0
7012,Halictus rubicundus,Tragopogon dubius,0.0,0.04,0
7013,Halictus tripartitus,Tragopogon dubius,0.0,0.04,0
7014,Hylaeus verticalis,Tragopogon dubius,0.0,0.04,0
7015,Lasioglossum albipenne,Tragopogon dubius,0.0,0.02,0
7016,Lasioglossum cooleyi,Tragopogon dubius,0.0,0.03,0
7017,Lasioglossum incompletum,Tragopogon dubius,0.0,0.04,0
7018,Lasioglossum laevissimum,Tragopogon dubius,0.0,0.03,0
7019,Lasioglossum nevadense,Tragopogon dubius,0.0,0.03,0
7020,Lasioglossum olympiae,Tragopogon dubius,0.0,0.06,0
7021,Lasioglossum ovaliceps,Tragopogon dubius,0.0,0.03,0
7022,Lasioglossum sedi,Tragopogon dubius,0.0,0.02,0
7023,Lasioglossum sp.,Tragopogon dubius,0.0,0.05,0
7024,Lasioglossum sp. 2,Tragopogon dubius,0.0,0.04,0
7025,Lasioglossum titusi,Tragopogon dubius,0.0,0.04,0
7026,Megachile apicalis,Tragopogon dubius,0.0,0.03,0
7027,Megachile nevadensis,Tragopogon dubius,0.0,0.02,0
7028,Megachile onobrychidis,Tragopogon dubius,0.0,0.07,0
7029,Megachile perihirta,Tragopogon dubius,0.0,0.04,0
7030,Melissodes bimatris,Tragopogon dubius,0.0,0.04,0
7031,Melissodes lupinus,Tragopogon dubius,0.0,0.03,0
7032,Melissodes lutulentus,Tragopogon dubius,0.0,0.03,0
7033,Melissodes microstictus,Tragopogon dubius,0.0,0.04,0
7034,Melissodes pallidisignatus,Tragopogon dubius,0.0,0.04,0
7035,Melissodes rivalis,Tragopogon dubius,0.0,0.03,0
7036,Melissodes subagilis,Tragopogon dubius,0.0,0.03,0
7037,Osmia atrocyanea,Tragopogon dubius,0.0,0.03,0
7038,Osmia brevis,Tragopogon dubius,0.0,0.02,0
7039,Osmia bucephala,Tragopogon dubius,0.0,0.03,0
7040,Osmia integra,Tragopogon dubius,0.0,0.03,0
7041,Osmia juxta,Tragopogon dubius,0.0,0.04,0
7042,Osmia raritatis,Tragopogon dubius,0.0,0.04,0
7043,Osmia sp. 2,Tragopogon dubius,0.0,0.03,0
7044,Panurginus torchio,Tragopogon dubius,0.0,0.03,0
7045,Perdita wyomingensis,Tragopogon dubius,0.0,0.03,0
7046,Sphecodes sp.,Tragopogon dubius,0.0,0.02,0
7047,Svastra obliqua,Tragopogon dubius,0.0,0.03,0
7048,Triepeolus paenepectoralis,Tragopogon dubius,0.0,0.03,0
7049,Xeromelecta californica,Tragopogon dubius,0.0,0.02,0
7050,Agapostemon femoratus,Trifolium eriocephalum,0.0,0.18,0
7051,Agapostemon texanus,Trifolium eriocephalum,0.0,0.16,0
7052,Andrena astragali,Trifolium eriocephalum,0.0,0.11,0
7053,Andrena barbilabris,Trifolium eriocephalum,0.0,0.05,0
7054,Andrena cyanophila,Trifolium eriocephalum,0.0,0.15,0
7055,Andrena melanochroa,Trifolium eriocephalum,0.0,0.12,0
7056,Andrena nigrocaerulea,Trifolium eriocephalum,0.0,0.07,0
7057,Andrena nivalis,Trifolium eriocephalum,0.0,0.03,0
7058,Andrena pallidifovea,Trifolium eriocephalum,0.0,0.13,0
7059,Andrena prunorum,Trifolium eriocephalum,0.0,0.25,0
7060,Andrena sp. 1,Trifolium eriocephalum,0.0,0.03,0
7061,Andrena sp. A,Trifolium eriocephalum,0.0,0.05,0
7062,Andrena transnigra,Trifolium eriocephalum,0.0,0.08,0
7063,Andrena vicinoides,Trifolium eriocephalum,0.0,0.03,0
7064,Anthophora bomboides,Trifolium eriocephalum,0.0,0.05,0
7065,Anthophora curta,Trifolium eriocephalum,0.0,0.08,0
7066,Anthophora pacifica,Trifolium eriocephalum,0.0,0.03,0
7067,Anthophora urbana,Trifolium eriocephalum,0.0,0.21,0
7068,Bombus appositus,Trifolium eriocephalum,0.0,0.24,0
7069,Bombus bifarius,Trifolium eriocephalum,0.0,0.46,0
7070,Bombus californicus,Trifolium eriocephalum,0.0,0.45,0
7071,Bombus centralis,Trifolium eriocephalum,0.0,0.32,0
7072,Bombus fernaldae,Trifolium eriocephalum,0.0,0.06,0
7073,Bombus fervidus,Trifolium eriocephalum,0.0,0.04,0
7074,Bombus flavifrons,Trifolium eriocephalum,1.0,0.47,0
7075,Bombus griseocollis,Trifolium eriocephalum,0.0,0.1,0
7076,Bombus huntii,Trifolium eriocephalum,0.0,0.21,0
7077,Bombus insularis,Trifolium eriocephalum,0.0,0.18,0
7078,Bombus mixtus,Trifolium eriocephalum,0.0,0.18,0
7079,Bombus nevadensis,Trifolium eriocephalum,0.0,0.22,0
7080,Bombus rufocinctus,Trifolium eriocephalum,0.0,0.2,0
7081,Bombus vosnesenskii,Trifolium eriocephalum,0.0,0.19,0
7082,Coelioxys rufitarsis,Trifolium eriocephalum,0.0,0.19,0
7083,Colletes phaceliae,Trifolium eriocephalum,0.0,0.15,0
7084,Diadasia nigrifrons,Trifolium eriocephalum,0.0,0.11,0
7085,Halictus farinosus,Trifolium eriocephalum,0.0,0.27,0
7086,Halictus ligatus,Trifolium eriocephalum,0.0,0.25,0
7087,Halictus rubicundus,Trifolium eriocephalum,0.0,0.2,0
7088,Halictus tripartitus,Trifolium eriocephalum,0.0,0.14,0
7089,Hylaeus verticalis,Trifolium eriocephalum,0.0,0.12,0
7090,Lasioglossum albipenne,Trifolium eriocephalum,0.0,0.03,0
7091,Lasioglossum cooleyi,Trifolium eriocephalum,0.0,0.05,0
7092,Lasioglossum incompletum,Trifolium eriocephalum,0.0,0.24,0
7093,Lasioglossum laevissimum,Trifolium eriocephalum,0.0,0.09,0
7094,Lasioglossum nevadense,Trifolium eriocephalum,0.0,0.06,0
7095,Lasioglossum olympiae,Trifolium eriocephalum,0.0,0.28,0
7096,Lasioglossum ovaliceps,Trifolium eriocephalum,0.0,0.05,0
7097,Lasioglossum sedi,Trifolium eriocephalum,0.0,0.03,0
7098,Lasioglossum sp.,Trifolium eriocephalum,0.0,0.18,0
7099,Lasioglossum sp. 2,Trifolium eriocephalum,0.0,0.19,0
7100,Lasioglossum titusi,Trifolium eriocephalum,0.0,0.1,0
7101,Megachile apicalis,Trifolium eriocephalum,0.0,0.05,0
7102,Megachile nevadensis,Trifolium eriocephalum,0.0,0.03,0
7103,Megachile onobrychidis,Trifolium eriocephalum,0.0,0.22,0
7104,Megachile perihirta,Trifolium eriocephalum,0.0,0.22,0
7105,Melissodes bimatris,Trifolium eriocephalum,0.0,0.08,0
7106,Melissodes lupinus,Trifolium eriocephalum,0.0,0.06,0
7107,Melissodes lutulentus,Trifolium eriocephalum,0.0,0.05,0
7108,Melissodes microstictus,Trifolium eriocephalum,0.0,0.11,0
7109,Melissodes pallidisignatus,Trifolium eriocephalum,0.0,0.08,0
7110,Melissodes rivalis,Trifolium eriocephalum,0.0,0.05,0
7111,Melissodes subagilis,Trifolium eriocephalum,0.0,0.04,0
7112,Osmia atrocyanea,Trifolium eriocephalum,0.0,0.05,0
7113,Osmia brevis,Trifolium eriocephalum,0.0,0.03,0
7114,Osmia bucephala,Trifolium eriocephalum,0.0,0.05,0
7115,Osmia integra,Trifolium eriocephalum,0.0,0.05,0
7116,Osmia juxta,Trifolium eriocephalum,1.0,0.15,0
7117,Osmia raritatis,Trifolium eriocephalum,0.0,0.09,0
7118,Osmia sp. 2,Trifolium eriocephalum,0.0,0.05,0
7119,Panurginus torchio,Trifolium eriocephalum,0.0,0.07,0
7120,Perdita wyomingensis,Trifolium eriocephalum,0.0,0.05,0
7121,Sphecodes sp.,Trifolium eriocephalum,0.0,0.03,0
7122,Svastra obliqua,Trifolium eriocephalum,0.0,0.05,0
7123,Triepeolus paenepectoralis,Trifolium eriocephalum,0.0,0.08,0
7124,Xeromelecta californica,Trifolium eriocephalum,0.0,0.03,0
7125,Agapostemon femoratus,Trifolium pratense,0.0,0.18,0
7126,Agapostemon texanus,Trifolium pratense,0.0,0.15,0
7127,Andrena astragali,Trifolium pratense,0.0,0.11,0
7128,Andrena barbilabris,Trifolium pratense,0.0,0.06,0
7129,Andrena cyanophila,Trifolium pratense,0.0,0.15,0
7130,Andrena melanochroa,Trifolium pratense,0.0,0.12,0
7131,Andrena nigrocaerulea,Trifolium pratense,0.0,0.08,0
7132,Andrena nivalis,Trifolium pratense,0.0,0.03,0
7133,Andrena pallidifovea,Trifolium pratense,0.0,0.13,0
7134,Andrena prunorum,Trifolium pratense,0.0,0.25,0
7135,Andrena sp. 1,Trifolium pratense,0.0,0.03,0
7136,Andrena sp. A,Trifolium pratense,0.0,0.06,0
7137,Andrena transnigra,Trifolium pratense,0.0,0.09,0
7138,Andrena vicinoides,Trifolium pratense,0.0,0.03,0
7139,Anthophora bomboides,Trifolium pratense,0.0,0.05,0
7140,Anthophora curta,Trifolium pratense,0.0,0.08,0
7141,Anthophora pacifica,Trifolium pratense,0.0,0.03,0
7142,Anthophora urbana,Trifolium pratense,0.0,0.21,0
7143,Bombus appositus,Trifolium pratense,0.0,0.24,0
7144,Bombus bifarius,Trifolium pratense,0.0,0.46,0
7145,Bombus californicus,Trifolium pratense,0.0,0.46,0
7146,Bombus centralis,Trifolium pratense,0.0,0.33,0
7147,Bombus fernaldae,Trifolium pratense,0.0,0.06,0
7148,Bombus fervidus,Trifolium pratense,0.0,0.06,0
7149,Bombus flavifrons,Trifolium pratense,1.0,0.46,0
7150,Bombus griseocollis,Trifolium pratense,0.0,0.11,0
7151,Bombus huntii,Trifolium pratense,0.0,0.21,0
7152,Bombus insularis,Trifolium pratense,0.0,0.18,0
7153,Bombus mixtus,Trifolium pratense,0.0,0.18,0
7154,Bombus nevadensis,Trifolium pratense,0.0,0.22,0
7155,Bombus rufocinctus,Trifolium pratense,0.0,0.2,0
7156,Bombus vosnesenskii,Trifolium pratense,1.0,0.19,0
7157,Coelioxys rufitarsis,Trifolium pratense,0.0,0.19,0
7158,Colletes phaceliae,Trifolium pratense,0.0,0.15,0
7159,Diadasia nigrifrons,Trifolium pratense,0.0,0.11,0
7160,Halictus farinosus,Trifolium pratense,0.0,0.27,0
7161,Halictus ligatus,Trifolium pratense,0.0,0.25,0
7162,Halictus rubicundus,Trifolium pratense,0.0,0.2,0
7163,Halictus tripartitus,Trifolium pratense,0.0,0.15,0
7164,Hylaeus verticalis,Trifolium pratense,0.0,0.12,0
7165,Lasioglossum albipenne,Trifolium pratense,0.0,0.03,0
7166,Lasioglossum cooleyi,Trifolium pratense,0.0,0.06,0
7167,Lasioglossum incompletum,Trifolium pratense,0.0,0.24,0
7168,Lasioglossum laevissimum,Trifolium pratense,0.0,0.1,0
7169,Lasioglossum nevadense,Trifolium pratense,0.0,0.07,0
7170,Lasioglossum olympiae,Trifolium pratense,0.0,0.28,0
7171,Lasioglossum ovaliceps,Trifolium pratense,0.0,0.05,0
7172,Lasioglossum sedi,Trifolium pratense,0.0,0.03,0
7173,Lasioglossum sp.,Trifolium pratense,0.0,0.18,0
7174,Lasioglossum sp. 2,Trifolium pratense,0.0,0.19,0
7175,Lasioglossum titusi,Trifolium pratense,0.0,0.11,0
7176,Megachile apicalis,Trifolium pratense,0.0,0.05,0
7177,Megachile nevadensis,Trifolium pratense,0.0,0.03,0
7178,Megachile onobrychidis,Trifolium pratense,0.0,0.22,0
7179,Megachile perihirta,Trifolium pratense,0.0,0.23,0
7180,Melissodes bimatris,Trifolium pratense,0.0,0.08,0
7181,Melissodes lupinus,Trifolium pratense,0.0,0.06,0
7182,Melissodes lutulentus,Trifolium pratense,0.0,0.05,0
7183,Melissodes microstictus,Trifolium pratense,0.0,0.11,0
7184,Melissodes pallidisignatus,Trifolium pratense,0.0,0.08,0
7185,Melissodes rivalis,Trifolium pratense,0.0,0.05,0
7186,Melissodes subagilis,Trifolium pratense,0.0,0.05,0
7187,Osmia atrocyanea,Trifolium pratense,0.0,0.05,0
7188,Osmia brevis,Trifolium pratense,0.0,0.03,0
7189,Osmia bucephala,Trifolium pratense,0.0,0.05,0
7190,Osmia integra,Trifolium pratense,0.0,0.06,0
7191,Osmia juxta,Trifolium pratense,0.0,0.13,0
7192,Osmia raritatis,Trifolium pratense,0.0,0.1,0
7193,Osmia sp. 2,Trifolium pratense,0.0,0.06,0
7194,Panurginus torchio,Trifolium pratense,0.0,0.08,0
7195,Perdita wyomingensis,Trifolium pratense,0.0,0.06,0
7196,Sphecodes sp.,Trifolium pratense,0.0,0.03,0
7197,Svastra obliqua,Trifolium pratense,0.0,0.05,0
7198,Triepeolus paenepectoralis,Trifolium pratense,0.0,0.08,0
7199,Xeromelecta californica,Trifolium pratense,0.0,0.03,0
7200,Agapostemon femoratus,Trifolium repens,0.0,0.24,0
7201,Agapostemon texanus,Trifolium repens,0.0,0.2,0
7202,Andrena astragali,Trifolium repens,0.0,0.14,0
7203,Andrena barbilabris,Trifolium repens,0.0,0.09,0
7204,Andrena cyanophila,Trifolium repens,0.0,0.2,0
7205,Andrena melanochroa,Trifolium repens,0.0,0.16,0
7206,Andrena nigrocaerulea,Trifolium repens,0.0,0.11,0
7207,Andrena nivalis,Trifolium repens,0.0,0.04,0
7208,Andrena pallidifovea,Trifolium repens,0.0,0.15,0
7209,Andrena prunorum,Trifolium repens,0.0,0.3,0
7210,Andrena sp. 1,Trifolium repens,0.0,0.03,0
7211,Andrena sp. A,Trifolium repens,0.0,0.09,0
7212,Andrena transnigra,Trifolium repens,0.0,0.12,0
7213,Andrena vicinoides,Trifolium repens,0.0,0.03,0
7214,Anthophora bomboides,Trifolium repens,0.0,0.08,0
7215,Anthophora curta,Trifolium repens,0.0,0.1,0
7216,Anthophora pacifica,Trifolium repens,0.0,0.03,0
7217,Anthophora urbana,Trifolium repens,0.0,0.26,0
7218,Bombus appositus,Trifolium repens,0.0,0.3,0
7219,Bombus bifarius,Trifolium repens,1.0,0.5,0
7220,Bombus californicus,Trifolium repens,0.0,0.51,1
7221,Bombus centralis,Trifolium repens,0.0,0.39,0
7222,Bombus fernaldae,Trifolium repens,0.0,0.09,0
7223,Bombus fervidus,Trifolium repens,0.0,0.08,0
7224,Bombus flavifrons,Trifolium repens,0.0,0.52,1
7225,Bombus griseocollis,Trifolium repens,0.0,0.14,0
7226,Bombus huntii,Trifolium repens,0.0,0.26,0
7227,Bombus insularis,Trifolium repens,0.0,0.23,0
7228,Bombus mixtus,Trifolium repens,0.0,0.24,0
7229,Bombus nevadensis,Trifolium repens,0.0,0.27,0
7230,Bombus rufocinctus,Trifolium repens,0.0,0.25,0
7231,Bombus vosnesenskii,Trifolium repens,0.0,0.23,0
7232,Coelioxys rufitarsis,Trifolium repens,0.0,0.24,0
7233,Colletes phaceliae,Trifolium repens,0.0,0.18,0
7234,Diadasia nigrifrons,Trifolium repens,0.0,0.14,0
7235,Halictus farinosus,Trifolium repens,0.0,0.34,0
7236,Halictus ligatus,Trifolium repens,0.0,0.29,0
7237,Halictus rubicundus,Trifolium repens,0.0,0.25,0
7238,Halictus tripartitus,Trifolium repens,0.0,0.2,0
7239,Hylaeus verticalis,Trifolium repens,0.0,0.15,0
7240,Lasioglossum albipenne,Trifolium repens,0.0,0.04,0
7241,Lasioglossum cooleyi,Trifolium repens,0.0,0.09,0
7242,Lasioglossum incompletum,Trifolium repens,0.0,0.28,0
7243,Lasioglossum laevissimum,Trifolium repens,0.0,0.14,0
7244,Lasioglossum nevadense,Trifolium repens,0.0,0.1,0
7245,Lasioglossum olympiae,Trifolium repens,0.0,0.34,0
7246,Lasioglossum ovaliceps,Trifolium repens,0.0,0.08,0
7247,Lasioglossum sedi,Trifolium repens,0.0,0.03,0
7248,Lasioglossum sp.,Trifolium repens,0.0,0.23,0
7249,Lasioglossum sp. 2,Trifolium repens,0.0,0.24,0
7250,Lasioglossum titusi,Trifolium repens,0.0,0.1,0
7251,Megachile apicalis,Trifolium repens,0.0,0.07,0
7252,Megachile nevadensis,Trifolium repens,0.0,0.04,0
7253,Megachile onobrychidis,Trifolium repens,0.0,0.26,0
7254,Megachile perihirta,Trifolium repens,0.0,0.27,0
7255,Melissodes bimatris,Trifolium repens,0.0,0.1,0
7256,Melissodes lupinus,Trifolium repens,0.0,0.09,0
7257,Melissodes lutulentus,Trifolium repens,0.0,0.07,0
7258,Melissodes microstictus,Trifolium repens,0.0,0.15,0
7259,Melissodes pallidisignatus,Trifolium repens,0.0,0.1,0
7260,Melissodes rivalis,Trifolium repens,0.0,0.08,0
7261,Melissodes subagilis,Trifolium repens,0.0,0.08,0
7262,Osmia atrocyanea,Trifolium repens,0.0,0.08,0
7263,Osmia brevis,Trifolium repens,0.0,0.03,0
7264,Osmia bucephala,Trifolium repens,0.0,0.08,0
7265,Osmia integra,Trifolium repens,0.0,0.08,0
7266,Osmia juxta,Trifolium repens,0.0,0.18,0
7267,Osmia raritatis,Trifolium repens,1.0,0.14,0
7268,Osmia sp. 2,Trifolium repens,1.0,0.12,0
7269,Panurginus torchio,Trifolium repens,0.0,0.11,0
7270,Perdita wyomingensis,Trifolium repens,0.0,0.08,0
7271,Sphecodes sp.,Trifolium repens,0.0,0.04,0
7272,Svastra obliqua,Trifolium repens,0.0,0.07,0
7273,Triepeolus paenepectoralis,Trifolium repens,0.0,0.11,0
7274,Xeromelecta californica,Trifolium repens,0.0,0.03,0
7275,Agapostemon femoratus,Trifolium sp.,0.0,0.36,0
7276,Agapostemon texanus,Trifolium sp.,0.0,0.27,0
7277,Andrena astragali,Trifolium sp.,0.0,0.16,0
7278,Andrena barbilabris,Trifolium sp.,0.0,0.16,0
7279,Andrena cyanophila,Trifolium sp.,0.0,0.24,0
7280,Andrena melanochroa,Trifolium sp.,0.0,0.23,0
7281,Andrena nigrocaerulea,Trifolium sp.,0.0,0.17,0
7282,Andrena nivalis,Trifolium sp.,0.0,0.05,0
7283,Andrena pallidifovea,Trifolium sp.,0.0,0.18,0
7284,Andrena prunorum,Trifolium sp.,0.0,0.38,0
7285,Andrena sp. 1,Trifolium sp.,0.0,0.05,0
7286,Andrena sp. A,Trifolium sp.,0.0,0.16,0
7287,Andrena transnigra,Trifolium sp.,0.0,0.18,0
7288,Andrena vicinoides,Trifolium sp.,0.0,0.05,0
7289,Anthophora bomboides,Trifolium sp.,0.0,0.16,0
7290,Anthophora curta,Trifolium sp.,0.0,0.18,0
7291,Anthophora pacifica,Trifolium sp.,0.0,0.05,0
7292,Anthophora urbana,Trifolium sp.,0.0,0.34,0
7293,Bombus appositus,Trifolium sp.,1.0,0.44,0
7294,Bombus bifarius,Trifolium sp.,1.0,0.62,1
7295,Bombus californicus,Trifolium sp.,1.0,0.63,1
7296,Bombus centralis,Trifolium sp.,1.0,0.5,1
7297,Bombus fernaldae,Trifolium sp.,0.0,0.14,0
7298,Bombus fervidus,Trifolium sp.,0.0,0.16,0
7299,Bombus flavifrons,Trifolium sp.,1.0,0.63,1
7300,Bombus griseocollis,Trifolium sp.,0.0,0.25,0
7301,Bombus huntii,Trifolium sp.,0.0,0.34,0
7302,Bombus insularis,Trifolium sp.,0.0,0.3,0
7303,Bombus mixtus,Trifolium sp.,0.0,0.37,0
7304,Bombus nevadensis,Trifolium sp.,0.0,0.36,0
7305,Bombus rufocinctus,Trifolium sp.,0.0,0.3,0
7306,Bombus vosnesenskii,Trifolium sp.,0.0,0.41,0
7307,Coelioxys rufitarsis,Trifolium sp.,0.0,0.3,0
7308,Colletes phaceliae,Trifolium sp.,0.0,0.25,0
7309,Diadasia nigrifrons,Trifolium sp.,0.0,0.16,0
7310,Halictus farinosus,Trifolium sp.,0.0,0.38,0
7311,Halictus ligatus,Trifolium sp.,0.0,0.4,0
7312,Halictus rubicundus,Trifolium sp.,0.0,0.33,0
7313,Halictus tripartitus,Trifolium sp.,0.0,0.25,0
7314,Hylaeus verticalis,Trifolium sp.,0.0,0.17,0
7315,Lasioglossum albipenne,Trifolium sp.,0.0,0.05,0
7316,Lasioglossum cooleyi,Trifolium sp.,0.0,0.15,0
7317,Lasioglossum incompletum,Trifolium sp.,0.0,0.37,0
7318,Lasioglossum laevissimum,Trifolium sp.,0.0,0.22,0
7319,Lasioglossum nevadense,Trifolium sp.,0.0,0.18,0
7320,Lasioglossum olympiae,Trifolium sp.,0.0,0.38,0
7321,Lasioglossum ovaliceps,Trifolium sp.,0.0,0.14,0
7322,Lasioglossum sedi,Trifolium sp.,0.0,0.05,0
7323,Lasioglossum sp.,Trifolium sp.,0.0,0.33,0
7324,Lasioglossum sp. 2,Trifolium sp.,0.0,0.33,0
7325,Lasioglossum titusi,Trifolium sp.,0.0,0.16,0
7326,Megachile apicalis,Trifolium sp.,0.0,0.12,0
7327,Megachile nevadensis,Trifolium sp.,0.0,0.06,0
7328,Megachile onobrychidis,Trifolium sp.,0.0,0.36,0
7329,Megachile perihirta,Trifolium sp.,0.0,0.37,0
7330,Melissodes bimatris,Trifolium sp.,0.0,0.18,0
7331,Melissodes lupinus,Trifolium sp.,0.0,0.16,0
7332,Melissodes lutulentus,Trifolium sp.,0.0,0.12,0
7333,Melissodes microstictus,Trifolium sp.,0.0,0.15,0
7334,Melissodes pallidisignatus,Trifolium sp.,0.0,0.18,0
7335,Melissodes rivalis,Trifolium sp.,0.0,0.12,0
7336,Melissodes subagilis,Trifolium sp.,0.0,0.14,0
7337,Osmia atrocyanea,Trifolium sp.,0.0,0.16,0
7338,Osmia brevis,Trifolium sp.,0.0,0.05,0
7339,Osmia bucephala,Trifolium sp.,0.0,0.16,0
7340,Osmia integra,Trifolium sp.,0.0,0.16,0
7341,Osmia juxta,Trifolium sp.,0.0,0.28,0
7342,Osmia raritatis,Trifolium sp.,1.0,0.22,0
7343,Osmia sp. 2,Trifolium sp.,0.0,0.16,0
7344,Panurginus torchio,Trifolium sp.,0.0,0.17,0
7345,Perdita wyomingensis,Trifolium sp.,0.0,0.15,0
7346,Sphecodes sp.,Trifolium sp.,0.0,0.05,0
7347,Svastra obliqua,Trifolium sp.,0.0,0.12,0
7348,Triepeolus paenepectoralis,Trifolium sp.,0.0,0.2,0
7349,Xeromelecta californica,Trifolium sp.,0.0,0.06,0
7350,Agapostemon femoratus,Trifolium wormskioldii,0.0,0.43,0
7351,Agapostemon texanus,Trifolium wormskioldii,0.0,0.35,0
7352,Andrena astragali,Trifolium wormskioldii,0.0,0.22,0
7353,Andrena barbilabris,Trifolium wormskioldii,0.0,0.24,0
7354,Andrena cyanophila,Trifolium wormskioldii,0.0,0.32,0
7355,Andrena melanochroa,Trifolium wormskioldii,0.0,0.31,0
7356,Andrena nigrocaerulea,Trifolium wormskioldii,0.0,0.25,0
7357,Andrena nivalis,Trifolium wormskioldii,0.0,0.07,0
7358,Andrena pallidifovea,Trifolium wormskioldii,0.0,0.26,0
7359,Andrena prunorum,Trifolium wormskioldii,0.0,0.47,0
7360,Andrena sp. 1,Trifolium wormskioldii,0.0,0.07,0
7361,Andrena sp. A,Trifolium wormskioldii,0.0,0.24,0
7362,Andrena transnigra,Trifolium wormskioldii,0.0,0.26,0
7363,Andrena vicinoides,Trifolium wormskioldii,0.0,0.07,0
7364,Anthophora bomboides,Trifolium wormskioldii,0.0,0.23,0
7365,Anthophora curta,Trifolium wormskioldii,0.0,0.26,0
7366,Anthophora pacifica,Trifolium wormskioldii,0.0,0.07,0
7367,Anthophora urbana,Trifolium wormskioldii,1.0,0.41,0
7368,Bombus appositus,Trifolium wormskioldii,1.0,0.51,1
7369,Bombus bifarius,Trifolium wormskioldii,1.0,0.67,1
7370,Bombus californicus,Trifolium wormskioldii,1.0,0.67,1
7371,Bombus centralis,Trifolium wormskioldii,1.0,0.55,1
7372,Bombus fernaldae,Trifolium wormskioldii,0.0,0.2,0
7373,Bombus fervidus,Trifolium wormskioldii,0.0,0.23,0
7374,Bombus flavifrons,Trifolium wormskioldii,1.0,0.67,1
7375,Bombus griseocollis,Trifolium wormskioldii,0.0,0.32,0
7376,Bombus huntii,Trifolium wormskioldii,0.0,0.42,0
7377,Bombus insularis,Trifolium wormskioldii,0.0,0.41,0
7378,Bombus mixtus,Trifolium wormskioldii,0.0,0.44,0
7379,Bombus nevadensis,Trifolium wormskioldii,0.0,0.42,0
7380,Bombus rufocinctus,Trifolium wormskioldii,0.0,0.4,0
7381,Bombus vosnesenskii,Trifolium wormskioldii,1.0,0.46,0
7382,Coelioxys rufitarsis,Trifolium wormskioldii,0.0,0.4,0
7383,Colletes phaceliae,Trifolium wormskioldii,0.0,0.32,0
7384,Diadasia nigrifrons,Trifolium wormskioldii,0.0,0.22,0
7385,Halictus farinosus,Trifolium wormskioldii,0.0,0.47,0
7386,Halictus ligatus,Trifolium wormskioldii,0.0,0.48,0
7387,Halictus rubicundus,Trifolium wormskioldii,0.0,0.41,0
7388,Halictus tripartitus,Trifolium wormskioldii,0.0,0.33,0
7389,Hylaeus verticalis,Trifolium wormskioldii,0.0,0.24,0
7390,Lasioglossum albipenne,Trifolium wormskioldii,0.0,0.07,0
7391,Lasioglossum cooleyi,Trifolium wormskioldii,0.0,0.22,0
7392,Lasioglossum incompletum,Trifolium wormskioldii,0.0,0.46,0
7393,Lasioglossum laevissimum,Trifolium wormskioldii,0.0,0.3,0
7394,Lasioglossum nevadense,Trifolium wormskioldii,0.0,0.26,0
7395,Lasioglossum olympiae,Trifolium wormskioldii,0.0,0.46,0
7396,Lasioglossum ovaliceps,Trifolium wormskioldii,0.0,0.2,0
7397,Lasioglossum sedi,Trifolium wormskioldii,0.0,0.07,0
7398,Lasioglossum sp.,Trifolium wormskioldii,0.0,0.41,0
7399,Lasioglossum sp. 2,Trifolium wormskioldii,0.0,0.41,0
7400,Lasioglossum titusi,Trifolium wormskioldii,0.0,0.23,0
7401,Megachile apicalis,Trifolium wormskioldii,0.0,0.19,0
7402,Megachile nevadensis,Trifolium wormskioldii,0.0,0.07,0
7403,Megachile onobrychidis,Trifolium wormskioldii,0.0,0.46,0
7404,Megachile perihirta,Trifolium wormskioldii,0.0,0.44,0
7405,Melissodes bimatris,Trifolium wormskioldii,0.0,0.26,0
7406,Melissodes lupinus,Trifolium wormskioldii,0.0,0.23,0
7407,Melissodes lutulentus,Trifolium wormskioldii,0.0,0.2,0
7408,Melissodes microstictus,Trifolium wormskioldii,0.0,0.22,0
7409,Melissodes pallidisignatus,Trifolium wormskioldii,0.0,0.26,0
7410,Melissodes rivalis,Trifolium wormskioldii,0.0,0.17,0
7411,Melissodes subagilis,Trifolium wormskioldii,0.0,0.21,0
7412,Osmia atrocyanea,Trifolium wormskioldii,0.0,0.23,0
7413,Osmia brevis,Trifolium wormskioldii,0.0,0.07,0
7414,Osmia bucephala,Trifolium wormskioldii,0.0,0.23,0
7415,Osmia integra,Trifolium wormskioldii,0.0,0.23,0
7416,Osmia juxta,Trifolium wormskioldii,0.0,0.38,0
7417,Osmia raritatis,Trifolium wormskioldii,1.0,0.29,0
7418,Osmia sp. 2,Trifolium wormskioldii,1.0,0.22,0
7419,Panurginus torchio,Trifolium wormskioldii,0.0,0.24,0
7420,Perdita wyomingensis,Trifolium wormskioldii,0.0,0.23,0
7421,Sphecodes sp.,Trifolium wormskioldii,0.0,0.09,0
7422,Svastra obliqua,Trifolium wormskioldii,0.0,0.19,0
7423,Triepeolus paenepectoralis,Trifolium wormskioldii,0.0,0.27,0
7424,Xeromelecta californica,Trifolium wormskioldii,0.0,0.07,0
7425,Agapostemon femoratus,Triteleia grandiflora,0.0,0.38,0
7426,Agapostemon texanus,Triteleia grandiflora,0.0,0.29,0
7427,Andrena astragali,Triteleia grandiflora,1.0,0.59,1
7428,Andrena barbilabris,Triteleia grandiflora,0.0,0.2,0
7429,Andrena cyanophila,Triteleia grandiflora,0.0,0.28,0
7430,Andrena melanochroa,Triteleia grandiflora,0.0,0.25,0
7431,Andrena nigrocaerulea,Triteleia grandiflora,0.0,0.21,0
7432,Andrena nivalis,Triteleia grandiflora,0.0,0.08,0
7433,Andrena pallidifovea,Triteleia grandiflora,0.0,0.25,0
7434,Andrena prunorum,Triteleia grandiflora,0.0,0.43,0
7435,Andrena sp. 1,Triteleia grandiflora,0.0,0.07,0
7436,Andrena sp. A,Triteleia grandiflora,0.0,0.19,0
7437,Andrena transnigra,Triteleia grandiflora,0.0,0.22,0
7438,Andrena vicinoides,Triteleia grandiflora,0.0,0.07,0
7439,Anthophora bomboides,Triteleia grandiflora,0.0,0.17,0
7440,Anthophora curta,Triteleia grandiflora,0.0,0.19,0
7441,Anthophora pacifica,Triteleia grandiflora,0.0,0.07,0
7442,Anthophora urbana,Triteleia grandiflora,0.0,0.34,0
7443,Bombus appositus,Triteleia grandiflora,0.0,0.4,0
7444,Bombus bifarius,Triteleia grandiflora,0.0,0.6,1
7445,Bombus californicus,Triteleia grandiflora,0.0,0.59,1
7446,Bombus centralis,Triteleia grandiflora,0.0,0.46,0
7447,Bombus fernaldae,Triteleia grandiflora,0.0,0.16,0
7448,Bombus fervidus,Triteleia grandiflora,0.0,0.17,0
7449,Bombus flavifrons,Triteleia grandiflora,1.0,0.57,1
7450,Bombus griseocollis,Triteleia grandiflora,0.0,0.26,0
7451,Bombus huntii,Triteleia grandiflora,0.0,0.34,0
7452,Bombus insularis,Triteleia grandiflora,0.0,0.3,0
7453,Bombus mixtus,Triteleia grandiflora,0.0,0.32,0
7454,Bombus nevadensis,Triteleia grandiflora,0.0,0.37,0
7455,Bombus rufocinctus,Triteleia grandiflora,0.0,0.31,0
7456,Bombus vosnesenskii,Triteleia grandiflora,0.0,0.35,0
7457,Coelioxys rufitarsis,Triteleia grandiflora,0.0,0.31,0
7458,Colletes phaceliae,Triteleia grandiflora,0.0,0.29,0
7459,Diadasia nigrifrons,Triteleia grandiflora,0.0,0.24,0
7460,Halictus farinosus,Triteleia grandiflora,0.0,0.4,0
7461,Halictus ligatus,Triteleia grandiflora,0.0,0.4,0
7462,Halictus rubicundus,Triteleia grandiflora,0.0,0.33,0
7463,Halictus tripartitus,Triteleia grandiflora,0.0,0.29,0
7464,Hylaeus verticalis,Triteleia grandiflora,0.0,0.22,0
7465,Lasioglossum albipenne,Triteleia grandiflora,0.0,0.08,0
7466,Lasioglossum cooleyi,Triteleia grandiflora,0.0,0.17,0
7467,Lasioglossum incompletum,Triteleia grandiflora,1.0,0.38,0
7468,Lasioglossum laevissimum,Triteleia grandiflora,0.0,0.24,0
7469,Lasioglossum nevadense,Triteleia grandiflora,0.0,0.2,0
7470,Lasioglossum olympiae,Triteleia grandiflora,1.0,0.4,0
7471,Lasioglossum ovaliceps,Triteleia grandiflora,0.0,0.15,0
7472,Lasioglossum sedi,Triteleia grandiflora,0.0,0.07,0
7473,Lasioglossum sp.,Triteleia grandiflora,0.0,0.33,0
7474,Lasioglossum sp. 2,Triteleia grandiflora,1.0,0.31,0
7475,Lasioglossum titusi,Triteleia grandiflora,0.0,0.22,0
7476,Megachile apicalis,Triteleia grandiflora,0.0,0.12,0
7477,Megachile nevadensis,Triteleia grandiflora,0.0,0.07,0
7478,Megachile onobrychidis,Triteleia grandiflora,0.0,0.41,0
7479,Megachile perihirta,Triteleia grandiflora,0.0,0.37,0
7480,Melissodes bimatris,Triteleia grandiflora,0.0,0.19,0
7481,Melissodes lupinus,Triteleia grandiflora,0.0,0.18,0
7482,Melissodes lutulentus,Triteleia grandiflora,0.0,0.14,0
7483,Melissodes microstictus,Triteleia grandiflora,0.0,0.22,0
7484,Melissodes pallidisignatus,Triteleia grandiflora,0.0,0.19,0
7485,Melissodes rivalis,Triteleia grandiflora,0.0,0.14,0
7486,Melissodes subagilis,Triteleia grandiflora,0.0,0.16,0
7487,Osmia atrocyanea,Triteleia grandiflora,0.0,0.17,0
7488,Osmia brevis,Triteleia grandiflora,0.0,0.07,0
7489,Osmia bucephala,Triteleia grandiflora,0.0,0.17,0
7490,Osmia integra,Triteleia grandiflora,0.0,0.17,0
7491,Osmia juxta,Triteleia grandiflora,0.0,0.28,0
7492,Osmia raritatis,Triteleia grandiflora,0.0,0.23,0
7493,Osmia sp. 2,Triteleia grandiflora,0.0,0.17,0
7494,Panurginus torchio,Triteleia grandiflora,0.0,0.22,0
7495,Perdita wyomingensis,Triteleia grandiflora,0.0,0.16,0
7496,Sphecodes sp.,Triteleia grandiflora,0.0,0.07,0
7497,Svastra obliqua,Triteleia grandiflora,0.0,0.12,0
7498,Triepeolus paenepectoralis,Triteleia grandiflora,0.0,0.21,0
7499,Xeromelecta californica,Triteleia grandiflora,0.0,0.07,0
7500,Agapostemon femoratus,Vicia villosa,0.0,0.04,0
7501,Agapostemon texanus,Vicia villosa,0.0,0.05,0
7502,Andrena astragali,Vicia villosa,0.0,0.04,0
7503,Andrena barbilabris,Vicia villosa,0.0,0.03,0
7504,Andrena cyanophila,Vicia villosa,0.0,0.04,0
7505,Andrena melanochroa,Vicia villosa,0.0,0.03,0
7506,Andrena nigrocaerulea,Vicia villosa,0.0,0.03,0
7507,Andrena nivalis,Vicia villosa,0.0,0.02,0
7508,Andrena pallidifovea,Vicia villosa,0.0,0.04,0
7509,Andrena prunorum,Vicia villosa,0.0,0.05,0
7510,Andrena sp. 1,Vicia villosa,0.0,0.02,0
7511,Andrena sp. A,Vicia villosa,0.0,0.03,0
7512,Andrena transnigra,Vicia villosa,0.0,0.03,0
7513,Andrena vicinoides,Vicia villosa,0.0,0.02,0
7514,Anthophora bomboides,Vicia villosa,0.0,0.02,0
7515,Anthophora curta,Vicia villosa,0.0,0.04,0
7516,Anthophora pacifica,Vicia villosa,0.0,0.02,0
7517,Anthophora urbana,Vicia villosa,0.0,0.06,0
7518,Bombus appositus,Vicia villosa,0.0,0.04,0
7519,Bombus bifarius,Vicia villosa,0.0,0.07,0
7520,Bombus californicus,Vicia villosa,0.0,0.07,0
7521,Bombus centralis,Vicia villosa,0.0,0.06,0
7522,Bombus fernaldae,Vicia villosa,0.0,0.03,0
7523,Bombus fervidus,Vicia villosa,0.0,0.02,0
7524,Bombus flavifrons,Vicia villosa,0.0,0.07,0
7525,Bombus griseocollis,Vicia villosa,0.0,0.04,0
7526,Bombus huntii,Vicia villosa,0.0,0.04,0
7527,Bombus insularis,Vicia villosa,0.0,0.04,0
7528,Bombus mixtus,Vicia villosa,0.0,0.04,0
7529,Bombus nevadensis,Vicia villosa,1.0,0.84,1
7530,Bombus rufocinctus,Vicia villosa,0.0,0.05,0
7531,Bombus vosnesenskii,Vicia villosa,0.0,0.04,0
7532,Coelioxys rufitarsis,Vicia villosa,0.0,0.04,0
7533,Colletes phaceliae,Vicia villosa,0.0,0.04,0
7534,Diadasia nigrifrons,Vicia villosa,0.0,0.04,0
7535,Halictus farinosus,Vicia villosa,0.0,0.05,0
7536,Halictus ligatus,Vicia villosa,0.0,0.05,0
7537,Halictus rubicundus,Vicia villosa,0.0,0.04,0
7538,Halictus tripartitus,Vicia villosa,0.0,0.04,0
7539,Hylaeus verticalis,Vicia villosa,0.0,0.04,0
7540,Lasioglossum albipenne,Vicia villosa,0.0,0.02,0
7541,Lasioglossum cooleyi,Vicia villosa,0.0,0.03,0
7542,Lasioglossum incompletum,Vicia villosa,0.0,0.06,0
7543,Lasioglossum laevissimum,Vicia villosa,0.0,0.03,0
7544,Lasioglossum nevadense,Vicia villosa,0.0,0.03,0
7545,Lasioglossum olympiae,Vicia villosa,0.0,0.06,0
7546,Lasioglossum ovaliceps,Vicia villosa,0.0,0.03,0
7547,Lasioglossum sedi,Vicia villosa,0.0,0.02,0
7548,Lasioglossum sp.,Vicia villosa,0.0,0.04,0
7549,Lasioglossum sp. 2,Vicia villosa,0.0,0.04,0
7550,Lasioglossum titusi,Vicia villosa,0.0,0.04,0
7551,Megachile apicalis,Vicia villosa,0.0,0.03,0
7552,Megachile nevadensis,Vicia villosa,0.0,0.02,0
7553,Megachile onobrychidis,Vicia villosa,0.0,0.07,0
7554,Megachile perihirta,Vicia villosa,0.0,0.05,0
7555,Melissodes bimatris,Vicia villosa,0.0,0.04,0
7556,Melissodes lupinus,Vicia villosa,0.0,0.03,0
7557,Melissodes lutulentus,Vicia villosa,0.0,0.03,0
7558,Melissodes microstictus,Vicia villosa,0.0,0.04,0
7559,Melissodes pallidisignatus,Vicia villosa,0.0,0.04,0
7560,Melissodes rivalis,Vicia villosa,0.0,0.03,0
7561,Melissodes subagilis,Vicia villosa,0.0,0.03,0
7562,Osmia atrocyanea,Vicia villosa,0.0,0.02,0
7563,Osmia brevis,Vicia villosa,0.0,0.02,0
7564,Osmia bucephala,Vicia villosa,0.0,0.03,0
7565,Osmia integra,Vicia villosa,0.0,0.03,0
7566,Osmia juxta,Vicia villosa,0.0,0.04,0
7567,Osmia raritatis,Vicia villosa,0.0,0.04,0
7568,Osmia sp. 2,Vicia villosa,0.0,0.03,0
7569,Panurginus torchio,Vicia villosa,0.0,0.03,0
7570,Perdita wyomingensis,Vicia villosa,0.0,0.03,0
7571,Sphecodes sp.,Vicia villosa,0.0,0.02,0
7572,Svastra obliqua,Vicia villosa,0.0,0.03,0
7573,Triepeolus paenepectoralis,Vicia villosa,0.0,0.03,0
7574,Xeromelecta californica,Vicia villosa,0.0,0.02,0
