link_ID,higher_level,lower_level,ground_truth,probability,prediction,focal_site,method,raw_score
0,Dasytes nigroaeneus,Asteriscus aquaticus,1,0.5020325220066872,0,Dune system 1,obs,0.008130132809297669
1,Dasytes nigroaeneus,Cakile maritima,0,0.701334027758455,1,Dune system 1,obs,0.8536584761188838
2,Dasytes nigroaeneus,Daucus carota,0,0.7873362296274055,1,Dune system 1,obs,1.3089430110484177
3,Dasytes nigroaeneus,Limonium sp.,0,0.7358268700581171,1,Dune system 1,obs,1.024390176717459
4,Dasytes nigroaeneus,Salvia rosmarinus,0,0.5845459502015167,0,Dune system 1,obs,0.34146337432315843
5,Dasytes nigroaeneus,Sedum sediforme,1,0.5162544452345288,0,Dune system 1,obs,0.0650406996754894
6,Dasytes nigroaeneus,Teucrium capitatum,0,0.5982969193931601,0,Dune system 1,obs,0.3983739411893501
7,Lasioglossum sp.,Asteriscus aquaticus,1,0.7980230240444722,1,Dune system 1,obs,1.3739837387328833
8,Lasioglossum sp.,Cakile maritima,1,0.8616745364521717,1,Dune system 1,obs,1.8292682915174732
9,Lasioglossum sp.,Daucus carota,1,0.9075896064312821,1,Dune system 1,obs,2.2845528443020626
10,Lasioglossum sp.,Limonium sp.,1,0.880797077853118,1,Dune system 1,obs,1.999999998811694
11,Lasioglossum sp.,Salvia rosmarinus,0,0.846487972213311,1,Dune system 1,obs,1.7073170717539057
12,Lasioglossum sp.,Sedum sediforme,1,0.8070406210414581,1,Dune system 1,obs,1.430894307830957
13,Lasioglossum sp.,Teucrium capitatum,1,0.7980230240444722,1,Dune system 1,obs,1.3739837387328833
14,Pyrellia vivida,Asteriscus aquaticus,1,0.586518988951712,0,Dune system 1,obs,0.349593453384472
15,Pyrellia vivida,Cakile maritima,1,0.6910169620003201,0,Dune system 1,obs,0.8048779883140059
16,Pyrellia vivida,Daucus carota,1,0.7790540839823915,1,Dune system 1,obs,1.2601625232435396
17,Pyrellia vivida,Limonium sp.,0,0.7967093975355131,1,Dune system 1,obs,1.3658534972926333
18,Pyrellia vivida,Salvia rosmarinus,0,0.664391592040326,0,Dune system 1,obs,0.6829266948983328
19,Pyrellia vivida,Sedum sediforme,0,0.6892783806790695,0,Dune system 1,obs,0.7967478286307161
20,Pyrellia vivida,Teucrium capitatum,0,0.6769602688421362,0,Dune system 1,obs,0.7398372617645244
21,Tapinoma nigerrinum,Asteriscus aquaticus,1,0.5020325220066872,0,Dune system 1,obs,0.008130132809297641
22,Tapinoma nigerrinum,Cakile maritima,1,0.613823916970534,0,Dune system 1,obs,0.46341466773883144
23,Tapinoma nigerrinum,Daucus carota,0,0.7873362296274055,1,Dune system 1,obs,1.3089430110484177
24,Tapinoma nigerrinum,Limonium sp.,0,0.7358268700581171,1,Dune system 1,obs,1.024390176717459
25,Tapinoma nigerrinum,Salvia rosmarinus,0,0.5845459502015167,0,Dune system 1,obs,0.34146337432315843
26,Tapinoma nigerrinum,Sedum sediforme,0,0.6118949359896821,0,Dune system 1,obs,0.45528450805554177
27,Tapinoma nigerrinum,Teucrium capitatum,0,0.5982969193931601,0,Dune system 1,obs,0.3983739411893501
28,Unknown insect,Asteriscus aquaticus,1,0.5,0,Dune system 1,obs,-0.3333331877658768
29,Unknown insect,Cakile maritima,0,0.6253209290199297,0,Dune system 1,obs,0.5121951555437094
30,Unknown insect,Daucus carota,0,0.7246168617260806,1,Dune system 1,obs,0.9674796904732434
31,Unknown insect,Limonium sp.,0,0.6643916279937605,0,Dune system 1,obs,0.6829268561422845
32,Unknown insect,Salvia rosmarinus,0,0.500000013436996,0,Dune system 1,obs,5.3747983952412426e-8
33,Unknown insect,Sedum sediforme,0,0.5284246161299578,0,Dune system 1,obs,0.11382118748036743
34,Unknown insect,Teucrium capitatum,0,0.514223816330521,0,Dune system 1,obs,0.05691062061417576
35,Ancistrocerus ebusianus,Asteriscus aquaticus,0,0.5982969193931601,0,Dune system 1,obs,0.3983739411893501
36,Ancistrocerus ebusianus,Cakile maritima,1,0.613823916970534,0,Dune system 1,obs,0.46341466773883144
37,Ancistrocerus ebusianus,Daucus carota,0,0.7873362296274055,1,Dune system 1,obs,1.3089430110484177
38,Ancistrocerus ebusianus,Limonium sp.,1,0.6534290432025001,0,Dune system 1,obs,0.6341463683374067
39,Ancistrocerus ebusianus,Salvia rosmarinus,0,0.5845459502015167,0,Dune system 1,obs,0.3414633743231584
40,Ancistrocerus ebusianus,Sedum sediforme,0,0.6118949359896821,0,Dune system 1,obs,0.45528450805554177
41,Ancistrocerus ebusianus,Teucrium capitatum,0,0.5982969193931601,0,Dune system 1,obs,0.3983739411893501
42,Anthophora balearica,Asteriscus aquaticus,0,0.5982969193931601,0,Dune system 1,obs,0.3983739411893501
43,Anthophora balearica,Cakile maritima,1,0.613823916970534,0,Dune system 1,obs,0.46341466773883144
44,Anthophora balearica,Daucus carota,0,0.7873362296274055,1,Dune system 1,obs,1.3089430110484177
45,Anthophora balearica,Limonium sp.,0,0.7358268700581171,1,Dune system 1,obs,1.024390176717459
46,Anthophora balearica,Salvia rosmarinus,1,0.5,0,Dune system 1,obs,-0.048780434056894084
47,Anthophora balearica,Sedum sediforme,0,0.6118949359896821,0,Dune system 1,obs,0.45528450805554177
48,Anthophora balearica,Teucrium capitatum,0,0.5982969193931601,0,Dune system 1,obs,0.3983739411893501
49,Eristalis similis,Asteriscus aquaticus,0,0.514223816330521,0,Dune system 1,obs,0.05691062061417576
50,Eristalis similis,Cakile maritima,1,0.5304501079752978,0,Dune system 1,obs,0.12195134716365713
51,Eristalis similis,Daucus carota,0,0.7246168617260806,1,Dune system 1,obs,0.9674796904732434
52,Eristalis similis,Limonium sp.,0,0.6643916279937605,0,Dune system 1,obs,0.6829268561422845
53,Eristalis similis,Salvia rosmarinus,0,0.500000013436996,0,Dune system 1,obs,5.3747983952412426e-8
54,Eristalis similis,Sedum sediforme,0,0.5284246161299578,0,Dune system 1,obs,0.11382118748036743
55,Eristalis similis,Teucrium capitatum,0,0.514223816330521,0,Dune system 1,obs,0.05691062061417576
56,Eupeodes corollae,Asteriscus aquaticus,0,0.7467400710336123,1,Dune system 1,obs,1.0813008122235435
57,Eupeodes corollae,Cakile maritima,1,0.7588420077124087,1,Dune system 1,obs,1.14634130888918
58,Eupeodes corollae,Daucus carota,1,0.8322454965840499,1,Dune system 1,obs,1.601625843818714
59,Eupeodes corollae,Limonium sp.,1,0.7886943193844351,1,Dune system 1,obs,1.3170730094877554
60,Eupeodes corollae,Salvia rosmarinus,0,0.7358268387145995,1,Dune system 1,obs,1.0243900154735073
61,Eupeodes corollae,Sedum sediforme,0,0.7573510951262944,1,Dune system 1,obs,1.1382113813216175
62,Eupeodes corollae,Teucrium capitatum,1,0.6662019701350366,0,Dune system 1,obs,0.6910567739596464
63,Exoprosopa cf. bowdeni,Asteriscus aquaticus,0,0.5982969193931601,0,Dune system 1,obs,0.3983739411893501
64,Exoprosopa cf. bowdeni,Cakile maritima,1,0.613823916970534,0,Dune system 1,obs,0.46341466773883144
65,Exoprosopa cf. bowdeni,Daucus carota,0,0.7873362296274055,1,Dune system 1,obs,1.3089430110484177
66,Exoprosopa cf. bowdeni,Limonium sp.,1,0.6534290432025001,0,Dune system 1,obs,0.6341463683374067
67,Exoprosopa cf. bowdeni,Salvia rosmarinus,0,0.5845459502015167,0,Dune system 1,obs,0.3414633743231584
68,Exoprosopa cf. bowdeni,Sedum sediforme,0,0.6118949359896821,0,Dune system 1,obs,0.45528450805554177
69,Exoprosopa cf. bowdeni,Teucrium capitatum,0,0.5982969193931601,0,Dune system 1,obs,0.3983739411893501
70,Lydella nigrescens,Asteriscus aquaticus,0,0.514223816330521,0,Dune system 1,obs,0.05691062061417576
71,Lydella nigrescens,Cakile maritima,1,0.5304501079752978,0,Dune system 1,obs,0.12195134716365713
72,Lydella nigrescens,Daucus carota,0,0.7246168617260806,1,Dune system 1,obs,0.9674796904732434
73,Lydella nigrescens,Limonium sp.,0,0.6643916279937605,0,Dune system 1,obs,0.6829268561422845
74,Lydella nigrescens,Salvia rosmarinus,0,0.500000013436996,0,Dune system 1,obs,5.3747983952412426e-8
75,Lydella nigrescens,Sedum sediforme,0,0.5284246161299578,0,Dune system 1,obs,0.11382118748036743
76,Lydella nigrescens,Teucrium capitatum,0,0.514223816330521,0,Dune system 1,obs,0.05691062061417576
77,Meliscaeva auricollis,Asteriscus aquaticus,0,0.6769602688421362,0,Dune system 1,obs,0.7398372617645244
78,Meliscaeva auricollis,Cakile maritima,1,0.6910169620003201,0,Dune system 1,obs,0.8048779883140059
79,Meliscaeva auricollis,Daucus carota,1,0.7790540839823915,1,Dune system 1,obs,1.2601625232435396
80,Meliscaeva auricollis,Limonium sp.,0,0.7967093975355131,1,Dune system 1,obs,1.3658534972926333
81,Meliscaeva auricollis,Salvia rosmarinus,1,0.5726528207332835,0,Dune system 1,obs,0.29268288651828034
82,Meliscaeva auricollis,Sedum sediforme,0,0.6892783806790695,0,Dune system 1,obs,0.7967478286307161
83,Meliscaeva auricollis,Teucrium capitatum,0,0.6769602688421362,0,Dune system 1,obs,0.7398372617645244
84,Mordellistena sp.,Asteriscus aquaticus,0,0.6769602688421362,0,Dune system 1,obs,0.7398372617645245
85,Mordellistena sp.,Cakile maritima,1,0.6910169620003201,0,Dune system 1,obs,0.8048779883140059
86,Mordellistena sp.,Daucus carota,0,0.8389459597409166,1,Dune system 1,obs,1.650406331623592
87,Mordellistena sp.,Limonium sp.,1,0.7262362146065395,1,Dune system 1,obs,0.9756096889125809
88,Mordellistena sp.,Salvia rosmarinus,0,0.664391592040326,0,Dune system 1,obs,0.6829266948983328
89,Mordellistena sp.,Sedum sediforme,1,0.6002493129903461,0,Dune system 1,obs,0.4065040202506638
90,Mordellistena sp.,Teucrium capitatum,0,0.6769602688421362,0,Dune system 1,obs,0.7398372617645245
91,Sarcophaga sp.,Asteriscus aquaticus,0,0.6769602688421362,0,Dune system 1,obs,0.7398372617645245
92,Sarcophaga sp.,Cakile maritima,1,0.6910169620003201,0,Dune system 1,obs,0.8048779883140059
93,Sarcophaga sp.,Daucus carota,1,0.7790540839823915,1,Dune system 1,obs,1.2601625232435396
94,Sarcophaga sp.,Limonium sp.,1,0.7262362146065395,1,Dune system 1,obs,0.9756096889125808
95,Sarcophaga sp.,Salvia rosmarinus,0,0.664391592040326,0,Dune system 1,obs,0.6829266948983328
96,Sarcophaga sp.,Sedum sediforme,0,0.6892783806790695,0,Dune system 1,obs,0.7967478286307161
97,Sarcophaga sp.,Teucrium capitatum,0,0.6769602688421362,0,Dune system 1,obs,0.7398372617645245
98,Sphaerophoria sp.,Asteriscus aquaticus,0,0.5982969193931601,0,Dune system 1,obs,0.3983739411893501
99,Sphaerophoria sp.,Cakile maritima,1,0.613823916970534,0,Dune system 1,obs,0.46341466773883144
100,Sphaerophoria sp.,Daucus carota,1,0.7147769851547863,1,Dune system 1,obs,0.9186992026683652
101,Sphaerophoria sp.,Limonium sp.,0,0.7358268700581171,1,Dune system 1,obs,1.024390176717459
102,Sphaerophoria sp.,Salvia rosmarinus,0,0.5845459502015167,0,Dune system 1,obs,0.34146337432315843
103,Sphaerophoria sp.,Sedum sediforme,0,0.6118949359896821,0,Dune system 1,obs,0.4552845080555418
104,Sphaerophoria sp.,Teucrium capitatum,0,0.5982969193931601,0,Dune system 1,obs,0.3983739411893501
105,Anaspis sp.,Asteriscus aquaticus,0,0.6769602688421362,0,Dune system 1,obs,0.7398372617645245
106,Anaspis sp.,Cakile maritima,0,0.7676558417308335,1,Dune system 1,obs,1.1951217966940582
107,Anaspis sp.,Daucus carota,1,0.7790540839823915,1,Dune system 1,obs,1.2601625232435396
108,Anaspis sp.,Limonium sp.,1,0.7262362146065395,1,Dune system 1,obs,0.9756096889125809
109,Anaspis sp.,Salvia rosmarinus,0,0.664391592040326,0,Dune system 1,obs,0.6829266948983328
110,Anaspis sp.,Sedum sediforme,1,0.6002493129903461,0,Dune system 1,obs,0.4065040202506638
111,Anaspis sp.,Teucrium capitatum,0,0.6769602688421362,0,Dune system 1,obs,0.7398372617645245
112,Anthomyia confusanea,Asteriscus aquaticus,0,0.5982969193931601,0,Dune system 1,obs,0.3983739411893501
113,Anthomyia confusanea,Cakile maritima,0,0.701334027758455,1,Dune system 1,obs,0.8536584761188838
114,Anthomyia confusanea,Daucus carota,1,0.7147769851547863,1,Dune system 1,obs,0.9186992026683652
115,Anthomyia confusanea,Limonium sp.,0,0.7358268700581171,1,Dune system 1,obs,1.024390176717459
116,Anthomyia confusanea,Salvia rosmarinus,0,0.5845459502015167,0,Dune system 1,obs,0.34146337432315843
117,Anthomyia confusanea,Sedum sediforme,1,0.5162544452345288,0,Dune system 1,obs,0.0650406996754894
118,Anthomyia confusanea,Teucrium capitatum,0,0.5982969193931601,0,Dune system 1,obs,0.3983739411893501
119,Camponotus sp,Asteriscus aquaticus,0,0.514223816330521,0,Dune system 1,obs,0.056910620614175705
120,Camponotus sp,Cakile maritima,0,0.6253209290199297,0,Dune system 1,obs,0.5121951555437094
121,Camponotus sp,Daucus carota,1,0.6404311351465845,0,Dune system 1,obs,0.5772358820931909
122,Camponotus sp,Limonium sp.,0,0.6643916279937605,0,Dune system 1,obs,0.6829268561422845
123,Camponotus sp,Salvia rosmarinus,0,0.500000013436996,0,Dune system 1,obs,5.3747983952412426e-8
124,Camponotus sp,Sedum sediforme,0,0.5284246161299578,0,Dune system 1,obs,0.11382118748036743
125,Camponotus sp,Teucrium capitatum,0,0.514223816330521,0,Dune system 1,obs,0.056910620614175705
126,Chelosia sp.,Asteriscus aquaticus,0,0.514223816330521,0,Dune system 1,obs,0.056910620614175705
127,Chelosia sp.,Cakile maritima,0,0.6253209290199297,0,Dune system 1,obs,0.5121951555437094
128,Chelosia sp.,Daucus carota,1,0.6404311351465845,0,Dune system 1,obs,0.5772358820931909
129,Chelosia sp.,Limonium sp.,0,0.6643916279937605,0,Dune system 1,obs,0.6829268561422845
130,Chelosia sp.,Salvia rosmarinus,0,0.500000013436996,0,Dune system 1,obs,5.3747983952412426e-8
131,Chelosia sp.,Sedum sediforme,0,0.5284246161299578,0,Dune system 1,obs,0.11382118748036743
132,Chelosia sp.,Teucrium capitatum,0,0.514223816330521,0,Dune system 1,obs,0.056910620614175705
133,Crematogaster sp.,Asteriscus aquaticus,0,0.514223816330521,0,Dune system 1,obs,0.056910620614175705
134,Crematogaster sp.,Cakile maritima,0,0.6253209290199297,0,Dune system 1,obs,0.5121951555437094
135,Crematogaster sp.,Daucus carota,1,0.6404311351465845,0,Dune system 1,obs,0.5772358820931909
136,Crematogaster sp.,Limonium sp.,0,0.6643916279937605,0,Dune system 1,obs,0.6829268561422845
137,Crematogaster sp.,Salvia rosmarinus,0,0.500000013436996,0,Dune system 1,obs,5.3747983952412426e-8
138,Crematogaster sp.,Sedum sediforme,0,0.5284246161299578,0,Dune system 1,obs,0.11382118748036743
139,Crematogaster sp.,Teucrium capitatum,0,0.514223816330521,0,Dune system 1,obs,0.056910620614175705
140,Episyrphus balteatus,Asteriscus aquaticus,0,0.514223816330521,0,Dune system 1,obs,0.056910620614175705
141,Episyrphus balteatus,Cakile maritima,0,0.6253209290199297,0,Dune system 1,obs,0.5121951555437094
142,Episyrphus balteatus,Daucus carota,1,0.6404311351465845,0,Dune system 1,obs,0.5772358820931909
143,Episyrphus balteatus,Limonium sp.,0,0.6643916279937605,0,Dune system 1,obs,0.6829268561422845
144,Episyrphus balteatus,Salvia rosmarinus,0,0.500000013436996,0,Dune system 1,obs,5.3747983952412426e-8
145,Episyrphus balteatus,Sedum sediforme,0,0.5284246161299578,0,Dune system 1,obs,0.11382118748036743
146,Episyrphus balteatus,Teucrium capitatum,0,0.514223816330521,0,Dune system 1,obs,0.056910620614175705
147,Gasteruption spp.,Asteriscus aquaticus,0,0.514223816330521,0,Dune system 1,obs,0.056910620614175705
148,Gasteruption spp.,Cakile maritima,0,0.6253209290199297,0,Dune system 1,obs,0.5121951555437094
149,Gasteruption spp.,Daucus carota,1,0.6404311351465845,0,Dune system 1,obs,0.5772358820931909
150,Gasteruption spp.,Limonium sp.,0,0.6643916279937605,0,Dune system 1,obs,0.6829268561422845
151,Gasteruption spp.,Salvia rosmarinus,0,0.500000013436996,0,Dune system 1,obs,5.3747983952412426e-8
152,Gasteruption spp.,Sedum sediforme,0,0.5284246161299578,0,Dune system 1,obs,0.11382118748036743
153,Gasteruption spp.,Teucrium capitatum,0,0.514223816330521,0,Dune system 1,obs,0.056910620614175705
154,Lydella thompsoni,Asteriscus aquaticus,0,0.514223816330521,0,Dune system 1,obs,0.056910620614175705
155,Lydella thompsoni,Cakile maritima,0,0.6253209290199297,0,Dune system 1,obs,0.5121951555437094
156,Lydella thompsoni,Daucus carota,1,0.6404311351465845,0,Dune system 1,obs,0.5772358820931909
157,Lydella thompsoni,Limonium sp.,0,0.6643916279937605,0,Dune system 1,obs,0.6829268561422845
158,Lydella thompsoni,Salvia rosmarinus,0,0.500000013436996,0,Dune system 1,obs,5.3747983952412426e-8
159,Lydella thompsoni,Sedum sediforme,0,0.5284246161299578,0,Dune system 1,obs,0.11382118748036743
160,Lydella thompsoni,Teucrium capitatum,0,0.514223816330521,0,Dune system 1,obs,0.056910620614175705
161,Musca domestica,Asteriscus aquaticus,0,0.514223816330521,0,Dune system 1,obs,0.056910620614175705
162,Musca domestica,Cakile maritima,0,0.6253209290199297,0,Dune system 1,obs,0.5121951555437094
163,Musca domestica,Daucus carota,1,0.6404311351465845,0,Dune system 1,obs,0.5772358820931909
164,Musca domestica,Limonium sp.,0,0.6643916279937605,0,Dune system 1,obs,0.6829268561422845
165,Musca domestica,Salvia rosmarinus,0,0.500000013436996,0,Dune system 1,obs,5.3747983952412426e-8
166,Musca domestica,Sedum sediforme,0,0.5284246161299578,0,Dune system 1,obs,0.11382118748036743
167,Musca domestica,Teucrium capitatum,0,0.514223816330521,0,Dune system 1,obs,0.056910620614175705
168,Muscidae sp.,Asteriscus aquaticus,0,0.514223816330521,0,Dune system 1,obs,0.056910620614175705
169,Muscidae sp.,Cakile maritima,0,0.6253209290199297,0,Dune system 1,obs,0.5121951555437094
170,Muscidae sp.,Daucus carota,1,0.6404311351465845,0,Dune system 1,obs,0.5772358820931909
171,Muscidae sp.,Limonium sp.,0,0.6643916279937605,0,Dune system 1,obs,0.6829268561422845
172,Muscidae sp.,Salvia rosmarinus,0,0.500000013436996,0,Dune system 1,obs,5.3747983952412426e-8
173,Muscidae sp.,Sedum sediforme,0,0.5284246161299578,0,Dune system 1,obs,0.11382118748036743
174,Muscidae sp.,Teucrium capitatum,0,0.514223816330521,0,Dune system 1,obs,0.056910620614175705
175,Phthiria cf pulicularia,Asteriscus aquaticus,0,0.514223816330521,0,Dune system 1,obs,0.056910620614175705
176,Phthiria cf pulicularia,Cakile maritima,0,0.6253209290199297,0,Dune system 1,obs,0.5121951555437094
177,Phthiria cf pulicularia,Daucus carota,1,0.6404311351465845,0,Dune system 1,obs,0.5772358820931909
178,Phthiria cf pulicularia,Limonium sp.,0,0.6643916279937605,0,Dune system 1,obs,0.6829268561422845
179,Phthiria cf pulicularia,Salvia rosmarinus,0,0.500000013436996,0,Dune system 1,obs,5.3747983952412426e-8
180,Phthiria cf pulicularia,Sedum sediforme,0,0.5284246161299578,0,Dune system 1,obs,0.11382118748036743
181,Phthiria cf pulicularia,Teucrium capitatum,0,0.514223816330521,0,Dune system 1,obs,0.056910620614175705
182,Phthiria sp.,Asteriscus aquaticus,0,0.514223816330521,0,Dune system 1,obs,0.056910620614175705
183,Phthiria sp.,Cakile maritima,0,0.6253209290199297,0,Dune system 1,obs,0.5121951555437094
184,Phthiria sp.,Daucus carota,1,0.6404311351465845,0,Dune system 1,obs,0.5772358820931909
185,Phthiria sp.,Limonium sp.,0,0.6643916279937605,0,Dune system 1,obs,0.6829268561422845
186,Phthiria sp.,Salvia rosmarinus,0,0.500000013436996,0,Dune system 1,obs,5.3747983952412426e-8
187,Phthiria sp.,Sedum sediforme,0,0.5284246161299578,0,Dune system 1,obs,0.11382118748036743
188,Phthiria sp.,Teucrium capitatum,0,0.514223816330521,0,Dune system 1,obs,0.056910620614175705
189,Podarcis lilfordi,Asteriscus aquaticus,0,0.5982969193931601,0,Dune system 1,obs,0.3983739411893501
190,Podarcis lilfordi,Cakile maritima,0,0.701334027758455,1,Dune system 1,obs,0.8536584761188839
191,Podarcis lilfordi,Daucus carota,1,0.7147769851547863,1,Dune system 1,obs,0.9186992026683654
192,Podarcis lilfordi,Limonium sp.,0,0.7358268700581171,1,Dune system 1,obs,1.024390176717459
193,Podarcis lilfordi,Salvia rosmarinus,1,0.5,0,Dune system 1,obs,-0.048780434056894084
194,Podarcis lilfordi,Sedum sediforme,0,0.6118949359896821,0,Dune system 1,obs,0.4552845080555418
195,Podarcis lilfordi,Teucrium capitatum,0,0.5982969193931601,0,Dune system 1,obs,0.3983739411893501
196,Spilostethus pandurus,Asteriscus aquaticus,0,0.5982969193931601,0,Dune system 1,obs,0.3983739411893501
197,Spilostethus pandurus,Cakile maritima,0,0.701334027758455,1,Dune system 1,obs,0.8536584761188839
198,Spilostethus pandurus,Daucus carota,1,0.7147769851547863,1,Dune system 1,obs,0.9186992026683654
199,Spilostethus pandurus,Limonium sp.,0,0.7358268700581171,1,Dune system 1,obs,1.024390176717459
200,Spilostethus pandurus,Salvia rosmarinus,0,0.5845459502015167,0,Dune system 1,obs,0.34146337432315843
201,Spilostethus pandurus,Sedum sediforme,0,0.6118949359896821,0,Dune system 1,obs,0.4552845080555418
202,Spilostethus pandurus,Teucrium capitatum,1,0.5020325220066872,0,Dune system 1,obs,0.008130132809297669
203,Vanessa atalanta,Asteriscus aquaticus,0,0.514223816330521,0,Dune system 1,obs,0.056910620614175705
204,Vanessa atalanta,Cakile maritima,0,0.6253209290199297,0,Dune system 1,obs,0.5121951555437094
205,Vanessa atalanta,Daucus carota,1,0.6404311351465845,0,Dune system 1,obs,0.5772358820931909
206,Vanessa atalanta,Limonium sp.,0,0.6643916279937605,0,Dune system 1,obs,0.6829268561422845
207,Vanessa atalanta,Salvia rosmarinus,0,0.500000013436996,0,Dune system 1,obs,5.3747983952412426e-8
208,Vanessa atalanta,Sedum sediforme,0,0.5284246161299578,0,Dune system 1,obs,0.11382118748036743
209,Vanessa atalanta,Teucrium capitatum,0,0.514223816330521,0,Dune system 1,obs,0.056910620614175705
210,Autographa gamma,Asteriscus aquaticus,0,0.514223816330521,0,Dune system 1,obs,0.05691062061417576
211,Autographa gamma,Cakile maritima,0,0.6253209290199297,0,Dune system 1,obs,0.5121951555437094
212,Autographa gamma,Daucus carota,0,0.7246168617260806,1,Dune system 1,obs,0.9674796904732434
213,Autographa gamma,Limonium sp.,1,0.5726528601931558,0,Dune system 1,obs,0.29268304776223225
214,Autographa gamma,Salvia rosmarinus,0,0.500000013436996,0,Dune system 1,obs,5.3747983952412426e-8
215,Autographa gamma,Sedum sediforme,0,0.5284246161299578,0,Dune system 1,obs,0.11382118748036743
216,Autographa gamma,Teucrium capitatum,0,0.514223816330521,0,Dune system 1,obs,0.05691062061417576
217,Colias crocea,Asteriscus aquaticus,0,0.514223816330521,0,Dune system 1,obs,0.05691062061417576
218,Colias crocea,Cakile maritima,0,0.6253209290199297,0,Dune system 1,obs,0.5121951555437094
219,Colias crocea,Daucus carota,0,0.7246168617260806,1,Dune system 1,obs,0.9674796904732434
220,Colias crocea,Limonium sp.,1,0.5726528601931558,0,Dune system 1,obs,0.29268304776223225
221,Colias crocea,Salvia rosmarinus,0,0.500000013436996,0,Dune system 1,obs,5.3747983952412426e-8
222,Colias crocea,Sedum sediforme,0,0.5284246161299578,0,Dune system 1,obs,0.11382118748036743
223,Colias crocea,Teucrium capitatum,0,0.514223816330521,0,Dune system 1,obs,0.05691062061417576
224,Eristalinus sepulcharis,Asteriscus aquaticus,0,0.514223816330521,0,Dune system 1,obs,0.05691062061417576
225,Eristalinus sepulcharis,Cakile maritima,0,0.6253209290199297,0,Dune system 1,obs,0.5121951555437094
226,Eristalinus sepulcharis,Daucus carota,0,0.7246168617260806,1,Dune system 1,obs,0.9674796904732434
227,Eristalinus sepulcharis,Limonium sp.,1,0.5726528601931558,0,Dune system 1,obs,0.29268304776223225
228,Eristalinus sepulcharis,Salvia rosmarinus,0,0.500000013436996,0,Dune system 1,obs,5.3747983952412426e-8
229,Eristalinus sepulcharis,Sedum sediforme,0,0.5284246161299578,0,Dune system 1,obs,0.11382118748036743
230,Eristalinus sepulcharis,Teucrium capitatum,0,0.514223816330521,0,Dune system 1,obs,0.05691062061417576
231,Eumenes dubius,Asteriscus aquaticus,0,0.514223816330521,0,Dune system 1,obs,0.05691062061417576
232,Eumenes dubius,Cakile maritima,0,0.6253209290199297,0,Dune system 1,obs,0.5121951555437094
233,Eumenes dubius,Daucus carota,0,0.7246168617260806,1,Dune system 1,obs,0.9674796904732434
234,Eumenes dubius,Limonium sp.,1,0.5726528601931558,0,Dune system 1,obs,0.29268304776223225
235,Eumenes dubius,Salvia rosmarinus,0,0.500000013436996,0,Dune system 1,obs,5.3747983952412426e-8
236,Eumenes dubius,Sedum sediforme,0,0.5284246161299578,0,Dune system 1,obs,0.11382118748036743
237,Eumenes dubius,Teucrium capitatum,0,0.514223816330521,0,Dune system 1,obs,0.05691062061417576
238,Macroglossum stellatarum,Asteriscus aquaticus,0,0.514223816330521,0,Dune system 1,obs,0.05691062061417576
239,Macroglossum stellatarum,Cakile maritima,0,0.6253209290199297,0,Dune system 1,obs,0.5121951555437094
240,Macroglossum stellatarum,Daucus carota,0,0.7246168617260806,1,Dune system 1,obs,0.9674796904732434
241,Macroglossum stellatarum,Limonium sp.,1,0.5726528601931558,0,Dune system 1,obs,0.29268304776223225
242,Macroglossum stellatarum,Salvia rosmarinus,0,0.500000013436996,0,Dune system 1,obs,5.3747983952412426e-8
243,Macroglossum stellatarum,Sedum sediforme,0,0.5284246161299578,0,Dune system 1,obs,0.11382118748036743
244,Macroglossum stellatarum,Teucrium capitatum,0,0.514223816330521,0,Dune system 1,obs,0.05691062061417576
245,Meligethes sp.,Asteriscus aquaticus,0,0.514223816330521,0,Dune system 1,obs,0.05691062061417576
246,Meligethes sp.,Cakile maritima,0,0.6253209290199297,0,Dune system 1,obs,0.5121951555437094
247,Meligethes sp.,Daucus carota,0,0.7246168617260806,1,Dune system 1,obs,0.9674796904732434
248,Meligethes sp.,Limonium sp.,1,0.5726528601931558,0,Dune system 1,obs,0.29268304776223225
249,Meligethes sp.,Salvia rosmarinus,0,0.500000013436996,0,Dune system 1,obs,5.3747983952412426e-8
250,Meligethes sp.,Sedum sediforme,0,0.5284246161299578,0,Dune system 1,obs,0.11382118748036743
251,Meligethes sp.,Teucrium capitatum,0,0.514223816330521,0,Dune system 1,obs,0.05691062061417576
252,Stenopterus sp.,Asteriscus aquaticus,0,0.514223816330521,0,Dune system 1,obs,0.05691062061417576
253,Stenopterus sp.,Cakile maritima,0,0.6253209290199297,0,Dune system 1,obs,0.5121951555437094
254,Stenopterus sp.,Daucus carota,0,0.7246168617260806,1,Dune system 1,obs,0.9674796904732434
255,Stenopterus sp.,Limonium sp.,1,0.5726528601931558,0,Dune system 1,obs,0.29268304776223225
256,Stenopterus sp.,Salvia rosmarinus,0,0.500000013436996,0,Dune system 1,obs,5.3747983952412426e-8
257,Stenopterus sp.,Sedum sediforme,0,0.5284246161299578,0,Dune system 1,obs,0.11382118748036743
258,Stenopterus sp.,Teucrium capitatum,0,0.514223816330521,0,Dune system 1,obs,0.05691062061417576
259,Thyridanthrax elegans,Asteriscus aquaticus,0,0.514223816330521,0,Dune system 1,obs,0.05691062061417576
260,Thyridanthrax elegans,Cakile maritima,0,0.6253209290199297,0,Dune system 1,obs,0.5121951555437094
261,Thyridanthrax elegans,Daucus carota,0,0.7246168617260806,1,Dune system 1,obs,0.9674796904732434
262,Thyridanthrax elegans,Limonium sp.,1,0.5726528601931558,0,Dune system 1,obs,0.29268304776223225
263,Thyridanthrax elegans,Salvia rosmarinus,0,0.500000013436996,0,Dune system 1,obs,5.3747983952412426e-8
264,Thyridanthrax elegans,Sedum sediforme,0,0.5284246161299578,0,Dune system 1,obs,0.11382118748036743
265,Thyridanthrax elegans,Teucrium capitatum,0,0.514223816330521,0,Dune system 1,obs,0.05691062061417576
266,Vanessa cardui,Asteriscus aquaticus,0,0.5982969193931601,0,Dune system 1,obs,0.3983739411893501
267,Vanessa cardui,Cakile maritima,0,0.701334027758455,1,Dune system 1,obs,0.8536584761188839
268,Vanessa cardui,Daucus carota,0,0.7873362296274055,1,Dune system 1,obs,1.3089430110484177
269,Vanessa cardui,Limonium sp.,1,0.6534290432025001,0,Dune system 1,obs,0.6341463683374067
270,Vanessa cardui,Salvia rosmarinus,0,0.5845459502015167,0,Dune system 1,obs,0.3414633743231584
271,Vanessa cardui,Sedum sediforme,0,0.6118949359896821,0,Dune system 1,obs,0.45528450805554177
272,Vanessa cardui,Teucrium capitatum,1,0.5020325220066872,0,Dune system 1,obs,0.008130132809297669
273,Anthomyiidae sp.,Asteriscus aquaticus,0,0.514223816330521,0,Dune system 1,obs,0.05691062061417576
274,Anthomyiidae sp.,Cakile maritima,0,0.6253209290199297,0,Dune system 1,obs,0.5121951555437094
275,Anthomyiidae sp.,Daucus carota,0,0.7246168617260806,1,Dune system 1,obs,0.9674796904732434
276,Anthomyiidae sp.,Limonium sp.,0,0.6643916279937605,0,Dune system 1,obs,0.6829268561422845
277,Anthomyiidae sp.,Salvia rosmarinus,1,0.5,0,Dune system 1,obs,-0.3902437546320684
278,Anthomyiidae sp.,Sedum sediforme,0,0.5284246161299578,0,Dune system 1,obs,0.11382118748036743
279,Anthomyiidae sp.,Teucrium capitatum,0,0.514223816330521,0,Dune system 1,obs,0.05691062061417576
280,Megachile sp.,Asteriscus aquaticus,0,0.514223816330521,0,Dune system 1,obs,0.05691062061417576
281,Megachile sp.,Cakile maritima,0,0.6253209290199297,0,Dune system 1,obs,0.5121951555437094
282,Megachile sp.,Daucus carota,0,0.7246168617260806,1,Dune system 1,obs,0.9674796904732433
283,Megachile sp.,Limonium sp.,0,0.6643916279937605,0,Dune system 1,obs,0.6829268561422845
284,Megachile sp.,Salvia rosmarinus,0,0.500000013436996,0,Dune system 1,obs,5.3747983952412426e-8
285,Megachile sp.,Sedum sediforme,1,0.5,0,Dune system 1,obs,-0.27642262089968506
286,Megachile sp.,Teucrium capitatum,0,0.514223816330521,0,Dune system 1,obs,0.05691062061417576
287,Cheilosia latifrons,Asteriscus aquaticus,0,0.514223816330521,0,Dune system 1,obs,0.05691062061417568
288,Cheilosia latifrons,Cakile maritima,0,0.6253209290199297,0,Dune system 1,obs,0.5121951555437094
289,Cheilosia latifrons,Daucus carota,0,0.7246168617260806,1,Dune system 1,obs,0.9674796904732434
290,Cheilosia latifrons,Limonium sp.,0,0.6643916279937605,0,Dune system 1,obs,0.6829268561422845
291,Cheilosia latifrons,Salvia rosmarinus,0,0.500000013436996,0,Dune system 1,obs,5.3747983952412426e-8
292,Cheilosia latifrons,Sedum sediforme,0,0.5284246161299578,0,Dune system 1,obs,0.11382118748036743
293,Cheilosia latifrons,Teucrium capitatum,1,0.5,0,Dune system 1,obs,-0.3333331877658768
0,Exoprosopa cf. bowdeni,Asteriscus aquaticus,1,0.7701754795285498,1,Dune system 2,obs,1.2093023211217666
1,Exoprosopa cf. bowdeni,Cakile maritima,1,0.9670686678477552,1,Dune system 2,obs,3.3798449545185507
2,Exoprosopa cf. bowdeni,Limonium sp.,1,0.8204471407529423,1,Dune system 2,obs,1.5193798401784502
3,Exoprosopa cf. bowdeni,Teucrium capitatum,1,0.8689233742707684,1,Dune system 2,obs,1.8914728630464706
4,Lasioglossum sp.,Asteriscus aquaticus,1,0.7701754795285498,1,Dune system 2,obs,1.2093023211217666
5,Lasioglossum sp.,Cakile maritima,1,0.9670686678477552,1,Dune system 2,obs,3.3798449545185507
6,Lasioglossum sp.,Limonium sp.,1,0.8204471407529423,1,Dune system 2,obs,1.5193798401784502
7,Lasioglossum sp.,Teucrium capitatum,1,0.8689233742707684,1,Dune system 2,obs,1.8914728630464706
8,Megaselia sp.,Asteriscus aquaticus,1,0.6288138314215763,0,Dune system 2,obs,0.5271314985636202
9,Megaselia sp.,Cakile maritima,1,0.9368892769257823,1,Dune system 2,obs,2.697674414726713
10,Megaselia sp.,Limonium sp.,0,0.8271971155487583,1,Dune system 2,obs,1.565891468085427
11,Megaselia sp.,Teucrium capitatum,1,0.7701754799060782,1,Dune system 2,obs,1.2093023232546325
12,Monomorium sp,Asteriscus aquaticus,1,0.5,0,Dune system 2,obs,-0.1550385435595141
13,Monomorium sp,Cakile maritima,1,0.8824152804996107,1,Dune system 2,obs,2.0155036939644377
14,Monomorium sp,Limonium sp.,0,0.7075926248248727,1,Dune system 2,obs,0.8837205889740183
15,Monomorium sp,Teucrium capitatum,0,0.7783046611753027,1,Dune system 2,obs,1.2558139511616093
16,Anaspis sp.,Asteriscus aquaticus,0,0.7783046608072842,1,Dune system 2,obs,1.2558139490287432
17,Anaspis sp.,Cakile maritima,1,0.9368892769257823,1,Dune system 2,obs,2.697674414726713
18,Anaspis sp.,Limonium sp.,1,0.6978770655353845,0,Dune system 2,obs,0.8372089610670417
19,Anaspis sp.,Teucrium capitatum,1,0.7701754799060782,1,Dune system 2,obs,1.2093023232546325
20,Ancistrocerus ebusianus,Asteriscus aquaticus,0,0.639603381888749,0,Dune system 2,obs,0.5736431264705969
21,Ancistrocerus ebusianus,Cakile maritima,1,0.8824152804996107,1,Dune system 2,obs,2.0155036939644377
22,Ancistrocerus ebusianus,Limonium sp.,1,0.5386822767219068,0,Dune system 2,obs,0.15503891894390764
23,Ancistrocerus ebusianus,Teucrium capitatum,0,0.7783046611753027,1,Dune system 2,obs,1.2558139511616093
24,Anthomyia confusanea,Asteriscus aquaticus,0,0.5,0,Dune system 2,obs,-0.10852691565253736
25,Anthomyia confusanea,Cakile maritima,1,0.7913915252567526,1,Dune system 2,obs,1.3333336518413037
26,Anthomyia confusanea,Limonium sp.,0,0.5502177536251224,0,Dune system 2,obs,0.20155054685088442
27,Anthomyia confusanea,Teucrium capitatum,0,0.6396034684189373,0,Dune system 2,obs,0.5736435018549905
28,Anthomyiidae sp.,Asteriscus aquaticus,0,0.5,0,Dune system 2,obs,-0.10852691565253736
29,Anthomyiidae sp.,Cakile maritima,1,0.7913915252567526,1,Dune system 2,obs,1.3333336518413037
30,Anthomyiidae sp.,Limonium sp.,0,0.5502177536251224,0,Dune system 2,obs,0.20155054685088442
31,Anthomyiidae sp.,Teucrium capitatum,0,0.6396034684189373,0,Dune system 2,obs,0.5736435018549905
32,Anthophora balearica,Asteriscus aquaticus,0,0.5,0,Dune system 2,obs,-0.10852691565253736
33,Anthophora balearica,Cakile maritima,1,0.7913915252567526,1,Dune system 2,obs,1.3333336518413037
34,Anthophora balearica,Limonium sp.,0,0.5502177536251224,0,Dune system 2,obs,0.20155054685088442
35,Anthophora balearica,Teucrium capitatum,0,0.6396034684189373,0,Dune system 2,obs,0.5736435018549905
36,Autographa gamma,Asteriscus aquaticus,0,0.5,0,Dune system 2,obs,-0.10852691565253736
37,Autographa gamma,Cakile maritima,1,0.7913915252567526,1,Dune system 2,obs,1.3333336518413037
38,Autographa gamma,Limonium sp.,0,0.5502177536251224,0,Dune system 2,obs,0.20155054685088442
39,Autographa gamma,Teucrium capitatum,0,0.6396034684189373,0,Dune system 2,obs,0.5736435018549905
40,Colias crocea,Asteriscus aquaticus,0,0.5,0,Dune system 2,obs,-0.10852691565253736
41,Colias crocea,Cakile maritima,1,0.7913915252567526,1,Dune system 2,obs,1.3333336518413037
42,Colias crocea,Limonium sp.,0,0.5502177536251224,0,Dune system 2,obs,0.20155054685088442
43,Colias crocea,Teucrium capitatum,0,0.6396034684189373,0,Dune system 2,obs,0.5736435018549905
44,Dasytes nigroaeneus,Asteriscus aquaticus,0,0.5,0,Dune system 2,obs,-0.10852691565253736
45,Dasytes nigroaeneus,Cakile maritima,1,0.7913915252567526,1,Dune system 2,obs,1.3333336518413037
46,Dasytes nigroaeneus,Limonium sp.,0,0.5502177536251224,0,Dune system 2,obs,0.20155054685088442
47,Dasytes nigroaeneus,Teucrium capitatum,0,0.6396034684189373,0,Dune system 2,obs,0.5736435018549905
48,Episyrphus balteatus,Asteriscus aquaticus,0,0.5,0,Dune system 2,obs,-0.10852691565253736
49,Episyrphus balteatus,Cakile maritima,1,0.7913915252567526,1,Dune system 2,obs,1.3333336518413037
50,Episyrphus balteatus,Limonium sp.,0,0.5502177536251224,0,Dune system 2,obs,0.20155054685088442
51,Episyrphus balteatus,Teucrium capitatum,0,0.6396034684189373,0,Dune system 2,obs,0.5736435018549905
52,Eumenes dubius,Asteriscus aquaticus,0,0.639603381888749,0,Dune system 2,obs,0.5736431264705969
53,Eumenes dubius,Cakile maritima,1,0.8824152804996107,1,Dune system 2,obs,2.0155036939644377
54,Eumenes dubius,Limonium sp.,1,0.5386822767219068,0,Dune system 2,obs,0.15503891894390764
55,Eumenes dubius,Teucrium capitatum,0,0.7783046611753027,1,Dune system 2,obs,1.2558139511616093
56,Eupeodes corollae,Asteriscus aquaticus,0,0.7783046608072842,1,Dune system 2,obs,1.2558139490287432
57,Eupeodes corollae,Cakile maritima,1,0.9368892769257823,1,Dune system 2,obs,2.697674414726713
58,Eupeodes corollae,Limonium sp.,1,0.6978770655353845,0,Dune system 2,obs,0.8372089610670417
59,Eupeodes corollae,Teucrium capitatum,1,0.7701754799060782,1,Dune system 2,obs,1.2093023232546325
60,Hydrellia sp,Asteriscus aquaticus,0,0.5,0,Dune system 2,obs,-0.10852691565253736
61,Hydrellia sp,Cakile maritima,1,0.7913915252567526,1,Dune system 2,obs,1.3333336518413037
62,Hydrellia sp,Limonium sp.,0,0.5502177536251224,0,Dune system 2,obs,0.20155054685088442
63,Hydrellia sp,Teucrium capitatum,0,0.6396034684189373,0,Dune system 2,obs,0.5736435018549905
64,Hylaeus imparilis,Asteriscus aquaticus,0,0.5,0,Dune system 2,obs,-0.10852691565253736
65,Hylaeus imparilis,Cakile maritima,1,0.7913915252567526,1,Dune system 2,obs,1.3333336518413037
66,Hylaeus imparilis,Limonium sp.,0,0.5502177536251224,0,Dune system 2,obs,0.20155054685088442
67,Hylaeus imparilis,Teucrium capitatum,0,0.6396034684189373,0,Dune system 2,obs,0.5736435018549905
68,Lasiommata megera,Asteriscus aquaticus,0,0.5,0,Dune system 2,obs,-0.10852691565253736
69,Lasiommata megera,Cakile maritima,1,0.7913915252567526,1,Dune system 2,obs,1.3333336518413037
70,Lasiommata megera,Limonium sp.,0,0.5502177536251224,0,Dune system 2,obs,0.20155054685088442
71,Lasiommata megera,Teucrium capitatum,0,0.6396034684189373,0,Dune system 2,obs,0.5736435018549905
72,Lucilia silvarum,Asteriscus aquaticus,0,0.5,0,Dune system 2,obs,-0.10852691565253736
73,Lucilia silvarum,Cakile maritima,1,0.7913915252567526,1,Dune system 2,obs,1.3333336518413037
74,Lucilia silvarum,Limonium sp.,0,0.5502177536251224,0,Dune system 2,obs,0.20155054685088442
75,Lucilia silvarum,Teucrium capitatum,0,0.6396034684189373,0,Dune system 2,obs,0.5736435018549905
76,Lydella nigrescens,Asteriscus aquaticus,0,0.5,0,Dune system 2,obs,-0.10852691565253736
77,Lydella nigrescens,Cakile maritima,1,0.7913915252567526,1,Dune system 2,obs,1.3333336518413037
78,Lydella nigrescens,Limonium sp.,0,0.5502177536251224,0,Dune system 2,obs,0.20155054685088442
79,Lydella nigrescens,Teucrium capitatum,0,0.6396034684189373,0,Dune system 2,obs,0.5736435018549905
80,Lydella thompsoni,Asteriscus aquaticus,0,0.5,0,Dune system 2,obs,-0.10852691565253736
81,Lydella thompsoni,Cakile maritima,1,0.7913915252567526,1,Dune system 2,obs,1.3333336518413037
82,Lydella thompsoni,Limonium sp.,0,0.5502177536251224,0,Dune system 2,obs,0.20155054685088442
83,Lydella thompsoni,Teucrium capitatum,0,0.6396034684189373,0,Dune system 2,obs,0.5736435018549905
84,Meligethes sp.,Asteriscus aquaticus,0,0.5,0,Dune system 2,obs,-0.10852691565253736
85,Meligethes sp.,Cakile maritima,1,0.7913915252567526,1,Dune system 2,obs,1.3333336518413037
86,Meligethes sp.,Limonium sp.,0,0.5502177536251224,0,Dune system 2,obs,0.20155054685088442
87,Meligethes sp.,Teucrium capitatum,0,0.6396034684189373,0,Dune system 2,obs,0.5736435018549905
88,Meliscaeva auricollis,Asteriscus aquaticus,0,0.5,0,Dune system 2,obs,-0.10852691565253736
89,Meliscaeva auricollis,Cakile maritima,1,0.7913915252567526,1,Dune system 2,obs,1.3333336518413037
90,Meliscaeva auricollis,Limonium sp.,0,0.5502177536251224,0,Dune system 2,obs,0.20155054685088442
91,Meliscaeva auricollis,Teucrium capitatum,0,0.6396034684189373,0,Dune system 2,obs,0.5736435018549905
92,Microdiptera sp1.,Asteriscus aquaticus,0,0.639603381888749,0,Dune system 2,obs,0.5736431264705969
93,Microdiptera sp1.,Cakile maritima,1,0.8824152804996107,1,Dune system 2,obs,2.0155036939644377
94,Microdiptera sp1.,Limonium sp.,0,0.7075926248248727,1,Dune system 2,obs,0.8837205889740183
95,Microdiptera sp1.,Teucrium capitatum,1,0.628813919038916,0,Dune system 2,obs,0.5271318739480138
96,Mordellistena sp.,Asteriscus aquaticus,0,0.5,0,Dune system 2,obs,-0.10852691565253736
97,Mordellistena sp.,Cakile maritima,1,0.7913915252567526,1,Dune system 2,obs,1.3333336518413037
98,Mordellistena sp.,Limonium sp.,0,0.5502177536251224,0,Dune system 2,obs,0.20155054685088442
99,Mordellistena sp.,Teucrium capitatum,0,0.6396034684189373,0,Dune system 2,obs,0.5736435018549905
100,Musca domestica,Asteriscus aquaticus,0,0.639603381888749,0,Dune system 2,obs,0.5736431264705969
101,Musca domestica,Cakile maritima,1,0.8824152804996107,1,Dune system 2,obs,2.0155036939644377
102,Musca domestica,Limonium sp.,0,0.7075926248248727,1,Dune system 2,obs,0.8837205889740183
103,Musca domestica,Teucrium capitatum,1,0.628813919038916,0,Dune system 2,obs,0.5271318739480138
104,Phthiria sp.,Asteriscus aquaticus,0,0.639603381888749,0,Dune system 2,obs,0.5736431264705969
105,Phthiria sp.,Cakile maritima,1,0.8824152804996107,1,Dune system 2,obs,2.0155036939644377
106,Phthiria sp.,Limonium sp.,0,0.7075926248248727,1,Dune system 2,obs,0.8837205889740183
107,Phthiria sp.,Teucrium capitatum,1,0.628813919038916,0,Dune system 2,obs,0.5271318739480138
108,Pieris rapae,Asteriscus aquaticus,0,0.5,0,Dune system 2,obs,-0.10852691565253736
109,Pieris rapae,Cakile maritima,1,0.7913915252567526,1,Dune system 2,obs,1.3333336518413037
110,Pieris rapae,Limonium sp.,0,0.5502177536251224,0,Dune system 2,obs,0.20155054685088442
111,Pieris rapae,Teucrium capitatum,0,0.6396034684189373,0,Dune system 2,obs,0.5736435018549905
112,Platypalpus sp.,Asteriscus aquaticus,0,0.639603381888749,0,Dune system 2,obs,0.5736431264705969
113,Platypalpus sp.,Cakile maritima,1,0.8824152804996107,1,Dune system 2,obs,2.0155036939644377
114,Platypalpus sp.,Limonium sp.,0,0.7075926248248727,1,Dune system 2,obs,0.8837205889740183
115,Platypalpus sp.,Teucrium capitatum,1,0.628813919038916,0,Dune system 2,obs,0.5271318739480138
116,Podarcis lilfordi,Asteriscus aquaticus,0,0.5,0,Dune system 2,obs,-0.10852691565253736
117,Podarcis lilfordi,Cakile maritima,1,0.7913915252567526,1,Dune system 2,obs,1.3333336518413037
118,Podarcis lilfordi,Limonium sp.,0,0.5502177536251224,0,Dune system 2,obs,0.20155054685088442
119,Podarcis lilfordi,Teucrium capitatum,0,0.6396034684189373,0,Dune system 2,obs,0.5736435018549905
120,Pyrellia vivida,Asteriscus aquaticus,0,0.5,0,Dune system 2,obs,-0.10852691565253736
121,Pyrellia vivida,Cakile maritima,1,0.7913915252567526,1,Dune system 2,obs,1.3333336518413037
122,Pyrellia vivida,Limonium sp.,0,0.5502177536251224,0,Dune system 2,obs,0.20155054685088442
123,Pyrellia vivida,Teucrium capitatum,0,0.6396034684189373,0,Dune system 2,obs,0.5736435018549905
124,Sarcophaga sp.,Asteriscus aquaticus,0,0.639603381888749,0,Dune system 2,obs,0.5736431264705969
125,Sarcophaga sp.,Cakile maritima,1,0.8824152804996107,1,Dune system 2,obs,2.0155036939644377
126,Sarcophaga sp.,Limonium sp.,0,0.7075926248248727,1,Dune system 2,obs,0.8837205889740183
127,Sarcophaga sp.,Teucrium capitatum,1,0.628813919038916,0,Dune system 2,obs,0.5271318739480138
128,Sphaeroceridae sp,Asteriscus aquaticus,0,0.5,0,Dune system 2,obs,-0.10852691565253736
129,Sphaeroceridae sp,Cakile maritima,1,0.7913915252567526,1,Dune system 2,obs,1.3333336518413037
130,Sphaeroceridae sp,Limonium sp.,0,0.5502177536251224,0,Dune system 2,obs,0.20155054685088442
131,Sphaeroceridae sp,Teucrium capitatum,0,0.6396034684189373,0,Dune system 2,obs,0.5736435018549905
132,Sphaerophoria sp.,Asteriscus aquaticus,0,0.639603381888749,0,Dune system 2,obs,0.5736431264705969
133,Sphaerophoria sp.,Cakile maritima,1,0.8824152804996107,1,Dune system 2,obs,2.0155036939644377
134,Sphaerophoria sp.,Limonium sp.,1,0.5386822767219068,0,Dune system 2,obs,0.15503891894390764
135,Sphaerophoria sp.,Teucrium capitatum,0,0.7783046611753027,1,Dune system 2,obs,1.2558139511616093
136,Spilostethus pandurus,Asteriscus aquaticus,0,0.639603381888749,0,Dune system 2,obs,0.5736431264705969
137,Spilostethus pandurus,Cakile maritima,1,0.8824152804996107,1,Dune system 2,obs,2.0155036939644377
138,Spilostethus pandurus,Limonium sp.,0,0.7075926248248727,1,Dune system 2,obs,0.8837205889740183
139,Spilostethus pandurus,Teucrium capitatum,1,0.628813919038916,0,Dune system 2,obs,0.5271318739480138
140,Stomorhina lunata,Asteriscus aquaticus,0,0.5,0,Dune system 2,obs,-0.10852691565253736
141,Stomorhina lunata,Cakile maritima,1,0.7913915252567526,1,Dune system 2,obs,1.3333336518413037
142,Stomorhina lunata,Limonium sp.,0,0.5502177536251224,0,Dune system 2,obs,0.20155054685088442
143,Stomorhina lunata,Teucrium capitatum,0,0.6396034684189373,0,Dune system 2,obs,0.5736435018549905
144,Tachysphex obscuripennis,Asteriscus aquaticus,0,0.5,0,Dune system 2,obs,-0.10852691565253736
145,Tachysphex obscuripennis,Cakile maritima,1,0.7913915252567526,1,Dune system 2,obs,1.3333336518413037
146,Tachysphex obscuripennis,Limonium sp.,0,0.5502177536251224,0,Dune system 2,obs,0.20155054685088442
147,Tachysphex obscuripennis,Teucrium capitatum,0,0.6396034684189373,0,Dune system 2,obs,0.5736435018549905
148,Tapinoma nigerrinum,Asteriscus aquaticus,0,0.5,0,Dune system 2,obs,-0.10852691565253736
149,Tapinoma nigerrinum,Cakile maritima,1,0.7913915252567526,1,Dune system 2,obs,1.3333336518413037
150,Tapinoma nigerrinum,Limonium sp.,0,0.5502177536251224,0,Dune system 2,obs,0.20155054685088442
151,Tapinoma nigerrinum,Teucrium capitatum,0,0.6396034684189373,0,Dune system 2,obs,0.5736435018549905
152,Vanessa cardui,Asteriscus aquaticus,0,0.639603381888749,0,Dune system 2,obs,0.5736431264705969
153,Vanessa cardui,Cakile maritima,1,0.8824152804996107,1,Dune system 2,obs,2.0155036939644377
154,Vanessa cardui,Limonium sp.,1,0.5386822767219068,0,Dune system 2,obs,0.15503891894390764
155,Vanessa cardui,Teucrium capitatum,0,0.7783046611753027,1,Dune system 2,obs,1.2558139511616093
156,Clairvillia pninae,Asteriscus aquaticus,0,0.5,0,Dune system 2,obs,-0.10852691565253736
157,Clairvillia pninae,Cakile maritima,0,0.8871560816120563,1,Dune system 2,obs,2.0620153218714146
158,Clairvillia pninae,Limonium sp.,1,0.5,0,Dune system 2,obs,-0.5271317791970631
159,Clairvillia pninae,Teucrium capitatum,0,0.6396034684189373,0,Dune system 2,obs,0.5736435018549905
160,Eristalis similis,Asteriscus aquaticus,0,0.5,0,Dune system 2,obs,-0.10852691565253736
161,Eristalis similis,Cakile maritima,0,0.8871560816120563,1,Dune system 2,obs,2.0620153218714146
162,Eristalis similis,Limonium sp.,0,0.5502177536251224,0,Dune system 2,obs,0.20155054685088442
163,Eristalis similis,Teucrium capitatum,1,0.5,0,Dune system 2,obs,-0.15503875632904285
164,Gonepterix cleopatra,Asteriscus aquaticus,0,0.5,0,Dune system 2,obs,-0.10852691565253736
165,Gonepterix cleopatra,Cakile maritima,0,0.8871560816120563,1,Dune system 2,obs,2.0620153218714146
166,Gonepterix cleopatra,Limonium sp.,0,0.5502177536251224,0,Dune system 2,obs,0.20155054685088442
167,Gonepterix cleopatra,Teucrium capitatum,1,0.5,0,Dune system 2,obs,-0.15503875632904285
168,Macroglossum stellatarum,Asteriscus aquaticus,0,0.5,0,Dune system 2,obs,-0.10852691565253736
169,Macroglossum stellatarum,Cakile maritima,0,0.8871560816120563,1,Dune system 2,obs,2.0620153218714146
170,Macroglossum stellatarum,Limonium sp.,0,0.5502177536251224,0,Dune system 2,obs,0.20155054685088442
171,Macroglossum stellatarum,Teucrium capitatum,1,0.5,0,Dune system 2,obs,-0.15503875632904285
172,Vanessa atalanta,Asteriscus aquaticus,0,0.5,0,Dune system 2,obs,-0.10852691565253736
173,Vanessa atalanta,Cakile maritima,0,0.8871560816120563,1,Dune system 2,obs,2.0620153218714146
174,Vanessa atalanta,Limonium sp.,0,0.5502177536251224,0,Dune system 2,obs,0.20155054685088442
175,Vanessa atalanta,Teucrium capitatum,1,0.5,0,Dune system 2,obs,-0.15503875632904285
0,Anthophora balearica,Asphodelus fistulosus,1,0.8381387509126274,1,Pine forest 1,obs,1.6444441795349123
1,Anthophora balearica,Cistus monspeliensis,1,0.9624729546438051,1,Pine forest 1,obs,3.2444440841674806
2,Anthophora balearica,Euphorbia serrata,1,0.898236095801459,1,Pine forest 1,obs,2.1777774810791017
3,Anthophora balearica,Globularia alypum,1,0.7177510118778282,1,Pine forest 1,obs,0.9333331108093261
4,Eristalis similis,Asphodelus fistulosus,1,0.5553280735789732,0,Pine forest 1,obs,0.22222229639689134
5,Eristalis similis,Cistus monspeliensis,1,0.8608325599463387,1,Pine forest 1,obs,1.8222222010294595
6,Eristalis similis,Euphorbia serrata,0,0.8320183673620385,1,Pine forest 1,obs,1.5999998728434244
7,Eristalis similis,Globularia alypum,0,0.5879641223938636,0,Pine forest 1,obs,0.35555550257364904
8,Eupeodes corollae,Asphodelus fistulosus,1,0.7177510376377783,1,Pine forest 1,obs,0.9333332379659017
9,Eupeodes corollae,Cistus monspeliensis,1,0.9264458100677511,1,Pine forest 1,obs,2.5333331425984698
10,Eupeodes corollae,Euphorbia serrata,1,0.8125501876367389,1,Pine forest 1,obs,1.4666665395100913
11,Eupeodes corollae,Globularia alypum,0,0.7439624489378703,1,Pine forest 1,obs,1.0666664441426594
12,Lasioglossum sp.,Asphodelus fistulosus,1,0.5553280735789732,0,Pine forest 1,obs,0.22222229639689134
13,Lasioglossum sp.,Cistus monspeliensis,0,0.9350308192845399,1,Pine forest 1,obs,2.6666664759318035
14,Lasioglossum sp.,Euphorbia serrata,1,0.6803880292223238,0,Pine forest 1,obs,0.7555555979410806
15,Lasioglossum sp.,Globularia alypum,0,0.5879641223938636,0,Pine forest 1,obs,0.35555550257364904
16,Platypalpus sp.,Asphodelus fistulosus,1,0.5553280735789732,0,Pine forest 1,obs,0.22222229639689134
17,Platypalpus sp.,Cistus monspeliensis,0,0.9350308192845399,1,Pine forest 1,obs,2.6666664759318035
18,Platypalpus sp.,Euphorbia serrata,1,0.6803880292223238,0,Pine forest 1,obs,0.7555555979410806
19,Platypalpus sp.,Globularia alypum,0,0.5879641223938636,0,Pine forest 1,obs,0.35555550257364904
20,Anaspis sp.,Asphodelus fistulosus,0,0.7439624731589495,1,Pine forest 1,obs,1.066666571299235
21,Anaspis sp.,Cistus monspeliensis,1,0.8608325599463387,1,Pine forest 1,obs,1.8222222010294595
22,Anaspis sp.,Euphorbia serrata,1,0.6803880292223238,0,Pine forest 1,obs,0.7555555979410806
23,Anaspis sp.,Globularia alypum,0,0.5879641223938636,0,Pine forest 1,obs,0.35555550257364904
24,Ancistrocerus ebusianus,Asphodelus fistulosus,0,0.5879641531991094,0,Pine forest 1,obs,0.3555556297302245
25,Ancistrocerus ebusianus,Cistus monspeliensis,1,0.7523362265023318,1,Pine forest 1,obs,1.1111112594604493
26,Ancistrocerus ebusianus,Euphorbia serrata,0,0.708660833780379,1,Pine forest 1,obs,0.888888931274414
27,Ancistrocerus ebusianus,Globularia alypum,0,0.5,0,Pine forest 1,obs,-0.3555554389953613
28,Dasytes nigroaeneus,Asphodelus fistulosus,0,0.7439624731589495,1,Pine forest 1,obs,1.066666571299235
29,Dasytes nigroaeneus,Cistus monspeliensis,1,0.8608325599463387,1,Pine forest 1,obs,1.8222222010294595
30,Dasytes nigroaeneus,Euphorbia serrata,1,0.6803880292223238,0,Pine forest 1,obs,0.7555555979410806
31,Dasytes nigroaeneus,Globularia alypum,0,0.5879641223938636,0,Pine forest 1,obs,0.35555550257364904
32,Exoprosopa cf. bowdeni,Asphodelus fistulosus,0,0.5879641531991094,0,Pine forest 1,obs,0.3555556297302245
33,Exoprosopa cf. bowdeni,Cistus monspeliensis,1,0.7523362265023318,1,Pine forest 1,obs,1.1111112594604493
34,Exoprosopa cf. bowdeni,Euphorbia serrata,0,0.708660833780379,1,Pine forest 1,obs,0.888888931274414
35,Exoprosopa cf. bowdeni,Globularia alypum,0,0.5,0,Pine forest 1,obs,-0.3555554389953613
36,Lydella nigrescens,Asphodelus fistulosus,0,0.5879641531991094,0,Pine forest 1,obs,0.3555556297302245
37,Lydella nigrescens,Cistus monspeliensis,1,0.7523362265023318,1,Pine forest 1,obs,1.1111112594604493
38,Lydella nigrescens,Euphorbia serrata,0,0.708660833780379,1,Pine forest 1,obs,0.888888931274414
39,Lydella nigrescens,Globularia alypum,0,0.5,0,Pine forest 1,obs,-0.3555554389953613
40,Melanostoma scalare,Asphodelus fistulosus,0,0.5879641531991094,0,Pine forest 1,obs,0.3555556297302245
41,Melanostoma scalare,Cistus monspeliensis,1,0.7523362265023318,1,Pine forest 1,obs,1.1111112594604493
42,Melanostoma scalare,Euphorbia serrata,0,0.708660833780379,1,Pine forest 1,obs,0.888888931274414
43,Melanostoma scalare,Globularia alypum,0,0.5,0,Pine forest 1,obs,-0.3555554389953613
44,Meligethes sp.,Asphodelus fistulosus,0,0.7439624731589495,1,Pine forest 1,obs,1.066666571299235
45,Meligethes sp.,Cistus monspeliensis,1,0.8608325599463387,1,Pine forest 1,obs,1.8222222010294595
46,Meligethes sp.,Euphorbia serrata,1,0.6803880292223238,0,Pine forest 1,obs,0.7555555979410806
47,Meligethes sp.,Globularia alypum,0,0.5879641223938636,0,Pine forest 1,obs,0.35555550257364904
48,Meliscaeva auricollis,Asphodelus fistulosus,0,0.5879641531991094,0,Pine forest 1,obs,0.3555556297302245
49,Meliscaeva auricollis,Cistus monspeliensis,1,0.7523362265023318,1,Pine forest 1,obs,1.1111112594604493
50,Meliscaeva auricollis,Euphorbia serrata,0,0.708660833780379,1,Pine forest 1,obs,0.888888931274414
51,Meliscaeva auricollis,Globularia alypum,0,0.5,0,Pine forest 1,obs,-0.3555554389953613
52,Musca domestica,Asphodelus fistulosus,0,0.7439624731589495,1,Pine forest 1,obs,1.066666571299235
53,Musca domestica,Cistus monspeliensis,1,0.8608325599463387,1,Pine forest 1,obs,1.8222222010294595
54,Musca domestica,Euphorbia serrata,1,0.6803880292223238,0,Pine forest 1,obs,0.7555555979410806
55,Musca domestica,Globularia alypum,0,0.5879641223938636,0,Pine forest 1,obs,0.35555550257364904
56,Phyto melanocephala,Asphodelus fistulosus,0,0.5879641531991094,0,Pine forest 1,obs,0.3555556297302245
57,Phyto melanocephala,Cistus monspeliensis,1,0.7523362265023318,1,Pine forest 1,obs,1.1111112594604493
58,Phyto melanocephala,Euphorbia serrata,0,0.708660833780379,1,Pine forest 1,obs,0.888888931274414
59,Phyto melanocephala,Globularia alypum,0,0.5,0,Pine forest 1,obs,-0.3555554389953613
60,Pyrellia vivida,Asphodelus fistulosus,0,0.5879641531991094,0,Pine forest 1,obs,0.3555556297302245
61,Pyrellia vivida,Cistus monspeliensis,1,0.7523362265023318,1,Pine forest 1,obs,1.1111112594604493
62,Pyrellia vivida,Euphorbia serrata,0,0.708660833780379,1,Pine forest 1,obs,0.888888931274414
63,Pyrellia vivida,Globularia alypum,0,0.5,0,Pine forest 1,obs,-0.3555554389953613
0,Anthophora balearica,Asphodelus fistulosus,1,0.5,0,Pine forest 2,obs,-0.1833330871739787
1,Anthophora balearica,Blackstonia perfoliata,0,0.63799366992740425,0,Pine forest 2,obs,0.5666666634904168
2,Anthophora balearica,Cistus monspeliensis,0,0.934010990090553,1,Pine forest 2,obs,2.649999993214376
3,Anthophora balearica,Fumana ericoides,1,0.5785117064515323,0,Pine forest 2,obs,0.3166667785572823
4,Anthophora balearica,Globularia alypum,0,0.6570104619252036,0,Pine forest 2,obs,0.6499999966793752
5,Eupeodes corollae,Asphodelus fistulosus,0,0.7143624279886196,1,Pine forest 2,obs,0.9166666593035423
6,Eupeodes corollae,Blackstonia perfoliata,1,0.622459330455424,0,Pine forest 2,obs,0.4999999968237503
7,Eupeodes corollae,Cistus monspeliensis,1,0.9297812077264265,1,Pine forest 2,obs,2.583333326547709
8,Eupeodes corollae,Fumana ericoides,0,0.804815321693427,1,Pine forest 2,obs,1.4166666584372924
9,Eupeodes corollae,Globularia alypum,1,0.6418340443253755,0,Pine forest 2,obs,0.5833333300127086
10,Musca domestica,Asphodelus fistulosus,0,0.5986875525807561,0,Pine forest 2,obs,0.3999995524375371
11,Musca domestica,Blackstonia perfoliata,1,0.5,0,Pine forest 2,obs,-0.01666646526355839
12,Musca domestica,Cistus monspeliensis,1,0.8876208549431376,1,Pine forest 2,obs,2.0666663086166963
13,Musca domestica,Fumana ericoides,0,0.7109495018536073,1,Pine forest 2,obs,0.8999999962462504
14,Musca domestica,Globularia alypum,0,0.6570104619252036,0,Pine forest 2,obs,0.6499999966793752
15,Unknown insect,Asphodelus fistulosus,0,0.5,0,Pine forest 2,obs,-0.11666642050731209
16,Unknown insect,Blackstonia perfoliata,1,0.5,0,Pine forest 2,obs,-0.5333333275583338
17,Unknown insect,Cistus monspeliensis,0,0.8941010038623407,1,Pine forest 2,obs,2.133332975283363
18,Unknown insect,Fumana ericoides,0,0.5946768371398474,0,Pine forest 2,obs,0.38333344522394913
19,Unknown insect,Globularia alypum,0,0.5332840828090486,0,Pine forest 2,obs,0.13333351235831847
20,Anaspis sp.,Asphodelus fistulosus,0,0.5,0,Pine forest 2,obs,-0.11666642050731209
21,Anaspis sp.,Blackstonia perfoliata,0,0.5124974468035312,0,Pine forest 2,obs,0.050000201403108346
22,Anaspis sp.,Cistus monspeliensis,1,0.8249137803173979,1,Pine forest 2,obs,1.5500003356718473
23,Anaspis sp.,Fumana ericoides,0,0.5946768371398474,0,Pine forest 2,obs,0.3833334452239491
24,Anaspis sp.,Globularia alypum,0,0.5332840828090486,0,Pine forest 2,obs,0.13333351235831847
25,Ancistrocerus ebusianus,Asphodelus fistulosus,0,0.5,0,Pine forest 2,obs,-0.11666642050731209
26,Ancistrocerus ebusianus,Blackstonia perfoliata,0,0.5124974468035312,0,Pine forest 2,obs,0.050000201403108346
27,Ancistrocerus ebusianus,Cistus monspeliensis,1,0.8249137803173979,1,Pine forest 2,obs,1.5500003356718473
28,Ancistrocerus ebusianus,Fumana ericoides,0,0.5946768371398474,0,Pine forest 2,obs,0.3833334452239491
29,Ancistrocerus ebusianus,Globularia alypum,0,0.5332840828090486,0,Pine forest 2,obs,0.13333351235831847
30,Anthomyia confusanea,Asphodelus fistulosus,0,0.5,0,Pine forest 2,obs,-0.11666642050731209
31,Anthomyia confusanea,Blackstonia perfoliata,0,0.5124974468035312,0,Pine forest 2,obs,0.050000201403108346
32,Anthomyia confusanea,Cistus monspeliensis,1,0.8249137803173979,1,Pine forest 2,obs,1.5500003356718473
33,Anthomyia confusanea,Fumana ericoides,0,0.5946768371398474,0,Pine forest 2,obs,0.3833334452239491
34,Anthomyia confusanea,Globularia alypum,0,0.5332840828090486,0,Pine forest 2,obs,0.13333351235831847
35,Anthomyiidae sp.,Asphodelus fistulosus,0,0.5,0,Pine forest 2,obs,-0.11666642050731209
36,Anthomyiidae sp.,Blackstonia perfoliata,0,0.5124974468035312,0,Pine forest 2,obs,0.050000201403108346
37,Anthomyiidae sp.,Cistus monspeliensis,1,0.8249137803173979,1,Pine forest 2,obs,1.5500003356718473
38,Anthomyiidae sp.,Fumana ericoides,0,0.5946768371398474,0,Pine forest 2,obs,0.3833334452239491
39,Anthomyiidae sp.,Globularia alypum,0,0.5332840828090486,0,Pine forest 2,obs,0.13333351235831847
40,Dasytes nigroaeneus,Asphodelus fistulosus,0,0.5,0,Pine forest 2,obs,-0.11666642050731209
41,Dasytes nigroaeneus,Blackstonia perfoliata,0,0.5124974468035312,0,Pine forest 2,obs,0.050000201403108346
42,Dasytes nigroaeneus,Cistus monspeliensis,1,0.8249137803173979,1,Pine forest 2,obs,1.5500003356718473
43,Dasytes nigroaeneus,Fumana ericoides,0,0.5946768371398474,0,Pine forest 2,obs,0.3833334452239491
44,Dasytes nigroaeneus,Globularia alypum,0,0.5332840828090486,0,Pine forest 2,obs,0.13333351235831847
45,Episyrphus balteatus,Asphodelus fistulosus,0,0.5,0,Pine forest 2,obs,-0.11666642050731209
46,Episyrphus balteatus,Blackstonia perfoliata,0,0.5124974468035312,0,Pine forest 2,obs,0.050000201403108346
47,Episyrphus balteatus,Cistus monspeliensis,1,0.8249137803173979,1,Pine forest 2,obs,1.5500003356718473
48,Episyrphus balteatus,Fumana ericoides,0,0.5946768371398474,0,Pine forest 2,obs,0.3833334452239491
49,Episyrphus balteatus,Globularia alypum,0,0.5332840828090486,0,Pine forest 2,obs,0.13333351235831847
50,Eristalis similis,Asphodelus fistulosus,0,0.5986875525807561,0,Pine forest 2,obs,0.3999995524375371
51,Eristalis similis,Blackstonia perfoliata,0,0.63799366992740425,0,Pine forest 2,obs,0.5666666634904168
52,Eristalis similis,Cistus monspeliensis,1,0.8876208549431376,1,Pine forest 2,obs,2.0666663086166963
53,Eristalis similis,Fumana ericoides,1,0.5785117064515323,0,Pine forest 2,obs,0.3166667785572823
54,Eristalis similis,Globularia alypum,0,0.6570104619252036,0,Pine forest 2,obs,0.6499999966793752
55,Exoprosopa cf. bowdeni,Asphodelus fistulosus,0,0.5,0,Pine forest 2,obs,-0.11666642050731209
56,Exoprosopa cf. bowdeni,Blackstonia perfoliata,0,0.5124974468035312,0,Pine forest 2,obs,0.050000201403108346
57,Exoprosopa cf. bowdeni,Cistus monspeliensis,1,0.8249137803173979,1,Pine forest 2,obs,1.5500003356718473
58,Exoprosopa cf. bowdeni,Fumana ericoides,0,0.5946768371398474,0,Pine forest 2,obs,0.3833334452239491
59,Exoprosopa cf. bowdeni,Globularia alypum,0,0.5332840828090486,0,Pine forest 2,obs,0.13333351235831847
60,Hydrellia sp,Asphodelus fistulosus,0,0.5,0,Pine forest 2,obs,-0.11666642050731209
61,Hydrellia sp,Blackstonia perfoliata,0,0.5124974468035312,0,Pine forest 2,obs,0.050000201403108346
62,Hydrellia sp,Cistus monspeliensis,1,0.8249137803173979,1,Pine forest 2,obs,1.5500003356718473
63,Hydrellia sp,Fumana ericoides,0,0.5946768371398474,0,Pine forest 2,obs,0.3833334452239491
64,Hydrellia sp,Globularia alypum,0,0.5332840828090486,0,Pine forest 2,obs,0.13333351235831847
65,Lasioglossum sp.,Asphodelus fistulosus,0,0.7143624279886196,1,Pine forest 2,obs,0.9166666593035423
66,Lasioglossum sp.,Blackstonia perfoliata,0,0.747124265825004,1,Pine forest 2,obs,1.083333325681459
67,Lasioglossum sp.,Cistus monspeliensis,1,0.9297812077264265,1,Pine forest 2,obs,2.583333326547709
68,Lasioglossum sp.,Fumana ericoides,1,0.6970592831727368,0,Pine forest 2,obs,0.8333333295795835
69,Lasioglossum sp.,Globularia alypum,1,0.6418340443253755,0,Pine forest 2,obs,0.5833333300127087
70,Lydella nigrescens,Asphodelus fistulosus,0,0.5,0,Pine forest 2,obs,-0.11666642050731209
71,Lydella nigrescens,Blackstonia perfoliata,0,0.5124974468035312,0,Pine forest 2,obs,0.050000201403108346
72,Lydella nigrescens,Cistus monspeliensis,1,0.8249137803173979,1,Pine forest 2,obs,1.5500003356718473
73,Lydella nigrescens,Fumana ericoides,0,0.5946768371398474,0,Pine forest 2,obs,0.3833334452239491
74,Lydella nigrescens,Globularia alypum,0,0.5332840828090486,0,Pine forest 2,obs,0.13333351235831847
75,Lydella thompsoni,Asphodelus fistulosus,0,0.5,0,Pine forest 2,obs,-0.11666642050731209
76,Lydella thompsoni,Blackstonia perfoliata,0,0.5124974468035312,0,Pine forest 2,obs,0.050000201403108346
77,Lydella thompsoni,Cistus monspeliensis,1,0.8249137803173979,1,Pine forest 2,obs,1.5500003356718473
78,Lydella thompsoni,Fumana ericoides,0,0.5946768371398474,0,Pine forest 2,obs,0.3833334452239491
79,Lydella thompsoni,Globularia alypum,0,0.5332840828090486,0,Pine forest 2,obs,0.13333351235831847
80,Macroglossum stellatarum,Asphodelus fistulosus,0,0.5,0,Pine forest 2,obs,-0.11666642050731209
81,Macroglossum stellatarum,Blackstonia perfoliata,0,0.5124974468035312,0,Pine forest 2,obs,0.050000201403108346
82,Macroglossum stellatarum,Cistus monspeliensis,1,0.8249137803173979,1,Pine forest 2,obs,1.5500003356718473
83,Macroglossum stellatarum,Fumana ericoides,0,0.5946768371398474,0,Pine forest 2,obs,0.3833334452239491
84,Macroglossum stellatarum,Globularia alypum,0,0.5332840828090486,0,Pine forest 2,obs,0.13333351235831847
85,Meligethes sp.,Asphodelus fistulosus,0,0.5,0,Pine forest 2,obs,-0.11666642050731209
86,Meligethes sp.,Blackstonia perfoliata,0,0.5124974468035312,0,Pine forest 2,obs,0.050000201403108346
87,Meligethes sp.,Cistus monspeliensis,1,0.8249137803173979,1,Pine forest 2,obs,1.5500003356718473
88,Meligethes sp.,Fumana ericoides,0,0.5946768371398474,0,Pine forest 2,obs,0.3833334452239491
89,Meligethes sp.,Globularia alypum,0,0.5332840828090486,0,Pine forest 2,obs,0.13333351235831847
90,Meliscaeva auricollis,Asphodelus fistulosus,0,0.5,0,Pine forest 2,obs,-0.11666642050731209
91,Meliscaeva auricollis,Blackstonia perfoliata,0,0.5124974468035312,0,Pine forest 2,obs,0.050000201403108346
92,Meliscaeva auricollis,Cistus monspeliensis,1,0.8249137803173979,1,Pine forest 2,obs,1.5500003356718473
93,Meliscaeva auricollis,Fumana ericoides,0,0.5946768371398474,0,Pine forest 2,obs,0.3833334452239491
94,Meliscaeva auricollis,Globularia alypum,0,0.5332840828090486,0,Pine forest 2,obs,0.13333351235831847
95,Monomorium sp,Asphodelus fistulosus,0,0.5,0,Pine forest 2,obs,-0.11666642050731209
96,Monomorium sp,Blackstonia perfoliata,0,0.5124974468035312,0,Pine forest 2,obs,0.050000201403108346
97,Monomorium sp,Cistus monspeliensis,1,0.8249137803173979,1,Pine forest 2,obs,1.5500003356718473
98,Monomorium sp,Fumana ericoides,0,0.5946768371398474,0,Pine forest 2,obs,0.3833334452239491
99,Monomorium sp,Globularia alypum,0,0.5332840828090486,0,Pine forest 2,obs,0.13333351235831847
100,Phyto melanocephala,Asphodelus fistulosus,0,0.5,0,Pine forest 2,obs,-0.11666642050731209
101,Phyto melanocephala,Blackstonia perfoliata,0,0.5124974468035312,0,Pine forest 2,obs,0.050000201403108346
102,Phyto melanocephala,Cistus monspeliensis,1,0.8249137803173979,1,Pine forest 2,obs,1.5500003356718473
103,Phyto melanocephala,Fumana ericoides,0,0.5946768371398474,0,Pine forest 2,obs,0.3833334452239491
104,Phyto melanocephala,Globularia alypum,0,0.5332840828090486,0,Pine forest 2,obs,0.13333351235831847
105,Platypalpus sp.,Asphodelus fistulosus,0,0.5986875525807561,0,Pine forest 2,obs,0.3999995524375371
106,Platypalpus sp.,Blackstonia perfoliata,0,0.63799366992740425,0,Pine forest 2,obs,0.5666666634904168
107,Platypalpus sp.,Cistus monspeliensis,1,0.8876208549431376,1,Pine forest 2,obs,2.0666663086166963
108,Platypalpus sp.,Fumana ericoides,1,0.5785117064515323,0,Pine forest 2,obs,0.3166667785572823
109,Platypalpus sp.,Globularia alypum,0,0.6570104619252036,0,Pine forest 2,obs,0.6499999966793752
110,Podarcis lilfordi,Asphodelus fistulosus,0,0.7143624279886196,1,Pine forest 2,obs,0.9166666593035423
111,Podarcis lilfordi,Blackstonia perfoliata,0,0.747124265825004,1,Pine forest 2,obs,1.083333325681459
112,Podarcis lilfordi,Cistus monspeliensis,1,0.9297812077264265,1,Pine forest 2,obs,2.583333326547709
113,Podarcis lilfordi,Fumana ericoides,1,0.6970592831727368,0,Pine forest 2,obs,0.8333333295795835
114,Podarcis lilfordi,Globularia alypum,1,0.6418340443253755,0,Pine forest 2,obs,0.5833333300127087
115,Pyrellia vivida,Asphodelus fistulosus,0,0.5,0,Pine forest 2,obs,-0.11666642050731209
116,Pyrellia vivida,Blackstonia perfoliata,0,0.5124974468035312,0,Pine forest 2,obs,0.050000201403108346
117,Pyrellia vivida,Cistus monspeliensis,1,0.8249137803173979,1,Pine forest 2,obs,1.5500003356718473
118,Pyrellia vivida,Fumana ericoides,0,0.5946768371398474,0,Pine forest 2,obs,0.3833334452239491
119,Pyrellia vivida,Globularia alypum,0,0.5332840828090486,0,Pine forest 2,obs,0.13333351235831847
120,Sarcophaga sp.,Asphodelus fistulosus,0,0.5,0,Pine forest 2,obs,-0.11666642050731209
121,Sarcophaga sp.,Blackstonia perfoliata,0,0.5124974468035312,0,Pine forest 2,obs,0.050000201403108346
122,Sarcophaga sp.,Cistus monspeliensis,1,0.8249137803173979,1,Pine forest 2,obs,1.5500003356718473
123,Sarcophaga sp.,Fumana ericoides,0,0.5946768371398474,0,Pine forest 2,obs,0.3833334452239491
124,Sarcophaga sp.,Globularia alypum,0,0.5332840828090486,0,Pine forest 2,obs,0.13333351235831847
125,Spilostethus pandurus,Asphodelus fistulosus,0,0.5,0,Pine forest 2,obs,-0.11666642050731209
126,Spilostethus pandurus,Blackstonia perfoliata,0,0.5124974468035312,0,Pine forest 2,obs,0.050000201403108346
127,Spilostethus pandurus,Cistus monspeliensis,1,0.8249137803173979,1,Pine forest 2,obs,1.5500003356718473
128,Spilostethus pandurus,Fumana ericoides,0,0.5946768371398474,0,Pine forest 2,obs,0.3833334452239491
129,Spilostethus pandurus,Globularia alypum,0,0.5332840828090486,0,Pine forest 2,obs,0.13333351235831847
130,Tapinoma nigerrinum,Asphodelus fistulosus,0,0.5,0,Pine forest 2,obs,-0.11666642050731209
131,Tapinoma nigerrinum,Blackstonia perfoliata,0,0.5124974468035312,0,Pine forest 2,obs,0.050000201403108346
132,Tapinoma nigerrinum,Cistus monspeliensis,1,0.8249137803173979,1,Pine forest 2,obs,1.5500003356718473
133,Tapinoma nigerrinum,Fumana ericoides,0,0.5946768371398474,0,Pine forest 2,obs,0.3833334452239491
134,Tapinoma nigerrinum,Globularia alypum,0,0.5332840828090486,0,Pine forest 2,obs,0.13333351235831847
135,Tapinoma sp,Asphodelus fistulosus,0,0.7143624279886196,1,Pine forest 2,obs,0.9166666593035423
136,Tapinoma sp,Blackstonia perfoliata,0,0.747124265825004,1,Pine forest 2,obs,1.083333325681459
137,Tapinoma sp,Cistus monspeliensis,1,0.9297812077264265,1,Pine forest 2,obs,2.583333326547709
138,Tapinoma sp,Fumana ericoides,1,0.6970592831727368,0,Pine forest 2,obs,0.8333333295795835
139,Tapinoma sp,Globularia alypum,1,0.6418340443253755,0,Pine forest 2,obs,0.5833333300127087
140,Vanessa atalanta,Asphodelus fistulosus,0,0.5,0,Pine forest 2,obs,-0.11666642050731209
141,Vanessa atalanta,Blackstonia perfoliata,0,0.5124974468035312,0,Pine forest 2,obs,0.050000201403108346
142,Vanessa atalanta,Cistus monspeliensis,1,0.8249137803173979,1,Pine forest 2,obs,1.5500003356718473
143,Vanessa atalanta,Fumana ericoides,0,0.5946768371398474,0,Pine forest 2,obs,0.3833334452239491
144,Vanessa atalanta,Globularia alypum,0,0.5332840828090486,0,Pine forest 2,obs,0.13333351235831847
145,Vanessa cardui,Asphodelus fistulosus,0,0.5,0,Pine forest 2,obs,-0.11666642050731209
146,Vanessa cardui,Blackstonia perfoliata,0,0.5124974468035312,0,Pine forest 2,obs,0.050000201403108346
147,Vanessa cardui,Cistus monspeliensis,1,0.8249137803173979,1,Pine forest 2,obs,1.5500003356718473
148,Vanessa cardui,Fumana ericoides,0,0.5946768371398474,0,Pine forest 2,obs,0.3833334452239491
149,Vanessa cardui,Globularia alypum,0,0.5332840828090486,0,Pine forest 2,obs,0.13333351235831847
150,Stomorhina lunata,Asphodelus fistulosus,0,0.5,0,Pine forest 2,obs,-0.11666642050731209
151,Stomorhina lunata,Blackstonia perfoliata,0,0.5124974468035312,0,Pine forest 2,obs,0.050000201403108374
152,Stomorhina lunata,Cistus monspeliensis,0,0.8941010038623407,1,Pine forest 2,obs,2.133332975283363
153,Stomorhina lunata,Fumana ericoides,1,0.5,0,Pine forest 2,obs,-0.19999999480250047
154,Stomorhina lunata,Globularia alypum,0,0.5332840828090486,0,Pine forest 2,obs,0.13333351235831847
0,Anaspis sp.,Allium sp.,1,0.5673656653007516,0,Rocky coastal 1,obs,0.27111112960186834
1,Anaspis sp.,Astragalus balearicus,0,0.5443277588267654,0,Rocky coastal 1,obs,0.17777778155140167
2,Anaspis sp.,Daucus carota,1,0.8091419572120482,1,Rocky coastal 1,obs,1.4444444538785044
3,Anaspis sp.,Dorycnium fulgurans,0,0.5443277588267654,0,Rocky coastal 1,obs,0.17777778155140167
4,Anaspis sp.,Euphorbia dendroides,0,0.5804070144486762,0,Rocky coastal 1,obs,0.3244444470859812
5,Anaspis sp.,Helichrysum stoechas,0,0.6156467081084659,0,Rocky coastal 1,obs,0.47111111262056066
6,Anaspis sp.,Lonicera implexa,0,0.5,0,Rocky coastal 1,obs,-0.017777772494704268
7,Anaspis sp.,Ruta chalepensis,0,0.5077771517212307,0,Rocky coastal 1,obs,0.03111111601682221
8,Anaspis sp.,Salvia rosmarinus,0,0.5199893412858596,0,Rocky coastal 1,obs,0.08000000452834873
9,Anaspis sp.,Sedum sediforme,0,0.5321776900098669,0,Rocky coastal 1,obs,0.12888889303987516
10,Anaspis sp.,Teucrium capitatum,0,0.7132274762460605,1,Rocky coastal 1,obs,0.911111109224299
11,Episyrphus balteatus,Allium sp.,1,0.6166978364195208,0,Rocky coastal 1,obs,0.4755555566876427
12,Episyrphus balteatus,Astragalus balearicus,0,0.5944089606331424,0,Rocky coastal 1,obs,0.38222220863717604
13,Episyrphus balteatus,Daucus carota,1,0.8387408229600046,1,Rocky coastal 1,obs,1.6488888809642785
14,Episyrphus balteatus,Dorycnium fulgurans,0,0.5944089606331424,0,Rocky coastal 1,obs,0.38222220863717604
15,Episyrphus balteatus,Euphorbia dendroides,0,0.6292239222450218,0,Rocky coastal 1,obs,0.5288888741717556
16,Episyrphus balteatus,Helichrysum stoechas,0,0.6627460191481467,0,Rocky coastal 1,obs,0.6755555397063351
17,Episyrphus balteatus,Lonicera implexa,0,0.546531628005847,0,Rocky coastal 1,obs,0.18666665459107012
18,Episyrphus balteatus,Ruta chalepensis,0,0.5586180937800139,0,Rocky coastal 1,obs,0.2355555431025966
19,Episyrphus balteatus,Salvia rosmarinus,0,0.5706354970812096,0,Rocky coastal 1,obs,0.2844444316141231
20,Episyrphus balteatus,Sedum sediforme,0,0.5825702032504416,0,Rocky coastal 1,obs,0.33333332012564965
21,Episyrphus balteatus,Teucrium capitatum,1,0.7040516272240208,1,Rocky coastal 1,obs,0.8666666647798547
22,Eristalis similis,Allium sp.,1,0.6637386937827475,0,Rocky coastal 1,obs,0.6799999837734172
23,Eristalis similis,Astragalus balearicus,1,0.5836506144991815,0,Rocky coastal 1,obs,0.33777776419273164
24,Eristalis similis,Daucus carota,1,0.8645179967235747,1,Rocky coastal 1,obs,1.8533333080500531
25,Eristalis similis,Dorycnium fulgurans,0,0.6425999521760064,0,Rocky coastal 1,obs,0.5866666357229505
26,Eristalis similis,Euphorbia dendroides,0,0.6755363159588551,0,Rocky coastal 1,obs,0.7333333012575299
27,Eristalis similis,Helichrysum stoechas,0,0.7068222142120768,1,Rocky coastal 1,obs,0.8799999667921095
28,Eristalis similis,Lonicera implexa,0,0.5965501409530116,0,Rocky coastal 1,obs,0.3911110816768445
29,Eristalis similis,Ruta chalepensis,0,0.608259023643,0,Rocky coastal 1,obs,0.43999997018837106
30,Eristalis similis,Salvia rosmarinus,0,0.6198446409376079,0,Rocky coastal 1,obs,0.48888885869989746
31,Eristalis similis,Sedum sediforme,0,0.6312953138424333,0,Rocky coastal 1,obs,0.537777747211424
32,Eristalis similis,Teucrium capitatum,1,0.7448081573464951,1,Rocky coastal 1,obs,1.0711110918656293
33,Eupeodes corollae,Allium sp.,1,0.7847108444849915,1,Rocky coastal 1,obs,1.2933332650307405
34,Eupeodes corollae,Astragalus balearicus,1,0.7213385633361189,1,Rocky coastal 1,obs,0.9511110454500548
35,Eupeodes corollae,Daucus carota,1,0.9217717349699458,1,Rocky coastal 1,obs,2.4666665893073763
36,Eupeodes corollae,Dorycnium fulgurans,1,0.7213385633361189,1,Rocky coastal 1,obs,0.9511110454500548
37,Eupeodes corollae,Euphorbia dendroides,1,0.7498434840372508,1,Rocky coastal 1,obs,1.0977777109846343
38,Eupeodes corollae,Helichrysum stoechas,1,0.7763366747732686,1,Rocky coastal 1,obs,1.244444376519214
39,Eupeodes corollae,Lonicera implexa,0,0.7319314955761166,1,Rocky coastal 1,obs,1.0044443629341677
40,Eupeodes corollae,Ruta chalepensis,0,0.7414144610695147,1,Rocky coastal 1,obs,1.0533332514456941
41,Eupeodes corollae,Salvia rosmarinus,0,0.7506762361044277,1,Rocky coastal 1,obs,1.1022221399572207
42,Eupeodes corollae,Sedum sediforme,0,0.7597137923216393,1,Rocky coastal 1,obs,1.1511110284687471
43,Eupeodes corollae,Teucrium capitatum,1,0.8434921428855564,1,Rocky coastal 1,obs,1.6844443731229521
44,Lasioglossum sp.,Allium sp.,1,0.8172427929090178,1,Rocky coastal 1,obs,1.4977776921165147
45,Lasioglossum sp.,Astragalus balearicus,0,0.8028881917961359,1,Rocky coastal 1,obs,1.4044443440660481
46,Lasioglossum sp.,Daucus carota,1,0.935300295577114,1,Rocky coastal 1,obs,2.6711110163931506
47,Lasioglossum sp.,Dorycnium fulgurans,1,0.7605241832582977,1,Rocky coastal 1,obs,1.1555554725358292
48,Lasioglossum sp.,Euphorbia dendroides,0,0.8250741382175151,1,Rocky coastal 1,obs,1.5511110096006275
49,Lasioglossum sp.,Helichrysum stoechas,1,0.8098273608687974,1,Rocky coastal 1,obs,1.4488888036049883
50,Lasioglossum sp.,Lonicera implexa,0,0.7701022741910281,1,Rocky coastal 1,obs,1.208888790019942
51,Lasioglossum sp.,Ruta chalepensis,1,0.7328026306801506,1,Rocky coastal 1,obs,1.0088888070012498
52,Lasioglossum sp.,Salvia rosmarinus,1,0.7422656310328029,1,Rocky coastal 1,obs,1.0577776955127765
53,Lasioglossum sp.,Sedum sediforme,1,0.7515071374991107,1,Rocky coastal 1,obs,1.1066665840243028
54,Lasioglossum sp.,Teucrium capitatum,1,0.86862878034965,1,Rocky coastal 1,obs,1.8888888002087267
55,Meligethes sp.,Allium sp.,1,0.5673656653007516,0,Rocky coastal 1,obs,0.27111112960186834
56,Meligethes sp.,Astragalus balearicus,0,0.5443277588267654,0,Rocky coastal 1,obs,0.17777778155140167
57,Meligethes sp.,Daucus carota,1,0.8091419572120482,1,Rocky coastal 1,obs,1.4444444538785044
58,Meligethes sp.,Dorycnium fulgurans,0,0.5443277588267654,0,Rocky coastal 1,obs,0.17777778155140167
59,Meligethes sp.,Euphorbia dendroides,0,0.5804070144486762,0,Rocky coastal 1,obs,0.3244444470859812
60,Meligethes sp.,Helichrysum stoechas,0,0.6156467081084659,0,Rocky coastal 1,obs,0.47111111262056066
61,Meligethes sp.,Lonicera implexa,0,0.5,0,Rocky coastal 1,obs,-0.017777772494704268
62,Meligethes sp.,Ruta chalepensis,0,0.5077771517212307,0,Rocky coastal 1,obs,0.03111111601682221
63,Meligethes sp.,Salvia rosmarinus,0,0.5199893412858596,0,Rocky coastal 1,obs,0.08000000452834873
64,Meligethes sp.,Sedum sediforme,0,0.5321776900098669,0,Rocky coastal 1,obs,0.12888889303987516
65,Meligethes sp.,Teucrium capitatum,0,0.7132274762460605,1,Rocky coastal 1,obs,0.911111109224299
66,Musca domestica,Allium sp.,1,0.6637386937827475,0,Rocky coastal 1,obs,0.6799999837734172
67,Musca domestica,Astragalus balearicus,0,0.6425999521760064,0,Rocky coastal 1,obs,0.5866666357229505
68,Musca domestica,Daucus carota,1,0.8645179967235747,1,Rocky coastal 1,obs,1.8533333080500531
69,Musca domestica,Dorycnium fulgurans,0,0.6425999521760064,0,Rocky coastal 1,obs,0.5866666357229505
70,Musca domestica,Euphorbia dendroides,0,0.6755363159588551,0,Rocky coastal 1,obs,0.7333333012575299
71,Musca domestica,Helichrysum stoechas,0,0.7068222142120768,1,Rocky coastal 1,obs,0.8799999667921095
72,Musca domestica,Lonicera implexa,0,0.5965501409530116,0,Rocky coastal 1,obs,0.3911110816768445
73,Musca domestica,Ruta chalepensis,0,0.608259023643,0,Rocky coastal 1,obs,0.43999997018837106
74,Musca domestica,Salvia rosmarinus,0,0.6198446409376079,0,Rocky coastal 1,obs,0.48888885869989746
75,Musca domestica,Sedum sediforme,1,0.5717240895669966,0,Rocky coastal 1,obs,0.28888887568120514
76,Musca domestica,Teucrium capitatum,1,0.7448081573464951,1,Rocky coastal 1,obs,1.0711110918656293
77,Podarcis lilfordi,Allium sp.,1,0.7847108444849915,1,Rocky coastal 1,obs,1.2933332650307405
78,Podarcis lilfordi,Astragalus balearicus,1,0.7213385633361189,1,Rocky coastal 1,obs,0.9511110454500548
79,Podarcis lilfordi,Daucus carota,1,0.9217717349699458,1,Rocky coastal 1,obs,2.4666665893073763
80,Podarcis lilfordi,Dorycnium fulgurans,1,0.7213385633361189,1,Rocky coastal 1,obs,0.9511110454500548
81,Podarcis lilfordi,Euphorbia dendroides,1,0.7498434840372508,1,Rocky coastal 1,obs,1.0977777109846343
82,Podarcis lilfordi,Helichrysum stoechas,1,0.7763366747732686,1,Rocky coastal 1,obs,1.244444376519214
83,Podarcis lilfordi,Lonicera implexa,0,0.7319314955761166,1,Rocky coastal 1,obs,1.0044443629341677
84,Podarcis lilfordi,Ruta chalepensis,0,0.7414144610695147,1,Rocky coastal 1,obs,1.0533332514456941
85,Podarcis lilfordi,Salvia rosmarinus,0,0.7506762361044277,1,Rocky coastal 1,obs,1.1022221399572207
86,Podarcis lilfordi,Sedum sediforme,0,0.7597137923216393,1,Rocky coastal 1,obs,1.1511110284687471
87,Podarcis lilfordi,Teucrium capitatum,1,0.8434921428855564,1,Rocky coastal 1,obs,1.6844443731229521
88,Pyrellia vivida,Allium sp.,1,0.6166978364195208,0,Rocky coastal 1,obs,0.4755555566876427
89,Pyrellia vivida,Astragalus balearicus,0,0.5944089606331424,0,Rocky coastal 1,obs,0.3822222086371761
90,Pyrellia vivida,Daucus carota,1,0.8387408229600046,1,Rocky coastal 1,obs,1.6488888809642785
91,Pyrellia vivida,Dorycnium fulgurans,0,0.5944089606331424,0,Rocky coastal 1,obs,0.3822222086371761
92,Pyrellia vivida,Euphorbia dendroides,1,0.5695462245868369,0,Rocky coastal 1,obs,0.28000000264153674
93,Pyrellia vivida,Helichrysum stoechas,0,0.6627460191481467,0,Rocky coastal 1,obs,0.6755555397063351
94,Pyrellia vivida,Lonicera implexa,0,0.546531628005847,0,Rocky coastal 1,obs,0.18666665459107012
95,Pyrellia vivida,Ruta chalepensis,0,0.5586180937800139,0,Rocky coastal 1,obs,0.2355555431025966
96,Pyrellia vivida,Salvia rosmarinus,0,0.5706354970812096,0,Rocky coastal 1,obs,0.2844444316141231
97,Pyrellia vivida,Sedum sediforme,0,0.5825702032504416,0,Rocky coastal 1,obs,0.33333332012564965
98,Pyrellia vivida,Teucrium capitatum,0,0.7531633837576246,1,Rocky coastal 1,obs,1.1155555363100735
99,Sarcophaga sp.,Allium sp.,1,0.5673656653007516,0,Rocky coastal 1,obs,0.27111112960186834
100,Sarcophaga sp.,Astragalus balearicus,0,0.5443277588267654,0,Rocky coastal 1,obs,0.17777778155140167
101,Sarcophaga sp.,Daucus carota,1,0.8091419572120482,1,Rocky coastal 1,obs,1.4444444538785044
102,Sarcophaga sp.,Dorycnium fulgurans,0,0.5443277588267654,0,Rocky coastal 1,obs,0.17777778155140167
103,Sarcophaga sp.,Euphorbia dendroides,0,0.5804070144486762,0,Rocky coastal 1,obs,0.3244444470859812
104,Sarcophaga sp.,Helichrysum stoechas,0,0.6156467081084659,0,Rocky coastal 1,obs,0.47111111262056066
105,Sarcophaga sp.,Lonicera implexa,0,0.5,0,Rocky coastal 1,obs,-0.017777772494704268
106,Sarcophaga sp.,Ruta chalepensis,0,0.5077771517212307,0,Rocky coastal 1,obs,0.03111111601682221
107,Sarcophaga sp.,Salvia rosmarinus,0,0.5199893412858596,0,Rocky coastal 1,obs,0.08000000452834873
108,Sarcophaga sp.,Sedum sediforme,0,0.5321776900098669,0,Rocky coastal 1,obs,0.12888889303987516
109,Sarcophaga sp.,Teucrium capitatum,0,0.7132274762460605,1,Rocky coastal 1,obs,0.911111109224299
110,Sphaerophoria sp.,Allium sp.,1,0.5166605055218174,0,Rocky coastal 1,obs,0.06666670251609397
111,Sphaerophoria sp.,Astragalus balearicus,0,0.5,0,Rocky coastal 1,obs,-0.0266666455343727
112,Sphaerophoria sp.,Daucus carota,0,0.8159114437290708,1,Rocky coastal 1,obs,1.488888898322949
113,Sphaerophoria sp.,Dorycnium fulgurans,0,0.5,0,Rocky coastal 1,obs,-0.0266666455343727
114,Sphaerophoria sp.,Euphorbia dendroides,0,0.5299640567466664,0,Rocky coastal 1,obs,0.12000002000020676
115,Sphaerophoria sp.,Helichrysum stoechas,0,0.5662743988295947,0,Rocky coastal 1,obs,0.26666668553478634
116,Sphaerophoria sp.,Lonicera implexa,0,0.5,0,Rocky coastal 1,obs,-0.22222219958047867
117,Sphaerophoria sp.,Ruta chalepensis,0,0.5,0,Rocky coastal 1,obs,-0.1733333110689522
118,Sphaerophoria sp.,Salvia rosmarinus,0,0.5,0,Rocky coastal 1,obs,-0.12444442255742572
119,Sphaerophoria sp.,Sedum sediforme,0,0.5,0,Rocky coastal 1,obs,-0.07555553404589918
120,Sphaerophoria sp.,Teucrium capitatum,0,0.6696642005003676,0,Rocky coastal 1,obs,0.7066666821385247
121,Vanessa atalanta,Allium sp.,1,0.6166978364195208,0,Rocky coastal 1,obs,0.4755555566876427
122,Vanessa atalanta,Astragalus balearicus,0,0.5944089606331424,0,Rocky coastal 1,obs,0.38222220863717604
123,Vanessa atalanta,Daucus carota,1,0.8387408229600046,1,Rocky coastal 1,obs,1.6488888809642785
124,Vanessa atalanta,Dorycnium fulgurans,0,0.5944089606331424,0,Rocky coastal 1,obs,0.38222220863717604
125,Vanessa atalanta,Euphorbia dendroides,0,0.6292239222450218,0,Rocky coastal 1,obs,0.5288888741717556
126,Vanessa atalanta,Helichrysum stoechas,0,0.6627460191481467,0,Rocky coastal 1,obs,0.6755555397063351
127,Vanessa atalanta,Lonicera implexa,0,0.546531628005847,0,Rocky coastal 1,obs,0.18666665459107012
128,Vanessa atalanta,Ruta chalepensis,0,0.5586180937800139,0,Rocky coastal 1,obs,0.2355555431025966
129,Vanessa atalanta,Salvia rosmarinus,0,0.5706354970812096,0,Rocky coastal 1,obs,0.2844444316141231
130,Vanessa atalanta,Sedum sediforme,0,0.5825702032504416,0,Rocky coastal 1,obs,0.33333332012564965
131,Vanessa atalanta,Teucrium capitatum,1,0.7040516272240208,1,Rocky coastal 1,obs,0.8666666647798547
132,Anthophora balearica,Allium sp.,0,0.6735849586345595,0,Rocky coastal 1,obs,0.7244444282178616
133,Anthophora balearica,Astragalus balearicus,1,0.5332840391903567,0,Rocky coastal 1,obs,0.13333333710695722
134,Anthophora balearica,Daucus carota,0,0.8696398042792067,1,Rocky coastal 1,obs,1.8977777524944976
135,Anthophora balearica,Dorycnium fulgurans,0,0.5944089606331424,0,Rocky coastal 1,obs,0.38222220863717604
136,Anthophora balearica,Euphorbia dendroides,1,0.5695462245868369,0,Rocky coastal 1,obs,0.28000000264153674
137,Anthophora balearica,Helichrysum stoechas,0,0.6627460191481467,0,Rocky coastal 1,obs,0.6755555397063351
138,Anthophora balearica,Lonicera implexa,0,0.546531628005847,0,Rocky coastal 1,obs,0.18666665459107012
139,Anthophora balearica,Ruta chalepensis,0,0.5586180937800139,0,Rocky coastal 1,obs,0.2355555431025966
140,Anthophora balearica,Salvia rosmarinus,1,0.5088879536963726,0,Rocky coastal 1,obs,0.035555560083904265
141,Anthophora balearica,Sedum sediforme,0,0.5825702032504416,0,Rocky coastal 1,obs,0.33333332012564965
142,Anthophora balearica,Teucrium capitatum,0,0.7531633837576246,1,Rocky coastal 1,obs,1.1155555363100735
143,Vanessa cardui,Allium sp.,0,0.7168498039598121,1,Rocky coastal 1,obs,0.9288888553036359
144,Vanessa cardui,Astragalus balearicus,1,0.5836506144991815,0,Rocky coastal 1,obs,0.33777776419273164
145,Vanessa cardui,Daucus carota,1,0.8645179967235747,1,Rocky coastal 1,obs,1.8533333080500531
146,Vanessa cardui,Dorycnium fulgurans,0,0.6425999521760064,0,Rocky coastal 1,obs,0.5866666357229505
147,Vanessa cardui,Euphorbia dendroides,0,0.6755363159588551,0,Rocky coastal 1,obs,0.7333333012575299
148,Vanessa cardui,Helichrysum stoechas,1,0.6527413569654782,0,Rocky coastal 1,obs,0.6311110952618907
149,Vanessa cardui,Lonicera implexa,0,0.5965501409530116,0,Rocky coastal 1,obs,0.3911110816768445
150,Vanessa cardui,Ruta chalepensis,0,0.608259023643,0,Rocky coastal 1,obs,0.43999997018837106
151,Vanessa cardui,Salvia rosmarinus,0,0.6198446409376079,0,Rocky coastal 1,obs,0.48888885869989746
152,Vanessa cardui,Sedum sediforme,0,0.6312953138424333,0,Rocky coastal 1,obs,0.537777747211424
153,Vanessa cardui,Teucrium capitatum,1,0.7448081573464951,1,Rocky coastal 1,obs,1.0711110918656293
154,Acanthiophilus helianthi,Allium sp.,0,0.5782407312735509,0,Rocky coastal 1,obs,0.31555557404631285
155,Acanthiophilus helianthi,Astragalus balearicus,0,0.5,0,Rocky coastal 1,obs,-0.0266666455343727
156,Acanthiophilus helianthi,Daucus carota,1,0.775564018932736,1,Rocky coastal 1,obs,1.24000002679273
157,Acanthiophilus helianthi,Dorycnium fulgurans,0,0.5,0,Rocky coastal 1,obs,-0.0266666455343727
158,Acanthiophilus helianthi,Euphorbia dendroides,0,0.5299640567466664,0,Rocky coastal 1,obs,0.12000002000020682
159,Acanthiophilus helianthi,Helichrysum stoechas,0,0.5662743988295947,0,Rocky coastal 1,obs,0.26666668553478634
160,Acanthiophilus helianthi,Lonicera implexa,0,0.5,0,Rocky coastal 1,obs,-0.22222219958047867
161,Acanthiophilus helianthi,Ruta chalepensis,0,0.5,0,Rocky coastal 1,obs,-0.1733333110689522
162,Acanthiophilus helianthi,Salvia rosmarinus,0,0.5,0,Rocky coastal 1,obs,-0.12444442255742566
163,Acanthiophilus helianthi,Sedum sediforme,0,0.5,0,Rocky coastal 1,obs,-0.07555553404589918
164,Acanthiophilus helianthi,Teucrium capitatum,0,0.6696642005003676,0,Rocky coastal 1,obs,0.7066666821385248
165,Agromyzidae sp,Allium sp.,0,0.5782407312735509,0,Rocky coastal 1,obs,0.31555557404631285
166,Agromyzidae sp,Astragalus balearicus,0,0.5,0,Rocky coastal 1,obs,-0.0266666455343727
167,Agromyzidae sp,Daucus carota,1,0.775564018932736,1,Rocky coastal 1,obs,1.24000002679273
168,Agromyzidae sp,Dorycnium fulgurans,0,0.5,0,Rocky coastal 1,obs,-0.0266666455343727
169,Agromyzidae sp,Euphorbia dendroides,0,0.5299640567466664,0,Rocky coastal 1,obs,0.12000002000020682
170,Agromyzidae sp,Helichrysum stoechas,0,0.5662743988295947,0,Rocky coastal 1,obs,0.26666668553478634
171,Agromyzidae sp,Lonicera implexa,0,0.5,0,Rocky coastal 1,obs,-0.22222219958047867
172,Agromyzidae sp,Ruta chalepensis,0,0.5,0,Rocky coastal 1,obs,-0.1733333110689522
173,Agromyzidae sp,Salvia rosmarinus,0,0.5,0,Rocky coastal 1,obs,-0.12444442255742566
174,Agromyzidae sp,Sedum sediforme,0,0.5,0,Rocky coastal 1,obs,-0.07555553404589918
175,Agromyzidae sp,Teucrium capitatum,0,0.6696642005003676,0,Rocky coastal 1,obs,0.7066666821385248
176,Ancistrocerus ebusianus,Allium sp.,0,0.7564535198449244,1,Rocky coastal 1,obs,1.1333332823894104
177,Ancistrocerus ebusianus,Astragalus balearicus,0,0.6880698475115635,0,Rocky coastal 1,obs,0.7911110628087248
178,Ancistrocerus ebusianus,Daucus carota,1,0.8867311595956754,1,Rocky coastal 1,obs,2.0577777351358275
179,Ancistrocerus ebusianus,Dorycnium fulgurans,1,0.6323292044775172,0,Rocky coastal 1,obs,0.542222191278506
180,Ancistrocerus ebusianus,Euphorbia dendroides,0,0.7186505504123439,1,Rocky coastal 1,obs,0.9377777283433044
181,Ancistrocerus ebusianus,Helichrysum stoechas,1,0.6975283327812026,0,Rocky coastal 1,obs,0.835555522347665
182,Ancistrocerus ebusianus,Lonicera implexa,0,0.644638819660322,0,Rocky coastal 1,obs,0.595555508762619
183,Ancistrocerus ebusianus,Ruta chalepensis,1,0.5976193605998601,0,Rocky coastal 1,obs,0.3955555257439266
184,Ancistrocerus ebusianus,Salvia rosmarinus,0,0.6667080221006317,0,Rocky coastal 1,obs,0.6933332857856719
185,Ancistrocerus ebusianus,Sedum sediforme,0,0.6774815933260384,0,Rocky coastal 1,obs,0.7422221742971984
186,Ancistrocerus ebusianus,Teucrium capitatum,1,0.7816922777463517,1,Rocky coastal 1,obs,1.2755555189514034
187,Anthomyia confusanea,Allium sp.,0,0.5782407312735509,0,Rocky coastal 1,obs,0.31555557404631285
188,Anthomyia confusanea,Astragalus balearicus,0,0.5,0,Rocky coastal 1,obs,-0.0266666455343727
189,Anthomyia confusanea,Daucus carota,1,0.775564018932736,1,Rocky coastal 1,obs,1.24000002679273
190,Anthomyia confusanea,Dorycnium fulgurans,0,0.5,0,Rocky coastal 1,obs,-0.0266666455343727
191,Anthomyia confusanea,Euphorbia dendroides,0,0.5299640567466664,0,Rocky coastal 1,obs,0.12000002000020682
192,Anthomyia confusanea,Helichrysum stoechas,0,0.5662743988295947,0,Rocky coastal 1,obs,0.26666668553478634
193,Anthomyia confusanea,Lonicera implexa,0,0.5,0,Rocky coastal 1,obs,-0.22222219958047867
194,Anthomyia confusanea,Ruta chalepensis,0,0.5,0,Rocky coastal 1,obs,-0.1733333110689522
195,Anthomyia confusanea,Salvia rosmarinus,0,0.5,0,Rocky coastal 1,obs,-0.12444442255742566
196,Anthomyia confusanea,Sedum sediforme,0,0.5,0,Rocky coastal 1,obs,-0.07555553404589918
197,Anthomyia confusanea,Teucrium capitatum,0,0.6696642005003676,0,Rocky coastal 1,obs,0.7066666821385248
198,Anthomyiidae sp.,Allium sp.,0,0.6271477665779155,0,Rocky coastal 1,obs,0.5200000011320872
199,Anthomyiidae sp.,Astragalus balearicus,0,0.5443277588267654,0,Rocky coastal 1,obs,0.17777778155140167
200,Anthomyiidae sp.,Daucus carota,1,0.8091419572120482,1,Rocky coastal 1,obs,1.4444444538785044
201,Anthomyiidae sp.,Dorycnium fulgurans,0,0.5443277588267654,0,Rocky coastal 1,obs,0.17777778155140167
202,Anthomyiidae sp.,Euphorbia dendroides,1,0.5188799131832045,0,Rocky coastal 1,obs,0.07555557555576237
203,Anthomyiidae sp.,Helichrysum stoechas,0,0.6156467081084659,0,Rocky coastal 1,obs,0.47111111262056066
204,Anthomyiidae sp.,Lonicera implexa,0,0.5,0,Rocky coastal 1,obs,-0.017777772494704268
205,Anthomyiidae sp.,Ruta chalepensis,0,0.5077771517212307,0,Rocky coastal 1,obs,0.03111111601682222
206,Anthomyiidae sp.,Salvia rosmarinus,0,0.5199893412858596,0,Rocky coastal 1,obs,0.08000000452834871
207,Anthomyiidae sp.,Sedum sediforme,0,0.5321776900098669,0,Rocky coastal 1,obs,0.1288888930398752
208,Anthomyiidae sp.,Teucrium capitatum,0,0.7132274762460605,1,Rocky coastal 1,obs,0.911111109224299
209,Camponotus sp,Allium sp.,0,0.5782407312735509,0,Rocky coastal 1,obs,0.31555557404631285
210,Camponotus sp,Astragalus balearicus,0,0.5,0,Rocky coastal 1,obs,-0.0266666455343727
211,Camponotus sp,Daucus carota,1,0.775564018932736,1,Rocky coastal 1,obs,1.24000002679273
212,Camponotus sp,Dorycnium fulgurans,0,0.5,0,Rocky coastal 1,obs,-0.0266666455343727
213,Camponotus sp,Euphorbia dendroides,0,0.5299640567466664,0,Rocky coastal 1,obs,0.12000002000020682
214,Camponotus sp,Helichrysum stoechas,0,0.5662743988295947,0,Rocky coastal 1,obs,0.26666668553478634
215,Camponotus sp,Lonicera implexa,0,0.5,0,Rocky coastal 1,obs,-0.22222219958047867
216,Camponotus sp,Ruta chalepensis,0,0.5,0,Rocky coastal 1,obs,-0.1733333110689522
217,Camponotus sp,Salvia rosmarinus,0,0.5,0,Rocky coastal 1,obs,-0.12444442255742566
218,Camponotus sp,Sedum sediforme,0,0.5,0,Rocky coastal 1,obs,-0.07555553404589918
219,Camponotus sp,Teucrium capitatum,0,0.6696642005003676,0,Rocky coastal 1,obs,0.7066666821385248
220,Cheilosia latifrons,Allium sp.,0,0.6271477665779155,0,Rocky coastal 1,obs,0.5200000011320872
221,Cheilosia latifrons,Astragalus balearicus,0,0.5443277588267654,0,Rocky coastal 1,obs,0.17777778155140167
222,Cheilosia latifrons,Daucus carota,1,0.8091419572120482,1,Rocky coastal 1,obs,1.4444444538785044
223,Cheilosia latifrons,Dorycnium fulgurans,0,0.5443277588267654,0,Rocky coastal 1,obs,0.17777778155140167
224,Cheilosia latifrons,Euphorbia dendroides,0,0.5804070144486762,0,Rocky coastal 1,obs,0.3244444470859812
225,Cheilosia latifrons,Helichrysum stoechas,0,0.6156467081084659,0,Rocky coastal 1,obs,0.47111111262056066
226,Cheilosia latifrons,Lonicera implexa,0,0.5,0,Rocky coastal 1,obs,-0.017777772494704268
227,Cheilosia latifrons,Ruta chalepensis,0,0.5077771517212307,0,Rocky coastal 1,obs,0.031111116016822232
228,Cheilosia latifrons,Salvia rosmarinus,0,0.5199893412858596,0,Rocky coastal 1,obs,0.08000000452834871
229,Cheilosia latifrons,Sedum sediforme,0,0.5321776900098669,0,Rocky coastal 1,obs,0.1288888930398752
230,Cheilosia latifrons,Teucrium capitatum,1,0.6597594065089132,0,Rocky coastal 1,obs,0.6622222376940803
231,Chrysopa viridana,Allium sp.,0,0.5782407312735509,0,Rocky coastal 1,obs,0.31555557404631285
232,Chrysopa viridana,Astragalus balearicus,0,0.5,0,Rocky coastal 1,obs,-0.0266666455343727
233,Chrysopa viridana,Daucus carota,1,0.775564018932736,1,Rocky coastal 1,obs,1.24000002679273
234,Chrysopa viridana,Dorycnium fulgurans,0,0.5,0,Rocky coastal 1,obs,-0.0266666455343727
235,Chrysopa viridana,Euphorbia dendroides,0,0.5299640567466664,0,Rocky coastal 1,obs,0.12000002000020682
236,Chrysopa viridana,Helichrysum stoechas,0,0.5662743988295947,0,Rocky coastal 1,obs,0.26666668553478634
237,Chrysopa viridana,Lonicera implexa,0,0.5,0,Rocky coastal 1,obs,-0.22222219958047867
238,Chrysopa viridana,Ruta chalepensis,0,0.5,0,Rocky coastal 1,obs,-0.1733333110689522
239,Chrysopa viridana,Salvia rosmarinus,0,0.5,0,Rocky coastal 1,obs,-0.12444442255742566
240,Chrysopa viridana,Sedum sediforme,0,0.5,0,Rocky coastal 1,obs,-0.07555553404589918
241,Chrysopa viridana,Teucrium capitatum,0,0.6696642005003676,0,Rocky coastal 1,obs,0.7066666821385248
242,Crematogaster sp.,Allium sp.,0,0.5782407312735509,0,Rocky coastal 1,obs,0.31555557404631285
243,Crematogaster sp.,Astragalus balearicus,0,0.5,0,Rocky coastal 1,obs,-0.0266666455343727
244,Crematogaster sp.,Daucus carota,1,0.775564018932736,1,Rocky coastal 1,obs,1.24000002679273
245,Crematogaster sp.,Dorycnium fulgurans,0,0.5,0,Rocky coastal 1,obs,-0.0266666455343727
246,Crematogaster sp.,Euphorbia dendroides,0,0.5299640567466664,0,Rocky coastal 1,obs,0.12000002000020682
247,Crematogaster sp.,Helichrysum stoechas,0,0.5662743988295947,0,Rocky coastal 1,obs,0.26666668553478634
248,Crematogaster sp.,Lonicera implexa,0,0.5,0,Rocky coastal 1,obs,-0.22222219958047867
249,Crematogaster sp.,Ruta chalepensis,0,0.5,0,Rocky coastal 1,obs,-0.1733333110689522
250,Crematogaster sp.,Salvia rosmarinus,0,0.5,0,Rocky coastal 1,obs,-0.12444442255742566
251,Crematogaster sp.,Sedum sediforme,0,0.5,0,Rocky coastal 1,obs,-0.07555553404589918
252,Crematogaster sp.,Teucrium capitatum,0,0.6696642005003676,0,Rocky coastal 1,obs,0.7066666821385248
253,Dasytes nigroaeneus,Allium sp.,0,0.5782407312735509,0,Rocky coastal 1,obs,0.31555557404631285
254,Dasytes nigroaeneus,Astragalus balearicus,0,0.5,0,Rocky coastal 1,obs,-0.0266666455343727
255,Dasytes nigroaeneus,Daucus carota,1,0.775564018932736,1,Rocky coastal 1,obs,1.24000002679273
256,Dasytes nigroaeneus,Dorycnium fulgurans,0,0.5,0,Rocky coastal 1,obs,-0.0266666455343727
257,Dasytes nigroaeneus,Euphorbia dendroides,0,0.5299640567466664,0,Rocky coastal 1,obs,0.12000002000020682
258,Dasytes nigroaeneus,Helichrysum stoechas,0,0.5662743988295947,0,Rocky coastal 1,obs,0.26666668553478634
259,Dasytes nigroaeneus,Lonicera implexa,0,0.5,0,Rocky coastal 1,obs,-0.22222219958047867
260,Dasytes nigroaeneus,Ruta chalepensis,0,0.5,0,Rocky coastal 1,obs,-0.1733333110689522
261,Dasytes nigroaeneus,Salvia rosmarinus,0,0.5,0,Rocky coastal 1,obs,-0.12444442255742566
262,Dasytes nigroaeneus,Sedum sediforme,0,0.5,0,Rocky coastal 1,obs,-0.07555553404589918
263,Dasytes nigroaeneus,Teucrium capitatum,0,0.6696642005003676,0,Rocky coastal 1,obs,0.7066666821385248
264,Eristalis tenax,Allium sp.,0,0.5782407312735509,0,Rocky coastal 1,obs,0.31555557404631285
265,Eristalis tenax,Astragalus balearicus,0,0.5,0,Rocky coastal 1,obs,-0.0266666455343727
266,Eristalis tenax,Daucus carota,1,0.775564018932736,1,Rocky coastal 1,obs,1.24000002679273
267,Eristalis tenax,Dorycnium fulgurans,0,0.5,0,Rocky coastal 1,obs,-0.0266666455343727
268,Eristalis tenax,Euphorbia dendroides,0,0.5299640567466664,0,Rocky coastal 1,obs,0.12000002000020682
269,Eristalis tenax,Helichrysum stoechas,0,0.5662743988295947,0,Rocky coastal 1,obs,0.26666668553478634
270,Eristalis tenax,Lonicera implexa,0,0.5,0,Rocky coastal 1,obs,-0.22222219958047867
271,Eristalis tenax,Ruta chalepensis,0,0.5,0,Rocky coastal 1,obs,-0.1733333110689522
272,Eristalis tenax,Salvia rosmarinus,0,0.5,0,Rocky coastal 1,obs,-0.12444442255742566
273,Eristalis tenax,Sedum sediforme,0,0.5,0,Rocky coastal 1,obs,-0.07555553404589918
274,Eristalis tenax,Teucrium capitatum,0,0.6696642005003676,0,Rocky coastal 1,obs,0.7066666821385248
275,Eumenes dubius,Allium sp.,0,0.6271477665779155,0,Rocky coastal 1,obs,0.5200000011320872
276,Eumenes dubius,Astragalus balearicus,0,0.5443277588267654,0,Rocky coastal 1,obs,0.17777778155140167
277,Eumenes dubius,Daucus carota,1,0.8091419572120482,1,Rocky coastal 1,obs,1.4444444538785044
278,Eumenes dubius,Dorycnium fulgurans,0,0.5443277588267654,0,Rocky coastal 1,obs,0.17777778155140167
279,Eumenes dubius,Euphorbia dendroides,1,0.5188799131832045,0,Rocky coastal 1,obs,0.07555557555576237
280,Eumenes dubius,Helichrysum stoechas,0,0.6156467081084659,0,Rocky coastal 1,obs,0.47111111262056066
281,Eumenes dubius,Lonicera implexa,0,0.5,0,Rocky coastal 1,obs,-0.017777772494704268
282,Eumenes dubius,Ruta chalepensis,0,0.5077771517212307,0,Rocky coastal 1,obs,0.03111111601682222
283,Eumenes dubius,Salvia rosmarinus,0,0.5199893412858596,0,Rocky coastal 1,obs,0.08000000452834871
284,Eumenes dubius,Sedum sediforme,0,0.5321776900098669,0,Rocky coastal 1,obs,0.1288888930398752
285,Eumenes dubius,Teucrium capitatum,0,0.7132274762460605,1,Rocky coastal 1,obs,0.911111109224299
286,Exoprosopa cf. bowdeni,Allium sp.,0,0.6735849586345595,0,Rocky coastal 1,obs,0.7244444282178616
287,Exoprosopa cf. bowdeni,Astragalus balearicus,0,0.5944089606331424,0,Rocky coastal 1,obs,0.38222220863717604
288,Exoprosopa cf. bowdeni,Daucus carota,1,0.8387408229600046,1,Rocky coastal 1,obs,1.6488888809642788
289,Exoprosopa cf. bowdeni,Dorycnium fulgurans,0,0.5944089606331424,0,Rocky coastal 1,obs,0.38222220863717604
290,Exoprosopa cf. bowdeni,Euphorbia dendroides,0,0.6292239222450218,0,Rocky coastal 1,obs,0.5288888741717556
291,Exoprosopa cf. bowdeni,Helichrysum stoechas,1,0.60507741930243375,0,Rocky coastal 1,obs,0.4266666681761162
292,Exoprosopa cf. bowdeni,Lonicera implexa,0,0.546531628005847,0,Rocky coastal 1,obs,0.18666665459107012
293,Exoprosopa cf. bowdeni,Ruta chalepensis,0,0.5586180937800139,0,Rocky coastal 1,obs,0.2355555431025966
294,Exoprosopa cf. bowdeni,Salvia rosmarinus,0,0.5706354970812096,0,Rocky coastal 1,obs,0.28444443161412314
295,Exoprosopa cf. bowdeni,Sedum sediforme,0,0.5825702032504416,0,Rocky coastal 1,obs,0.33333332012564965
296,Exoprosopa cf. bowdeni,Teucrium capitatum,1,0.7040516272240208,1,Rocky coastal 1,obs,0.8666666647798547
297,Hydrellia sp,Allium sp.,0,0.6735849586345595,0,Rocky coastal 1,obs,0.7244444282178616
298,Hydrellia sp,Astragalus balearicus,0,0.5944089606331424,0,Rocky coastal 1,obs,0.38222220863717604
299,Hydrellia sp,Daucus carota,1,0.8387408229600046,1,Rocky coastal 1,obs,1.6488888809642785
300,Hydrellia sp,Dorycnium fulgurans,1,0.5332840391903567,0,Rocky coastal 1,obs,0.13333333710695727
301,Hydrellia sp,Euphorbia dendroides,0,0.6292239222450218,0,Rocky coastal 1,obs,0.5288888741717556
302,Hydrellia sp,Helichrysum stoechas,0,0.6627460191481467,0,Rocky coastal 1,obs,0.6755555397063351
303,Hydrellia sp,Lonicera implexa,0,0.546531628005847,0,Rocky coastal 1,obs,0.18666665459107012
304,Hydrellia sp,Ruta chalepensis,0,0.5586180937800139,0,Rocky coastal 1,obs,0.2355555431025966
305,Hydrellia sp,Salvia rosmarinus,0,0.5706354970812096,0,Rocky coastal 1,obs,0.28444443161412314
306,Hydrellia sp,Sedum sediforme,1,0.5210985760473904,0,Rocky coastal 1,obs,0.08444444859543071
307,Hydrellia sp,Teucrium capitatum,0,0.7531633837576246,1,Rocky coastal 1,obs,1.1155555363100735
308,Hylaeus imparilis,Allium sp.,0,0.6271477665779155,0,Rocky coastal 1,obs,0.5200000011320872
309,Hylaeus imparilis,Astragalus balearicus,0,0.5443277588267654,0,Rocky coastal 1,obs,0.17777778155140167
310,Hylaeus imparilis,Daucus carota,1,0.8091419572120482,1,Rocky coastal 1,obs,1.4444444538785044
311,Hylaeus imparilis,Dorycnium fulgurans,0,0.5443277588267654,0,Rocky coastal 1,obs,0.17777778155140167
312,Hylaeus imparilis,Euphorbia dendroides,0,0.5804070144486762,0,Rocky coastal 1,obs,0.3244444470859812
313,Hylaeus imparilis,Helichrysum stoechas,0,0.6156467081084659,0,Rocky coastal 1,obs,0.47111111262056066
314,Hylaeus imparilis,Lonicera implexa,0,0.5,0,Rocky coastal 1,obs,-0.017777772494704268
315,Hylaeus imparilis,Ruta chalepensis,0,0.5077771517212307,0,Rocky coastal 1,obs,0.031111116016822232
316,Hylaeus imparilis,Salvia rosmarinus,0,0.5199893412858596,0,Rocky coastal 1,obs,0.08000000452834871
317,Hylaeus imparilis,Sedum sediforme,0,0.5321776900098669,0,Rocky coastal 1,obs,0.1288888930398752
318,Hylaeus imparilis,Teucrium capitatum,1,0.6597594065089132,0,Rocky coastal 1,obs,0.6622222376940803
319,Lasiommata megera,Allium sp.,0,0.5782407312735509,0,Rocky coastal 1,obs,0.31555557404631285
320,Lasiommata megera,Astragalus balearicus,0,0.5,0,Rocky coastal 1,obs,-0.0266666455343727
321,Lasiommata megera,Daucus carota,1,0.775564018932736,1,Rocky coastal 1,obs,1.24000002679273
322,Lasiommata megera,Dorycnium fulgurans,0,0.5,0,Rocky coastal 1,obs,-0.0266666455343727
323,Lasiommata megera,Euphorbia dendroides,0,0.5299640567466664,0,Rocky coastal 1,obs,0.12000002000020682
324,Lasiommata megera,Helichrysum stoechas,0,0.5662743988295947,0,Rocky coastal 1,obs,0.26666668553478634
325,Lasiommata megera,Lonicera implexa,0,0.5,0,Rocky coastal 1,obs,-0.22222219958047867
326,Lasiommata megera,Ruta chalepensis,0,0.5,0,Rocky coastal 1,obs,-0.1733333110689522
327,Lasiommata megera,Salvia rosmarinus,0,0.5,0,Rocky coastal 1,obs,-0.12444442255742566
328,Lasiommata megera,Sedum sediforme,0,0.5,0,Rocky coastal 1,obs,-0.07555553404589918
329,Lasiommata megera,Teucrium capitatum,0,0.6696642005003676,0,Rocky coastal 1,obs,0.7066666821385248
330,Lydella nigrescens,Allium sp.,0,0.6271477665779155,0,Rocky coastal 1,obs,0.5200000011320872
331,Lydella nigrescens,Astragalus balearicus,0,0.5443277588267654,0,Rocky coastal 1,obs,0.17777778155140167
332,Lydella nigrescens,Daucus carota,1,0.8091419572120482,1,Rocky coastal 1,obs,1.4444444538785044
333,Lydella nigrescens,Dorycnium fulgurans,0,0.5443277588267654,0,Rocky coastal 1,obs,0.17777778155140167
334,Lydella nigrescens,Euphorbia dendroides,0,0.5804070144486762,0,Rocky coastal 1,obs,0.3244444470859812
335,Lydella nigrescens,Helichrysum stoechas,0,0.6156467081084659,0,Rocky coastal 1,obs,0.47111111262056066
336,Lydella nigrescens,Lonicera implexa,0,0.5,0,Rocky coastal 1,obs,-0.017777772494704268
337,Lydella nigrescens,Ruta chalepensis,0,0.5077771517212307,0,Rocky coastal 1,obs,0.031111116016822232
338,Lydella nigrescens,Salvia rosmarinus,0,0.5199893412858596,0,Rocky coastal 1,obs,0.08000000452834871
339,Lydella nigrescens,Sedum sediforme,0,0.5321776900098669,0,Rocky coastal 1,obs,0.1288888930398752
340,Lydella nigrescens,Teucrium capitatum,1,0.6597594065089132,0,Rocky coastal 1,obs,0.6622222376940803
341,Macroglossum stellatarum,Allium sp.,0,0.7564535198449244,1,Rocky coastal 1,obs,1.1333332823894104
342,Macroglossum stellatarum,Astragalus balearicus,0,0.6880698475115635,0,Rocky coastal 1,obs,0.7911110628087248
343,Macroglossum stellatarum,Daucus carota,1,0.8867311595956754,1,Rocky coastal 1,obs,2.0577777351358275
344,Macroglossum stellatarum,Dorycnium fulgurans,0,0.6880698475115635,0,Rocky coastal 1,obs,0.7911110628087248
345,Macroglossum stellatarum,Euphorbia dendroides,0,0.7186505504123439,1,Rocky coastal 1,obs,0.9377777283433044
346,Macroglossum stellatarum,Helichrysum stoechas,1,0.6975283327812026,0,Rocky coastal 1,obs,0.835555522347665
347,Macroglossum stellatarum,Lonicera implexa,1,0.5858090144231483,0,Rocky coastal 1,obs,0.34666663723240004
348,Macroglossum stellatarum,Ruta chalepensis,0,0.6557574305142045,0,Rocky coastal 1,obs,0.6444443972741454
349,Macroglossum stellatarum,Salvia rosmarinus,1,0.609317534657081,0,Rocky coastal 1,obs,0.444444414255453
350,Macroglossum stellatarum,Sedum sediforme,0,0.6774815933260384,0,Rocky coastal 1,obs,0.7422221742971984
351,Macroglossum stellatarum,Teucrium capitatum,1,0.7816922777463517,1,Rocky coastal 1,obs,1.2755555189514034
352,Megaselia sp.,Allium sp.,0,0.5782407312735509,0,Rocky coastal 1,obs,0.31555557404631285
353,Megaselia sp.,Astragalus balearicus,0,0.5,0,Rocky coastal 1,obs,-0.0266666455343727
354,Megaselia sp.,Daucus carota,1,0.775564018932736,1,Rocky coastal 1,obs,1.24000002679273
355,Megaselia sp.,Dorycnium fulgurans,0,0.5,0,Rocky coastal 1,obs,-0.0266666455343727
356,Megaselia sp.,Euphorbia dendroides,0,0.5299640567466664,0,Rocky coastal 1,obs,0.12000002000020682
357,Megaselia sp.,Helichrysum stoechas,0,0.5662743988295947,0,Rocky coastal 1,obs,0.26666668553478634
358,Megaselia sp.,Lonicera implexa,0,0.5,0,Rocky coastal 1,obs,-0.22222219958047867
359,Megaselia sp.,Ruta chalepensis,0,0.5,0,Rocky coastal 1,obs,-0.1733333110689522
360,Megaselia sp.,Salvia rosmarinus,0,0.5,0,Rocky coastal 1,obs,-0.12444442255742566
361,Megaselia sp.,Sedum sediforme,0,0.5,0,Rocky coastal 1,obs,-0.07555553404589918
362,Megaselia sp.,Teucrium capitatum,0,0.6696642005003676,0,Rocky coastal 1,obs,0.7066666821385248
363,Melanostoma scalare,Allium sp.,0,0.5782407312735509,0,Rocky coastal 1,obs,0.31555557404631285
364,Melanostoma scalare,Astragalus balearicus,0,0.5,0,Rocky coastal 1,obs,-0.0266666455343727
365,Melanostoma scalare,Daucus carota,1,0.775564018932736,1,Rocky coastal 1,obs,1.24000002679273
366,Melanostoma scalare,Dorycnium fulgurans,0,0.5,0,Rocky coastal 1,obs,-0.0266666455343727
367,Melanostoma scalare,Euphorbia dendroides,0,0.5299640567466664,0,Rocky coastal 1,obs,0.12000002000020682
368,Melanostoma scalare,Helichrysum stoechas,0,0.5662743988295947,0,Rocky coastal 1,obs,0.26666668553478634
369,Melanostoma scalare,Lonicera implexa,0,0.5,0,Rocky coastal 1,obs,-0.22222219958047867
370,Melanostoma scalare,Ruta chalepensis,0,0.5,0,Rocky coastal 1,obs,-0.1733333110689522
371,Melanostoma scalare,Salvia rosmarinus,0,0.5,0,Rocky coastal 1,obs,-0.12444442255742566
372,Melanostoma scalare,Sedum sediforme,0,0.5,0,Rocky coastal 1,obs,-0.07555553404589918
373,Melanostoma scalare,Teucrium capitatum,0,0.6696642005003676,0,Rocky coastal 1,obs,0.7066666821385248
374,Meliscaeva auricollis,Allium sp.,0,0.6735849586345595,0,Rocky coastal 1,obs,0.7244444282178616
375,Meliscaeva auricollis,Astragalus balearicus,0,0.5944089606331424,0,Rocky coastal 1,obs,0.38222220863717604
376,Meliscaeva auricollis,Daucus carota,1,0.8387408229600046,1,Rocky coastal 1,obs,1.6488888809642785
377,Meliscaeva auricollis,Dorycnium fulgurans,0,0.5944089606331424,0,Rocky coastal 1,obs,0.38222220863717604
378,Meliscaeva auricollis,Euphorbia dendroides,1,0.5695462245868369,0,Rocky coastal 1,obs,0.28000000264153674
379,Meliscaeva auricollis,Helichrysum stoechas,0,0.6627460191481467,0,Rocky coastal 1,obs,0.6755555397063351
380,Meliscaeva auricollis,Lonicera implexa,0,0.546531628005847,0,Rocky coastal 1,obs,0.18666665459107012
381,Meliscaeva auricollis,Ruta chalepensis,0,0.5586180937800139,0,Rocky coastal 1,obs,0.2355555431025966
382,Meliscaeva auricollis,Salvia rosmarinus,0,0.5706354970812096,0,Rocky coastal 1,obs,0.28444443161412314
383,Meliscaeva auricollis,Sedum sediforme,0,0.5825702032504416,0,Rocky coastal 1,obs,0.33333332012564965
384,Meliscaeva auricollis,Teucrium capitatum,1,0.7040516272240208,1,Rocky coastal 1,obs,0.8666666647798547
385,Mordellistena sp.,Allium sp.,0,0.6271477665779155,0,Rocky coastal 1,obs,0.5200000011320872
386,Mordellistena sp.,Astragalus balearicus,0,0.5443277588267654,0,Rocky coastal 1,obs,0.17777778155140167
387,Mordellistena sp.,Daucus carota,1,0.8091419572120482,1,Rocky coastal 1,obs,1.4444444538785044
388,Mordellistena sp.,Dorycnium fulgurans,0,0.5443277588267654,0,Rocky coastal 1,obs,0.17777778155140167
389,Mordellistena sp.,Euphorbia dendroides,0,0.5804070144486762,0,Rocky coastal 1,obs,0.3244444470859812
390,Mordellistena sp.,Helichrysum stoechas,0,0.6156467081084659,0,Rocky coastal 1,obs,0.47111111262056066
391,Mordellistena sp.,Lonicera implexa,0,0.5,0,Rocky coastal 1,obs,-0.017777772494704275
392,Mordellistena sp.,Ruta chalepensis,0,0.5077771517212307,0,Rocky coastal 1,obs,0.03111111601682221
393,Mordellistena sp.,Salvia rosmarinus,0,0.5199893412858596,0,Rocky coastal 1,obs,0.08000000452834871
394,Mordellistena sp.,Sedum sediforme,1,0.5,0,Rocky coastal 1,obs,-0.11999997849034366
395,Mordellistena sp.,Teucrium capitatum,0,0.7132274762460605,1,Rocky coastal 1,obs,0.911111109224299
396,Sphenella marginata,Allium sp.,0,0.5782407312735509,0,Rocky coastal 1,obs,0.31555557404631285
397,Sphenella marginata,Astragalus balearicus,0,0.5,0,Rocky coastal 1,obs,-0.0266666455343727
398,Sphenella marginata,Daucus carota,1,0.775564018932736,1,Rocky coastal 1,obs,1.24000002679273
399,Sphenella marginata,Dorycnium fulgurans,0,0.5,0,Rocky coastal 1,obs,-0.0266666455343727
400,Sphenella marginata,Euphorbia dendroides,0,0.5299640567466664,0,Rocky coastal 1,obs,0.12000002000020682
401,Sphenella marginata,Helichrysum stoechas,0,0.5662743988295947,0,Rocky coastal 1,obs,0.26666668553478634
402,Sphenella marginata,Lonicera implexa,0,0.5,0,Rocky coastal 1,obs,-0.22222219958047867
403,Sphenella marginata,Ruta chalepensis,0,0.5,0,Rocky coastal 1,obs,-0.1733333110689522
404,Sphenella marginata,Salvia rosmarinus,0,0.5,0,Rocky coastal 1,obs,-0.12444442255742566
405,Sphenella marginata,Sedum sediforme,0,0.5,0,Rocky coastal 1,obs,-0.07555553404589918
406,Sphenella marginata,Teucrium capitatum,0,0.6696642005003676,0,Rocky coastal 1,obs,0.7066666821385248
407,Unknown insect,Allium sp.,0,0.5782407312735509,0,Rocky coastal 1,obs,0.31555557404631285
408,Unknown insect,Astragalus balearicus,0,0.5,0,Rocky coastal 1,obs,-0.0266666455343727
409,Unknown insect,Daucus carota,1,0.775564018932736,1,Rocky coastal 1,obs,1.24000002679273
410,Unknown insect,Dorycnium fulgurans,0,0.5,0,Rocky coastal 1,obs,-0.0266666455343727
411,Unknown insect,Euphorbia dendroides,0,0.5299640567466664,0,Rocky coastal 1,obs,0.12000002000020682
412,Unknown insect,Helichrysum stoechas,0,0.5662743988295947,0,Rocky coastal 1,obs,0.26666668553478634
413,Unknown insect,Lonicera implexa,0,0.5,0,Rocky coastal 1,obs,-0.22222219958047867
414,Unknown insect,Ruta chalepensis,0,0.5,0,Rocky coastal 1,obs,-0.1733333110689522
415,Unknown insect,Salvia rosmarinus,0,0.5,0,Rocky coastal 1,obs,-0.12444442255742566
416,Unknown insect,Sedum sediforme,0,0.5,0,Rocky coastal 1,obs,-0.07555553404589918
417,Unknown insect,Teucrium capitatum,0,0.6696642005003676,0,Rocky coastal 1,obs,0.7066666821385248
418,Calliphoridae sp.,Allium sp.,0,0.5782407312735509,0,Rocky coastal 1,obs,0.31555557404631285
419,Calliphoridae sp.,Astragalus balearicus,0,0.5,0,Rocky coastal 1,obs,-0.026666645534372646
420,Calliphoridae sp.,Daucus carota,0,0.8159114437290708,1,Rocky coastal 1,obs,1.488888898322949
421,Calliphoridae sp.,Dorycnium fulgurans,0,0.5,0,Rocky coastal 1,obs,-0.026666645534372646
422,Calliphoridae sp.,Euphorbia dendroides,1,0.5,0,Rocky coastal 1,obs,-0.128888851530012
423,Calliphoridae sp.,Helichrysum stoechas,0,0.5662743988295947,0,Rocky coastal 1,obs,0.26666668553478634
424,Calliphoridae sp.,Lonicera implexa,0,0.5,0,Rocky coastal 1,obs,-0.22222219958047867
425,Calliphoridae sp.,Ruta chalepensis,0,0.5,0,Rocky coastal 1,obs,-0.1733333110689522
426,Calliphoridae sp.,Salvia rosmarinus,0,0.5,0,Rocky coastal 1,obs,-0.12444442255742566
427,Calliphoridae sp.,Sedum sediforme,0,0.5,0,Rocky coastal 1,obs,-0.07555553404589918
428,Calliphoridae sp.,Teucrium capitatum,0,0.6696642005003676,0,Rocky coastal 1,obs,0.7066666821385247
429,Autographa gamma,Allium sp.,0,0.6271477665779155,0,Rocky coastal 1,obs,0.5200000011320872
430,Autographa gamma,Astragalus balearicus,0,0.5443277588267654,0,Rocky coastal 1,obs,0.17777778155140167
431,Autographa gamma,Daucus carota,0,0.8446620217802295,1,Rocky coastal 1,obs,1.693333325408723
432,Autographa gamma,Dorycnium fulgurans,0,0.5443277588267654,0,Rocky coastal 1,obs,0.17777778155140167
433,Autographa gamma,Euphorbia dendroides,0,0.5804070144486762,0,Rocky coastal 1,obs,0.3244444470859812
434,Autographa gamma,Helichrysum stoechas,1,0.5553280599216399,0,Rocky coastal 1,obs,0.2222222410903419
435,Autographa gamma,Lonicera implexa,0,0.5,0,Rocky coastal 1,obs,-0.017777772494704275
436,Autographa gamma,Ruta chalepensis,0,0.5077771517212307,0,Rocky coastal 1,obs,0.031111116016822232
437,Autographa gamma,Salvia rosmarinus,0,0.5199893412858596,0,Rocky coastal 1,obs,0.08000000452834868
438,Autographa gamma,Sedum sediforme,0,0.5321776900098669,0,Rocky coastal 1,obs,0.1288888930398752
439,Autographa gamma,Teucrium capitatum,1,0.6597594065089132,0,Rocky coastal 1,obs,0.6622222376940803
440,Microdiptera sp1.,Allium sp.,0,0.5782407312735509,0,Rocky coastal 1,obs,0.31555557404631285
441,Microdiptera sp1.,Astragalus balearicus,0,0.5,0,Rocky coastal 1,obs,-0.0266666455343727
442,Microdiptera sp1.,Daucus carota,0,0.8159114437290708,1,Rocky coastal 1,obs,1.488888898322949
443,Microdiptera sp1.,Dorycnium fulgurans,0,0.5,0,Rocky coastal 1,obs,-0.0266666455343727
444,Microdiptera sp1.,Euphorbia dendroides,0,0.5299640567466664,0,Rocky coastal 1,obs,0.12000002000020682
445,Microdiptera sp1.,Helichrysum stoechas,1,0.5044443364487988,0,Rocky coastal 1,obs,0.017777814004567405
446,Microdiptera sp1.,Lonicera implexa,0,0.5,0,Rocky coastal 1,obs,-0.22222219958047867
447,Microdiptera sp1.,Ruta chalepensis,0,0.5,0,Rocky coastal 1,obs,-0.1733333110689522
448,Microdiptera sp1.,Salvia rosmarinus,0,0.5,0,Rocky coastal 1,obs,-0.12444442255742566
449,Microdiptera sp1.,Sedum sediforme,0,0.5,0,Rocky coastal 1,obs,-0.07555553404589918
450,Microdiptera sp1.,Teucrium capitatum,0,0.6696642005003676,0,Rocky coastal 1,obs,0.7066666821385247
451,Phthiria cf pulicularia,Allium sp.,0,0.6271477665779155,0,Rocky coastal 1,obs,0.5200000011320872
452,Phthiria cf pulicularia,Astragalus balearicus,0,0.5443277588267654,0,Rocky coastal 1,obs,0.17777778155140167
453,Phthiria cf pulicularia,Daucus carota,0,0.8446620217802295,1,Rocky coastal 1,obs,1.693333325408723
454,Phthiria cf pulicularia,Dorycnium fulgurans,0,0.5443277588267654,0,Rocky coastal 1,obs,0.17777778155140167
455,Phthiria cf pulicularia,Euphorbia dendroides,0,0.5804070144486762,0,Rocky coastal 1,obs,0.3244444470859812
456,Phthiria cf pulicularia,Helichrysum stoechas,1,0.5553280599216399,0,Rocky coastal 1,obs,0.2222222410903419
457,Phthiria cf pulicularia,Lonicera implexa,0,0.5,0,Rocky coastal 1,obs,-0.017777772494704275
458,Phthiria cf pulicularia,Ruta chalepensis,0,0.5077771517212307,0,Rocky coastal 1,obs,0.031111116016822232
459,Phthiria cf pulicularia,Salvia rosmarinus,0,0.5199893412858596,0,Rocky coastal 1,obs,0.08000000452834868
460,Phthiria cf pulicularia,Sedum sediforme,0,0.5321776900098669,0,Rocky coastal 1,obs,0.1288888930398752
461,Phthiria cf pulicularia,Teucrium capitatum,1,0.6597594065089132,0,Rocky coastal 1,obs,0.6622222376940803
462,Stictopleurus abutilon,Allium sp.,0,0.5782407312735509,0,Rocky coastal 1,obs,0.31555557404631285
463,Stictopleurus abutilon,Astragalus balearicus,0,0.5,0,Rocky coastal 1,obs,-0.0266666455343727
464,Stictopleurus abutilon,Daucus carota,0,0.8159114437290708,1,Rocky coastal 1,obs,1.488888898322949
465,Stictopleurus abutilon,Dorycnium fulgurans,0,0.5,0,Rocky coastal 1,obs,-0.0266666455343727
466,Stictopleurus abutilon,Euphorbia dendroides,0,0.5299640567466664,0,Rocky coastal 1,obs,0.12000002000020682
467,Stictopleurus abutilon,Helichrysum stoechas,1,0.5044443364487988,0,Rocky coastal 1,obs,0.017777814004567405
468,Stictopleurus abutilon,Lonicera implexa,0,0.5,0,Rocky coastal 1,obs,-0.22222219958047867
469,Stictopleurus abutilon,Ruta chalepensis,0,0.5,0,Rocky coastal 1,obs,-0.1733333110689522
470,Stictopleurus abutilon,Salvia rosmarinus,0,0.5,0,Rocky coastal 1,obs,-0.12444442255742566
471,Stictopleurus abutilon,Sedum sediforme,0,0.5,0,Rocky coastal 1,obs,-0.07555553404589918
472,Stictopleurus abutilon,Teucrium capitatum,0,0.6696642005003676,0,Rocky coastal 1,obs,0.7066666821385247
473,Colias crocea,Allium sp.,0,0.5782407312735509,0,Rocky coastal 1,obs,0.31555557404631285
474,Colias crocea,Astragalus balearicus,0,0.5,0,Rocky coastal 1,obs,-0.0266666455343727
475,Colias crocea,Daucus carota,0,0.8159114437290708,1,Rocky coastal 1,obs,1.488888898322949
476,Colias crocea,Dorycnium fulgurans,0,0.5,0,Rocky coastal 1,obs,-0.0266666455343727
477,Colias crocea,Euphorbia dendroides,0,0.5299640567466664,0,Rocky coastal 1,obs,0.12000002000020682
478,Colias crocea,Helichrysum stoechas,0,0.5662743988295947,0,Rocky coastal 1,obs,0.26666668553478634
479,Colias crocea,Lonicera implexa,0,0.5,0,Rocky coastal 1,obs,-0.22222219958047867
480,Colias crocea,Ruta chalepensis,0,0.5,0,Rocky coastal 1,obs,-0.1733333110689522
481,Colias crocea,Salvia rosmarinus,0,0.5,0,Rocky coastal 1,obs,-0.12444442255742566
482,Colias crocea,Sedum sediforme,0,0.5,0,Rocky coastal 1,obs,-0.07555553404589918
483,Colias crocea,Teucrium capitatum,1,0.6124868788397909,0,Rocky coastal 1,obs,0.4577778106083059
484,Gonepterix cleopatra,Allium sp.,0,0.5782407312735509,0,Rocky coastal 1,obs,0.31555557404631285
485,Gonepterix cleopatra,Astragalus balearicus,0,0.5,0,Rocky coastal 1,obs,-0.0266666455343727
486,Gonepterix cleopatra,Daucus carota,0,0.8159114437290708,1,Rocky coastal 1,obs,1.488888898322949
487,Gonepterix cleopatra,Dorycnium fulgurans,0,0.5,0,Rocky coastal 1,obs,-0.0266666455343727
488,Gonepterix cleopatra,Euphorbia dendroides,0,0.5299640567466664,0,Rocky coastal 1,obs,0.12000002000020682
489,Gonepterix cleopatra,Helichrysum stoechas,0,0.5662743988295947,0,Rocky coastal 1,obs,0.26666668553478634
490,Gonepterix cleopatra,Lonicera implexa,0,0.5,0,Rocky coastal 1,obs,-0.22222219958047867
491,Gonepterix cleopatra,Ruta chalepensis,0,0.5,0,Rocky coastal 1,obs,-0.1733333110689522
492,Gonepterix cleopatra,Salvia rosmarinus,0,0.5,0,Rocky coastal 1,obs,-0.12444442255742566
493,Gonepterix cleopatra,Sedum sediforme,0,0.5,0,Rocky coastal 1,obs,-0.07555553404589918
494,Gonepterix cleopatra,Teucrium capitatum,1,0.6124868788397909,0,Rocky coastal 1,obs,0.4577778106083059
495,Spilostethus pandurus,Allium sp.,0,0.5782407312735509,0,Rocky coastal 1,obs,0.31555557404631285
496,Spilostethus pandurus,Astragalus balearicus,0,0.5,0,Rocky coastal 1,obs,-0.0266666455343727
497,Spilostethus pandurus,Daucus carota,0,0.8159114437290708,1,Rocky coastal 1,obs,1.488888898322949
498,Spilostethus pandurus,Dorycnium fulgurans,0,0.5,0,Rocky coastal 1,obs,-0.0266666455343727
499,Spilostethus pandurus,Euphorbia dendroides,0,0.5299640567466664,0,Rocky coastal 1,obs,0.12000002000020682
500,Spilostethus pandurus,Helichrysum stoechas,0,0.5662743988295947,0,Rocky coastal 1,obs,0.26666668553478634
501,Spilostethus pandurus,Lonicera implexa,0,0.5,0,Rocky coastal 1,obs,-0.22222219958047867
502,Spilostethus pandurus,Ruta chalepensis,0,0.5,0,Rocky coastal 1,obs,-0.1733333110689522
503,Spilostethus pandurus,Salvia rosmarinus,0,0.5,0,Rocky coastal 1,obs,-0.12444442255742566
504,Spilostethus pandurus,Sedum sediforme,0,0.5,0,Rocky coastal 1,obs,-0.07555553404589918
505,Spilostethus pandurus,Teucrium capitatum,1,0.6124868788397909,0,Rocky coastal 1,obs,0.4577778106083059
0,Eupeodes corollae,Allium ampeloprasum,1,0.5679971411837206,0,Rocky coastal 2,obs,0.2736841797287424
1,Eupeodes corollae,Allium sp.,0,0.6298512871742687,0,Rocky coastal 2,obs,0.531578887973101
2,Eupeodes corollae,Asteriscus aquaticus,0,0.6298512871742687,0,Rocky coastal 2,obs,0.531578887973101
3,Eupeodes corollae,Daucus carota,0,0.6820389404061283,0,Rocky coastal 2,obs,0.76315783240842
4,Eupeodes corollae,Euphorbia dendroides,1,0.7472899513036135,1,Rocky coastal 2,obs,1.0842104852523584
5,Eupeodes corollae,Globularia alypum,0,0.616255374225402,0,Rocky coastal 2,obs,0.4736841518642713
6,Eupeodes corollae,Helichrysum stoechas,1,0.7580659504734589,1,Rocky coastal 2,obs,1.142105221361188
7,Eupeodes corollae,Lonicera implexa,0,0.6298512871742687,0,Rocky coastal 2,obs,0.531578887973101
8,Eupeodes corollae,Ruta chalepensis,0,0.6298512871742687,0,Rocky coastal 2,obs,0.531578887973101
9,Eupeodes corollae,Sedum sediforme,0,0.6298512871742687,0,Rocky coastal 2,obs,0.531578887973101
10,Eupeodes corollae,Teucrium capitatum,1,0.8327526925172735,1,Rocky coastal 2,obs,1.6052631102318258
11,Microdiptera sp1.,Allium ampeloprasum,1,0.5,0,Rocky coastal 2,obs,-0.13684207886523786
12,Microdiptera sp1.,Allium sp.,0,0.530226255717564,0,Rocky coastal 2,obs,0.1210526293791207
13,Microdiptera sp1.,Asteriscus aquaticus,0,0.530226255717564,0,Rocky coastal 2,obs,0.12105262937912069
14,Microdiptera sp1.,Daucus carota,0,0.5872555829169658,0,Rocky coastal 2,obs,0.35263157381443955
15,Microdiptera sp1.,Euphorbia dendroides,0,0.7173955073322649,1,Rocky coastal 2,obs,0.9315789349027366
16,Microdiptera sp1.,Globularia alypum,0,0.5157842268321993,0,Rocky coastal 2,obs,0.06315789327029099
17,Microdiptera sp1.,Helichrysum stoechas,0,0.7289839499850629,1,Rocky coastal 2,obs,0.9894736710115664
18,Microdiptera sp1.,Lonicera implexa,0,0.530226255717564,0,Rocky coastal 2,obs,0.1210526293791207
19,Microdiptera sp1.,Ruta chalepensis,0,0.530226255717564,0,Rocky coastal 2,obs,0.1210526293791207
20,Microdiptera sp1.,Sedum sediforme,0,0.530226255717564,0,Rocky coastal 2,obs,0.12105262937912069
21,Microdiptera sp1.,Teucrium capitatum,1,0.7675871757217246,1,Rocky coastal 2,obs,1.1947368516378454
22,Mordellistena sp.,Allium ampeloprasum,0,0.5,0,Rocky coastal 2,obs,-0.08421049991786947
23,Mordellistena sp.,Allium sp.,1,0.5,0,Rocky coastal 2,obs,-0.342105208162228
24,Mordellistena sp.,Asteriscus aquaticus,0,0.5,0,Rocky coastal 2,obs,-0.08421049991786946
25,Mordellistena sp.,Daucus carota,0,0.5367755791979668,0,Rocky coastal 2,obs,0.14736844451744938
26,Mordellistena sp.,Euphorbia dendroides,0,0.6739962813932894,0,Rocky coastal 2,obs,0.7263158056057464
27,Mordellistena sp.,Globularia alypum,0,0.5,0,Rocky coastal 2,obs,-0.1421052360266992
28,Mordellistena sp.,Helichrysum stoechas,0,0.686586871823789,0,Rocky coastal 2,obs,0.784210541714576
29,Mordellistena sp.,Lonicera implexa,0,0.5,0,Rocky coastal 2,obs,-0.08421049991786948
30,Mordellistena sp.,Ruta chalepensis,0,0.5,0,Rocky coastal 2,obs,-0.08421049991786947
31,Mordellistena sp.,Sedum sediforme,0,0.5,0,Rocky coastal 2,obs,-0.08421049991786946
32,Mordellistena sp.,Teucrium capitatum,0,0.7768439915112524,1,Rocky coastal 2,obs,1.247368430585214
33,Stomorhina lunata,Allium ampeloprasum,0,0.5,0,Rocky coastal 2,obs,-0.08421049991786947
34,Stomorhina lunata,Allium sp.,1,0.5,0,Rocky coastal 2,obs,-0.342105208162228
35,Stomorhina lunata,Asteriscus aquaticus,0,0.5,0,Rocky coastal 2,obs,-0.08421049991786946
36,Stomorhina lunata,Daucus carota,0,0.5367755791979668,0,Rocky coastal 2,obs,0.14736844451744938
37,Stomorhina lunata,Euphorbia dendroides,0,0.6739962813932894,0,Rocky coastal 2,obs,0.7263158056057464
38,Stomorhina lunata,Globularia alypum,0,0.5,0,Rocky coastal 2,obs,-0.1421052360266992
39,Stomorhina lunata,Helichrysum stoechas,0,0.686586871823789,0,Rocky coastal 2,obs,0.784210541714576
40,Stomorhina lunata,Lonicera implexa,0,0.5,0,Rocky coastal 2,obs,-0.08421049991786948
41,Stomorhina lunata,Ruta chalepensis,0,0.5,0,Rocky coastal 2,obs,-0.08421049991786947
42,Stomorhina lunata,Sedum sediforme,0,0.5,0,Rocky coastal 2,obs,-0.08421049991786946
43,Stomorhina lunata,Teucrium capitatum,0,0.7768439915112524,1,Rocky coastal 2,obs,1.247368430585214
44,Exoprosopa cf. bowdeni,Allium ampeloprasum,0,0.580862675083226,0,Rocky coastal 2,obs,0.3263157586761109
45,Exoprosopa cf. bowdeni,Allium sp.,0,0.580862675083226,0,Rocky coastal 2,obs,0.3263157586761109
46,Exoprosopa cf. bowdeni,Asteriscus aquaticus,1,0.5170985926251819,0,Rocky coastal 2,obs,0.06842105043175228
47,Exoprosopa cf. bowdeni,Daucus carota,0,0.6359652754067112,0,Rocky coastal 2,obs,0.5578947031114297
48,Exoprosopa cf. bowdeni,Euphorbia dendroides,0,0.7570993664834825,1,Rocky coastal 2,obs,1.1368420641997268
49,Exoprosopa cf. bowdeni,Globularia alypum,0,0.5667052273183879,0,Rocky coastal 2,obs,0.2684210225672812
50,Exoprosopa cf. bowdeni,Helichrysum stoechas,1,0.7184613336052503,1,Rocky coastal 2,obs,0.9368420920641979
51,Exoprosopa cf. bowdeni,Lonicera implexa,0,0.580862675083226,0,Rocky coastal 2,obs,0.3263157586761109
52,Exoprosopa cf. bowdeni,Ruta chalepensis,0,0.580862675083226,0,Rocky coastal 2,obs,0.3263157586761109
53,Exoprosopa cf. bowdeni,Sedum sediforme,0,0.580862675083226,0,Rocky coastal 2,obs,0.3263157586761109
54,Exoprosopa cf. bowdeni,Teucrium capitatum,1,0.8021838855332281,1,Rocky coastal 2,obs,1.3999999809348356
55,Lasioglossum sp.,Allium ampeloprasum,0,0.7945595260850712,1,Rocky coastal 2,obs,1.3526315785422722
56,Lasioglossum sp.,Allium sp.,0,0.7945595260850712,1,Rocky coastal 2,obs,1.3526315785422722
57,Lasioglossum sp.,Asteriscus aquaticus,1,0.7492726227026943,1,Rocky coastal 2,obs,1.0947366969167032
58,Lasioglossum sp.,Daucus carota,1,0.79023054560912,1,Rocky coastal 2,obs,1.3263156413520218
59,Lasioglossum sp.,Euphorbia dendroides,1,0.8704860523755557,1,Rocky coastal 2,obs,1.9052631575323722
60,Lasioglossum sp.,Globularia alypum,1,0.7382402008238517,1,Rocky coastal 2,obs,1.0368419608078736
61,Lasioglossum sp.,Helichrysum stoechas,1,0.8768743028676809,1,Rocky coastal 2,obs,1.963157894372768
62,Lasioglossum sp.,Lonicera implexa,0,0.7945595260850712,1,Rocky coastal 2,obs,1.3526315785422722
63,Lasioglossum sp.,Ruta chalepensis,1,0.7492726227026943,1,Rocky coastal 2,obs,1.0947366969167032
64,Lasioglossum sp.,Sedum sediforme,1,0.7492726227026943,1,Rocky coastal 2,obs,1.0947366969167032
65,Lasioglossum sp.,Teucrium capitatum,1,0.9188121276231922,1,Rocky coastal 2,obs,2.426315789095936
66,Anaspis sp.,Allium ampeloprasum,0,0.580862675083226,0,Rocky coastal 2,obs,0.32631575867611085
67,Anaspis sp.,Allium sp.,0,0.580862675083226,0,Rocky coastal 2,obs,0.32631575867611085
68,Anaspis sp.,Asteriscus aquaticus,0,0.580862675083226,0,Rocky coastal 2,obs,0.32631575867611085
69,Anaspis sp.,Daucus carota,1,0.5744425155568719,0,Rocky coastal 2,obs,0.2999999948670711
70,Anaspis sp.,Euphorbia dendroides,0,0.7570993664834825,1,Rocky coastal 2,obs,1.1368420641997268
71,Anaspis sp.,Globularia alypum,0,0.5667052273183879,0,Rocky coastal 2,obs,0.2684210225672812
72,Anaspis sp.,Helichrysum stoechas,1,0.7184613336052503,1,Rocky coastal 2,obs,0.9368420920641979
73,Anaspis sp.,Lonicera implexa,0,0.580862675083226,0,Rocky coastal 2,obs,0.32631575867611085
74,Anaspis sp.,Ruta chalepensis,0,0.580862675083226,0,Rocky coastal 2,obs,0.32631575867611085
75,Anaspis sp.,Sedum sediforme,0,0.580862675083226,0,Rocky coastal 2,obs,0.32631575867611085
76,Anaspis sp.,Teucrium capitatum,1,0.8021838855332281,1,Rocky coastal 2,obs,1.3999999809348356
77,Musca domestica,Allium ampeloprasum,0,0.6298512871742687,0,Rocky coastal 2,obs,0.531578887973101
78,Musca domestica,Allium sp.,0,0.6298512871742687,0,Rocky coastal 2,obs,0.531578887973101
79,Musca domestica,Asteriscus aquaticus,0,0.6298512871742687,0,Rocky coastal 2,obs,0.531578887973101
80,Musca domestica,Daucus carota,1,0.623695385404909,0,Rocky coastal 2,obs,0.5052631241640613
81,Musca domestica,Euphorbia dendroides,1,0.7472899513036135,1,Rocky coastal 2,obs,1.0842104852523584
82,Musca domestica,Globularia alypum,0,0.616255374225402,0,Rocky coastal 2,obs,0.4736841518642713
83,Musca domestica,Helichrysum stoechas,1,0.7580659504734589,1,Rocky coastal 2,obs,1.142105221361188
84,Musca domestica,Lonicera implexa,0,0.6298512871742687,0,Rocky coastal 2,obs,0.531578887973101
85,Musca domestica,Ruta chalepensis,0,0.6298512871742687,0,Rocky coastal 2,obs,0.531578887973101
86,Musca domestica,Sedum sediforme,0,0.6298512871742687,0,Rocky coastal 2,obs,0.531578887973101
87,Musca domestica,Teucrium capitatum,1,0.8327526925172735,1,Rocky coastal 2,obs,1.6052631102318258
88,Pyrellia vivida,Allium ampeloprasum,0,0.6298512871742687,0,Rocky coastal 2,obs,0.531578887973101
89,Pyrellia vivida,Allium sp.,0,0.6298512871742687,0,Rocky coastal 2,obs,0.531578887973101
90,Pyrellia vivida,Asteriscus aquaticus,0,0.6298512871742687,0,Rocky coastal 2,obs,0.531578887973101
91,Pyrellia vivida,Daucus carota,1,0.623695385404909,0,Rocky coastal 2,obs,0.5052631241640613
92,Pyrellia vivida,Euphorbia dendroides,1,0.7472899513036135,1,Rocky coastal 2,obs,1.0842104852523584
93,Pyrellia vivida,Globularia alypum,0,0.616255374225402,0,Rocky coastal 2,obs,0.4736841518642713
94,Pyrellia vivida,Helichrysum stoechas,1,0.7580659504734589,1,Rocky coastal 2,obs,1.142105221361188
95,Pyrellia vivida,Lonicera implexa,0,0.6298512871742687,0,Rocky coastal 2,obs,0.531578887973101
96,Pyrellia vivida,Ruta chalepensis,0,0.6298512871742687,0,Rocky coastal 2,obs,0.531578887973101
97,Pyrellia vivida,Sedum sediforme,0,0.6298512871742687,0,Rocky coastal 2,obs,0.531578887973101
98,Pyrellia vivida,Teucrium capitatum,1,0.8327526925172735,1,Rocky coastal 2,obs,1.6052631102318258
99,Sarcophaga sp.,Allium ampeloprasum,0,0.580862675083226,0,Rocky coastal 2,obs,0.32631575867611085
100,Sarcophaga sp.,Allium sp.,0,0.580862675083226,0,Rocky coastal 2,obs,0.32631575867611085
101,Sarcophaga sp.,Asteriscus aquaticus,0,0.580862675083226,0,Rocky coastal 2,obs,0.32631575867611085
102,Sarcophaga sp.,Daucus carota,1,0.5744425155568719,0,Rocky coastal 2,obs,0.29999999486707113
103,Sarcophaga sp.,Euphorbia dendroides,1,0.7066040399051345,1,Rocky coastal 2,obs,0.8789473559553682
104,Sarcophaga sp.,Globularia alypum,0,0.5667052273183879,0,Rocky coastal 2,obs,0.2684210225672812
105,Sarcophaga sp.,Helichrysum stoechas,0,0.7675871665647281,1,Rocky coastal 2,obs,1.1947368003085566
106,Sarcophaga sp.,Lonicera implexa,0,0.580862675083226,0,Rocky coastal 2,obs,0.32631575867611085
107,Sarcophaga sp.,Ruta chalepensis,0,0.580862675083226,0,Rocky coastal 2,obs,0.32631575867611085
108,Sarcophaga sp.,Sedum sediforme,0,0.580862675083226,0,Rocky coastal 2,obs,0.32631575867611085
109,Sarcophaga sp.,Teucrium capitatum,1,0.8021838855332281,1,Rocky coastal 2,obs,1.3999999809348356
110,Stenopterus sp.,Allium ampeloprasum,0,0.5,0,Rocky coastal 2,obs,-0.08421049991786947
111,Stenopterus sp.,Allium sp.,0,0.5,0,Rocky coastal 2,obs,-0.08421049991786948
112,Stenopterus sp.,Asteriscus aquaticus,0,0.5,0,Rocky coastal 2,obs,-0.08421049991786947
113,Stenopterus sp.,Daucus carota,1,0.5,0,Rocky coastal 2,obs,-0.11052626372690927
114,Stenopterus sp.,Euphorbia dendroides,0,0.6739962813932894,0,Rocky coastal 2,obs,0.7263158056057464
115,Stenopterus sp.,Globularia alypum,0,0.5,0,Rocky coastal 2,obs,-0.1421052360266992
116,Stenopterus sp.,Helichrysum stoechas,0,0.686586871823789,0,Rocky coastal 2,obs,0.784210541714576
117,Stenopterus sp.,Lonicera implexa,0,0.5,0,Rocky coastal 2,obs,-0.08421049991786948
118,Stenopterus sp.,Ruta chalepensis,0,0.5,0,Rocky coastal 2,obs,-0.08421049991786947
119,Stenopterus sp.,Sedum sediforme,0,0.5,0,Rocky coastal 2,obs,-0.08421049991786947
120,Stenopterus sp.,Teucrium capitatum,0,0.7768439915112524,1,Rocky coastal 2,obs,1.247368430585214
121,Anthomyiidae sp.,Allium ampeloprasum,0,0.5,0,Rocky coastal 2,obs,-0.08421049991786944
122,Anthomyiidae sp.,Allium sp.,0,0.5,0,Rocky coastal 2,obs,-0.08421049991786946
123,Anthomyiidae sp.,Asteriscus aquaticus,0,0.5,0,Rocky coastal 2,obs,-0.08421049991786943
124,Anthomyiidae sp.,Daucus carota,0,0.5367755791979668,0,Rocky coastal 2,obs,0.14736844451744938
125,Anthomyiidae sp.,Euphorbia dendroides,1,0.6150099832954355,0,Rocky coastal 2,obs,0.4684210973613878
126,Anthomyiidae sp.,Globularia alypum,0,0.5,0,Rocky coastal 2,obs,-0.1421052360266992
127,Anthomyiidae sp.,Helichrysum stoechas,0,0.686586871823789,0,Rocky coastal 2,obs,0.784210541714576
128,Anthomyiidae sp.,Lonicera implexa,0,0.5,0,Rocky coastal 2,obs,-0.08421049991786946
129,Anthomyiidae sp.,Ruta chalepensis,0,0.5,0,Rocky coastal 2,obs,-0.08421049991786944
130,Anthomyiidae sp.,Sedum sediforme,0,0.5,0,Rocky coastal 2,obs,-0.08421049991786943
131,Anthomyiidae sp.,Teucrium capitatum,0,0.7768439915112524,1,Rocky coastal 2,obs,1.247368430585214
132,Dasytes nigroaeneus,Allium ampeloprasum,0,0.580862675083226,0,Rocky coastal 2,obs,0.32631575867611085
133,Dasytes nigroaeneus,Allium sp.,0,0.580862675083226,0,Rocky coastal 2,obs,0.32631575867611085
134,Dasytes nigroaeneus,Asteriscus aquaticus,0,0.580862675083226,0,Rocky coastal 2,obs,0.32631575867611085
135,Dasytes nigroaeneus,Daucus carota,0,0.6359652754067112,0,Rocky coastal 2,obs,0.5578947031114297
136,Dasytes nigroaeneus,Euphorbia dendroides,1,0.7066040399051345,1,Rocky coastal 2,obs,0.8789473559553682
137,Dasytes nigroaeneus,Globularia alypum,0,0.5667052273183879,0,Rocky coastal 2,obs,0.2684210225672812
138,Dasytes nigroaeneus,Helichrysum stoechas,1,0.7184613336052503,1,Rocky coastal 2,obs,0.9368420920641979
139,Dasytes nigroaeneus,Lonicera implexa,0,0.580862675083226,0,Rocky coastal 2,obs,0.32631575867611085
140,Dasytes nigroaeneus,Ruta chalepensis,0,0.580862675083226,0,Rocky coastal 2,obs,0.32631575867611085
141,Dasytes nigroaeneus,Sedum sediforme,0,0.580862675083226,0,Rocky coastal 2,obs,0.32631575867611085
142,Dasytes nigroaeneus,Teucrium capitatum,1,0.8021838855332281,1,Rocky coastal 2,obs,1.3999999809348356
143,Episyrphus balteatus,Allium ampeloprasum,0,0.530226255717564,0,Rocky coastal 2,obs,0.12105262937912069
144,Episyrphus balteatus,Allium sp.,0,0.530226255717564,0,Rocky coastal 2,obs,0.12105262937912069
145,Episyrphus balteatus,Asteriscus aquaticus,0,0.530226255717564,0,Rocky coastal 2,obs,0.12105262937912069
146,Episyrphus balteatus,Daucus carota,0,0.5872555829169658,0,Rocky coastal 2,obs,0.35263157381443955
147,Episyrphus balteatus,Euphorbia dendroides,1,0.6623276276842127,0,Rocky coastal 2,obs,0.6736842266583781
148,Episyrphus balteatus,Globularia alypum,0,0.5157842268321993,0,Rocky coastal 2,obs,0.06315789327029099
149,Episyrphus balteatus,Helichrysum stoechas,0,0.7289839499850629,1,Rocky coastal 2,obs,0.9894736710115664
150,Episyrphus balteatus,Lonicera implexa,0,0.530226255717564,0,Rocky coastal 2,obs,0.12105262937912069
151,Episyrphus balteatus,Ruta chalepensis,0,0.530226255717564,0,Rocky coastal 2,obs,0.12105262937912069
152,Episyrphus balteatus,Sedum sediforme,0,0.530226255717564,0,Rocky coastal 2,obs,0.12105262937912069
153,Episyrphus balteatus,Teucrium capitatum,1,0.7675871757217246,1,Rocky coastal 2,obs,1.1947368516378454
154,Eristalis similis,Allium ampeloprasum,0,0.5,0,Rocky coastal 2,obs,-0.08421049991786944
155,Eristalis similis,Allium sp.,0,0.5,0,Rocky coastal 2,obs,-0.08421049991786946
156,Eristalis similis,Asteriscus aquaticus,0,0.5,0,Rocky coastal 2,obs,-0.08421049991786943
157,Eristalis similis,Daucus carota,0,0.5367755791979668,0,Rocky coastal 2,obs,0.14736844451744938
158,Eristalis similis,Euphorbia dendroides,1,0.6150099832954355,0,Rocky coastal 2,obs,0.4684210973613878
159,Eristalis similis,Globularia alypum,0,0.5,0,Rocky coastal 2,obs,-0.1421052360266992
160,Eristalis similis,Helichrysum stoechas,0,0.686586871823789,0,Rocky coastal 2,obs,0.784210541714576
161,Eristalis similis,Lonicera implexa,0,0.5,0,Rocky coastal 2,obs,-0.08421049991786946
162,Eristalis similis,Ruta chalepensis,0,0.5,0,Rocky coastal 2,obs,-0.08421049991786944
163,Eristalis similis,Sedum sediforme,0,0.5,0,Rocky coastal 2,obs,-0.08421049991786943
164,Eristalis similis,Teucrium capitatum,0,0.7768439915112524,1,Rocky coastal 2,obs,1.247368430585214
165,Meligethes sp.,Allium ampeloprasum,0,0.580862675083226,0,Rocky coastal 2,obs,0.32631575867611085
166,Meligethes sp.,Allium sp.,0,0.580862675083226,0,Rocky coastal 2,obs,0.32631575867611085
167,Meligethes sp.,Asteriscus aquaticus,0,0.580862675083226,0,Rocky coastal 2,obs,0.32631575867611085
168,Meligethes sp.,Daucus carota,0,0.6359652754067112,0,Rocky coastal 2,obs,0.5578947031114297
169,Meligethes sp.,Euphorbia dendroides,1,0.7066040399051345,1,Rocky coastal 2,obs,0.8789473559553682
170,Meligethes sp.,Globularia alypum,0,0.5667052273183879,0,Rocky coastal 2,obs,0.2684210225672812
171,Meligethes sp.,Helichrysum stoechas,1,0.7184613336052503,1,Rocky coastal 2,obs,0.9368420920641979
172,Meligethes sp.,Lonicera implexa,0,0.580862675083226,0,Rocky coastal 2,obs,0.32631575867611085
173,Meligethes sp.,Ruta chalepensis,0,0.580862675083226,0,Rocky coastal 2,obs,0.32631575867611085
174,Meligethes sp.,Sedum sediforme,0,0.580862675083226,0,Rocky coastal 2,obs,0.32631575867611085
175,Meligethes sp.,Teucrium capitatum,1,0.8021838855332281,1,Rocky coastal 2,obs,1.3999999809348356
176,Meliscaeva auricollis,Allium ampeloprasum,0,0.530226255717564,0,Rocky coastal 2,obs,0.12105262937912069
177,Meliscaeva auricollis,Allium sp.,0,0.530226255717564,0,Rocky coastal 2,obs,0.12105262937912069
178,Meliscaeva auricollis,Asteriscus aquaticus,0,0.530226255717564,0,Rocky coastal 2,obs,0.12105262937912069
179,Meliscaeva auricollis,Daucus carota,0,0.5872555829169658,0,Rocky coastal 2,obs,0.35263157381443955
180,Meliscaeva auricollis,Euphorbia dendroides,1,0.6623276276842127,0,Rocky coastal 2,obs,0.6736842266583781
181,Meliscaeva auricollis,Globularia alypum,0,0.5157842268321993,0,Rocky coastal 2,obs,0.06315789327029099
182,Meliscaeva auricollis,Helichrysum stoechas,0,0.7289839499850629,1,Rocky coastal 2,obs,0.9894736710115664
183,Meliscaeva auricollis,Lonicera implexa,0,0.530226255717564,0,Rocky coastal 2,obs,0.12105262937912069
184,Meliscaeva auricollis,Ruta chalepensis,0,0.530226255717564,0,Rocky coastal 2,obs,0.12105262937912069
185,Meliscaeva auricollis,Sedum sediforme,0,0.530226255717564,0,Rocky coastal 2,obs,0.12105262937912069
186,Meliscaeva auricollis,Teucrium capitatum,1,0.7675871757217246,1,Rocky coastal 2,obs,1.1947368516378454
187,Muscidae sp1,Allium ampeloprasum,0,0.5,0,Rocky coastal 2,obs,-0.08421049991786944
188,Muscidae sp1,Allium sp.,0,0.5,0,Rocky coastal 2,obs,-0.08421049991786946
189,Muscidae sp1,Asteriscus aquaticus,0,0.5,0,Rocky coastal 2,obs,-0.08421049991786943
190,Muscidae sp1,Daucus carota,0,0.5367755791979668,0,Rocky coastal 2,obs,0.14736844451744938
191,Muscidae sp1,Euphorbia dendroides,1,0.6150099832954355,0,Rocky coastal 2,obs,0.4684210973613878
192,Muscidae sp1,Globularia alypum,0,0.5,0,Rocky coastal 2,obs,-0.1421052360266992
193,Muscidae sp1,Helichrysum stoechas,0,0.686586871823789,0,Rocky coastal 2,obs,0.784210541714576
194,Muscidae sp1,Lonicera implexa,0,0.5,0,Rocky coastal 2,obs,-0.08421049991786946
195,Muscidae sp1,Ruta chalepensis,0,0.5,0,Rocky coastal 2,obs,-0.08421049991786944
196,Muscidae sp1,Sedum sediforme,0,0.5,0,Rocky coastal 2,obs,-0.08421049991786943
197,Muscidae sp1,Teucrium capitatum,0,0.7768439915112524,1,Rocky coastal 2,obs,1.247368430585214
198,Platypalpus sp.,Allium ampeloprasum,0,0.530226255717564,0,Rocky coastal 2,obs,0.12105262937912069
199,Platypalpus sp.,Allium sp.,0,0.530226255717564,0,Rocky coastal 2,obs,0.12105262937912069
200,Platypalpus sp.,Asteriscus aquaticus,0,0.530226255717564,0,Rocky coastal 2,obs,0.12105262937912069
201,Platypalpus sp.,Daucus carota,0,0.5872555829169658,0,Rocky coastal 2,obs,0.35263157381443955
202,Platypalpus sp.,Euphorbia dendroides,1,0.6623276276842127,0,Rocky coastal 2,obs,0.6736842266583781
203,Platypalpus sp.,Globularia alypum,0,0.5157842268321993,0,Rocky coastal 2,obs,0.06315789327029098
204,Platypalpus sp.,Helichrysum stoechas,1,0.6751516694117585,0,Rocky coastal 2,obs,0.7315789627672077
205,Platypalpus sp.,Lonicera implexa,0,0.530226255717564,0,Rocky coastal 2,obs,0.12105262937912069
206,Platypalpus sp.,Ruta chalepensis,0,0.530226255717564,0,Rocky coastal 2,obs,0.12105262937912069
207,Platypalpus sp.,Sedum sediforme,0,0.530226255717564,0,Rocky coastal 2,obs,0.12105262937912069
208,Platypalpus sp.,Teucrium capitatum,0,0.8104031032512108,1,Rocky coastal 2,obs,1.452631559882204
209,Podarcis lilfordi,Allium ampeloprasum,0,0.5,0,Rocky coastal 2,obs,-0.08421049991786944
210,Podarcis lilfordi,Allium sp.,0,0.5,0,Rocky coastal 2,obs,-0.08421049991786946
211,Podarcis lilfordi,Asteriscus aquaticus,0,0.5,0,Rocky coastal 2,obs,-0.08421049991786943
212,Podarcis lilfordi,Daucus carota,0,0.5367755791979668,0,Rocky coastal 2,obs,0.14736844451744938
213,Podarcis lilfordi,Euphorbia dendroides,1,0.6150099832954355,0,Rocky coastal 2,obs,0.4684210973613878
214,Podarcis lilfordi,Globularia alypum,0,0.5,0,Rocky coastal 2,obs,-0.1421052360266992
215,Podarcis lilfordi,Helichrysum stoechas,0,0.686586871823789,0,Rocky coastal 2,obs,0.784210541714576
216,Podarcis lilfordi,Lonicera implexa,0,0.5,0,Rocky coastal 2,obs,-0.08421049991786946
217,Podarcis lilfordi,Ruta chalepensis,0,0.5,0,Rocky coastal 2,obs,-0.08421049991786944
218,Podarcis lilfordi,Sedum sediforme,0,0.5,0,Rocky coastal 2,obs,-0.08421049991786943
219,Podarcis lilfordi,Teucrium capitatum,0,0.7768439915112524,1,Rocky coastal 2,obs,1.247368430585214
220,Spilostethus pandurus,Allium ampeloprasum,0,0.580862675083226,0,Rocky coastal 2,obs,0.32631575867611085
221,Spilostethus pandurus,Allium sp.,0,0.580862675083226,0,Rocky coastal 2,obs,0.32631575867611085
222,Spilostethus pandurus,Asteriscus aquaticus,0,0.580862675083226,0,Rocky coastal 2,obs,0.32631575867611085
223,Spilostethus pandurus,Daucus carota,0,0.6359652754067112,0,Rocky coastal 2,obs,0.5578947031114297
224,Spilostethus pandurus,Euphorbia dendroides,1,0.7066040399051345,1,Rocky coastal 2,obs,0.8789473559553682
225,Spilostethus pandurus,Globularia alypum,0,0.5667052273183879,0,Rocky coastal 2,obs,0.2684210225672812
226,Spilostethus pandurus,Helichrysum stoechas,0,0.7675871665647281,1,Rocky coastal 2,obs,1.1947368003085566
227,Spilostethus pandurus,Lonicera implexa,0,0.580862675083226,0,Rocky coastal 2,obs,0.32631575867611085
228,Spilostethus pandurus,Ruta chalepensis,0,0.580862675083226,0,Rocky coastal 2,obs,0.32631575867611085
229,Spilostethus pandurus,Sedum sediforme,1,0.5170985926251819,0,Rocky coastal 2,obs,0.06842105043175227
230,Spilostethus pandurus,Teucrium capitatum,1,0.8021838855332281,1,Rocky coastal 2,obs,1.3999999809348356
231,Tapinoma sp,Allium ampeloprasum,0,0.5,0,Rocky coastal 2,obs,-0.08421049991786944
232,Tapinoma sp,Allium sp.,0,0.5,0,Rocky coastal 2,obs,-0.08421049991786946
233,Tapinoma sp,Asteriscus aquaticus,0,0.5,0,Rocky coastal 2,obs,-0.08421049991786943
234,Tapinoma sp,Daucus carota,0,0.5367755791979668,0,Rocky coastal 2,obs,0.14736844451744938
235,Tapinoma sp,Euphorbia dendroides,1,0.6150099832954355,0,Rocky coastal 2,obs,0.4684210973613878
236,Tapinoma sp,Globularia alypum,0,0.5,0,Rocky coastal 2,obs,-0.1421052360266992
237,Tapinoma sp,Helichrysum stoechas,0,0.686586871823789,0,Rocky coastal 2,obs,0.784210541714576
238,Tapinoma sp,Lonicera implexa,0,0.5,0,Rocky coastal 2,obs,-0.08421049991786946
239,Tapinoma sp,Ruta chalepensis,0,0.5,0,Rocky coastal 2,obs,-0.08421049991786944
240,Tapinoma sp,Sedum sediforme,0,0.5,0,Rocky coastal 2,obs,-0.08421049991786943
241,Tapinoma sp,Teucrium capitatum,0,0.7768439915112524,1,Rocky coastal 2,obs,1.247368430585214
242,Ancistrocerus ebusianus,Allium ampeloprasum,0,0.530226255717564,0,Rocky coastal 2,obs,0.1210526293791207
243,Ancistrocerus ebusianus,Allium sp.,0,0.530226255717564,0,Rocky coastal 2,obs,0.1210526293791207
244,Ancistrocerus ebusianus,Asteriscus aquaticus,0,0.530226255717564,0,Rocky coastal 2,obs,0.12105262937912069
245,Ancistrocerus ebusianus,Daucus carota,0,0.5872555829169658,0,Rocky coastal 2,obs,0.35263157381443955
246,Ancistrocerus ebusianus,Euphorbia dendroides,0,0.7173955073322649,1,Rocky coastal 2,obs,0.9315789349027366
247,Ancistrocerus ebusianus,Globularia alypum,0,0.5157842268321993,0,Rocky coastal 2,obs,0.06315789327029098
248,Ancistrocerus ebusianus,Helichrysum stoechas,1,0.6751516694117585,0,Rocky coastal 2,obs,0.7315789627672077
249,Ancistrocerus ebusianus,Lonicera implexa,0,0.530226255717564,0,Rocky coastal 2,obs,0.1210526293791207
250,Ancistrocerus ebusianus,Ruta chalepensis,0,0.530226255717564,0,Rocky coastal 2,obs,0.1210526293791207
251,Ancistrocerus ebusianus,Sedum sediforme,0,0.530226255717564,0,Rocky coastal 2,obs,0.12105262937912069
252,Ancistrocerus ebusianus,Teucrium capitatum,1,0.7675871757217246,1,Rocky coastal 2,obs,1.1947368516378454
253,Hylaeus imparilis,Allium ampeloprasum,0,0.530226255717564,0,Rocky coastal 2,obs,0.1210526293791207
254,Hylaeus imparilis,Allium sp.,0,0.530226255717564,0,Rocky coastal 2,obs,0.1210526293791207
255,Hylaeus imparilis,Asteriscus aquaticus,0,0.530226255717564,0,Rocky coastal 2,obs,0.12105262937912069
256,Hylaeus imparilis,Daucus carota,0,0.5872555829169658,0,Rocky coastal 2,obs,0.35263157381443955
257,Hylaeus imparilis,Euphorbia dendroides,0,0.7173955073322649,1,Rocky coastal 2,obs,0.9315789349027366
258,Hylaeus imparilis,Globularia alypum,0,0.5157842268321993,0,Rocky coastal 2,obs,0.06315789327029098
259,Hylaeus imparilis,Helichrysum stoechas,1,0.6751516694117585,0,Rocky coastal 2,obs,0.7315789627672077
260,Hylaeus imparilis,Lonicera implexa,0,0.530226255717564,0,Rocky coastal 2,obs,0.1210526293791207
261,Hylaeus imparilis,Ruta chalepensis,0,0.530226255717564,0,Rocky coastal 2,obs,0.1210526293791207
262,Hylaeus imparilis,Sedum sediforme,0,0.530226255717564,0,Rocky coastal 2,obs,0.12105262937912069
263,Hylaeus imparilis,Teucrium capitatum,1,0.7675871757217246,1,Rocky coastal 2,obs,1.1947368516378454
264,Lydella nigrescens,Allium ampeloprasum,0,0.530226255717564,0,Rocky coastal 2,obs,0.1210526293791207
265,Lydella nigrescens,Allium sp.,0,0.530226255717564,0,Rocky coastal 2,obs,0.1210526293791207
266,Lydella nigrescens,Asteriscus aquaticus,0,0.530226255717564,0,Rocky coastal 2,obs,0.12105262937912069
267,Lydella nigrescens,Daucus carota,0,0.5872555829169658,0,Rocky coastal 2,obs,0.35263157381443955
268,Lydella nigrescens,Euphorbia dendroides,0,0.7173955073322649,1,Rocky coastal 2,obs,0.9315789349027366
269,Lydella nigrescens,Globularia alypum,0,0.5157842268321993,0,Rocky coastal 2,obs,0.06315789327029098
270,Lydella nigrescens,Helichrysum stoechas,1,0.6751516694117585,0,Rocky coastal 2,obs,0.7315789627672077
271,Lydella nigrescens,Lonicera implexa,0,0.530226255717564,0,Rocky coastal 2,obs,0.1210526293791207
272,Lydella nigrescens,Ruta chalepensis,0,0.530226255717564,0,Rocky coastal 2,obs,0.1210526293791207
273,Lydella nigrescens,Sedum sediforme,0,0.530226255717564,0,Rocky coastal 2,obs,0.12105262937912069
274,Lydella nigrescens,Teucrium capitatum,1,0.7675871757217246,1,Rocky coastal 2,obs,1.1947368516378454
275,Lydella thompsoni,Allium ampeloprasum,0,0.530226255717564,0,Rocky coastal 2,obs,0.1210526293791207
276,Lydella thompsoni,Allium sp.,0,0.530226255717564,0,Rocky coastal 2,obs,0.1210526293791207
277,Lydella thompsoni,Asteriscus aquaticus,0,0.530226255717564,0,Rocky coastal 2,obs,0.12105262937912069
278,Lydella thompsoni,Daucus carota,0,0.5872555829169658,0,Rocky coastal 2,obs,0.35263157381443955
279,Lydella thompsoni,Euphorbia dendroides,0,0.7173955073322649,1,Rocky coastal 2,obs,0.9315789349027366
280,Lydella thompsoni,Globularia alypum,0,0.5157842268321993,0,Rocky coastal 2,obs,0.06315789327029098
281,Lydella thompsoni,Helichrysum stoechas,1,0.6751516694117585,0,Rocky coastal 2,obs,0.7315789627672077
282,Lydella thompsoni,Lonicera implexa,0,0.530226255717564,0,Rocky coastal 2,obs,0.1210526293791207
283,Lydella thompsoni,Ruta chalepensis,0,0.530226255717564,0,Rocky coastal 2,obs,0.1210526293791207
284,Lydella thompsoni,Sedum sediforme,0,0.530226255717564,0,Rocky coastal 2,obs,0.12105262937912069
285,Lydella thompsoni,Teucrium capitatum,1,0.7675871757217246,1,Rocky coastal 2,obs,1.1947368516378454
286,Monomorium sp,Allium ampeloprasum,0,0.530226255717564,0,Rocky coastal 2,obs,0.1210526293791207
287,Monomorium sp,Allium sp.,0,0.530226255717564,0,Rocky coastal 2,obs,0.1210526293791207
288,Monomorium sp,Asteriscus aquaticus,0,0.530226255717564,0,Rocky coastal 2,obs,0.12105262937912069
289,Monomorium sp,Daucus carota,0,0.5872555829169658,0,Rocky coastal 2,obs,0.35263157381443955
290,Monomorium sp,Euphorbia dendroides,0,0.7173955073322649,1,Rocky coastal 2,obs,0.9315789349027366
291,Monomorium sp,Globularia alypum,0,0.5157842268321993,0,Rocky coastal 2,obs,0.06315789327029098
292,Monomorium sp,Helichrysum stoechas,1,0.6751516694117585,0,Rocky coastal 2,obs,0.7315789627672077
293,Monomorium sp,Lonicera implexa,0,0.530226255717564,0,Rocky coastal 2,obs,0.1210526293791207
294,Monomorium sp,Ruta chalepensis,0,0.530226255717564,0,Rocky coastal 2,obs,0.1210526293791207
295,Monomorium sp,Sedum sediforme,0,0.530226255717564,0,Rocky coastal 2,obs,0.12105262937912069
296,Monomorium sp,Teucrium capitatum,1,0.7675871757217246,1,Rocky coastal 2,obs,1.1947368516378454
297,Phthiria sp.,Allium ampeloprasum,0,0.5,0,Rocky coastal 2,obs,-0.08421049991786944
298,Phthiria sp.,Allium sp.,0,0.5,0,Rocky coastal 2,obs,-0.08421049991786946
299,Phthiria sp.,Asteriscus aquaticus,0,0.5,0,Rocky coastal 2,obs,-0.08421049991786943
300,Phthiria sp.,Daucus carota,0,0.5367755791979668,0,Rocky coastal 2,obs,0.14736844451744935
301,Phthiria sp.,Euphorbia dendroides,0,0.6739962813932894,0,Rocky coastal 2,obs,0.7263158056057464
302,Phthiria sp.,Globularia alypum,0,0.5,0,Rocky coastal 2,obs,-0.14210523602669922
303,Phthiria sp.,Helichrysum stoechas,1,0.6286234294869283,0,Rocky coastal 2,obs,0.5263158334702176
304,Phthiria sp.,Lonicera implexa,0,0.5,0,Rocky coastal 2,obs,-0.08421049991786946
305,Phthiria sp.,Ruta chalepensis,0,0.5,0,Rocky coastal 2,obs,-0.08421049991786944
306,Phthiria sp.,Sedum sediforme,0,0.5,0,Rocky coastal 2,obs,-0.08421049991786943
307,Phthiria sp.,Teucrium capitatum,0,0.7768439915112524,1,Rocky coastal 2,obs,1.247368430585214
308,Tachysphex obscuripennis,Allium ampeloprasum,0,0.5,0,Rocky coastal 2,obs,-0.08421049991786944
309,Tachysphex obscuripennis,Allium sp.,0,0.5,0,Rocky coastal 2,obs,-0.08421049991786946
310,Tachysphex obscuripennis,Asteriscus aquaticus,0,0.5,0,Rocky coastal 2,obs,-0.08421049991786943
311,Tachysphex obscuripennis,Daucus carota,0,0.5367755791979668,0,Rocky coastal 2,obs,0.14736844451744935
312,Tachysphex obscuripennis,Euphorbia dendroides,0,0.6739962813932894,0,Rocky coastal 2,obs,0.7263158056057464
313,Tachysphex obscuripennis,Globularia alypum,0,0.5,0,Rocky coastal 2,obs,-0.14210523602669922
314,Tachysphex obscuripennis,Helichrysum stoechas,1,0.6286234294869283,0,Rocky coastal 2,obs,0.5263158334702176
315,Tachysphex obscuripennis,Lonicera implexa,0,0.5,0,Rocky coastal 2,obs,-0.08421049991786946
316,Tachysphex obscuripennis,Ruta chalepensis,0,0.5,0,Rocky coastal 2,obs,-0.08421049991786944
317,Tachysphex obscuripennis,Sedum sediforme,0,0.5,0,Rocky coastal 2,obs,-0.08421049991786943
318,Tachysphex obscuripennis,Teucrium capitatum,0,0.7768439915112524,1,Rocky coastal 2,obs,1.247368430585214
319,Tapinoma nigerrinum,Allium ampeloprasum,0,0.530226255717564,0,Rocky coastal 2,obs,0.1210526293791207
320,Tapinoma nigerrinum,Allium sp.,0,0.530226255717564,0,Rocky coastal 2,obs,0.1210526293791207
321,Tapinoma nigerrinum,Asteriscus aquaticus,0,0.530226255717564,0,Rocky coastal 2,obs,0.12105262937912069
322,Tapinoma nigerrinum,Daucus carota,0,0.5872555829169658,0,Rocky coastal 2,obs,0.35263157381443955
323,Tapinoma nigerrinum,Euphorbia dendroides,0,0.7173955073322649,1,Rocky coastal 2,obs,0.9315789349027366
324,Tapinoma nigerrinum,Globularia alypum,0,0.5157842268321993,0,Rocky coastal 2,obs,0.06315789327029098
325,Tapinoma nigerrinum,Helichrysum stoechas,1,0.6751516694117585,0,Rocky coastal 2,obs,0.7315789627672077
326,Tapinoma nigerrinum,Lonicera implexa,0,0.530226255717564,0,Rocky coastal 2,obs,0.1210526293791207
327,Tapinoma nigerrinum,Ruta chalepensis,0,0.530226255717564,0,Rocky coastal 2,obs,0.1210526293791207
328,Tapinoma nigerrinum,Sedum sediforme,0,0.530226255717564,0,Rocky coastal 2,obs,0.12105262937912069
329,Tapinoma nigerrinum,Teucrium capitatum,1,0.7675871757217246,1,Rocky coastal 2,obs,1.1947368516378454
330,Gonepterix cleopatra,Allium ampeloprasum,0,0.5,0,Rocky coastal 2,obs,-0.08421049991786947
331,Gonepterix cleopatra,Allium sp.,0,0.5,0,Rocky coastal 2,obs,-0.08421049991786948
332,Gonepterix cleopatra,Asteriscus aquaticus,0,0.5,0,Rocky coastal 2,obs,-0.08421049991786946
333,Gonepterix cleopatra,Daucus carota,0,0.5367755791979668,0,Rocky coastal 2,obs,0.14736844451744938
334,Gonepterix cleopatra,Euphorbia dendroides,0,0.6739962813932894,0,Rocky coastal 2,obs,0.7263158056057464
335,Gonepterix cleopatra,Globularia alypum,0,0.5,0,Rocky coastal 2,obs,-0.1421052360266992
336,Gonepterix cleopatra,Helichrysum stoechas,0,0.686586871823789,0,Rocky coastal 2,obs,0.784210541714576
337,Gonepterix cleopatra,Lonicera implexa,1,0.5,0,Rocky coastal 2,obs,-0.342105208162228
338,Gonepterix cleopatra,Ruta chalepensis,0,0.5,0,Rocky coastal 2,obs,-0.08421049991786947
339,Gonepterix cleopatra,Sedum sediforme,0,0.5,0,Rocky coastal 2,obs,-0.08421049991786946
340,Gonepterix cleopatra,Teucrium capitatum,0,0.7768439915112524,1,Rocky coastal 2,obs,1.247368430585214
341,Macroglossum stellatarum,Allium ampeloprasum,0,0.5,0,Rocky coastal 2,obs,-0.08421049991786947
342,Macroglossum stellatarum,Allium sp.,0,0.5,0,Rocky coastal 2,obs,-0.08421049991786948
343,Macroglossum stellatarum,Asteriscus aquaticus,0,0.5,0,Rocky coastal 2,obs,-0.08421049991786946
344,Macroglossum stellatarum,Daucus carota,0,0.5367755791979668,0,Rocky coastal 2,obs,0.14736844451744938
345,Macroglossum stellatarum,Euphorbia dendroides,0,0.6739962813932894,0,Rocky coastal 2,obs,0.7263158056057464
346,Macroglossum stellatarum,Globularia alypum,0,0.5,0,Rocky coastal 2,obs,-0.1421052360266992
347,Macroglossum stellatarum,Helichrysum stoechas,0,0.686586871823789,0,Rocky coastal 2,obs,0.784210541714576
348,Macroglossum stellatarum,Lonicera implexa,1,0.5,0,Rocky coastal 2,obs,-0.342105208162228
349,Macroglossum stellatarum,Ruta chalepensis,0,0.5,0,Rocky coastal 2,obs,-0.08421049991786947
350,Macroglossum stellatarum,Sedum sediforme,0,0.5,0,Rocky coastal 2,obs,-0.08421049991786946
351,Macroglossum stellatarum,Teucrium capitatum,0,0.7768439915112524,1,Rocky coastal 2,obs,1.247368430585214
352,Sphaerophoria sp.,Allium ampeloprasum,0,0.5,0,Rocky coastal 2,obs,-0.08421049991786947
353,Sphaerophoria sp.,Allium sp.,0,0.5,0,Rocky coastal 2,obs,-0.08421049991786948
354,Sphaerophoria sp.,Asteriscus aquaticus,0,0.5,0,Rocky coastal 2,obs,-0.08421049991786946
355,Sphaerophoria sp.,Daucus carota,0,0.5367755791979668,0,Rocky coastal 2,obs,0.14736844451744938
356,Sphaerophoria sp.,Euphorbia dendroides,0,0.6739962813932894,0,Rocky coastal 2,obs,0.7263158056057464
357,Sphaerophoria sp.,Globularia alypum,0,0.5,0,Rocky coastal 2,obs,-0.1421052360266992
358,Sphaerophoria sp.,Helichrysum stoechas,0,0.686586871823789,0,Rocky coastal 2,obs,0.784210541714576
359,Sphaerophoria sp.,Lonicera implexa,0,0.5,0,Rocky coastal 2,obs,-0.08421049991786948
360,Sphaerophoria sp.,Ruta chalepensis,1,0.5,0,Rocky coastal 2,obs,-0.342105208162228
361,Sphaerophoria sp.,Sedum sediforme,0,0.5,0,Rocky coastal 2,obs,-0.08421049991786946
362,Sphaerophoria sp.,Teucrium capitatum,0,0.7768439915112524,1,Rocky coastal 2,obs,1.247368430585214
363,Anthomyia confusanea,Allium ampeloprasum,0,0.5,0,Rocky coastal 2,obs,-0.08421049991786944
364,Anthomyia confusanea,Allium sp.,0,0.5,0,Rocky coastal 2,obs,-0.08421049991786946
365,Anthomyia confusanea,Asteriscus aquaticus,0,0.5,0,Rocky coastal 2,obs,-0.08421049991786943
366,Anthomyia confusanea,Daucus carota,0,0.5367755791979668,0,Rocky coastal 2,obs,0.14736844451744938
367,Anthomyia confusanea,Euphorbia dendroides,0,0.6739962813932894,0,Rocky coastal 2,obs,0.7263158056057464
368,Anthomyia confusanea,Globularia alypum,0,0.5,0,Rocky coastal 2,obs,-0.1421052360266992
369,Anthomyia confusanea,Helichrysum stoechas,0,0.686586871823789,0,Rocky coastal 2,obs,0.784210541714576
370,Anthomyia confusanea,Lonicera implexa,0,0.5,0,Rocky coastal 2,obs,-0.08421049991786946
371,Anthomyia confusanea,Ruta chalepensis,0,0.5,0,Rocky coastal 2,obs,-0.08421049991786944
372,Anthomyia confusanea,Sedum sediforme,0,0.5,0,Rocky coastal 2,obs,-0.08421049991786943
373,Anthomyia confusanea,Teucrium capitatum,1,0.7289839601260031,1,Rocky coastal 2,obs,0.9894737223408553
374,Centrocoris sp,Allium ampeloprasum,0,0.5,0,Rocky coastal 2,obs,-0.08421049991786944
375,Centrocoris sp,Allium sp.,0,0.5,0,Rocky coastal 2,obs,-0.08421049991786946
376,Centrocoris sp,Asteriscus aquaticus,0,0.5,0,Rocky coastal 2,obs,-0.08421049991786943
377,Centrocoris sp,Daucus carota,0,0.5367755791979668,0,Rocky coastal 2,obs,0.14736844451744938
378,Centrocoris sp,Euphorbia dendroides,0,0.6739962813932894,0,Rocky coastal 2,obs,0.7263158056057464
379,Centrocoris sp,Globularia alypum,0,0.5,0,Rocky coastal 2,obs,-0.1421052360266992
380,Centrocoris sp,Helichrysum stoechas,0,0.686586871823789,0,Rocky coastal 2,obs,0.784210541714576
381,Centrocoris sp,Lonicera implexa,0,0.5,0,Rocky coastal 2,obs,-0.08421049991786946
382,Centrocoris sp,Ruta chalepensis,0,0.5,0,Rocky coastal 2,obs,-0.08421049991786944
383,Centrocoris sp,Sedum sediforme,0,0.5,0,Rocky coastal 2,obs,-0.08421049991786943
384,Centrocoris sp,Teucrium capitatum,1,0.7289839601260031,1,Rocky coastal 2,obs,0.9894737223408553
385,Lydella sp.,Allium ampeloprasum,0,0.5,0,Rocky coastal 2,obs,-0.08421049991786944
386,Lydella sp.,Allium sp.,0,0.5,0,Rocky coastal 2,obs,-0.08421049991786946
387,Lydella sp.,Asteriscus aquaticus,0,0.5,0,Rocky coastal 2,obs,-0.08421049991786943
388,Lydella sp.,Daucus carota,0,0.5367755791979668,0,Rocky coastal 2,obs,0.14736844451744938
389,Lydella sp.,Euphorbia dendroides,0,0.6739962813932894,0,Rocky coastal 2,obs,0.7263158056057464
390,Lydella sp.,Globularia alypum,0,0.5,0,Rocky coastal 2,obs,-0.1421052360266992
391,Lydella sp.,Helichrysum stoechas,0,0.686586871823789,0,Rocky coastal 2,obs,0.784210541714576
392,Lydella sp.,Lonicera implexa,0,0.5,0,Rocky coastal 2,obs,-0.08421049991786946
393,Lydella sp.,Ruta chalepensis,0,0.5,0,Rocky coastal 2,obs,-0.08421049991786944
394,Lydella sp.,Sedum sediforme,0,0.5,0,Rocky coastal 2,obs,-0.08421049991786943
395,Lydella sp.,Teucrium capitatum,1,0.7289839601260031,1,Rocky coastal 2,obs,0.9894737223408553
396,Phthiria cf pulicularia,Allium ampeloprasum,0,0.5,0,Rocky coastal 2,obs,-0.08421049991786944
397,Phthiria cf pulicularia,Allium sp.,0,0.5,0,Rocky coastal 2,obs,-0.08421049991786946
398,Phthiria cf pulicularia,Asteriscus aquaticus,0,0.5,0,Rocky coastal 2,obs,-0.08421049991786943
399,Phthiria cf pulicularia,Daucus carota,0,0.5367755791979668,0,Rocky coastal 2,obs,0.14736844451744938
400,Phthiria cf pulicularia,Euphorbia dendroides,0,0.6739962813932894,0,Rocky coastal 2,obs,0.7263158056057464
401,Phthiria cf pulicularia,Globularia alypum,0,0.5,0,Rocky coastal 2,obs,-0.1421052360266992
402,Phthiria cf pulicularia,Helichrysum stoechas,0,0.686586871823789,0,Rocky coastal 2,obs,0.784210541714576
403,Phthiria cf pulicularia,Lonicera implexa,0,0.5,0,Rocky coastal 2,obs,-0.08421049991786946
404,Phthiria cf pulicularia,Ruta chalepensis,0,0.5,0,Rocky coastal 2,obs,-0.08421049991786944
405,Phthiria cf pulicularia,Sedum sediforme,0,0.5,0,Rocky coastal 2,obs,-0.08421049991786943
406,Phthiria cf pulicularia,Teucrium capitatum,1,0.7289839601260031,1,Rocky coastal 2,obs,0.9894737223408553
407,Stictopleurus abutilon,Allium ampeloprasum,0,0.5,0,Rocky coastal 2,obs,-0.08421049991786944
408,Stictopleurus abutilon,Allium sp.,0,0.5,0,Rocky coastal 2,obs,-0.08421049991786946
409,Stictopleurus abutilon,Asteriscus aquaticus,0,0.5,0,Rocky coastal 2,obs,-0.08421049991786943
410,Stictopleurus abutilon,Daucus carota,0,0.5367755791979668,0,Rocky coastal 2,obs,0.14736844451744938
411,Stictopleurus abutilon,Euphorbia dendroides,0,0.6739962813932894,0,Rocky coastal 2,obs,0.7263158056057464
412,Stictopleurus abutilon,Globularia alypum,0,0.5,0,Rocky coastal 2,obs,-0.1421052360266992
413,Stictopleurus abutilon,Helichrysum stoechas,0,0.686586871823789,0,Rocky coastal 2,obs,0.784210541714576
414,Stictopleurus abutilon,Lonicera implexa,0,0.5,0,Rocky coastal 2,obs,-0.08421049991786946
415,Stictopleurus abutilon,Ruta chalepensis,0,0.5,0,Rocky coastal 2,obs,-0.08421049991786944
416,Stictopleurus abutilon,Sedum sediforme,0,0.5,0,Rocky coastal 2,obs,-0.08421049991786943
417,Stictopleurus abutilon,Teucrium capitatum,1,0.7289839601260031,1,Rocky coastal 2,obs,0.9894737223408553
418,Vanessa cardui,Allium ampeloprasum,0,0.5,0,Rocky coastal 2,obs,-0.08421049991786944
419,Vanessa cardui,Allium sp.,0,0.5,0,Rocky coastal 2,obs,-0.08421049991786946
420,Vanessa cardui,Asteriscus aquaticus,0,0.5,0,Rocky coastal 2,obs,-0.08421049991786943
421,Vanessa cardui,Daucus carota,0,0.5367755791979668,0,Rocky coastal 2,obs,0.14736844451744938
422,Vanessa cardui,Euphorbia dendroides,0,0.6739962813932894,0,Rocky coastal 2,obs,0.7263158056057464
423,Vanessa cardui,Globularia alypum,0,0.5,0,Rocky coastal 2,obs,-0.1421052360266992
424,Vanessa cardui,Helichrysum stoechas,0,0.686586871823789,0,Rocky coastal 2,obs,0.784210541714576
425,Vanessa cardui,Lonicera implexa,0,0.5,0,Rocky coastal 2,obs,-0.08421049991786946
426,Vanessa cardui,Ruta chalepensis,0,0.5,0,Rocky coastal 2,obs,-0.08421049991786944
427,Vanessa cardui,Sedum sediforme,0,0.5,0,Rocky coastal 2,obs,-0.08421049991786943
428,Vanessa cardui,Teucrium capitatum,1,0.7289839601260031,1,Rocky coastal 2,obs,0.9894737223408553
0,Anthomyiidae sp.,Asteriscus aquaticus,1,0.5494410732841113,0,Dune system 1,rpi,0.19841265970640282
1,Anthomyiidae sp.,Cakile maritima,1,0.7372542470347309,1,Dune system 1,rpi,1.0317459624821346
2,Anthomyiidae sp.,Daucus carota,0,0.8222616123589715,1,Dune system 1,rpi,1.531745870809329
3,Anthomyiidae sp.,Limonium sp.,1,0.6298902421278111,0,Dune system 1,rpi,0.5317459808166954
4,Anthomyiidae sp.,Salvia rosmarinus,0,0.6800427175429442,0,Dune system 1,rpi,0.7539681215519796
5,Anthomyiidae sp.,Sedum sediforme,0,0.7037207572570454,1,Dune system 1,rpi,0.8650792285887438
6,Anthomyiidae sp.,Teucrium capitatum,0,0.7478732251422514,1,Dune system 1,rpi,1.0873014426622722
7,Bombyliidae sp.,Asteriscus aquaticus,1,0.5,0,Dune system 1,rpi,-0.48412684763636277
8,Bombyliidae sp.,Cakile maritima,0,0.6765792009215111,0,Dune system 1,rpi,0.7380952564297991
9,Bombyliidae sp.,Daucus carota,0,0.7004006326033493,1,Dune system 1,rpi,0.8492063634665634
10,Bombyliidae sp.,Limonium sp.,0,0.55924420642336925,0,Dune system 1,rpi,0.2380952747643602
11,Bombyliidae sp.,Salvia rosmarinus,0,0.5178495650876651,0,Dune system 1,rpi,0.0714286142092139
12,Bombyliidae sp.,Sedum sediforme,0,0.5455086352779515,0,Dune system 1,rpi,0.1825397212459782
13,Bombyliidae sp.,Teucrium capitatum,0,0.599831226669995,0,Dune system 1,rpi,0.40476193531950655
14,Anaspis sp.,Asteriscus aquaticus,0,0.6427457362813938,0,Dune system 1,rpi,0.5873014609968332
15,Anaspis sp.,Cakile maritima,1,0.7372542470347309,1,Dune system 1,rpi,1.0317459624821346
16,Anaspis sp.,Daucus carota,0,0.8222616123589715,1,Dune system 1,rpi,1.531745870809329
17,Anaspis sp.,Limonium sp.,1,0.6298902421278111,0,Dune system 1,rpi,0.5317459808166954
18,Anaspis sp.,Salvia rosmarinus,0,0.6800427175429442,0,Dune system 1,rpi,0.7539681215519796
19,Anaspis sp.,Sedum sediforme,1,0.616847897037036,0,Dune system 1,rpi,0.4761904272983133
20,Anaspis sp.,Teucrium capitatum,0,0.7478732251422514,1,Dune system 1,rpi,1.0873014426622722
21,Ancistrocerus ebusianus,Asteriscus aquaticus,0,0.5,0,Dune system 1,rpi,-0.09523804634593235
22,Ancistrocerus ebusianus,Cakile maritima,1,0.5864251331381443,0,Dune system 1,rpi,0.3492064551393687
23,Ancistrocerus ebusianus,Daucus carota,0,0.7004006326033493,1,Dune system 1,rpi,0.8492063634665634
24,Ancistrocerus ebusianus,Limonium sp.,0,0.55924420642336925,0,Dune system 1,rpi,0.23809527476436024
25,Ancistrocerus ebusianus,Salvia rosmarinus,0,0.5178495650876651,0,Dune system 1,rpi,0.07142861420921393
26,Ancistrocerus ebusianus,Sedum sediforme,0,0.5455086352779515,0,Dune system 1,rpi,0.1825397212459782
27,Ancistrocerus ebusianus,Teucrium capitatum,0,0.599831226669995,0,Dune system 1,rpi,0.4047619353195066
28,Clairvillia pninae,Asteriscus aquaticus,0,0.5,0,Dune system 1,rpi,-0.09523804634593235
29,Clairvillia pninae,Cakile maritima,1,0.5864251331381443,0,Dune system 1,rpi,0.3492064551393687
30,Clairvillia pninae,Daucus carota,0,0.7004006326033493,1,Dune system 1,rpi,0.8492063634665634
31,Clairvillia pninae,Limonium sp.,0,0.55924420642336925,0,Dune system 1,rpi,0.23809527476436024
32,Clairvillia pninae,Salvia rosmarinus,0,0.5178495650876651,0,Dune system 1,rpi,0.07142861420921393
33,Clairvillia pninae,Sedum sediforme,0,0.5455086352779515,0,Dune system 1,rpi,0.1825397212459782
34,Clairvillia pninae,Teucrium capitatum,0,0.599831226669995,0,Dune system 1,rpi,0.4047619353195066
35,Eristalis similis,Asteriscus aquaticus,0,0.5,0,Dune system 1,rpi,-0.09523804634593235
36,Eristalis similis,Cakile maritima,1,0.5864251331381443,0,Dune system 1,rpi,0.3492064551393687
37,Eristalis similis,Daucus carota,0,0.7004006326033493,1,Dune system 1,rpi,0.8492063634665634
38,Eristalis similis,Limonium sp.,0,0.55924420642336925,0,Dune system 1,rpi,0.23809527476436024
39,Eristalis similis,Salvia rosmarinus,0,0.5178495650876651,0,Dune system 1,rpi,0.07142861420921393
40,Eristalis similis,Sedum sediforme,0,0.5455086352779515,0,Dune system 1,rpi,0.1825397212459782
41,Eristalis similis,Teucrium capitatum,0,0.599831226669995,0,Dune system 1,rpi,0.4047619353195066
42,Eupeodes corollae,Asteriscus aquaticus,0,0.6427457362813938,0,Dune system 1,rpi,0.5873014609968332
43,Eupeodes corollae,Cakile maritima,1,0.7372542470347309,1,Dune system 1,rpi,1.0317459624821343
44,Eupeodes corollae,Daucus carota,1,0.758203814147432,1,Dune system 1,rpi,1.1428570695188986
45,Eupeodes corollae,Limonium sp.,0,0.7151714292730859,1,Dune system 1,rpi,0.9206347821071259
46,Eupeodes corollae,Salvia rosmarinus,0,0.6800427175429441,0,Dune system 1,rpi,0.7539681215519793
47,Eupeodes corollae,Sedum sediforme,0,0.7037207572570454,1,Dune system 1,rpi,0.8650792285887438
48,Eupeodes corollae,Teucrium capitatum,1,0.667835740416254,0,Dune system 1,rpi,0.6984126413718418
49,Exoprosopa cf. bowdeni,Asteriscus aquaticus,0,0.6427457362813938,0,Dune system 1,rpi,0.5873014609968332
50,Exoprosopa cf. bowdeni,Cakile maritima,1,0.7372542470347309,1,Dune system 1,rpi,1.0317459624821343
51,Exoprosopa cf. bowdeni,Daucus carota,0,0.8222616123589715,1,Dune system 1,rpi,1.531745870809329
52,Exoprosopa cf. bowdeni,Limonium sp.,1,0.6298902421278111,0,Dune system 1,rpi,0.5317459808166954
53,Exoprosopa cf. bowdeni,Salvia rosmarinus,0,0.6800427175429442,0,Dune system 1,rpi,0.7539681215519796
54,Exoprosopa cf. bowdeni,Sedum sediforme,0,0.7037207572570454,1,Dune system 1,rpi,0.8650792285887438
55,Exoprosopa cf. bowdeni,Teucrium capitatum,1,0.667835740416254,0,Dune system 1,rpi,0.6984126413718418
56,Hylaeus imparilis,Asteriscus aquaticus,0,0.6427457362813938,0,Dune system 1,rpi,0.5873014609968332
57,Hylaeus imparilis,Cakile maritima,1,0.7372542470347309,1,Dune system 1,rpi,1.0317459624821343
58,Hylaeus imparilis,Daucus carota,1,0.758203814147432,1,Dune system 1,rpi,1.1428570695188986
59,Hylaeus imparilis,Limonium sp.,0,0.7151714292730859,1,Dune system 1,rpi,0.9206347821071259
60,Hylaeus imparilis,Salvia rosmarinus,0,0.6800427175429441,0,Dune system 1,rpi,0.7539681215519793
61,Hylaeus imparilis,Sedum sediforme,1,0.616847897037036,0,Dune system 1,rpi,0.47619042729831323
62,Hylaeus imparilis,Teucrium capitatum,0,0.7478732251422514,1,Dune system 1,rpi,1.0873014426622722
63,Lasioglossum sp.,Asteriscus aquaticus,0,0.8335655922664009,1,Dune system 1,rpi,1.6111111098184197
64,Lasioglossum sp.,Cakile maritima,1,0.8865077740847778,1,Dune system 1,rpi,2.0555555544523685
65,Lasioglossum sp.,Daucus carota,1,0.8972159749797647,1,Dune system 1,rpi,2.166666665549944
66,Lasioglossum sp.,Limonium sp.,1,0.8257146786714209,1,Dune system 1,rpi,1.5555555545132806
67,Lasioglossum sp.,Salvia rosmarinus,1,0.8004148011830068,1,Dune system 1,rpi,1.3888888878669183
68,Lasioglossum sp.,Sedum sediforme,1,0.8175744760392015,1,Dune system 1,rpi,1.4999999989644932
69,Lasioglossum sp.,Teucrium capitatum,1,0.848414851074058,1,Dune system 1,rpi,1.7222222211596434
70,Meligethes sp.,Asteriscus aquaticus,0,0.6427457362813938,0,Dune system 1,rpi,0.5873014609968332
71,Meligethes sp.,Cakile maritima,1,0.7372542470347309,1,Dune system 1,rpi,1.0317459624821343
72,Meligethes sp.,Daucus carota,0,0.8222616123589715,1,Dune system 1,rpi,1.531745870809329
73,Meligethes sp.,Limonium sp.,0,0.7151714292730859,1,Dune system 1,rpi,0.9206347821071258
74,Meligethes sp.,Salvia rosmarinus,0,0.6800427175429442,0,Dune system 1,rpi,0.7539681215519796
75,Meligethes sp.,Sedum sediforme,1,0.616847897037036,0,Dune system 1,rpi,0.4761904272983133
76,Meligethes sp.,Teucrium capitatum,1,0.667835740416254,0,Dune system 1,rpi,0.6984126413718418
77,Musca domestica,Asteriscus aquaticus,0,0.5,0,Dune system 1,rpi,-0.09523804634593235
78,Musca domestica,Cakile maritima,1,0.5864251331381443,0,Dune system 1,rpi,0.3492064551393687
79,Musca domestica,Daucus carota,0,0.7004006326033493,1,Dune system 1,rpi,0.8492063634665634
80,Musca domestica,Limonium sp.,0,0.55924420642336925,0,Dune system 1,rpi,0.23809527476436024
81,Musca domestica,Salvia rosmarinus,0,0.5178495650876651,0,Dune system 1,rpi,0.07142861420921393
82,Musca domestica,Sedum sediforme,0,0.5455086352779515,0,Dune system 1,rpi,0.1825397212459782
83,Musca domestica,Teucrium capitatum,0,0.599831226669995,0,Dune system 1,rpi,0.4047619353195066
84,Phthiria cf pulicularia,Asteriscus aquaticus,0,0.5611995290376605,0,Dune system 1,rpi,0.2460317073254505
85,Phthiria cf pulicularia,Cakile maritima,1,0.6660728533990175,0,Dune system 1,rpi,0.6904762088107516
86,Phthiria cf pulicularia,Daucus carota,0,0.7668262065852997,1,Dune system 1,rpi,1.1904761171379463
87,Phthiria cf pulicularia,Limonium sp.,1,0.5474756042106788,0,Dune system 1,rpi,0.19047622714531262
88,Phthiria cf pulicularia,Salvia rosmarinus,0,0.6017347200139549,0,Dune system 1,rpi,0.4126983678805968
89,Phthiria cf pulicularia,Sedum sediforme,0,0.6280381166263911,0,Dune system 1,rpi,0.5238094749173609
90,Phthiria cf pulicularia,Teucrium capitatum,0,0.6783134099558472,0,Dune system 1,rpi,0.7460316889908893
91,Phthiria sp.,Asteriscus aquaticus,0,0.5,0,Dune system 1,rpi,-0.09523804634593235
92,Phthiria sp.,Cakile maritima,1,0.5864251331381443,0,Dune system 1,rpi,0.3492064551393687
93,Phthiria sp.,Daucus carota,0,0.7004006326033493,1,Dune system 1,rpi,0.8492063634665634
94,Phthiria sp.,Limonium sp.,0,0.55924420642336925,0,Dune system 1,rpi,0.23809527476436024
95,Phthiria sp.,Salvia rosmarinus,0,0.5178495650876651,0,Dune system 1,rpi,0.07142861420921393
96,Phthiria sp.,Sedum sediforme,0,0.5455086352779515,0,Dune system 1,rpi,0.1825397212459782
97,Phthiria sp.,Teucrium capitatum,0,0.599831226669995,0,Dune system 1,rpi,0.4047619353195066
98,Podarcis lilfordi,Asteriscus aquaticus,0,0.780715574544166,1,Dune system 1,rpi,1.2698412688396032
99,Podarcis lilfordi,Cakile maritima,1,0.8473913350523407,1,Dune system 1,rpi,1.714285713473552
100,Podarcis lilfordi,Daucus carota,1,0.8612124439348544,1,Dune system 1,rpi,1.8253968245711272
101,Podarcis lilfordi,Limonium sp.,1,0.7710563780939391,1,Dune system 1,rpi,1.2142857135344642
102,Podarcis lilfordi,Salvia rosmarinus,1,0.7403173866360312,1,Dune system 1,rpi,1.0476188276043148
103,Podarcis lilfordi,Sedum sediforme,0,0.8245695821206922,1,Dune system 1,rpi,1.5476190465835407
104,Podarcis lilfordi,Teucrium capitatum,1,0.7991439131256483,1,Dune system 1,rpi,1.380952380180827
105,Sarcophaga sp.,Asteriscus aquaticus,0,0.5611995290376605,0,Dune system 1,rpi,0.24603170732545043
106,Sarcophaga sp.,Cakile maritima,1,0.6660728533990175,0,Dune system 1,rpi,0.6904762088107516
107,Sarcophaga sp.,Daucus carota,1,0.6903139209496559,0,Dune system 1,rpi,0.8015873158475157
108,Sarcophaga sp.,Limonium sp.,0,0.6409212863026029,0,Dune system 1,rpi,0.579365028435743
109,Sarcophaga sp.,Salvia rosmarinus,0,0.6017347200139549,0,Dune system 1,rpi,0.4126983678805968
110,Sarcophaga sp.,Sedum sediforme,0,0.6280381166263911,0,Dune system 1,rpi,0.5238094749173609
111,Sarcophaga sp.,Teucrium capitatum,0,0.6783134099558472,0,Dune system 1,rpi,0.7460316889908893
112,Sphaerophoria sp.,Asteriscus aquaticus,0,0.5611995290376605,0,Dune system 1,rpi,0.24603170732545043
113,Sphaerophoria sp.,Cakile maritima,1,0.6660728533990175,0,Dune system 1,rpi,0.6904762088107516
114,Sphaerophoria sp.,Daucus carota,1,0.6903139209496559,0,Dune system 1,rpi,0.8015873158475157
115,Sphaerophoria sp.,Limonium sp.,0,0.6409212863026029,0,Dune system 1,rpi,0.579365028435743
116,Sphaerophoria sp.,Salvia rosmarinus,0,0.6017347200139549,0,Dune system 1,rpi,0.4126983678805968
117,Sphaerophoria sp.,Sedum sediforme,0,0.6280381166263911,0,Dune system 1,rpi,0.5238094749173609
118,Sphaerophoria sp.,Teucrium capitatum,0,0.6783134099558472,0,Dune system 1,rpi,0.7460316889908893
119,Spilostethus pandurus,Asteriscus aquaticus,0,0.5611995290376605,0,Dune system 1,rpi,0.24603170732545043
120,Spilostethus pandurus,Cakile maritima,1,0.6660728533990175,0,Dune system 1,rpi,0.6904762088107516
121,Spilostethus pandurus,Daucus carota,1,0.6903139209496559,0,Dune system 1,rpi,0.8015873158475157
122,Spilostethus pandurus,Limonium sp.,0,0.6409212863026029,0,Dune system 1,rpi,0.579365028435743
123,Spilostethus pandurus,Salvia rosmarinus,0,0.6017347200139549,0,Dune system 1,rpi,0.4126983678805968
124,Spilostethus pandurus,Sedum sediforme,0,0.6280381166263911,0,Dune system 1,rpi,0.5238094749173609
125,Spilostethus pandurus,Teucrium capitatum,0,0.6783134099558472,0,Dune system 1,rpi,0.7460316889908893
126,Camponotus sp,Asteriscus aquaticus,0,0.5,0,Dune system 1,rpi,-0.09523804634593237
127,Camponotus sp,Cakile maritima,0,0.6765792009215111,0,Dune system 1,rpi,0.7380952564297991
128,Camponotus sp,Daucus carota,1,0.6130895080102492,0,Dune system 1,rpi,0.46031756217613307
129,Camponotus sp,Limonium sp.,0,0.55924420642336925,0,Dune system 1,rpi,0.23809527476436024
130,Camponotus sp,Salvia rosmarinus,0,0.5178495650876651,0,Dune system 1,rpi,0.07142861420921395
131,Camponotus sp,Sedum sediforme,0,0.5455086352779515,0,Dune system 1,rpi,0.18253972124597817
132,Camponotus sp,Teucrium capitatum,0,0.599831226669995,0,Dune system 1,rpi,0.40476193531950655
133,Cheilosia latifrons,Asteriscus aquaticus,0,0.5,0,Dune system 1,rpi,-0.09523804634593237
134,Cheilosia latifrons,Cakile maritima,0,0.6765792009215111,0,Dune system 1,rpi,0.7380952564297991
135,Cheilosia latifrons,Daucus carota,1,0.6130895080102492,0,Dune system 1,rpi,0.46031756217613307
136,Cheilosia latifrons,Limonium sp.,0,0.55924420642336925,0,Dune system 1,rpi,0.23809527476436024
137,Cheilosia latifrons,Salvia rosmarinus,0,0.5178495650876651,0,Dune system 1,rpi,0.07142861420921395
138,Cheilosia latifrons,Sedum sediforme,0,0.5455086352779515,0,Dune system 1,rpi,0.18253972124597817
139,Cheilosia latifrons,Teucrium capitatum,0,0.599831226669995,0,Dune system 1,rpi,0.40476193531950655
140,Chelosia sp.,Asteriscus aquaticus,0,0.5,0,Dune system 1,rpi,-0.09523804634593237
141,Chelosia sp.,Cakile maritima,0,0.6765792009215111,0,Dune system 1,rpi,0.7380952564297991
142,Chelosia sp.,Daucus carota,1,0.6130895080102492,0,Dune system 1,rpi,0.46031756217613307
143,Chelosia sp.,Limonium sp.,0,0.55924420642336925,0,Dune system 1,rpi,0.23809527476436024
144,Chelosia sp.,Salvia rosmarinus,0,0.5178495650876651,0,Dune system 1,rpi,0.07142861420921395
145,Chelosia sp.,Sedum sediforme,0,0.5455086352779515,0,Dune system 1,rpi,0.18253972124597817
146,Chelosia sp.,Teucrium capitatum,0,0.599831226669995,0,Dune system 1,rpi,0.40476193531950655
147,Chrysopa viridana,Asteriscus aquaticus,0,0.5,0,Dune system 1,rpi,-0.09523804634593237
148,Chrysopa viridana,Cakile maritima,0,0.6765792009215111,0,Dune system 1,rpi,0.7380952564297991
149,Chrysopa viridana,Daucus carota,1,0.6130895080102492,0,Dune system 1,rpi,0.46031756217613307
150,Chrysopa viridana,Limonium sp.,0,0.55924420642336925,0,Dune system 1,rpi,0.23809527476436024
151,Chrysopa viridana,Salvia rosmarinus,0,0.5178495650876651,0,Dune system 1,rpi,0.07142861420921395
152,Chrysopa viridana,Sedum sediforme,0,0.5455086352779515,0,Dune system 1,rpi,0.18253972124597817
153,Chrysopa viridana,Teucrium capitatum,0,0.599831226669995,0,Dune system 1,rpi,0.40476193531950655
154,Crematogaster sp.,Asteriscus aquaticus,0,0.5,0,Dune system 1,rpi,-0.09523804634593237
155,Crematogaster sp.,Cakile maritima,0,0.6765792009215111,0,Dune system 1,rpi,0.7380952564297991
156,Crematogaster sp.,Daucus carota,1,0.6130895080102492,0,Dune system 1,rpi,0.46031756217613307
157,Crematogaster sp.,Limonium sp.,0,0.55924420642336925,0,Dune system 1,rpi,0.23809527476436024
158,Crematogaster sp.,Salvia rosmarinus,0,0.5178495650876651,0,Dune system 1,rpi,0.07142861420921395
159,Crematogaster sp.,Sedum sediforme,0,0.5455086352779515,0,Dune system 1,rpi,0.18253972124597817
160,Crematogaster sp.,Teucrium capitatum,0,0.599831226669995,0,Dune system 1,rpi,0.40476193531950655
161,Episyrphus balteatus,Asteriscus aquaticus,0,0.5,0,Dune system 1,rpi,-0.09523804634593237
162,Episyrphus balteatus,Cakile maritima,0,0.6765792009215111,0,Dune system 1,rpi,0.7380952564297991
163,Episyrphus balteatus,Daucus carota,1,0.6130895080102492,0,Dune system 1,rpi,0.46031756217613307
164,Episyrphus balteatus,Limonium sp.,0,0.55924420642336925,0,Dune system 1,rpi,0.23809527476436024
165,Episyrphus balteatus,Salvia rosmarinus,0,0.5178495650876651,0,Dune system 1,rpi,0.07142861420921395
166,Episyrphus balteatus,Sedum sediforme,0,0.5455086352779515,0,Dune system 1,rpi,0.18253972124597817
167,Episyrphus balteatus,Teucrium capitatum,0,0.599831226669995,0,Dune system 1,rpi,0.40476193531950655
168,Lydella nigrescens,Asteriscus aquaticus,0,0.5,0,Dune system 1,rpi,-0.09523804634593237
169,Lydella nigrescens,Cakile maritima,0,0.6765792009215111,0,Dune system 1,rpi,0.7380952564297991
170,Lydella nigrescens,Daucus carota,1,0.6130895080102492,0,Dune system 1,rpi,0.46031756217613307
171,Lydella nigrescens,Limonium sp.,0,0.55924420642336925,0,Dune system 1,rpi,0.23809527476436024
172,Lydella nigrescens,Salvia rosmarinus,0,0.5178495650876651,0,Dune system 1,rpi,0.07142861420921395
173,Lydella nigrescens,Sedum sediforme,0,0.5455086352779515,0,Dune system 1,rpi,0.18253972124597817
174,Lydella nigrescens,Teucrium capitatum,0,0.599831226669995,0,Dune system 1,rpi,0.40476193531950655
175,Lydella thompsoni,Asteriscus aquaticus,0,0.5,0,Dune system 1,rpi,-0.09523804634593237
176,Lydella thompsoni,Cakile maritima,0,0.6765792009215111,0,Dune system 1,rpi,0.7380952564297991
177,Lydella thompsoni,Daucus carota,1,0.6130895080102492,0,Dune system 1,rpi,0.46031756217613307
178,Lydella thompsoni,Limonium sp.,0,0.55924420642336925,0,Dune system 1,rpi,0.23809527476436024
179,Lydella thompsoni,Salvia rosmarinus,0,0.5178495650876651,0,Dune system 1,rpi,0.07142861420921395
180,Lydella thompsoni,Sedum sediforme,0,0.5455086352779515,0,Dune system 1,rpi,0.18253972124597817
181,Lydella thompsoni,Teucrium capitatum,0,0.599831226669995,0,Dune system 1,rpi,0.40476193531950655
182,Monomorium sp,Asteriscus aquaticus,0,0.5,0,Dune system 1,rpi,-0.09523804634593237
183,Monomorium sp,Cakile maritima,0,0.6765792009215111,0,Dune system 1,rpi,0.7380952564297991
184,Monomorium sp,Daucus carota,1,0.6130895080102492,0,Dune system 1,rpi,0.46031756217613307
185,Monomorium sp,Limonium sp.,0,0.55924420642336925,0,Dune system 1,rpi,0.23809527476436024
186,Monomorium sp,Salvia rosmarinus,0,0.5178495650876651,0,Dune system 1,rpi,0.07142861420921395
187,Monomorium sp,Sedum sediforme,0,0.5455086352779515,0,Dune system 1,rpi,0.18253972124597817
188,Monomorium sp,Teucrium capitatum,0,0.599831226669995,0,Dune system 1,rpi,0.40476193531950655
189,Phyto melanocephala,Asteriscus aquaticus,0,0.5,0,Dune system 1,rpi,-0.09523804634593237
190,Phyto melanocephala,Cakile maritima,0,0.6765792009215111,0,Dune system 1,rpi,0.7380952564297991
191,Phyto melanocephala,Daucus carota,1,0.6130895080102492,0,Dune system 1,rpi,0.46031756217613307
192,Phyto melanocephala,Limonium sp.,0,0.55924420642336925,0,Dune system 1,rpi,0.23809527476436024
193,Phyto melanocephala,Salvia rosmarinus,0,0.5178495650876651,0,Dune system 1,rpi,0.07142861420921395
194,Phyto melanocephala,Sedum sediforme,0,0.5455086352779515,0,Dune system 1,rpi,0.18253972124597817
195,Phyto melanocephala,Teucrium capitatum,0,0.599831226669995,0,Dune system 1,rpi,0.40476193531950655
196,Pyrellia vivida,Asteriscus aquaticus,0,0.5611995290376605,0,Dune system 1,rpi,0.2460317073254505
197,Pyrellia vivida,Cakile maritima,0,0.746373798587022,1,Dune system 1,rpi,1.0793650101011818
198,Pyrellia vivida,Daucus carota,1,0.6903139209496559,0,Dune system 1,rpi,0.8015873158475157
199,Pyrellia vivida,Limonium sp.,0,0.6409212863026029,0,Dune system 1,rpi,0.579365028435743
200,Pyrellia vivida,Salvia rosmarinus,0,0.6017347200139549,0,Dune system 1,rpi,0.4126983678805968
201,Pyrellia vivida,Sedum sediforme,1,0.5336790938708128,0,Dune system 1,rpi,0.13492067362693053
202,Pyrellia vivida,Teucrium capitatum,0,0.6783134099558472,0,Dune system 1,rpi,0.7460316889908893
203,Unknown insect,Asteriscus aquaticus,0,0.5,0,Dune system 1,rpi,-0.09523804634593237
204,Unknown insect,Cakile maritima,0,0.6765792009215111,0,Dune system 1,rpi,0.7380952564297991
205,Unknown insect,Daucus carota,1,0.6130895080102492,0,Dune system 1,rpi,0.46031756217613307
206,Unknown insect,Limonium sp.,0,0.55924420642336925,0,Dune system 1,rpi,0.23809527476436024
207,Unknown insect,Salvia rosmarinus,0,0.5178495650876651,0,Dune system 1,rpi,0.07142861420921395
208,Unknown insect,Sedum sediforme,0,0.5455086352779515,0,Dune system 1,rpi,0.18253972124597817
209,Unknown insect,Teucrium capitatum,0,0.599831226669995,0,Dune system 1,rpi,0.40476193531950655
210,Dasytes nigroaeneus,Asteriscus aquaticus,0,0.5,0,Dune system 1,rpi,-0.09523804634593237
211,Dasytes nigroaeneus,Cakile maritima,0,0.6765792009215111,0,Dune system 1,rpi,0.7380952564297991
212,Dasytes nigroaeneus,Daucus carota,0,0.7004006326033493,1,Dune system 1,rpi,0.8492063634665634
213,Dasytes nigroaeneus,Limonium sp.,1,0.5,0,Dune system 1,rpi,-0.15079352652607014
214,Dasytes nigroaeneus,Salvia rosmarinus,0,0.5178495650876651,0,Dune system 1,rpi,0.07142861420921395
215,Dasytes nigroaeneus,Sedum sediforme,0,0.5455086352779515,0,Dune system 1,rpi,0.1825397212459782
216,Dasytes nigroaeneus,Teucrium capitatum,0,0.599831226669995,0,Dune system 1,rpi,0.40476193531950655
217,Eristalinus sepulcharis,Asteriscus aquaticus,0,0.5,0,Dune system 1,rpi,-0.09523804634593237
218,Eristalinus sepulcharis,Cakile maritima,0,0.6765792009215111,0,Dune system 1,rpi,0.7380952564297991
219,Eristalinus sepulcharis,Daucus carota,0,0.7004006326033493,1,Dune system 1,rpi,0.8492063634665634
220,Eristalinus sepulcharis,Limonium sp.,1,0.5,0,Dune system 1,rpi,-0.15079352652607014
221,Eristalinus sepulcharis,Salvia rosmarinus,0,0.5178495650876651,0,Dune system 1,rpi,0.07142861420921395
222,Eristalinus sepulcharis,Sedum sediforme,0,0.5455086352779515,0,Dune system 1,rpi,0.1825397212459782
223,Eristalinus sepulcharis,Teucrium capitatum,0,0.599831226669995,0,Dune system 1,rpi,0.40476193531950655
224,Anthophora balearica,Asteriscus aquaticus,0,0.5,0,Dune system 1,rpi,-0.09523804634593235
225,Anthophora balearica,Cakile maritima,0,0.6765792009215111,0,Dune system 1,rpi,0.7380952564297991
226,Anthophora balearica,Daucus carota,0,0.7004006326033493,1,Dune system 1,rpi,0.8492063634665634
227,Anthophora balearica,Limonium sp.,0,0.55924420642336925,0,Dune system 1,rpi,0.23809527476436024
228,Anthophora balearica,Salvia rosmarinus,1,0.5,0,Dune system 1,rpi,-0.3174601870812165
229,Anthophora balearica,Sedum sediforme,0,0.5455086352779515,0,Dune system 1,rpi,0.1825397212459782
230,Anthophora balearica,Teucrium capitatum,0,0.599831226669995,0,Dune system 1,rpi,0.40476193531950655
231,Macroglossum stellatarum,Asteriscus aquaticus,0,0.5,0,Dune system 1,rpi,-0.09523804634593235
232,Macroglossum stellatarum,Cakile maritima,0,0.6765792009215111,0,Dune system 1,rpi,0.7380952564297991
233,Macroglossum stellatarum,Daucus carota,0,0.7004006326033493,1,Dune system 1,rpi,0.8492063634665634
234,Macroglossum stellatarum,Limonium sp.,0,0.55924420642336925,0,Dune system 1,rpi,0.23809527476436024
235,Macroglossum stellatarum,Salvia rosmarinus,1,0.5,0,Dune system 1,rpi,-0.3174601870812165
236,Macroglossum stellatarum,Sedum sediforme,0,0.5455086352779515,0,Dune system 1,rpi,0.1825397212459782
237,Macroglossum stellatarum,Teucrium capitatum,0,0.599831226669995,0,Dune system 1,rpi,0.40476193531950655
238,Meliscaeva auricollis,Asteriscus aquaticus,0,0.5,0,Dune system 1,rpi,-0.09523804634593235
239,Meliscaeva auricollis,Cakile maritima,0,0.6765792009215111,0,Dune system 1,rpi,0.7380952564297991
240,Meliscaeva auricollis,Daucus carota,0,0.7004006326033493,1,Dune system 1,rpi,0.8492063634665634
241,Meliscaeva auricollis,Limonium sp.,0,0.55924420642336925,0,Dune system 1,rpi,0.23809527476436024
242,Meliscaeva auricollis,Salvia rosmarinus,1,0.5,0,Dune system 1,rpi,-0.3174601870812165
243,Meliscaeva auricollis,Sedum sediforme,0,0.5455086352779515,0,Dune system 1,rpi,0.1825397212459782
244,Meliscaeva auricollis,Teucrium capitatum,0,0.599831226669995,0,Dune system 1,rpi,0.40476193531950655
245,Megachile sp.,Asteriscus aquaticus,0,0.5,0,Dune system 1,rpi,-0.09523804634593235
246,Megachile sp.,Cakile maritima,0,0.6765792009215111,0,Dune system 1,rpi,0.7380952564297991
247,Megachile sp.,Daucus carota,0,0.7004006326033493,1,Dune system 1,rpi,0.8492063634665634
248,Megachile sp.,Limonium sp.,0,0.55924420642336925,0,Dune system 1,rpi,0.2380952747643602
249,Megachile sp.,Salvia rosmarinus,0,0.5178495650876651,0,Dune system 1,rpi,0.0714286142092139
250,Megachile sp.,Sedum sediforme,1,0.5,0,Dune system 1,rpi,-0.20634908004445218
251,Megachile sp.,Teucrium capitatum,0,0.599831226669995,0,Dune system 1,rpi,0.40476193531950655
252,Mordellistena sp.,Asteriscus aquaticus,0,0.5,0,Dune system 1,rpi,-0.09523804634593235
253,Mordellistena sp.,Cakile maritima,0,0.6765792009215111,0,Dune system 1,rpi,0.7380952564297991
254,Mordellistena sp.,Daucus carota,0,0.7004006326033493,1,Dune system 1,rpi,0.8492063634665634
255,Mordellistena sp.,Limonium sp.,0,0.55924420642336925,0,Dune system 1,rpi,0.2380952747643602
256,Mordellistena sp.,Salvia rosmarinus,0,0.5178495650876651,0,Dune system 1,rpi,0.0714286142092139
257,Mordellistena sp.,Sedum sediforme,1,0.5,0,Dune system 1,rpi,-0.20634908004445218
258,Mordellistena sp.,Teucrium capitatum,0,0.599831226669995,0,Dune system 1,rpi,0.40476193531950655
259,Megaselia sp.,Asteriscus aquaticus,0,0.5,0,Dune system 1,rpi,-0.09523804634593235
260,Megaselia sp.,Cakile maritima,0,0.6765792009215111,0,Dune system 1,rpi,0.7380952564297991
261,Megaselia sp.,Daucus carota,0,0.7004006326033493,1,Dune system 1,rpi,0.8492063634665634
262,Megaselia sp.,Limonium sp.,0,0.55924420642336925,0,Dune system 1,rpi,0.23809527476436024
263,Megaselia sp.,Salvia rosmarinus,0,0.5178495650876651,0,Dune system 1,rpi,0.07142861420921395
264,Megaselia sp.,Sedum sediforme,0,0.5455086352779515,0,Dune system 1,rpi,0.1825397212459782
265,Megaselia sp.,Teucrium capitatum,1,0.5039682001898381,0,Dune system 1,rpi,0.01587313402907614
266,Muscidae sp.,Asteriscus aquaticus,0,0.5,0,Dune system 1,rpi,-0.09523804634593235
267,Muscidae sp.,Cakile maritima,0,0.6765792009215111,0,Dune system 1,rpi,0.7380952564297991
268,Muscidae sp.,Daucus carota,0,0.7004006326033493,1,Dune system 1,rpi,0.8492063634665634
269,Muscidae sp.,Limonium sp.,0,0.55924420642336925,0,Dune system 1,rpi,0.23809527476436024
270,Muscidae sp.,Salvia rosmarinus,0,0.5178495650876651,0,Dune system 1,rpi,0.07142861420921395
271,Muscidae sp.,Sedum sediforme,0,0.5455086352779515,0,Dune system 1,rpi,0.1825397212459782
272,Muscidae sp.,Teucrium capitatum,1,0.5039682001898381,0,Dune system 1,rpi,0.01587313402907614
273,Platypalpus sp.,Asteriscus aquaticus,0,0.5,0,Dune system 1,rpi,-0.09523804634593235
274,Platypalpus sp.,Cakile maritima,0,0.6765792009215111,0,Dune system 1,rpi,0.7380952564297991
275,Platypalpus sp.,Daucus carota,0,0.7004006326033493,1,Dune system 1,rpi,0.8492063634665634
276,Platypalpus sp.,Limonium sp.,0,0.55924420642336925,0,Dune system 1,rpi,0.23809527476436024
277,Platypalpus sp.,Salvia rosmarinus,0,0.5178495650876651,0,Dune system 1,rpi,0.07142861420921395
278,Platypalpus sp.,Sedum sediforme,0,0.5455086352779515,0,Dune system 1,rpi,0.1825397212459782
279,Platypalpus sp.,Teucrium capitatum,1,0.5039682001898381,0,Dune system 1,rpi,0.01587313402907614
280,Stictopleurus abutilon,Asteriscus aquaticus,0,0.5,0,Dune system 1,rpi,-0.09523804634593235
281,Stictopleurus abutilon,Cakile maritima,0,0.6765792009215111,0,Dune system 1,rpi,0.7380952564297991
282,Stictopleurus abutilon,Daucus carota,0,0.7004006326033493,1,Dune system 1,rpi,0.8492063634665634
283,Stictopleurus abutilon,Limonium sp.,0,0.55924420642336925,0,Dune system 1,rpi,0.23809527476436024
284,Stictopleurus abutilon,Salvia rosmarinus,0,0.5178495650876651,0,Dune system 1,rpi,0.07142861420921395
285,Stictopleurus abutilon,Sedum sediforme,0,0.5455086352779515,0,Dune system 1,rpi,0.1825397212459782
286,Stictopleurus abutilon,Teucrium capitatum,1,0.5039682001898381,0,Dune system 1,rpi,0.01587313402907614
287,Tapinoma nigerrinum,Asteriscus aquaticus,0,0.5,0,Dune system 1,rpi,-0.09523804634593235
288,Tapinoma nigerrinum,Cakile maritima,0,0.6765792009215111,0,Dune system 1,rpi,0.7380952564297991
289,Tapinoma nigerrinum,Daucus carota,0,0.7004006326033493,1,Dune system 1,rpi,0.8492063634665634
290,Tapinoma nigerrinum,Limonium sp.,0,0.55924420642336925,0,Dune system 1,rpi,0.23809527476436024
291,Tapinoma nigerrinum,Salvia rosmarinus,0,0.5178495650876651,0,Dune system 1,rpi,0.07142861420921395
292,Tapinoma nigerrinum,Sedum sediforme,0,0.5455086352779515,0,Dune system 1,rpi,0.1825397212459782
293,Tapinoma nigerrinum,Teucrium capitatum,1,0.5039682001898381,0,Dune system 1,rpi,0.01587313402907614
294,Vanessa cardui,Asteriscus aquaticus,0,0.5,0,Dune system 1,rpi,-0.09523804634593235
295,Vanessa cardui,Cakile maritima,0,0.6765792009215111,0,Dune system 1,rpi,0.7380952564297991
296,Vanessa cardui,Daucus carota,0,0.7004006326033493,1,Dune system 1,rpi,0.8492063634665634
297,Vanessa cardui,Limonium sp.,0,0.55924420642336925,0,Dune system 1,rpi,0.23809527476436024
298,Vanessa cardui,Salvia rosmarinus,0,0.5178495650876651,0,Dune system 1,rpi,0.07142861420921395
299,Vanessa cardui,Sedum sediforme,0,0.5455086352779515,0,Dune system 1,rpi,0.1825397212459782
300,Vanessa cardui,Teucrium capitatum,1,0.5039682001898381,0,Dune system 1,rpi,0.01587313402907614
0,Eristalis similis,Asteriscus aquaticus,1,0.5227116721501797,0,Dune system 2,rpi,0.09090924678887644
1,Eristalis similis,Cakile maritima,1,0.7963500563857567,1,Dune system 2,rpi,1.3636363012844492
2,Eristalis similis,Limonium sp.,0,0.8242562567556689,1,Dune system 2,rpi,1.5454545430297486
3,Eristalis similis,Teucrium capitatum,0,0.7310585112047824,1,Dune system 2,rpi,0.999999657064472
4,Exoprosopa cf. bowdeni,Asteriscus aquaticus,1,0.8106969976495891,1,Dune system 2,rpi,1.4545454502154602
5,Exoprosopa cf. bowdeni,Cakile maritima,1,0.9386168922771817,1,Dune system 2,rpi,2.727272721730335
6,Exoprosopa cf. bowdeni,Limonium sp.,1,0.8986048538748715,1,Dune system 2,rpi,2.181818176795389
7,Exoprosopa cf. bowdeni,Teucrium capitatum,1,0.837039528683423,1,Dune system 2,rpi,1.6363636318604424
8,Lasioglossum sp.,Asteriscus aquaticus,1,0.8106969976495891,1,Dune system 2,rpi,1.4545454502154602
9,Lasioglossum sp.,Cakile maritima,1,0.9386168922771817,1,Dune system 2,rpi,2.727272721730335
10,Lasioglossum sp.,Limonium sp.,1,0.8986048538748715,1,Dune system 2,rpi,2.181818176795389
11,Lasioglossum sp.,Teucrium capitatum,1,0.837039528683423,1,Dune system 2,rpi,1.6363636318604424
12,Monomorium sp,Asteriscus aquaticus,1,0.5,0,Dune system 2,rpi,-0.5909090874450957
13,Monomorium sp,Cakile maritima,0,0.8036225066952639,1,Dune system 2,rpi,1.4090908467389947
14,Monomorium sp,Limonium sp.,0,0.7034198411146948,1,Dune system 2,rpi,0.8636363948123207
15,Monomorium sp,Teucrium capitatum,0,0.5788811139125984,0,Dune system 2,rpi,0.3181819428856467
16,Musca domestica,Asteriscus aquaticus,1,0.5227116721501797,0,Dune system 2,rpi,0.09090924678887638
17,Musca domestica,Cakile maritima,0,0.890016445244454,1,Dune system 2,rpi,2.090909087964695
18,Musca domestica,Limonium sp.,1,0.6938502609530885,0,Dune system 2,rpi,0.8181818493577753
19,Musca domestica,Teucrium capitatum,0,0.7310585112047824,1,Dune system 2,rpi,0.999999657064472
20,Phthiria sp.,Asteriscus aquaticus,1,0.5,0,Dune system 2,rpi,-0.5909090874450957
21,Phthiria sp.,Cakile maritima,0,0.8036225066952639,1,Dune system 2,rpi,1.4090908467389947
22,Phthiria sp.,Limonium sp.,0,0.7034198411146948,1,Dune system 2,rpi,0.8636363948123207
23,Phthiria sp.,Teucrium capitatum,0,0.5788811139125984,0,Dune system 2,rpi,0.3181819428856467
24,Sarcophaga sp.,Asteriscus aquaticus,1,0.5227116721501797,0,Dune system 2,rpi,0.09090924678887638
25,Sarcophaga sp.,Cakile maritima,0,0.890016445244454,1,Dune system 2,rpi,2.090909087964695
26,Sarcophaga sp.,Limonium sp.,1,0.6938502609530885,0,Dune system 2,rpi,0.8181818493577753
27,Sarcophaga sp.,Teucrium capitatum,0,0.7310585112047824,1,Dune system 2,rpi,0.999999657064472
28,Tapinoma sp,Asteriscus aquaticus,1,0.5,0,Dune system 2,rpi,-0.5909090874450957
29,Tapinoma sp,Cakile maritima,0,0.8036225066952639,1,Dune system 2,rpi,1.4090908467389947
30,Tapinoma sp,Limonium sp.,0,0.7034198411146948,1,Dune system 2,rpi,0.8636363948123207
31,Tapinoma sp,Teucrium capitatum,0,0.5788811139125984,0,Dune system 2,rpi,0.3181819428856467
32,Anaspis sp.,Asteriscus aquaticus,0,0.6938501881060067,0,Dune system 2,rpi,0.8181815064222471
33,Anaspis sp.,Cakile maritima,1,0.7963500563857567,1,Dune system 2,rpi,1.3636363012844492
34,Anaspis sp.,Limonium sp.,1,0.6938502609530885,0,Dune system 2,rpi,0.8181818493577753
35,Anaspis sp.,Teucrium capitatum,0,0.7310585112047824,1,Dune system 2,rpi,0.999999657064472
36,Ancistrocerus ebusianus,Asteriscus aquaticus,0,0.6938501881060067,0,Dune system 2,rpi,0.8181815064222471
37,Ancistrocerus ebusianus,Cakile maritima,1,0.7963500563857567,1,Dune system 2,rpi,1.3636363012844492
38,Ancistrocerus ebusianus,Limonium sp.,1,0.6938502609530885,0,Dune system 2,rpi,0.8181818493577753
39,Ancistrocerus ebusianus,Teucrium capitatum,0,0.7310585112047824,1,Dune system 2,rpi,0.999999657064472
40,Anthomyia confusanea,Asteriscus aquaticus,0,0.5340382191055193,0,Dune system 2,rpi,0.13636379224342185
41,Anthomyia confusanea,Cakile maritima,1,0.6641443763652108,0,Dune system 2,rpi,0.6818181840697789
42,Anthomyia confusanea,Limonium sp.,0,0.7034198411146948,1,Dune system 2,rpi,0.8636363948123207
43,Anthomyia confusanea,Teucrium capitatum,0,0.5788811139125984,0,Dune system 2,rpi,0.3181819428856467
44,Anthomyiidae sp.,Asteriscus aquaticus,0,0.6938501881060067,0,Dune system 2,rpi,0.8181815064222471
45,Anthomyiidae sp.,Cakile maritima,1,0.7963500563857567,1,Dune system 2,rpi,1.3636363012844492
46,Anthomyiidae sp.,Limonium sp.,0,0.8242562567556689,1,Dune system 2,rpi,1.5454545430297486
47,Anthomyiidae sp.,Teucrium capitatum,1,0.5677623541416937,0,Dune system 2,rpi,0.2727273974311012
48,Anthophora balearica,Asteriscus aquaticus,0,0.5340382191055193,0,Dune system 2,rpi,0.13636379224342185
49,Anthophora balearica,Cakile maritima,1,0.6641443763652108,0,Dune system 2,rpi,0.6818181840697789
50,Anthophora balearica,Limonium sp.,0,0.7034198411146948,1,Dune system 2,rpi,0.8636363948123207
51,Anthophora balearica,Teucrium capitatum,0,0.5788811139125984,0,Dune system 2,rpi,0.3181819428856467
52,Autographa gamma,Asteriscus aquaticus,0,0.6938501881060067,0,Dune system 2,rpi,0.8181815064222471
53,Autographa gamma,Cakile maritima,1,0.7963500563857567,1,Dune system 2,rpi,1.3636363012844492
54,Autographa gamma,Limonium sp.,1,0.6938502609530885,0,Dune system 2,rpi,0.8181818493577753
55,Autographa gamma,Teucrium capitatum,0,0.7310585112047824,1,Dune system 2,rpi,0.999999657064472
56,Chrysopa viridana,Asteriscus aquaticus,0,0.5340382191055193,0,Dune system 2,rpi,0.13636379224342185
57,Chrysopa viridana,Cakile maritima,1,0.6641443763652108,0,Dune system 2,rpi,0.6818181840697789
58,Chrysopa viridana,Limonium sp.,0,0.7034198411146948,1,Dune system 2,rpi,0.8636363948123207
59,Chrysopa viridana,Teucrium capitatum,0,0.5788811139125984,0,Dune system 2,rpi,0.3181819428856467
60,Clairvillia pninae,Asteriscus aquaticus,0,0.6938501881060067,0,Dune system 2,rpi,0.8181815064222471
61,Clairvillia pninae,Cakile maritima,1,0.7963500563857567,1,Dune system 2,rpi,1.3636363012844492
62,Clairvillia pninae,Limonium sp.,1,0.6938502609530885,0,Dune system 2,rpi,0.8181818493577753
63,Clairvillia pninae,Teucrium capitatum,0,0.7310585112047824,1,Dune system 2,rpi,0.999999657064472
64,Colias crocea,Asteriscus aquaticus,0,0.5340382191055193,0,Dune system 2,rpi,0.13636379224342185
65,Colias crocea,Cakile maritima,1,0.6641443763652108,0,Dune system 2,rpi,0.6818181840697789
66,Colias crocea,Limonium sp.,0,0.7034198411146948,1,Dune system 2,rpi,0.8636363948123207
67,Colias crocea,Teucrium capitatum,0,0.5788811139125984,0,Dune system 2,rpi,0.3181819428856467
68,Dasytes nigroaeneus,Asteriscus aquaticus,0,0.6938501881060067,0,Dune system 2,rpi,0.8181815064222471
69,Dasytes nigroaeneus,Cakile maritima,1,0.7963500563857567,1,Dune system 2,rpi,1.3636363012844492
70,Dasytes nigroaeneus,Limonium sp.,1,0.6938502609530885,0,Dune system 2,rpi,0.8181818493577753
71,Dasytes nigroaeneus,Teucrium capitatum,0,0.7310585112047824,1,Dune system 2,rpi,0.999999657064472
72,Episyrphus balteatus,Asteriscus aquaticus,0,0.5340382191055193,0,Dune system 2,rpi,0.13636379224342185
73,Episyrphus balteatus,Cakile maritima,1,0.6641443763652108,0,Dune system 2,rpi,0.6818181840697789
74,Episyrphus balteatus,Limonium sp.,0,0.7034198411146948,1,Dune system 2,rpi,0.8636363948123207
75,Episyrphus balteatus,Teucrium capitatum,0,0.5788811139125984,0,Dune system 2,rpi,0.3181819428856467
76,Eristalis tenax,Asteriscus aquaticus,0,0.6938501881060067,0,Dune system 2,rpi,0.8181815064222471
77,Eristalis tenax,Cakile maritima,1,0.7963500563857567,1,Dune system 2,rpi,1.3636363012844492
78,Eristalis tenax,Limonium sp.,0,0.8242562567556689,1,Dune system 2,rpi,1.5454545430297486
79,Eristalis tenax,Teucrium capitatum,1,0.5677623541416937,0,Dune system 2,rpi,0.2727273974311012
80,Eupeodes corollae,Asteriscus aquaticus,0,0.8175744755478404,1,Dune system 2,rpi,1.4999999956700059
81,Eupeodes corollae,Cakile maritima,1,0.885487519169217,1,Dune system 2,rpi,2.0454545425101496
82,Eupeodes corollae,Limonium sp.,1,0.8175744758319938,1,Dune system 2,rpi,1.4999999975752032
83,Eupeodes corollae,Teucrium capitatum,1,0.7220283174124336,1,Dune system 2,rpi,0.9545451116099266
84,Hydrellia sp,Asteriscus aquaticus,0,0.5340382191055193,0,Dune system 2,rpi,0.13636379224342185
85,Hydrellia sp,Cakile maritima,1,0.6641443763652108,0,Dune system 2,rpi,0.6818181840697789
86,Hydrellia sp,Limonium sp.,0,0.7034198411146948,1,Dune system 2,rpi,0.8636363948123207
87,Hydrellia sp,Teucrium capitatum,0,0.5788811139125984,0,Dune system 2,rpi,0.3181819428856467
88,Hylaeus imparilis,Asteriscus aquaticus,0,0.5340382191055193,0,Dune system 2,rpi,0.13636379224342185
89,Hylaeus imparilis,Cakile maritima,1,0.6641443763652108,0,Dune system 2,rpi,0.6818181840697789
90,Hylaeus imparilis,Limonium sp.,0,0.7034198411146948,1,Dune system 2,rpi,0.8636363948123207
91,Hylaeus imparilis,Teucrium capitatum,0,0.5788811139125984,0,Dune system 2,rpi,0.3181819428856467
92,Lasiommata megera,Asteriscus aquaticus,0,0.5340382191055193,0,Dune system 2,rpi,0.13636379224342185
93,Lasiommata megera,Cakile maritima,1,0.6641443763652108,0,Dune system 2,rpi,0.6818181840697789
94,Lasiommata megera,Limonium sp.,0,0.7034198411146948,1,Dune system 2,rpi,0.8636363948123207
95,Lasiommata megera,Teucrium capitatum,0,0.5788811139125984,0,Dune system 2,rpi,0.3181819428856467
96,Lucilia silvarum,Asteriscus aquaticus,0,0.6938501881060067,0,Dune system 2,rpi,0.8181815064222471
97,Lucilia silvarum,Cakile maritima,1,0.7963500563857567,1,Dune system 2,rpi,1.3636363012844492
98,Lucilia silvarum,Limonium sp.,1,0.6938502609530885,0,Dune system 2,rpi,0.8181818493577753
99,Lucilia silvarum,Teucrium capitatum,0,0.7310585112047824,1,Dune system 2,rpi,0.999999657064472
100,Lydella nigrescens,Asteriscus aquaticus,0,0.5340382191055193,0,Dune system 2,rpi,0.13636379224342185
101,Lydella nigrescens,Cakile maritima,1,0.6641443763652108,0,Dune system 2,rpi,0.6818181840697789
102,Lydella nigrescens,Limonium sp.,0,0.7034198411146948,1,Dune system 2,rpi,0.8636363948123207
103,Lydella nigrescens,Teucrium capitatum,0,0.5788811139125984,0,Dune system 2,rpi,0.3181819428856467
104,Megachile sp.,Asteriscus aquaticus,0,0.5340382191055193,0,Dune system 2,rpi,0.13636379224342185
105,Megachile sp.,Cakile maritima,1,0.6641443763652108,0,Dune system 2,rpi,0.6818181840697789
106,Megachile sp.,Limonium sp.,0,0.7034198411146948,1,Dune system 2,rpi,0.8636363948123207
107,Megachile sp.,Teucrium capitatum,0,0.5788811139125984,0,Dune system 2,rpi,0.3181819428856467
108,Meligethes sp.,Asteriscus aquaticus,0,0.6938501881060067,0,Dune system 2,rpi,0.8181815064222471
109,Meligethes sp.,Cakile maritima,1,0.7963500563857567,1,Dune system 2,rpi,1.3636363012844492
110,Meligethes sp.,Limonium sp.,0,0.8242562567556689,1,Dune system 2,rpi,1.5454545430297486
111,Meligethes sp.,Teucrium capitatum,1,0.5677623541416937,0,Dune system 2,rpi,0.2727273974311012
112,Mordellistena sp.,Asteriscus aquaticus,0,0.6938501881060067,0,Dune system 2,rpi,0.8181815064222471
113,Mordellistena sp.,Cakile maritima,1,0.7963500563857567,1,Dune system 2,rpi,1.3636363012844492
114,Mordellistena sp.,Limonium sp.,1,0.6938502609530885,0,Dune system 2,rpi,0.8181818493577753
115,Mordellistena sp.,Teucrium capitatum,0,0.7310585112047824,1,Dune system 2,rpi,0.999999657064472
116,Phoenicurus ochruros,Asteriscus aquaticus,0,0.5340382191055193,0,Dune system 2,rpi,0.13636379224342185
117,Phoenicurus ochruros,Cakile maritima,1,0.6641443763652108,0,Dune system 2,rpi,0.6818181840697789
118,Phoenicurus ochruros,Limonium sp.,0,0.7034198411146948,1,Dune system 2,rpi,0.8636363948123207
119,Phoenicurus ochruros,Teucrium capitatum,0,0.5788811139125984,0,Dune system 2,rpi,0.3181819428856467
120,Pieris rapae,Asteriscus aquaticus,0,0.5340382191055193,0,Dune system 2,rpi,0.13636379224342185
121,Pieris rapae,Cakile maritima,1,0.6641443763652108,0,Dune system 2,rpi,0.6818181840697789
122,Pieris rapae,Limonium sp.,0,0.7034198411146948,1,Dune system 2,rpi,0.8636363948123207
123,Pieris rapae,Teucrium capitatum,0,0.5788811139125984,0,Dune system 2,rpi,0.3181819428856467
124,Pyrellia vivida,Asteriscus aquaticus,0,0.5340382191055193,0,Dune system 2,rpi,0.13636379224342185
125,Pyrellia vivida,Cakile maritima,1,0.6641443763652108,0,Dune system 2,rpi,0.6818181840697789
126,Pyrellia vivida,Limonium sp.,0,0.7034198411146948,1,Dune system 2,rpi,0.8636363948123207
127,Pyrellia vivida,Teucrium capitatum,0,0.5788811139125984,0,Dune system 2,rpi,0.3181819428856467
128,Sphaerophoria sp.,Asteriscus aquaticus,0,0.5340382191055193,0,Dune system 2,rpi,0.13636379224342185
129,Sphaerophoria sp.,Cakile maritima,1,0.6641443763652108,0,Dune system 2,rpi,0.6818181840697789
130,Sphaerophoria sp.,Limonium sp.,0,0.7034198411146948,1,Dune system 2,rpi,0.8636363948123207
131,Sphaerophoria sp.,Teucrium capitatum,0,0.5788811139125984,0,Dune system 2,rpi,0.3181819428856467
132,Spilostethus pandurus,Asteriscus aquaticus,0,0.5340382191055193,0,Dune system 2,rpi,0.13636379224342185
133,Spilostethus pandurus,Cakile maritima,1,0.6641443763652108,0,Dune system 2,rpi,0.6818181840697789
134,Spilostethus pandurus,Limonium sp.,0,0.7034198411146948,1,Dune system 2,rpi,0.8636363948123207
135,Spilostethus pandurus,Teucrium capitatum,0,0.5788811139125984,0,Dune system 2,rpi,0.3181819428856467
136,Bombyliidae sp.,Asteriscus aquaticus,0,0.5340382191055193,0,Dune system 2,rpi,0.13636379224342185
137,Bombyliidae sp.,Cakile maritima,0,0.8036225066952639,1,Dune system 2,rpi,1.4090908467389947
138,Bombyliidae sp.,Limonium sp.,1,0.5340381810057635,0,Dune system 2,rpi,0.13636363913483263
139,Bombyliidae sp.,Teucrium capitatum,0,0.5788811139125984,0,Dune system 2,rpi,0.3181819428856467
140,Eumenes dubius,Asteriscus aquaticus,0,0.5340382191055193,0,Dune system 2,rpi,0.13636379224342185
141,Eumenes dubius,Cakile maritima,0,0.8036225066952639,1,Dune system 2,rpi,1.4090908467389947
142,Eumenes dubius,Limonium sp.,1,0.5340381810057635,0,Dune system 2,rpi,0.13636363913483263
143,Eumenes dubius,Teucrium capitatum,0,0.5788811139125984,0,Dune system 2,rpi,0.3181819428856467
144,Macroglossum stellatarum,Asteriscus aquaticus,0,0.5340382191055193,0,Dune system 2,rpi,0.13636379224342185
145,Macroglossum stellatarum,Cakile maritima,0,0.8036225066952639,1,Dune system 2,rpi,1.4090908467389947
146,Macroglossum stellatarum,Limonium sp.,1,0.5340381810057635,0,Dune system 2,rpi,0.13636363913483263
147,Macroglossum stellatarum,Teucrium capitatum,0,0.5788811139125984,0,Dune system 2,rpi,0.3181819428856467
148,Meliscaeva auricollis,Asteriscus aquaticus,0,0.5340382191055193,0,Dune system 2,rpi,0.13636379224342185
149,Meliscaeva auricollis,Cakile maritima,0,0.8036225066952639,1,Dune system 2,rpi,1.4090908467389947
150,Meliscaeva auricollis,Limonium sp.,1,0.5340381810057635,0,Dune system 2,rpi,0.13636363913483263
151,Meliscaeva auricollis,Teucrium capitatum,0,0.5788811139125984,0,Dune system 2,rpi,0.3181819428856467
152,Phthiria cf pulicularia,Asteriscus aquaticus,0,0.6938501881060067,0,Dune system 2,rpi,0.8181815064222471
153,Phthiria cf pulicularia,Cakile maritima,0,0.890016445244454,1,Dune system 2,rpi,2.090909087964695
154,Phthiria cf pulicularia,Limonium sp.,1,0.6938502609530885,0,Dune system 2,rpi,0.8181818493577754
155,Phthiria cf pulicularia,Teucrium capitatum,1,0.5677623541416937,0,Dune system 2,rpi,0.2727273974311012
156,Podarcis lilfordi,Asteriscus aquaticus,0,0.5340382191055193,0,Dune system 2,rpi,0.13636379224342185
157,Podarcis lilfordi,Cakile maritima,0,0.8036225066952639,1,Dune system 2,rpi,1.4090908467389947
158,Podarcis lilfordi,Limonium sp.,1,0.5340381810057635,0,Dune system 2,rpi,0.13636363913483263
159,Podarcis lilfordi,Teucrium capitatum,0,0.5788811139125984,0,Dune system 2,rpi,0.3181819428856467
160,Stenopterus sp.,Asteriscus aquaticus,0,0.5340382191055193,0,Dune system 2,rpi,0.13636379224342185
161,Stenopterus sp.,Cakile maritima,0,0.8036225066952639,1,Dune system 2,rpi,1.4090908467389947
162,Stenopterus sp.,Limonium sp.,1,0.5340381810057635,0,Dune system 2,rpi,0.13636363913483263
163,Stenopterus sp.,Teucrium capitatum,0,0.5788811139125984,0,Dune system 2,rpi,0.3181819428856467
164,Vanessa cardui,Asteriscus aquaticus,0,0.6938501881060067,0,Dune system 2,rpi,0.8181815064222471
165,Vanessa cardui,Cakile maritima,0,0.890016445244454,1,Dune system 2,rpi,2.090909087964695
166,Vanessa cardui,Limonium sp.,1,0.6938502609530885,0,Dune system 2,rpi,0.8181818493577754
167,Vanessa cardui,Teucrium capitatum,1,0.5677623541416937,0,Dune system 2,rpi,0.2727273974311012
168,Gonepterix cleopatra,Asteriscus aquaticus,0,0.5340382191055193,0,Dune system 2,rpi,0.13636379224342185
169,Gonepterix cleopatra,Cakile maritima,0,0.8036225066952639,1,Dune system 2,rpi,1.4090908467389947
170,Gonepterix cleopatra,Limonium sp.,0,0.7034198411146948,1,Dune system 2,rpi,0.8636363948123206
171,Gonepterix cleopatra,Teucrium capitatum,1,0.5,0,Dune system 2,rpi,-0.40909090580011365
172,Stictopleurus abutilon,Asteriscus aquaticus,0,0.5340382191055193,0,Dune system 2,rpi,0.13636379224342185
173,Stictopleurus abutilon,Cakile maritima,0,0.8036225066952639,1,Dune system 2,rpi,1.4090908467389947
174,Stictopleurus abutilon,Limonium sp.,0,0.7034198411146948,1,Dune system 2,rpi,0.8636363948123206
175,Stictopleurus abutilon,Teucrium capitatum,1,0.5,0,Dune system 2,rpi,-0.40909090580011365
176,Vanessa atalanta,Asteriscus aquaticus,0,0.5340382191055193,0,Dune system 2,rpi,0.13636379224342185
177,Vanessa atalanta,Cakile maritima,0,0.8036225066952639,1,Dune system 2,rpi,1.4090908467389947
178,Vanessa atalanta,Limonium sp.,0,0.7034198411146948,1,Dune system 2,rpi,0.8636363948123206
179,Vanessa atalanta,Teucrium capitatum,1,0.5,0,Dune system 2,rpi,-0.40909090580011365
0,Eristalis similis,Allium ampeloprasum,1,0.5621765038327705,0,Pine forest 1,rpi,0.25000001197303673
1,Eristalis similis,Asphodelus fistulosus,0,0.6076631626967031,0,Pine forest 1,rpi,0.43749997006740815
2,Eristalis similis,Astragalus balearicus,0,0.6442250989397936,0,Pine forest 1,rpi,0.5937499670741491
3,Eristalis similis,Cistus monspeliensis,1,0.8596637483432403,1,Pine forest 1,rpi,1.8124999820404448
4,Eristalis similis,Euphorbia serrata,0,0.7122321762635648,1,Pine forest 1,rpi,0.9062499610876307
5,Eupeodes corollae,Allium ampeloprasum,1,0.5621765038327705,0,Pine forest 1,rpi,0.25000001197303673
6,Eupeodes corollae,Asphodelus fistulosus,0,0.6076631626967031,0,Pine forest 1,rpi,0.43749997006740815
7,Eupeodes corollae,Astragalus balearicus,0,0.6442250989397936,0,Pine forest 1,rpi,0.5937499670741491
8,Eupeodes corollae,Cistus monspeliensis,1,0.8596637483432403,1,Pine forest 1,rpi,1.8124999820404448
9,Eupeodes corollae,Euphorbia serrata,0,0.7122321762635648,1,Pine forest 1,rpi,0.9062499610876307
10,Mordellistena sp.,Allium ampeloprasum,1,0.5,0,Pine forest 1,rpi,-0.2812499371415572
11,Mordellistena sp.,Asphodelus fistulosus,0,0.5,0,Pine forest 1,rpi,-0.09374997904718571
12,Mordellistena sp.,Astragalus balearicus,0,0.5156199202085225,0,Pine forest 1,rpi,0.06250001795955501
13,Mordellistena sp.,Cistus monspeliensis,0,0.8740772331881274,1,Pine forest 1,rpi,1.9374999820404448
14,Mordellistena sp.,Euphorbia serrata,0,0.5926666028445152,0,Pine forest 1,rpi,0.3750000119730368
15,Musca domestica,Allium ampeloprasum,1,0.5,0,Pine forest 1,rpi,-0.2812499371415572
16,Musca domestica,Asphodelus fistulosus,0,0.5,0,Pine forest 1,rpi,-0.09374997904718571
17,Musca domestica,Astragalus balearicus,0,0.5156199202085225,0,Pine forest 1,rpi,0.06250001795955501
18,Musca domestica,Cistus monspeliensis,0,0.8740772331881274,1,Pine forest 1,rpi,1.9374999820404448
19,Musca domestica,Euphorbia serrata,0,0.5926666028445152,0,Pine forest 1,rpi,0.3750000119730368
20,Anthophora balearica,Allium ampeloprasum,0,0.5926666028445152,0,Pine forest 1,rpi,0.37500001197303673
21,Anthophora balearica,Asphodelus fistulosus,1,0.5,0,Pine forest 1,rpi,-0.7499999281617797
22,Anthophora balearica,Astragalus balearicus,0,0.5156199202085225,0,Pine forest 1,rpi,0.06250001795955498
23,Anthophora balearica,Cistus monspeliensis,0,0.8740772331881274,1,Pine forest 1,rpi,1.9374999820404448
24,Anthophora balearica,Euphorbia serrata,0,0.5926666028445152,0,Pine forest 1,rpi,0.37500001197303673
25,Meligethes sp.,Allium ampeloprasum,0,0.8080671996256135,1,Pine forest 1,rpi,1.4374999102022246
26,Meligethes sp.,Asphodelus fistulosus,0,0.7248702600590197,1,Pine forest 1,rpi,0.9687499191820022
27,Meligethes sp.,Astragalus balearicus,1,0.6150878477207136,0,Pine forest 1,rpi,0.46874996707414895
28,Meligethes sp.,Cistus monspeliensis,1,0.9124361549764757,1,Pine forest 1,rpi,2.3437499311550387
29,Meligethes sp.,Euphorbia serrata,1,0.6859494466255809,0,Pine forest 1,rpi,0.7812499610876306
30,Phthiria sp.,Allium ampeloprasum,0,0.8080671996256135,1,Pine forest 1,rpi,1.4374999102022246
31,Phthiria sp.,Asphodelus fistulosus,0,0.7248702600590197,1,Pine forest 1,rpi,0.9687499191820022
32,Phthiria sp.,Astragalus balearicus,1,0.6150878477207136,0,Pine forest 1,rpi,0.46874996707414895
33,Phthiria sp.,Cistus monspeliensis,1,0.9124361549764757,1,Pine forest 1,rpi,2.3437499311550387
34,Phthiria sp.,Euphorbia serrata,1,0.6859494466255809,0,Pine forest 1,rpi,0.7812499610876306
35,Anaspis sp.,Allium ampeloprasum,0,0.5926666028445152,0,Pine forest 1,rpi,0.37500001197303673
36,Anaspis sp.,Asphodelus fistulosus,0,0.5,0,Pine forest 1,rpi,-0.09374997904718571
37,Anaspis sp.,Astragalus balearicus,0,0.5156199202085225,0,Pine forest 1,rpi,0.06250001795955498
38,Anaspis sp.,Cistus monspeliensis,1,0.782662484553688,1,Pine forest 1,rpi,1.281250032925851
39,Anaspis sp.,Euphorbia serrata,0,0.5926666028445152,0,Pine forest 1,rpi,0.37500001197303673
40,Ancistrocerus ebusianus,Allium ampeloprasum,0,0.5926666028445152,0,Pine forest 1,rpi,0.37500001197303673
41,Ancistrocerus ebusianus,Asphodelus fistulosus,0,0.5,0,Pine forest 1,rpi,-0.09374997904718571
42,Ancistrocerus ebusianus,Astragalus balearicus,0,0.5156199202085225,0,Pine forest 1,rpi,0.06250001795955498
43,Ancistrocerus ebusianus,Cistus monspeliensis,1,0.782662484553688,1,Pine forest 1,rpi,1.281250032925851
44,Ancistrocerus ebusianus,Euphorbia serrata,0,0.5926666028445152,0,Pine forest 1,rpi,0.37500001197303673
45,Dasytes nigroaeneus,Allium ampeloprasum,0,0.5926666028445152,0,Pine forest 1,rpi,0.37500001197303673
46,Dasytes nigroaeneus,Asphodelus fistulosus,0,0.5,0,Pine forest 1,rpi,-0.09374997904718571
47,Dasytes nigroaeneus,Astragalus balearicus,0,0.5156199202085225,0,Pine forest 1,rpi,0.06250001795955498
48,Dasytes nigroaeneus,Cistus monspeliensis,1,0.782662484553688,1,Pine forest 1,rpi,1.281250032925851
49,Dasytes nigroaeneus,Euphorbia serrata,0,0.5926666028445152,0,Pine forest 1,rpi,0.37500001197303673
50,Exoprosopa cf. bowdeni,Allium ampeloprasum,0,0.5926666028445152,0,Pine forest 1,rpi,0.37500001197303673
51,Exoprosopa cf. bowdeni,Asphodelus fistulosus,0,0.5,0,Pine forest 1,rpi,-0.09374997904718571
52,Exoprosopa cf. bowdeni,Astragalus balearicus,0,0.5156199202085225,0,Pine forest 1,rpi,0.06250001795955498
53,Exoprosopa cf. bowdeni,Cistus monspeliensis,1,0.782662484553688,1,Pine forest 1,rpi,1.281250032925851
54,Exoprosopa cf. bowdeni,Euphorbia serrata,0,0.5926666028445152,0,Pine forest 1,rpi,0.37500001197303673
55,Lasioglossum sp.,Allium ampeloprasum,0,0.7122321762635648,1,Pine forest 1,rpi,0.9062499610876307
56,Lasioglossum sp.,Asphodelus fistulosus,0,0.6076631626967031,0,Pine forest 1,rpi,0.43749997006740815
57,Lasioglossum sp.,Astragalus balearicus,0,0.6442250989397936,0,Pine forest 1,rpi,0.5937499670741491
58,Lasioglossum sp.,Cistus monspeliensis,1,0.8596637483432403,1,Pine forest 1,rpi,1.8124999820404448
59,Lasioglossum sp.,Euphorbia serrata,1,0.5621765038327705,0,Pine forest 1,rpi,0.25000001197303673
60,Melanostoma scalare,Allium ampeloprasum,0,0.5926666028445152,0,Pine forest 1,rpi,0.37500001197303673
61,Melanostoma scalare,Asphodelus fistulosus,0,0.5,0,Pine forest 1,rpi,-0.09374997904718571
62,Melanostoma scalare,Astragalus balearicus,0,0.5156199202085225,0,Pine forest 1,rpi,0.06250001795955498
63,Melanostoma scalare,Cistus monspeliensis,1,0.782662484553688,1,Pine forest 1,rpi,1.281250032925851
64,Melanostoma scalare,Euphorbia serrata,0,0.5926666028445152,0,Pine forest 1,rpi,0.37500001197303673
65,Monomorium sp,Allium ampeloprasum,0,0.5926666028445152,0,Pine forest 1,rpi,0.37500001197303673
66,Monomorium sp,Asphodelus fistulosus,0,0.5,0,Pine forest 1,rpi,-0.09374997904718571
67,Monomorium sp,Astragalus balearicus,0,0.5156199202085225,0,Pine forest 1,rpi,0.06250001795955498
68,Monomorium sp,Cistus monspeliensis,1,0.782662484553688,1,Pine forest 1,rpi,1.281250032925851
69,Monomorium sp,Euphorbia serrata,0,0.5926666028445152,0,Pine forest 1,rpi,0.37500001197303673
70,Podarcis lilfordi,Allium ampeloprasum,0,0.7122321762635648,1,Pine forest 1,rpi,0.9062499610876307
71,Podarcis lilfordi,Asphodelus fistulosus,0,0.6076631626967031,0,Pine forest 1,rpi,0.43749997006740815
72,Podarcis lilfordi,Astragalus balearicus,0,0.6442250989397936,0,Pine forest 1,rpi,0.5937499670741491
73,Podarcis lilfordi,Cistus monspeliensis,1,0.8596637483432403,1,Pine forest 1,rpi,1.8124999820404448
74,Podarcis lilfordi,Euphorbia serrata,1,0.5621765038327705,0,Pine forest 1,rpi,0.25000001197303673
75,Pyrellia vivida,Allium ampeloprasum,0,0.5926666028445152,0,Pine forest 1,rpi,0.37500001197303673
76,Pyrellia vivida,Asphodelus fistulosus,0,0.5,0,Pine forest 1,rpi,-0.09374997904718571
77,Pyrellia vivida,Astragalus balearicus,0,0.5156199202085225,0,Pine forest 1,rpi,0.06250001795955498
78,Pyrellia vivida,Cistus monspeliensis,1,0.782662484553688,1,Pine forest 1,rpi,1.281250032925851
79,Pyrellia vivida,Euphorbia serrata,0,0.5926666028445152,0,Pine forest 1,rpi,0.37500001197303673
80,Tapinoma nigerrinum,Allium ampeloprasum,0,0.5926666028445152,0,Pine forest 1,rpi,0.37500001197303673
81,Tapinoma nigerrinum,Asphodelus fistulosus,0,0.5,0,Pine forest 1,rpi,-0.09374997904718571
82,Tapinoma nigerrinum,Astragalus balearicus,0,0.5156199202085225,0,Pine forest 1,rpi,0.06250001795955498
83,Tapinoma nigerrinum,Cistus monspeliensis,1,0.782662484553688,1,Pine forest 1,rpi,1.281250032925851
84,Tapinoma nigerrinum,Euphorbia serrata,0,0.5926666028445152,0,Pine forest 1,rpi,0.37500001197303673
0,Eupeodes corollae,Blackstonia perfoliata,1,0.6429601217806095,0,Pine forest 2,rpi,0.5882352240736257
1,Eupeodes corollae,Cistus monspeliensis,1,0.9568117853776197,1,Pine forest 2,rpi,3.0980390522502246
2,Eupeodes corollae,Fumana ericoides,1,0.7424656393192939,1,Pine forest 2,rpi,1.0588234418567382
3,Eupeodes corollae,Globularia alypum,0,0.7781472312520192,1,Pine forest 2,rpi,1.2549017915112624
4,Lasioglossum sp.,Blackstonia perfoliata,1,0.7848432986138196,1,Pine forest 2,rpi,1.2941174719487705
5,Lasioglossum sp.,Cistus monspeliensis,1,0.9782024974547197,1,Pine forest 2,rpi,3.8039213001253698
6,Lasioglossum sp.,Fumana ericoides,1,0.8537980355747353,1,Pine forest 2,rpi,1.764705689731883
7,Lasioglossum sp.,Globularia alypum,1,0.7571752481317836,1,Pine forest 2,rpi,1.137254732687733
8,Anaspis sp.,Blackstonia perfoliata,0,0.5000000087555027,0,Pine forest 2,rpi,3.50220106526411e-8
9,Anaspis sp.,Cistus monspeliensis,1,0.8437335992943181,1,Pine forest 2,rpi,1.6862745564999355
10,Anaspis sp.,Fumana ericoides,0,0.6155229784872667,0,Pine forest 2,rpi,0.4705882528051228
11,Anaspis sp.,Globularia alypum,0,0.5,0,Pine forest 2,rpi,-0.15686270423902693
12,Ancistrocerus ebusianus,Blackstonia perfoliata,0,0.5000000087555027,0,Pine forest 2,rpi,3.50220106526411e-8
13,Ancistrocerus ebusianus,Cistus monspeliensis,1,0.8437335992943181,1,Pine forest 2,rpi,1.6862745564999355
14,Ancistrocerus ebusianus,Fumana ericoides,0,0.6155229784872667,0,Pine forest 2,rpi,0.4705882528051228
15,Ancistrocerus ebusianus,Globularia alypum,0,0.5,0,Pine forest 2,rpi,-0.15686270423902693
16,Anthomyia confusanea,Blackstonia perfoliata,0,0.5000000087555027,0,Pine forest 2,rpi,3.50220106526411e-8
17,Anthomyia confusanea,Cistus monspeliensis,1,0.8437335992943181,1,Pine forest 2,rpi,1.6862745564999355
18,Anthomyia confusanea,Fumana ericoides,0,0.6155229784872667,0,Pine forest 2,rpi,0.4705882528051228
19,Anthomyia confusanea,Globularia alypum,0,0.5,0,Pine forest 2,rpi,-0.15686270423902693
20,Anthomyiidae sp.,Blackstonia perfoliata,0,0.6694906572732436,0,Pine forest 2,rpi,0.7058822828971553
21,Anthomyiidae sp.,Cistus monspeliensis,1,0.9162272620166417,1,Pine forest 2,rpi,2.3921568043750803
22,Anthomyiidae sp.,Fumana ericoides,1,0.5873306286261921,0,Pine forest 2,rpi,0.35294119398159357
23,Anthomyiidae sp.,Globularia alypum,0,0.6339080877388703,0,Pine forest 2,rpi,0.5490195436361177
24,Dasytes nigroaeneus,Blackstonia perfoliata,0,0.6694906572732436,0,Pine forest 2,rpi,0.7058822828971553
25,Dasytes nigroaeneus,Cistus monspeliensis,1,0.9162272620166417,1,Pine forest 2,rpi,2.3921568043750803
26,Dasytes nigroaeneus,Fumana ericoides,1,0.5873306286261921,0,Pine forest 2,rpi,0.35294119398159357
27,Dasytes nigroaeneus,Globularia alypum,0,0.6339080877388703,0,Pine forest 2,rpi,0.5490195436361177
28,Episyrphus balteatus,Blackstonia perfoliata,0,0.5000000087555027,0,Pine forest 2,rpi,3.50220106526411e-8
29,Episyrphus balteatus,Cistus monspeliensis,1,0.8437335992943181,1,Pine forest 2,rpi,1.6862745564999355
30,Episyrphus balteatus,Fumana ericoides,0,0.6155229784872667,0,Pine forest 2,rpi,0.4705882528051228
31,Episyrphus balteatus,Globularia alypum,0,0.5,0,Pine forest 2,rpi,-0.15686270423902693
32,Eristalis similis,Blackstonia perfoliata,0,0.5000000087555027,0,Pine forest 2,rpi,3.50220106526411e-8
33,Eristalis similis,Cistus monspeliensis,1,0.8437335992943181,1,Pine forest 2,rpi,1.6862745564999355
34,Eristalis similis,Fumana ericoides,0,0.6155229784872667,0,Pine forest 2,rpi,0.4705882528051228
35,Eristalis similis,Globularia alypum,0,0.5,0,Pine forest 2,rpi,-0.15686270423902693
36,Lydella nigrescens,Blackstonia perfoliata,0,0.5000000087555027,0,Pine forest 2,rpi,3.50220106526411e-8
37,Lydella nigrescens,Cistus monspeliensis,1,0.8437335992943181,1,Pine forest 2,rpi,1.6862745564999355
38,Lydella nigrescens,Fumana ericoides,0,0.6155229784872667,0,Pine forest 2,rpi,0.4705882528051228
39,Lydella nigrescens,Globularia alypum,0,0.5,0,Pine forest 2,rpi,-0.15686270423902693
40,Meligethes sp.,Blackstonia perfoliata,0,0.5000000087555027,0,Pine forest 2,rpi,3.50220106526411e-8
41,Meligethes sp.,Cistus monspeliensis,1,0.8437335992943181,1,Pine forest 2,rpi,1.6862745564999355
42,Meligethes sp.,Fumana ericoides,0,0.6155229784872667,0,Pine forest 2,rpi,0.4705882528051228
43,Meligethes sp.,Globularia alypum,0,0.5,0,Pine forest 2,rpi,-0.15686270423902693
44,Monomorium sp,Blackstonia perfoliata,0,0.5000000087555027,0,Pine forest 2,rpi,3.50220106526411e-8
45,Monomorium sp,Cistus monspeliensis,1,0.8437335992943181,1,Pine forest 2,rpi,1.6862745564999355
46,Monomorium sp,Fumana ericoides,0,0.6155229784872667,0,Pine forest 2,rpi,0.4705882528051228
47,Monomorium sp,Globularia alypum,0,0.5,0,Pine forest 2,rpi,-0.15686270423902693
48,Mordellistena sp.,Blackstonia perfoliata,0,0.5000000087555027,0,Pine forest 2,rpi,3.50220106526411e-8
49,Mordellistena sp.,Cistus monspeliensis,1,0.8437335992943181,1,Pine forest 2,rpi,1.6862745564999355
50,Mordellistena sp.,Fumana ericoides,0,0.6155229784872667,0,Pine forest 2,rpi,0.4705882528051228
51,Mordellistena sp.,Globularia alypum,0,0.5,0,Pine forest 2,rpi,-0.15686270423902693
52,Musca domestica,Blackstonia perfoliata,0,0.5000000087555027,0,Pine forest 2,rpi,3.50220106526411e-8
53,Musca domestica,Cistus monspeliensis,1,0.8437335992943181,1,Pine forest 2,rpi,1.6862745564999355
54,Musca domestica,Fumana ericoides,0,0.6155229784872667,0,Pine forest 2,rpi,0.4705882528051228
55,Musca domestica,Globularia alypum,0,0.5,0,Pine forest 2,rpi,-0.15686270423902693
56,Phyto melanocephala,Blackstonia perfoliata,0,0.5000000087555027,0,Pine forest 2,rpi,3.50220106526411e-8
57,Phyto melanocephala,Cistus monspeliensis,1,0.8437335992943181,1,Pine forest 2,rpi,1.6862745564999355
58,Phyto melanocephala,Fumana ericoides,0,0.6155229784872667,0,Pine forest 2,rpi,0.4705882528051228
59,Phyto melanocephala,Globularia alypum,0,0.5,0,Pine forest 2,rpi,-0.15686270423902693
60,Podarcis lilfordi,Blackstonia perfoliata,0,0.6694906572732436,0,Pine forest 2,rpi,0.7058822828971553
61,Podarcis lilfordi,Cistus monspeliensis,1,0.9162272620166417,1,Pine forest 2,rpi,2.3921568043750803
62,Podarcis lilfordi,Fumana ericoides,1,0.5873306286261921,0,Pine forest 2,rpi,0.35294119398159357
63,Podarcis lilfordi,Globularia alypum,0,0.6339080877388703,0,Pine forest 2,rpi,0.5490195436361177
64,Tapinoma sp,Blackstonia perfoliata,0,0.5000000087555027,0,Pine forest 2,rpi,3.50220106526411e-8
65,Tapinoma sp,Cistus monspeliensis,1,0.8437335992943181,1,Pine forest 2,rpi,1.6862745564999355
66,Tapinoma sp,Fumana ericoides,0,0.6155229784872667,0,Pine forest 2,rpi,0.4705882528051228
67,Tapinoma sp,Globularia alypum,0,0.5,0,Pine forest 2,rpi,-0.15686270423902693
68,Vanessa atalanta,Blackstonia perfoliata,0,0.5000000087555027,0,Pine forest 2,rpi,3.50220106526411e-8
69,Vanessa atalanta,Cistus monspeliensis,1,0.8437335992943181,1,Pine forest 2,rpi,1.6862745564999355
70,Vanessa atalanta,Fumana ericoides,0,0.6155229784872667,0,Pine forest 2,rpi,0.4705882528051228
71,Vanessa atalanta,Globularia alypum,0,0.5,0,Pine forest 2,rpi,-0.15686270423902693
0,Lasioglossum sp.,Allium sp.,1,0.7856011423547561,1,Rocky coastal 1,rpi,1.2986111101214912
1,Lasioglossum sp.,Astragalus balearicus,1,0.8562789856961861,1,Rocky coastal 1,rpi,1.7847222211916123
2,Lasioglossum sp.,Daucus carota,1,0.8939694595915908,1,Rocky coastal 1,rpi,2.1319444433845556
3,Lasioglossum sp.,Dorycnium fulgurans,1,0.8186079319800493,1,Rocky coastal 1,rpi,1.5069444434372574
4,Lasioglossum sp.,Euphorbia dendroides,0,0.8493057965939804,1,Rocky coastal 1,rpi,1.7291666654720956
5,Lasioglossum sp.,Helichrysum stoechas,1,0.8725405784956934,1,Rocky coastal 1,rpi,1.9236111100687894
6,Lasioglossum sp.,Lonicera implexa,1,0.7736726879933776,1,Rocky coastal 1,rpi,1.2291666656829026
7,Lasioglossum sp.,Ruta chalepensis,1,0.7856011423547561,1,Rocky coastal 1,rpi,1.2986111101214912
8,Lasioglossum sp.,Sedum sediforme,1,0.8383271179029412,1,Rocky coastal 1,rpi,1.6458333323144347
9,Lasioglossum sp.,Teucrium capitatum,0,0.8102120931270218,1,Rocky coastal 1,rpi,1.4513888877177412
10,Meligethes sp.,Allium sp.,1,0.5,0,Rocky coastal 1,rpi,-0.07638883284946185
11,Meligethes sp.,Astragalus balearicus,0,0.6684956300394262,0,Rocky coastal 1,rpi,0.7013888676325545
12,Meligethes sp.,Daucus carota,0,0.740508099276667,1,Rocky coastal 1,rpi,1.0486110801928066
13,Meligethes sp.,Dorycnium fulgurans,0,0.6043470300773416,0,Rocky coastal 1,rpi,0.4236110975843529
14,Meligethes sp.,Euphorbia dendroides,0,0.5876276159290608,0,Rocky coastal 1,rpi,0.3541666550723025
15,Meligethes sp.,Helichrysum stoechas,0,0.6985237106974541,0,Rocky coastal 1,rpi,0.8402777526566554
16,Meligethes sp.,Lonicera implexa,0,0.5363938546359776,0,Rocky coastal 1,rpi,0.14583332753615125
17,Meligethes sp.,Ruta chalepensis,0,0.5536125482890568,0,Rocky coastal 1,rpi,0.21527777004820164
18,Meligethes sp.,Sedum sediforme,1,0.5672974870186578,0,Rocky coastal 1,rpi,0.27083337971079013
19,Meligethes sp.,Teucrium capitatum,0,0.5190879402313062,0,Rocky coastal 1,rpi,0.07638888502410084
20,Mordellistena sp.,Allium sp.,1,0.5,0,Rocky coastal 1,rpi,-0.07638883284946185
21,Mordellistena sp.,Astragalus balearicus,0,0.6684956300394262,0,Rocky coastal 1,rpi,0.7013888676325545
22,Mordellistena sp.,Daucus carota,0,0.740508099276667,1,Rocky coastal 1,rpi,1.0486110801928066
23,Mordellistena sp.,Dorycnium fulgurans,0,0.6043470300773416,0,Rocky coastal 1,rpi,0.4236110975843529
24,Mordellistena sp.,Euphorbia dendroides,1,0.5156199287539457,0,Rocky coastal 1,rpi,0.06250005217463897
25,Mordellistena sp.,Helichrysum stoechas,0,0.6985237106974541,0,Rocky coastal 1,rpi,0.8402777526566554
26,Mordellistena sp.,Lonicera implexa,0,0.5363938546359776,0,Rocky coastal 1,rpi,0.14583332753615125
27,Mordellistena sp.,Ruta chalepensis,0,0.5536125482890568,0,Rocky coastal 1,rpi,0.21527777004820164
28,Mordellistena sp.,Sedum sediforme,0,0.6370307904590653,0,Rocky coastal 1,rpi,0.5624999826084537
29,Mordellistena sp.,Teucrium capitatum,0,0.5190879402313062,0,Rocky coastal 1,rpi,0.07638888502410084
30,Anthophora balearica,Allium sp.,0,0.5,0,Rocky coastal 1,rpi,-0.013888832849461852
31,Anthophora balearica,Astragalus balearicus,1,0.5450166852263034,0,Rocky coastal 1,rpi,0.1805556618372275
32,Anthophora balearica,Daucus carota,0,0.6941184053343296,0,Rocky coastal 1,rpi,0.819444477295143
33,Anthophora balearica,Dorycnium fulgurans,0,0.5484585404158578,0,Rocky coastal 1,rpi,0.1944444946866894
34,Anthophora balearica,Euphorbia dendroides,0,0.5312093863665965,0,Rocky coastal 1,rpi,0.12500005217463897
35,Anthophora balearica,Helichrysum stoechas,0,0.6481942286769483,0,Rocky coastal 1,rpi,0.6111111497589918
36,Anthophora balearica,Lonicera implexa,0,0.5,0,Rocky coastal 1,rpi,-0.08333327536151226
37,Anthophora balearica,Ruta chalepensis,0,0.5,0,Rocky coastal 1,rpi,-0.013888832849461852
38,Anthophora balearica,Sedum sediforme,0,0.5825702177404848,0,Rocky coastal 1,rpi,0.33333337971079013
39,Anthophora balearica,Teucrium capitatum,0,0.5,0,Rocky coastal 1,rpi,-0.1527777178735627
40,Cheilosia latifrons,Allium sp.,0,0.5,0,Rocky coastal 1,rpi,-0.013888832849461852
41,Cheilosia latifrons,Astragalus balearicus,1,0.5450166852263034,0,Rocky coastal 1,rpi,0.1805556618372275
42,Cheilosia latifrons,Daucus carota,0,0.6941184053343296,0,Rocky coastal 1,rpi,0.819444477295143
43,Cheilosia latifrons,Dorycnium fulgurans,0,0.5484585404158578,0,Rocky coastal 1,rpi,0.1944444946866894
44,Cheilosia latifrons,Euphorbia dendroides,0,0.5312093863665965,0,Rocky coastal 1,rpi,0.12500005217463897
45,Cheilosia latifrons,Helichrysum stoechas,0,0.6481942286769483,0,Rocky coastal 1,rpi,0.6111111497589918
46,Cheilosia latifrons,Lonicera implexa,0,0.5,0,Rocky coastal 1,rpi,-0.08333327536151226
47,Cheilosia latifrons,Ruta chalepensis,0,0.5,0,Rocky coastal 1,rpi,-0.013888832849461852
48,Cheilosia latifrons,Sedum sediforme,0,0.5825702177404848,0,Rocky coastal 1,rpi,0.33333337971079013
49,Cheilosia latifrons,Teucrium capitatum,0,0.5,0,Rocky coastal 1,rpi,-0.1527777178735627
50,Dasytes nigroaeneus,Allium sp.,0,0.5,0,Rocky coastal 1,rpi,-0.013888832849461852
51,Dasytes nigroaeneus,Astragalus balearicus,1,0.5450166852263034,0,Rocky coastal 1,rpi,0.1805556618372275
52,Dasytes nigroaeneus,Daucus carota,0,0.6941184053343296,0,Rocky coastal 1,rpi,0.819444477295143
53,Dasytes nigroaeneus,Dorycnium fulgurans,0,0.5484585404158578,0,Rocky coastal 1,rpi,0.1944444946866894
54,Dasytes nigroaeneus,Euphorbia dendroides,0,0.5312093863665965,0,Rocky coastal 1,rpi,0.12500005217463897
55,Dasytes nigroaeneus,Helichrysum stoechas,0,0.6481942286769483,0,Rocky coastal 1,rpi,0.6111111497589918
56,Dasytes nigroaeneus,Lonicera implexa,0,0.5,0,Rocky coastal 1,rpi,-0.08333327536151226
57,Dasytes nigroaeneus,Ruta chalepensis,0,0.5,0,Rocky coastal 1,rpi,-0.013888832849461852
58,Dasytes nigroaeneus,Sedum sediforme,0,0.5825702177404848,0,Rocky coastal 1,rpi,0.33333337971079013
59,Dasytes nigroaeneus,Teucrium capitatum,0,0.5,0,Rocky coastal 1,rpi,-0.1527777178735627
60,Episyrphus balteatus,Allium sp.,0,0.5536125482890568,0,Rocky coastal 1,rpi,0.21527777004820164
61,Episyrphus balteatus,Astragalus balearicus,1,0.6010212812725586,0,Rocky coastal 1,rpi,0.40972226473489104
62,Episyrphus balteatus,Daucus carota,1,0.6806899794490642,0,Rocky coastal 1,rpi,0.756944477295143
63,Episyrphus balteatus,Dorycnium fulgurans,0,0.6043470300773416,0,Rocky coastal 1,rpi,0.4236110975843529
64,Episyrphus balteatus,Euphorbia dendroides,0,0.5876276159290608,0,Rocky coastal 1,rpi,0.3541666550723025
65,Episyrphus balteatus,Helichrysum stoechas,0,0.6985237106974541,0,Rocky coastal 1,rpi,0.8402777526566554
66,Episyrphus balteatus,Lonicera implexa,0,0.5363938546359776,0,Rocky coastal 1,rpi,0.14583332753615122
67,Episyrphus balteatus,Ruta chalepensis,0,0.5536125482890568,0,Rocky coastal 1,rpi,0.21527777004820164
68,Episyrphus balteatus,Sedum sediforme,0,0.6370307904590653,0,Rocky coastal 1,rpi,0.5624999826084537
69,Episyrphus balteatus,Teucrium capitatum,0,0.5190879402313062,0,Rocky coastal 1,rpi,0.07638888502410082
70,Eupeodes corollae,Allium sp.,0,0.6623112449636287,0,Rocky coastal 1,rpi,0.6736109758435286
71,Eupeodes corollae,Astragalus balearicus,1,0.7043409208352692,1,Rocky coastal 1,rpi,0.868055470530218
72,Eupeodes corollae,Daucus carota,1,0.7712314418466434,1,Rocky coastal 1,rpi,1.21527768309047
73,Eupeodes corollae,Dorycnium fulgurans,1,0.6434288605429368,0,Rocky coastal 1,rpi,0.5902777004820163
74,Eupeodes corollae,Euphorbia dendroides,0,0.6926419535149749,0,Rocky coastal 1,rpi,0.8124998608676295
75,Eupeodes corollae,Helichrysum stoechas,1,0.7324217290755713,1,Rocky coastal 1,rpi,1.0069443555543187
76,Eupeodes corollae,Lonicera implexa,0,0.646608963860565,0,Rocky coastal 1,rpi,0.6041665333314783
77,Eupeodes corollae,Ruta chalepensis,0,0.6623112449636287,0,Rocky coastal 1,rpi,0.6736109758435286
78,Eupeodes corollae,Sedum sediforme,0,0.7351348626905447,1,Rocky coastal 1,rpi,1.0208331884037807
79,Eupeodes corollae,Teucrium capitatum,0,0.6305837896480424,0,Rocky coastal 1,rpi,0.5347220908194278
80,Meliscaeva auricollis,Allium sp.,0,0.5536125482890568,0,Rocky coastal 1,rpi,0.21527777004820164
81,Meliscaeva auricollis,Astragalus balearicus,1,0.6010212812725586,0,Rocky coastal 1,rpi,0.40972226473489104
82,Meliscaeva auricollis,Daucus carota,0,0.740508099276667,1,Rocky coastal 1,rpi,1.0486110801928066
83,Meliscaeva auricollis,Dorycnium fulgurans,0,0.6043470300773416,0,Rocky coastal 1,rpi,0.4236110975843529
84,Meliscaeva auricollis,Euphorbia dendroides,0,0.5876276159290608,0,Rocky coastal 1,rpi,0.3541666550723025
85,Meliscaeva auricollis,Helichrysum stoechas,1,0.6338133071517684,0,Rocky coastal 1,rpi,0.5486111497589918
86,Meliscaeva auricollis,Lonicera implexa,0,0.5363938546359776,0,Rocky coastal 1,rpi,0.14583332753615125
87,Meliscaeva auricollis,Ruta chalepensis,0,0.5536125482890568,0,Rocky coastal 1,rpi,0.21527777004820164
88,Meliscaeva auricollis,Sedum sediforme,0,0.6370307904590653,0,Rocky coastal 1,rpi,0.5624999826084537
89,Meliscaeva auricollis,Teucrium capitatum,0,0.5190879402313062,0,Rocky coastal 1,rpi,0.07638888502410084
90,Podarcis lilfordi,Allium sp.,0,0.7561975607478836,1,Rocky coastal 1,rpi,1.131944443648064
91,Podarcis lilfordi,Astragalus balearicus,1,0.7902426872122993,1,Rocky coastal 1,rpi,1.3263888882447574
92,Podarcis lilfordi,Daucus carota,1,0.842056682265708,1,Rocky coastal 1,rpi,1.673611110437701
93,Podarcis lilfordi,Dorycnium fulgurans,1,0.7405081050985275,1,Rocky coastal 1,rpi,1.0486111104904028
94,Podarcis lilfordi,Euphorbia dendroides,1,0.7269428333804274,1,Rocky coastal 1,rpi,0.979166666051814
95,Podarcis lilfordi,Helichrysum stoechas,1,0.8123385701115986,1,Rocky coastal 1,rpi,1.465277777121935
96,Podarcis lilfordi,Lonicera implexa,0,0.7431680084615943,1,Rocky coastal 1,rpi,1.0624999992094752
97,Podarcis lilfordi,Ruta chalepensis,1,0.6985236740728848,0,Rocky coastal 1,rpi,0.8402775787411921
98,Podarcis lilfordi,Sedum sediforme,0,0.8144466775085925,1,Rocky coastal 1,rpi,1.4791666658410074
99,Podarcis lilfordi,Teucrium capitatum,0,0.7296910289899822,1,Rocky coastal 1,rpi,0.9930555547708866
100,Sarcophaga sp.,Allium sp.,0,0.609317524823347,0,Rocky coastal 1,rpi,0.44444437294586514
101,Sarcophaga sp.,Astragalus balearicus,1,0.6545022444452039,0,Rocky coastal 1,rpi,0.6388888676325545
102,Sarcophaga sp.,Daucus carota,1,0.728319103896982,1,Rocky coastal 1,rpi,0.9861110801928066
103,Sarcophaga sp.,Dorycnium fulgurans,0,0.6576361378522179,0,Rocky coastal 1,rpi,0.6527777004820163
104,Sarcophaga sp.,Euphorbia dendroides,1,0.5724041086392121,0,Rocky coastal 1,rpi,0.2916666550723025
105,Sarcophaga sp.,Helichrysum stoechas,0,0.7444912332576763,1,Rocky coastal 1,rpi,1.0694443555543187
106,Sarcophaga sp.,Lonicera implexa,0,0.5926665831598951,0,Rocky coastal 1,rpi,0.37499993043381474
107,Sarcophaga sp.,Ruta chalepensis,0,0.609317524823347,0,Rocky coastal 1,rpi,0.44444437294586514
108,Sarcophaga sp.,Sedum sediforme,0,0.6881890667407371,0,Rocky coastal 1,rpi,0.7916665855061171
109,Sarcophaga sp.,Teucrium capitatum,0,0.5758000370959524,0,Rocky coastal 1,rpi,0.30555548792176435
110,Tapinoma sp,Allium sp.,0,0.5536125482890568,0,Rocky coastal 1,rpi,0.21527777004820164
111,Tapinoma sp,Astragalus balearicus,1,0.6010212812725586,0,Rocky coastal 1,rpi,0.40972226473489104
112,Tapinoma sp,Daucus carota,1,0.6806899794490642,0,Rocky coastal 1,rpi,0.756944477295143
113,Tapinoma sp,Dorycnium fulgurans,0,0.6043470300773416,0,Rocky coastal 1,rpi,0.4236110975843529
114,Tapinoma sp,Euphorbia dendroides,0,0.5876276159290608,0,Rocky coastal 1,rpi,0.3541666550723025
115,Tapinoma sp,Helichrysum stoechas,0,0.6985237106974541,0,Rocky coastal 1,rpi,0.8402777526566554
116,Tapinoma sp,Lonicera implexa,0,0.5363938546359776,0,Rocky coastal 1,rpi,0.14583332753615122
117,Tapinoma sp,Ruta chalepensis,0,0.5536125482890568,0,Rocky coastal 1,rpi,0.21527777004820164
118,Tapinoma sp,Sedum sediforme,0,0.6370307904590653,0,Rocky coastal 1,rpi,0.5624999826084537
119,Tapinoma sp,Teucrium capitatum,0,0.5190879402313062,0,Rocky coastal 1,rpi,0.07638888502410082
120,Anthomyia confusanea,Allium sp.,0,0.5,0,Rocky coastal 1,rpi,-0.013888832849461852
121,Anthomyia confusanea,Astragalus balearicus,0,0.6159096016005216,0,Rocky coastal 1,rpi,0.47222226473489104
122,Anthomyia confusanea,Daucus carota,1,0.6289646874979307,0,Rocky coastal 1,rpi,0.5277778743974795
123,Anthomyia confusanea,Dorycnium fulgurans,0,0.5484585404158578,0,Rocky coastal 1,rpi,0.19444449468668942
124,Anthomyia confusanea,Euphorbia dendroides,0,0.5312093863665966,0,Rocky coastal 1,rpi,0.125000052174639
125,Anthomyia confusanea,Helichrysum stoechas,0,0.6481942286769483,0,Rocky coastal 1,rpi,0.6111111497589918
126,Anthomyia confusanea,Lonicera implexa,0,0.5,0,Rocky coastal 1,rpi,-0.08333327536151229
127,Anthomyia confusanea,Ruta chalepensis,0,0.5,0,Rocky coastal 1,rpi,-0.013888832849461852
128,Anthomyia confusanea,Sedum sediforme,0,0.5825702177404848,0,Rocky coastal 1,rpi,0.3333333797107902
129,Anthomyia confusanea,Teucrium capitatum,0,0.5,0,Rocky coastal 1,rpi,-0.15277771787356267
130,Anthomyiidae sp.,Allium sp.,0,0.609317524823347,0,Rocky coastal 1,rpi,0.44444437294586514
131,Anthomyiidae sp.,Astragalus balearicus,0,0.7171879648315399,1,Rocky coastal 1,rpi,0.930555470530218
132,Anthomyiidae sp.,Daucus carota,1,0.728319103896982,1,Rocky coastal 1,rpi,0.9861110801928066
133,Anthomyiidae sp.,Dorycnium fulgurans,0,0.6576361378522179,0,Rocky coastal 1,rpi,0.6527777004820163
134,Anthomyiidae sp.,Euphorbia dendroides,1,0.5724041086392121,0,Rocky coastal 1,rpi,0.2916666550723025
135,Anthomyiidae sp.,Helichrysum stoechas,0,0.7444912332576763,1,Rocky coastal 1,rpi,1.0694443555543187
136,Anthomyiidae sp.,Lonicera implexa,0,0.5926665831598951,0,Rocky coastal 1,rpi,0.37499993043381474
137,Anthomyiidae sp.,Ruta chalepensis,0,0.609317524823347,0,Rocky coastal 1,rpi,0.44444437294586514
138,Anthomyiidae sp.,Sedum sediforme,1,0.6224593271147766,0,Rocky coastal 1,rpi,0.49999998260845363
139,Anthomyiidae sp.,Teucrium capitatum,0,0.5758000370959524,0,Rocky coastal 1,rpi,0.30555548792176435
140,Exoprosopa cf. bowdeni,Allium sp.,0,0.6623112449636287,0,Rocky coastal 1,rpi,0.6736109758435286
141,Exoprosopa cf. bowdeni,Astragalus balearicus,0,0.7612822104682871,1,Rocky coastal 1,rpi,1.1597220734278815
142,Exoprosopa cf. bowdeni,Daucus carota,1,0.7712314418466434,1,Rocky coastal 1,rpi,1.21527768309047
143,Exoprosopa cf. bowdeni,Dorycnium fulgurans,1,0.6434288605429368,0,Rocky coastal 1,rpi,0.5902777004820163
144,Exoprosopa cf. bowdeni,Euphorbia dendroides,0,0.6926419535149749,0,Rocky coastal 1,rpi,0.8124998608676295
145,Exoprosopa cf. bowdeni,Helichrysum stoechas,1,0.7324217290755713,1,Rocky coastal 1,rpi,1.0069443555543187
146,Exoprosopa cf. bowdeni,Lonicera implexa,0,0.646608963860565,0,Rocky coastal 1,rpi,0.6041665333314783
147,Exoprosopa cf. bowdeni,Ruta chalepensis,0,0.6623112449636287,0,Rocky coastal 1,rpi,0.6736109758435286
148,Exoprosopa cf. bowdeni,Sedum sediforme,1,0.6746223588710498,0,Rocky coastal 1,rpi,0.7291665855061172
149,Exoprosopa cf. bowdeni,Teucrium capitatum,0,0.6305837896480424,0,Rocky coastal 1,rpi,0.5347220908194278
150,Hylaeus imparilis,Allium sp.,0,0.609317524823347,0,Rocky coastal 1,rpi,0.44444437294586514
151,Hylaeus imparilis,Astragalus balearicus,0,0.7171879648315399,1,Rocky coastal 1,rpi,0.9305554705302179
152,Hylaeus imparilis,Daucus carota,1,0.728319103896982,1,Rocky coastal 1,rpi,0.9861110801928066
153,Hylaeus imparilis,Dorycnium fulgurans,0,0.6576361378522179,0,Rocky coastal 1,rpi,0.6527777004820163
154,Hylaeus imparilis,Euphorbia dendroides,0,0.641834027763966,0,Rocky coastal 1,rpi,0.5833332579699659
155,Hylaeus imparilis,Helichrysum stoechas,1,0.6852009712466745,0,Rocky coastal 1,rpi,0.7777777526566554
156,Hylaeus imparilis,Lonicera implexa,0,0.5926665831598951,0,Rocky coastal 1,rpi,0.37499993043381474
157,Hylaeus imparilis,Ruta chalepensis,0,0.609317524823347,0,Rocky coastal 1,rpi,0.44444437294586514
158,Hylaeus imparilis,Sedum sediforme,1,0.6224593271147766,0,Rocky coastal 1,rpi,0.49999998260845363
159,Hylaeus imparilis,Teucrium capitatum,0,0.5758000370959524,0,Rocky coastal 1,rpi,0.30555548792176435
160,Lydella nigrescens,Allium sp.,0,0.5,0,Rocky coastal 1,rpi,-0.013888832849461852
161,Lydella nigrescens,Astragalus balearicus,0,0.6159096016005216,0,Rocky coastal 1,rpi,0.47222226473489104
162,Lydella nigrescens,Daucus carota,1,0.6289646874979307,0,Rocky coastal 1,rpi,0.5277778743974795
163,Lydella nigrescens,Dorycnium fulgurans,0,0.5484585404158578,0,Rocky coastal 1,rpi,0.19444449468668942
164,Lydella nigrescens,Euphorbia dendroides,0,0.5312093863665966,0,Rocky coastal 1,rpi,0.125000052174639
165,Lydella nigrescens,Helichrysum stoechas,0,0.6481942286769483,0,Rocky coastal 1,rpi,0.6111111497589918
166,Lydella nigrescens,Lonicera implexa,0,0.5,0,Rocky coastal 1,rpi,-0.08333327536151229
167,Lydella nigrescens,Ruta chalepensis,0,0.5,0,Rocky coastal 1,rpi,-0.013888832849461852
168,Lydella nigrescens,Sedum sediforme,0,0.5825702177404848,0,Rocky coastal 1,rpi,0.3333333797107902
169,Lydella nigrescens,Teucrium capitatum,0,0.5,0,Rocky coastal 1,rpi,-0.15277771787356267
170,Lydella thompsoni,Allium sp.,0,0.5,0,Rocky coastal 1,rpi,-0.013888832849461852
171,Lydella thompsoni,Astragalus balearicus,0,0.6159096016005216,0,Rocky coastal 1,rpi,0.47222226473489104
172,Lydella thompsoni,Daucus carota,1,0.6289646874979307,0,Rocky coastal 1,rpi,0.5277778743974795
173,Lydella thompsoni,Dorycnium fulgurans,0,0.5484585404158578,0,Rocky coastal 1,rpi,0.19444449468668942
174,Lydella thompsoni,Euphorbia dendroides,0,0.5312093863665966,0,Rocky coastal 1,rpi,0.125000052174639
175,Lydella thompsoni,Helichrysum stoechas,0,0.6481942286769483,0,Rocky coastal 1,rpi,0.6111111497589918
176,Lydella thompsoni,Lonicera implexa,0,0.5,0,Rocky coastal 1,rpi,-0.08333327536151229
177,Lydella thompsoni,Ruta chalepensis,0,0.5,0,Rocky coastal 1,rpi,-0.013888832849461852
178,Lydella thompsoni,Sedum sediforme,0,0.5825702177404848,0,Rocky coastal 1,rpi,0.3333333797107902
179,Lydella thompsoni,Teucrium capitatum,0,0.5,0,Rocky coastal 1,rpi,-0.15277771787356267
180,Megaselia sp.,Allium sp.,0,0.5,0,Rocky coastal 1,rpi,-0.013888832849461852
181,Megaselia sp.,Astragalus balearicus,0,0.6159096016005216,0,Rocky coastal 1,rpi,0.47222226473489104
182,Megaselia sp.,Daucus carota,1,0.6289646874979307,0,Rocky coastal 1,rpi,0.5277778743974795
183,Megaselia sp.,Dorycnium fulgurans,0,0.5484585404158578,0,Rocky coastal 1,rpi,0.19444449468668942
184,Megaselia sp.,Euphorbia dendroides,0,0.5312093863665966,0,Rocky coastal 1,rpi,0.125000052174639
185,Megaselia sp.,Helichrysum stoechas,0,0.6481942286769483,0,Rocky coastal 1,rpi,0.6111111497589918
186,Megaselia sp.,Lonicera implexa,0,0.5,0,Rocky coastal 1,rpi,-0.08333327536151229
187,Megaselia sp.,Ruta chalepensis,0,0.5,0,Rocky coastal 1,rpi,-0.013888832849461852
188,Megaselia sp.,Sedum sediforme,0,0.5825702177404848,0,Rocky coastal 1,rpi,0.3333333797107902
189,Megaselia sp.,Teucrium capitatum,0,0.5,0,Rocky coastal 1,rpi,-0.15277771787356267
190,Phthiria sp.,Allium sp.,0,0.5,0,Rocky coastal 1,rpi,-0.013888832849461852
191,Phthiria sp.,Astragalus balearicus,0,0.6159096016005216,0,Rocky coastal 1,rpi,0.47222226473489104
192,Phthiria sp.,Daucus carota,1,0.6289646874979307,0,Rocky coastal 1,rpi,0.5277778743974795
193,Phthiria sp.,Dorycnium fulgurans,0,0.5484585404158578,0,Rocky coastal 1,rpi,0.19444449468668942
194,Phthiria sp.,Euphorbia dendroides,0,0.5312093863665966,0,Rocky coastal 1,rpi,0.125000052174639
195,Phthiria sp.,Helichrysum stoechas,0,0.6481942286769483,0,Rocky coastal 1,rpi,0.6111111497589918
196,Phthiria sp.,Lonicera implexa,0,0.5,0,Rocky coastal 1,rpi,-0.08333327536151229
197,Phthiria sp.,Ruta chalepensis,0,0.5,0,Rocky coastal 1,rpi,-0.013888832849461852
198,Phthiria sp.,Sedum sediforme,0,0.5825702177404848,0,Rocky coastal 1,rpi,0.3333333797107902
199,Phthiria sp.,Teucrium capitatum,0,0.5,0,Rocky coastal 1,rpi,-0.15277771787356267
200,Phyto melanocephala,Allium sp.,0,0.5,0,Rocky coastal 1,rpi,-0.013888832849461852
201,Phyto melanocephala,Astragalus balearicus,0,0.6159096016005216,0,Rocky coastal 1,rpi,0.47222226473489104
202,Phyto melanocephala,Daucus carota,1,0.6289646874979307,0,Rocky coastal 1,rpi,0.5277778743974795
203,Phyto melanocephala,Dorycnium fulgurans,0,0.5484585404158578,0,Rocky coastal 1,rpi,0.19444449468668942
204,Phyto melanocephala,Euphorbia dendroides,0,0.5312093863665966,0,Rocky coastal 1,rpi,0.125000052174639
205,Phyto melanocephala,Helichrysum stoechas,0,0.6481942286769483,0,Rocky coastal 1,rpi,0.6111111497589918
206,Phyto melanocephala,Lonicera implexa,0,0.5,0,Rocky coastal 1,rpi,-0.08333327536151229
207,Phyto melanocephala,Ruta chalepensis,0,0.5,0,Rocky coastal 1,rpi,-0.013888832849461852
208,Phyto melanocephala,Sedum sediforme,0,0.5825702177404848,0,Rocky coastal 1,rpi,0.3333333797107902
209,Phyto melanocephala,Teucrium capitatum,0,0.5,0,Rocky coastal 1,rpi,-0.15277771787356267
210,Ancistrocerus ebusianus,Allium sp.,0,0.5,0,Rocky coastal 1,rpi,-0.013888832849461852
211,Ancistrocerus ebusianus,Astragalus balearicus,0,0.6159096016005216,0,Rocky coastal 1,rpi,0.47222226473489104
212,Ancistrocerus ebusianus,Daucus carota,0,0.6941184053343296,0,Rocky coastal 1,rpi,0.819444477295143
213,Ancistrocerus ebusianus,Dorycnium fulgurans,1,0.5,0,Rocky coastal 1,rpi,-0.09722210821097416
214,Ancistrocerus ebusianus,Euphorbia dendroides,0,0.5312093863665966,0,Rocky coastal 1,rpi,0.125000052174639
215,Ancistrocerus ebusianus,Helichrysum stoechas,0,0.6481942286769483,0,Rocky coastal 1,rpi,0.6111111497589918
216,Ancistrocerus ebusianus,Lonicera implexa,0,0.5,0,Rocky coastal 1,rpi,-0.08333327536151229
217,Ancistrocerus ebusianus,Ruta chalepensis,0,0.5,0,Rocky coastal 1,rpi,-0.013888832849461852
218,Ancistrocerus ebusianus,Sedum sediforme,0,0.5825702177404848,0,Rocky coastal 1,rpi,0.33333337971079013
219,Ancistrocerus ebusianus,Teucrium capitatum,0,0.5,0,Rocky coastal 1,rpi,-0.1527777178735627
220,Hydrellia sp,Allium sp.,0,0.5536125482890568,0,Rocky coastal 1,rpi,0.21527777004820164
221,Hydrellia sp,Astragalus balearicus,0,0.6684956300394262,0,Rocky coastal 1,rpi,0.7013888676325545
222,Hydrellia sp,Daucus carota,0,0.740508099276667,1,Rocky coastal 1,rpi,1.0486110801928066
223,Hydrellia sp,Dorycnium fulgurans,1,0.5329383512584864,0,Rocky coastal 1,rpi,0.13194449468668937
224,Hydrellia sp,Euphorbia dendroides,0,0.5876276159290608,0,Rocky coastal 1,rpi,0.3541666550723025
225,Hydrellia sp,Helichrysum stoechas,0,0.6985237106974541,0,Rocky coastal 1,rpi,0.8402777526566554
226,Hydrellia sp,Lonicera implexa,0,0.5363938546359776,0,Rocky coastal 1,rpi,0.14583332753615122
227,Hydrellia sp,Ruta chalepensis,0,0.5536125482890568,0,Rocky coastal 1,rpi,0.21527777004820164
228,Hydrellia sp,Sedum sediforme,1,0.5672974870186578,0,Rocky coastal 1,rpi,0.27083337971079013
229,Hydrellia sp,Teucrium capitatum,0,0.5190879402313062,0,Rocky coastal 1,rpi,0.07638888502410082
230,Calliphoridae sp.,Allium sp.,0,0.5,0,Rocky coastal 1,rpi,-0.013888832849461852
231,Calliphoridae sp.,Astragalus balearicus,0,0.6159096016005216,0,Rocky coastal 1,rpi,0.47222226473489104
232,Calliphoridae sp.,Daucus carota,0,0.6941184053343296,0,Rocky coastal 1,rpi,0.819444477295143
233,Calliphoridae sp.,Dorycnium fulgurans,0,0.5484585404158578,0,Rocky coastal 1,rpi,0.19444449468668942
234,Calliphoridae sp.,Euphorbia dendroides,1,0.5,0,Rocky coastal 1,rpi,-0.16666655072302455
235,Calliphoridae sp.,Helichrysum stoechas,0,0.6481942286769483,0,Rocky coastal 1,rpi,0.6111111497589918
236,Calliphoridae sp.,Lonicera implexa,0,0.5,0,Rocky coastal 1,rpi,-0.08333327536151226
237,Calliphoridae sp.,Ruta chalepensis,0,0.5,0,Rocky coastal 1,rpi,-0.013888832849461852
238,Calliphoridae sp.,Sedum sediforme,0,0.5825702177404848,0,Rocky coastal 1,rpi,0.33333337971079013
239,Calliphoridae sp.,Teucrium capitatum,0,0.5,0,Rocky coastal 1,rpi,-0.1527777178735627
240,Autographa gamma,Allium sp.,0,0.5,0,Rocky coastal 1,rpi,-0.013888832849461824
241,Autographa gamma,Astragalus balearicus,0,0.6159096016005216,0,Rocky coastal 1,rpi,0.47222226473489104
242,Autographa gamma,Daucus carota,0,0.6941184053343296,0,Rocky coastal 1,rpi,0.819444477295143
243,Autographa gamma,Dorycnium fulgurans,0,0.5484585404158578,0,Rocky coastal 1,rpi,0.1944444946866894
244,Autographa gamma,Euphorbia dendroides,0,0.5312093863665966,0,Rocky coastal 1,rpi,0.125000052174639
245,Autographa gamma,Helichrysum stoechas,1,0.5791888780011791,0,Rocky coastal 1,rpi,0.3194445468613283
246,Autographa gamma,Lonicera implexa,0,0.5,0,Rocky coastal 1,rpi,-0.08333327536151229
247,Autographa gamma,Ruta chalepensis,0,0.5,0,Rocky coastal 1,rpi,-0.013888832849461824
248,Autographa gamma,Sedum sediforme,0,0.5825702177404848,0,Rocky coastal 1,rpi,0.33333337971079013
249,Autographa gamma,Teucrium capitatum,0,0.5,0,Rocky coastal 1,rpi,-0.1527777178735627
250,Eristalis tenax,Allium sp.,0,0.5,0,Rocky coastal 1,rpi,-0.013888832849461824
251,Eristalis tenax,Astragalus balearicus,0,0.6159096016005216,0,Rocky coastal 1,rpi,0.47222226473489104
252,Eristalis tenax,Daucus carota,0,0.6941184053343296,0,Rocky coastal 1,rpi,0.819444477295143
253,Eristalis tenax,Dorycnium fulgurans,0,0.5484585404158578,0,Rocky coastal 1,rpi,0.1944444946866894
254,Eristalis tenax,Euphorbia dendroides,0,0.5312093863665966,0,Rocky coastal 1,rpi,0.125000052174639
255,Eristalis tenax,Helichrysum stoechas,1,0.5791888780011791,0,Rocky coastal 1,rpi,0.3194445468613283
256,Eristalis tenax,Lonicera implexa,0,0.5,0,Rocky coastal 1,rpi,-0.08333327536151229
257,Eristalis tenax,Ruta chalepensis,0,0.5,0,Rocky coastal 1,rpi,-0.013888832849461824
258,Eristalis tenax,Sedum sediforme,0,0.5825702177404848,0,Rocky coastal 1,rpi,0.33333337971079013
259,Eristalis tenax,Teucrium capitatum,0,0.5,0,Rocky coastal 1,rpi,-0.1527777178735627
260,Eumenes dubius,Allium sp.,0,0.5,0,Rocky coastal 1,rpi,-0.013888832849461824
261,Eumenes dubius,Astragalus balearicus,0,0.6159096016005216,0,Rocky coastal 1,rpi,0.47222226473489104
262,Eumenes dubius,Daucus carota,0,0.6941184053343296,0,Rocky coastal 1,rpi,0.819444477295143
263,Eumenes dubius,Dorycnium fulgurans,0,0.5484585404158578,0,Rocky coastal 1,rpi,0.1944444946866894
264,Eumenes dubius,Euphorbia dendroides,0,0.5312093863665966,0,Rocky coastal 1,rpi,0.125000052174639
265,Eumenes dubius,Helichrysum stoechas,1,0.5791888780011791,0,Rocky coastal 1,rpi,0.3194445468613283
266,Eumenes dubius,Lonicera implexa,0,0.5,0,Rocky coastal 1,rpi,-0.08333327536151229
267,Eumenes dubius,Ruta chalepensis,0,0.5,0,Rocky coastal 1,rpi,-0.013888832849461824
268,Eumenes dubius,Sedum sediforme,0,0.5825702177404848,0,Rocky coastal 1,rpi,0.33333337971079013
269,Eumenes dubius,Teucrium capitatum,0,0.5,0,Rocky coastal 1,rpi,-0.1527777178735627
270,Macroglossum stellatarum,Allium sp.,0,0.5536125482890568,0,Rocky coastal 1,rpi,0.21527777004820164
271,Macroglossum stellatarum,Astragalus balearicus,0,0.6684956300394262,0,Rocky coastal 1,rpi,0.7013888676325545
272,Macroglossum stellatarum,Daucus carota,0,0.740508099276667,1,Rocky coastal 1,rpi,1.0486110801928066
273,Macroglossum stellatarum,Dorycnium fulgurans,0,0.6043470300773416,0,Rocky coastal 1,rpi,0.4236110975843529
274,Macroglossum stellatarum,Euphorbia dendroides,0,0.5876276159290608,0,Rocky coastal 1,rpi,0.3541666550723025
275,Macroglossum stellatarum,Helichrysum stoechas,1,0.6338133071517684,0,Rocky coastal 1,rpi,0.5486111497589918
276,Macroglossum stellatarum,Lonicera implexa,1,0.5,0,Rocky coastal 1,rpi,-0.1458332753615123
277,Macroglossum stellatarum,Ruta chalepensis,0,0.5536125482890568,0,Rocky coastal 1,rpi,0.21527777004820164
278,Macroglossum stellatarum,Sedum sediforme,0,0.6370307904590653,0,Rocky coastal 1,rpi,0.5624999826084537
279,Macroglossum stellatarum,Teucrium capitatum,0,0.5190879402313062,0,Rocky coastal 1,rpi,0.07638888502410085
280,Vanessa atalanta,Allium sp.,0,0.5,0,Rocky coastal 1,rpi,-0.013888832849461824
281,Vanessa atalanta,Astragalus balearicus,0,0.6159096016005216,0,Rocky coastal 1,rpi,0.47222226473489104
282,Vanessa atalanta,Daucus carota,0,0.6941184053343296,0,Rocky coastal 1,rpi,0.819444477295143
283,Vanessa atalanta,Dorycnium fulgurans,0,0.5484585404158578,0,Rocky coastal 1,rpi,0.1944444946866894
284,Vanessa atalanta,Euphorbia dendroides,0,0.5312093863665966,0,Rocky coastal 1,rpi,0.125000052174639
285,Vanessa atalanta,Helichrysum stoechas,1,0.5791888780011791,0,Rocky coastal 1,rpi,0.3194445468613283
286,Vanessa atalanta,Lonicera implexa,0,0.5,0,Rocky coastal 1,rpi,-0.08333327536151229
287,Vanessa atalanta,Ruta chalepensis,0,0.5,0,Rocky coastal 1,rpi,-0.013888832849461824
288,Vanessa atalanta,Sedum sediforme,0,0.5825702177404848,0,Rocky coastal 1,rpi,0.33333337971079013
289,Vanessa atalanta,Teucrium capitatum,0,0.5,0,Rocky coastal 1,rpi,-0.1527777178735627
290,Vanessa cardui,Allium sp.,0,0.5,0,Rocky coastal 1,rpi,-0.013888832849461824
291,Vanessa cardui,Astragalus balearicus,0,0.6159096016005216,0,Rocky coastal 1,rpi,0.47222226473489104
292,Vanessa cardui,Daucus carota,0,0.6941184053343296,0,Rocky coastal 1,rpi,0.819444477295143
293,Vanessa cardui,Dorycnium fulgurans,0,0.5484585404158578,0,Rocky coastal 1,rpi,0.1944444946866894
294,Vanessa cardui,Euphorbia dendroides,0,0.5312093863665966,0,Rocky coastal 1,rpi,0.125000052174639
295,Vanessa cardui,Helichrysum stoechas,1,0.5791888780011791,0,Rocky coastal 1,rpi,0.3194445468613283
296,Vanessa cardui,Lonicera implexa,0,0.5,0,Rocky coastal 1,rpi,-0.08333327536151229
297,Vanessa cardui,Ruta chalepensis,0,0.5,0,Rocky coastal 1,rpi,-0.013888832849461824
298,Vanessa cardui,Sedum sediforme,0,0.5825702177404848,0,Rocky coastal 1,rpi,0.33333337971079013
299,Vanessa cardui,Teucrium capitatum,0,0.5,0,Rocky coastal 1,rpi,-0.1527777178735627
300,Pyrellia vivida,Allium sp.,0,0.5536125482890568,0,Rocky coastal 1,rpi,0.21527777004820164
301,Pyrellia vivida,Astragalus balearicus,0,0.6684956300394262,0,Rocky coastal 1,rpi,0.7013888676325545
302,Pyrellia vivida,Daucus carota,0,0.740508099276667,1,Rocky coastal 1,rpi,1.0486110801928066
303,Pyrellia vivida,Dorycnium fulgurans,0,0.6043470300773416,0,Rocky coastal 1,rpi,0.4236110975843529
304,Pyrellia vivida,Euphorbia dendroides,0,0.5876276159290608,0,Rocky coastal 1,rpi,0.3541666550723025
305,Pyrellia vivida,Helichrysum stoechas,0,0.6985237106974541,0,Rocky coastal 1,rpi,0.8402777526566554
306,Pyrellia vivida,Lonicera implexa,0,0.5363938546359776,0,Rocky coastal 1,rpi,0.14583332753615125
307,Pyrellia vivida,Ruta chalepensis,1,0.5,0,Rocky coastal 1,rpi,-0.07638883284946185
308,Pyrellia vivida,Sedum sediforme,1,0.5672974870186578,0,Rocky coastal 1,rpi,0.27083337971079013
309,Pyrellia vivida,Teucrium capitatum,0,0.5190879402313062,0,Rocky coastal 1,rpi,0.07638888502410084
310,Anaspis sp.,Allium sp.,0,0.5,0,Rocky coastal 1,rpi,-0.013888832849461852
311,Anaspis sp.,Astragalus balearicus,0,0.6159096016005216,0,Rocky coastal 1,rpi,0.47222226473489104
312,Anaspis sp.,Daucus carota,0,0.6941184053343296,0,Rocky coastal 1,rpi,0.819444477295143
313,Anaspis sp.,Dorycnium fulgurans,0,0.5484585404158578,0,Rocky coastal 1,rpi,0.1944444946866894
314,Anaspis sp.,Euphorbia dendroides,0,0.5312093863665966,0,Rocky coastal 1,rpi,0.125000052174639
315,Anaspis sp.,Helichrysum stoechas,0,0.6481942286769483,0,Rocky coastal 1,rpi,0.6111111497589918
316,Anaspis sp.,Lonicera implexa,0,0.5,0,Rocky coastal 1,rpi,-0.08333327536151229
317,Anaspis sp.,Ruta chalepensis,0,0.5,0,Rocky coastal 1,rpi,-0.013888832849461852
318,Anaspis sp.,Sedum sediforme,1,0.5104151874120314,0,Rocky coastal 1,rpi,0.041666776813126694
319,Anaspis sp.,Teucrium capitatum,0,0.5,0,Rocky coastal 1,rpi,-0.1527777178735627
320,Colias crocea,Allium sp.,0,0.5,0,Rocky coastal 1,rpi,-0.013888832849461852
321,Colias crocea,Astragalus balearicus,0,0.6159096016005216,0,Rocky coastal 1,rpi,0.47222226473489104
322,Colias crocea,Daucus carota,0,0.6941184053343296,0,Rocky coastal 1,rpi,0.819444477295143
323,Colias crocea,Dorycnium fulgurans,0,0.5484585404158578,0,Rocky coastal 1,rpi,0.1944444946866894
324,Colias crocea,Euphorbia dendroides,0,0.5312093863665965,0,Rocky coastal 1,rpi,0.12500005217463897
325,Colias crocea,Helichrysum stoechas,0,0.6481942286769483,0,Rocky coastal 1,rpi,0.6111111497589918
326,Colias crocea,Lonicera implexa,0,0.5,0,Rocky coastal 1,rpi,-0.08333327536151226
327,Colias crocea,Ruta chalepensis,0,0.5,0,Rocky coastal 1,rpi,-0.013888832849461852
328,Colias crocea,Sedum sediforme,0,0.5825702177404848,0,Rocky coastal 1,rpi,0.33333337971079013
329,Colias crocea,Teucrium capitatum,1,0.5,0,Rocky coastal 1,rpi,-0.4444443207712262
0,Anaspis sp.,Daucus carota,1,0.6210075712032347,0,Rocky coastal 2,rpi,0.4938270457194864
1,Anaspis sp.,Euphorbia dendroides,0,0.6771578141413032,0,Rocky coastal 2,rpi,0.7407407386326406
2,Anaspis sp.,Globularia alypum,0,0.6771578141413032,0,Rocky coastal 2,rpi,0.7407407386326407
3,Anaspis sp.,Helichrysum stoechas,1,0.7500286767123573,1,Rocky coastal 2,rpi,1.0987652369823862
4,Anaspis sp.,Ruta chalepensis,0,0.6180976435134291,0,Rocky coastal 2,rpi,0.4814814795490564
5,Anaspis sp.,Sedum sediforme,0,0.6957541961806187,0,Rocky coastal 2,rpi,0.827160491660502
6,Anaspis sp.,Teucrium capitatum,1,0.8344201762449056,1,Rocky coastal 2,rpi,1.6172836866363003
7,Anthomyiidae sp.,Daucus carota,1,0.6210075712032347,0,Rocky coastal 2,rpi,0.4938270457194864
8,Anthomyiidae sp.,Euphorbia dendroides,0,0.6771578141413032,0,Rocky coastal 2,rpi,0.7407407386326406
9,Anthomyiidae sp.,Globularia alypum,0,0.6771578141413032,0,Rocky coastal 2,rpi,0.7407407386326407
10,Anthomyiidae sp.,Helichrysum stoechas,1,0.7500286767123573,1,Rocky coastal 2,rpi,1.0987652369823862
11,Anthomyiidae sp.,Ruta chalepensis,0,0.6180976435134291,0,Rocky coastal 2,rpi,0.4814814795490564
12,Anthomyiidae sp.,Sedum sediforme,0,0.6957541961806187,0,Rocky coastal 2,rpi,0.827160491660502
13,Anthomyiidae sp.,Teucrium capitatum,1,0.8344201762449056,1,Rocky coastal 2,rpi,1.6172836866363003
14,Lasioglossum sp.,Daucus carota,1,0.8221327206364897,1,Rocky coastal 2,rpi,1.5308641920263806
15,Lasioglossum sp.,Euphorbia dendroides,0,0.8554222486650583,1,Rocky coastal 2,rpi,1.7777777707507774
16,Lasioglossum sp.,Globularia alypum,1,0.7954384698677963,1,Rocky coastal 2,rpi,1.3580246859706577
17,Lasioglossum sp.,Helichrysum stoechas,1,0.8943345983836216,1,Rocky coastal 2,rpi,2.1358024632214105
18,Lasioglossum sp.,Ruta chalepensis,1,0.7500287123167614,1,Rocky coastal 2,rpi,1.0987654268870735
19,Lasioglossum sp.,Sedum sediforme,1,0.8091419549141136,1,Rocky coastal 2,rpi,1.4444444389985192
20,Lasioglossum sp.,Teucrium capitatum,1,0.9342768129392476,1,Rocky coastal 2,rpi,2.654320981388579
21,Musca domestica,Daucus carota,1,0.6210075712032347,0,Rocky coastal 2,rpi,0.4938270457194864
22,Musca domestica,Euphorbia dendroides,1,0.5795649098259633,0,Rocky coastal 2,rpi,0.320987562501515
23,Musca domestica,Globularia alypum,0,0.6771578141413032,0,Rocky coastal 2,rpi,0.7407407386326407
24,Musca domestica,Helichrysum stoechas,0,0.8203202209212872,1,Rocky coastal 2,rpi,1.5185185158833931
25,Musca domestica,Ruta chalepensis,0,0.6180976435134291,0,Rocky coastal 2,rpi,0.4814814795490564
26,Musca domestica,Sedum sediforme,0,0.6957541961806187,0,Rocky coastal 2,rpi,0.827160491660502
27,Musca domestica,Teucrium capitatum,1,0.8344201762449056,1,Rocky coastal 2,rpi,1.6172836866363003
28,Phthiria sp.,Daucus carota,1,0.6983611996338919,0,Rocky coastal 2,rpi,0.8395061706142892
29,Phthiria sp.,Euphorbia dendroides,0,0.7477069377194934,1,Rocky coastal 2,rpi,1.0864197493386862
30,Phthiria sp.,Globularia alypum,1,0.660756368293271,0,Rocky coastal 2,rpi,0.6666666645585666
31,Phthiria sp.,Helichrysum stoechas,1,0.8091419553481889,1,Rocky coastal 2,rpi,1.4444444418093192
32,Phthiria sp.,Ruta chalepensis,0,0.6957541958831231,0,Rocky coastal 2,rpi,0.827160490255102
33,Phthiria sp.,Sedum sediforme,0,0.7636578855658536,1,Rocky coastal 2,rpi,1.1728395023665477
34,Phthiria sp.,Teucrium capitatum,1,0.8768532550812428,1,Rocky coastal 2,rpi,1.9629629599764877
35,Pyrellia vivida,Daucus carota,1,0.5,0,Rocky coastal 2,rpi,-0.1975308615038474
36,Pyrellia vivida,Euphorbia dendroides,0,0.5123432280743287,0,Rocky coastal 2,rpi,0.049382945598064276
37,Pyrellia vivida,Globularia alypum,0,0.5123432280743287,0,Rocky coastal 2,rpi,0.049382945598064276
38,Pyrellia vivida,Helichrysum stoechas,0,0.6957542233642698,0,Rocky coastal 2,rpi,0.8271606200789354
39,Pyrellia vivida,Ruta chalepensis,0,0.5,0,Rocky coastal 2,rpi,-0.20987627922889263
40,Pyrellia vivida,Sedum sediforme,0,0.5338985902798136,0,Rocky coastal 2,rpi,0.13580268720704994
41,Pyrellia vivida,Teucrium capitatum,0,0.7934223111423323,1,Rocky coastal 2,rpi,1.3456790697328493
42,Mordellistena sp.,Daucus carota,0,0.5553281062783981,0,Rocky coastal 2,rpi,0.22222242881603566
43,Mordellistena sp.,Euphorbia dendroides,1,0.5,0,Rocky coastal 2,rpi,-0.3703703675595702
44,Mordellistena sp.,Globularia alypum,0,0.5123432280743289,0,Rocky coastal 2,rpi,0.049382945598064304
45,Mordellistena sp.,Helichrysum stoechas,0,0.6957542233642697,0,Rocky coastal 2,rpi,0.8271606200789353
46,Mordellistena sp.,Ruta chalepensis,0,0.5,0,Rocky coastal 2,rpi,-0.20987627922889268
47,Mordellistena sp.,Sedum sediforme,0,0.5338985902798136,0,Rocky coastal 2,rpi,0.13580268720704994
48,Mordellistena sp.,Teucrium capitatum,0,0.7934223111423323,1,Rocky coastal 2,rpi,1.3456790697328493
49,Podarcis lilfordi,Daucus carota,0,0.6382787285788922,0,Rocky coastal 2,rpi,0.5679011197935604
50,Podarcis lilfordi,Euphorbia dendroides,1,0.5,0,Rocky coastal 2,rpi,-0.02469112847600982
51,Podarcis lilfordi,Globularia alypum,0,0.5975005891202133,0,Rocky coastal 2,rpi,0.3950616365755891
52,Podarcis lilfordi,Helichrysum stoechas,1,0.6798508698247607,0,Rocky coastal 2,rpi,0.7530865460048612
53,Podarcis lilfordi,Ruta chalepensis,0,0.5338985217317418,0,Rocky coastal 2,rpi,0.13580241174863208
54,Podarcis lilfordi,Sedum sediforme,0,0.6180976195860441,0,Rocky coastal 2,rpi,0.4814813781845747
55,Podarcis lilfordi,Teucrium capitatum,0,0.8444026351754935,1,Rocky coastal 2,rpi,1.6913577607103742
56,Sarcophaga sp.,Daucus carota,0,0.5553281062783981,0,Rocky coastal 2,rpi,0.22222242881603566
57,Sarcophaga sp.,Euphorbia dendroides,1,0.5,0,Rocky coastal 2,rpi,-0.3703703675595702
58,Sarcophaga sp.,Globularia alypum,0,0.5123432280743289,0,Rocky coastal 2,rpi,0.049382945598064304
59,Sarcophaga sp.,Helichrysum stoechas,0,0.6957542233642697,0,Rocky coastal 2,rpi,0.8271606200789353
60,Sarcophaga sp.,Ruta chalepensis,0,0.5,0,Rocky coastal 2,rpi,-0.20987627922889268
61,Sarcophaga sp.,Sedum sediforme,0,0.5338985902798136,0,Rocky coastal 2,rpi,0.13580268720704994
62,Sarcophaga sp.,Teucrium capitatum,0,0.7934223111423323,1,Rocky coastal 2,rpi,1.3456790697328493
63,Eristalis similis,Daucus carota,0,0.6382787285788922,0,Rocky coastal 2,rpi,0.5679011197935604
64,Eristalis similis,Euphorbia dendroides,0,0.5975005891202133,0,Rocky coastal 2,rpi,0.3950616365755891
65,Eristalis similis,Globularia alypum,1,0.5,0,Rocky coastal 2,rpi,-0.02469112847600982
66,Eristalis similis,Helichrysum stoechas,1,0.6798508698247607,0,Rocky coastal 2,rpi,0.7530865460048612
67,Eristalis similis,Ruta chalepensis,0,0.5338985217317418,0,Rocky coastal 2,rpi,0.13580241174863208
68,Eristalis similis,Sedum sediforme,0,0.6180976195860441,0,Rocky coastal 2,rpi,0.4814813781845747
69,Eristalis similis,Teucrium capitatum,0,0.8444026351754935,1,Rocky coastal 2,rpi,1.6913577607103742
70,Exoprosopa cf. bowdeni,Daucus carota,0,0.7788985663657041,1,Rocky coastal 2,rpi,1.259259255394409
71,Exoprosopa cf. bowdeni,Euphorbia dendroides,0,0.7477069377194934,1,Rocky coastal 2,rpi,1.0864197493386862
72,Exoprosopa cf. bowdeni,Globularia alypum,1,0.660756368293271,0,Rocky coastal 2,rpi,0.6666666645585666
73,Exoprosopa cf. bowdeni,Helichrysum stoechas,1,0.8091419553481889,1,Rocky coastal 2,rpi,1.4444444418093192
74,Exoprosopa cf. bowdeni,Ruta chalepensis,0,0.6957541958831231,0,Rocky coastal 2,rpi,0.827160490255102
75,Exoprosopa cf. bowdeni,Sedum sediforme,1,0.6798508418740173,0,Rocky coastal 2,rpi,0.7530864175864279
76,Exoprosopa cf. bowdeni,Teucrium capitatum,1,0.8768532550812428,1,Rocky coastal 2,rpi,1.9629629599764877
77,Ancistrocerus ebusianus,Daucus carota,0,0.5553281062783981,0,Rocky coastal 2,rpi,0.22222242881603563
78,Ancistrocerus ebusianus,Euphorbia dendroides,0,0.5123432280743289,0,Rocky coastal 2,rpi,0.04938294559806433
79,Ancistrocerus ebusianus,Globularia alypum,0,0.5123432280743289,0,Rocky coastal 2,rpi,0.04938294559806433
80,Ancistrocerus ebusianus,Helichrysum stoechas,1,0.6004660617101651,0,Rocky coastal 2,rpi,0.40740740969118266
81,Ancistrocerus ebusianus,Ruta chalepensis,0,0.5,0,Rocky coastal 2,rpi,-0.20987627922889268
82,Ancistrocerus ebusianus,Sedum sediforme,0,0.5338985902798136,0,Rocky coastal 2,rpi,0.13580268720704994
83,Ancistrocerus ebusianus,Teucrium capitatum,0,0.7934223111423323,1,Rocky coastal 2,rpi,1.3456790697328493
84,Dasytes nigroaeneus,Daucus carota,0,0.6382787285788922,0,Rocky coastal 2,rpi,0.5679011197935604
85,Dasytes nigroaeneus,Euphorbia dendroides,0,0.5975005891202133,0,Rocky coastal 2,rpi,0.3950616365755891
86,Dasytes nigroaeneus,Globularia alypum,0,0.5975005891202133,0,Rocky coastal 2,rpi,0.3950616365755891
87,Dasytes nigroaeneus,Helichrysum stoechas,1,0.6798508698247607,0,Rocky coastal 2,rpi,0.7530865460048612
88,Dasytes nigroaeneus,Ruta chalepensis,0,0.5338985217317418,0,Rocky coastal 2,rpi,0.13580241174863206
89,Dasytes nigroaeneus,Sedum sediforme,0,0.6180976195860441,0,Rocky coastal 2,rpi,0.4814813781845747
90,Dasytes nigroaeneus,Teucrium capitatum,1,0.7810173728992503,1,Rocky coastal 2,rpi,1.2716049956587752
91,Eupeodes corollae,Daucus carota,0,0.6382787285788922,0,Rocky coastal 2,rpi,0.5679011197935604
92,Eupeodes corollae,Euphorbia dendroides,0,0.5975005891202133,0,Rocky coastal 2,rpi,0.3950616365755891
93,Eupeodes corollae,Globularia alypum,0,0.5975005891202133,0,Rocky coastal 2,rpi,0.3950616365755891
94,Eupeodes corollae,Helichrysum stoechas,1,0.6798508698247607,0,Rocky coastal 2,rpi,0.7530865460048612
95,Eupeodes corollae,Ruta chalepensis,0,0.5338985217317418,0,Rocky coastal 2,rpi,0.13580241174863206
96,Eupeodes corollae,Sedum sediforme,0,0.6180976195860441,0,Rocky coastal 2,rpi,0.4814813781845747
97,Eupeodes corollae,Teucrium capitatum,1,0.7810173728992503,1,Rocky coastal 2,rpi,1.2716049956587752
98,Hylaeus imparilis,Daucus carota,0,0.6382787285788922,0,Rocky coastal 2,rpi,0.5679011197935604
99,Hylaeus imparilis,Euphorbia dendroides,0,0.5975005891202133,0,Rocky coastal 2,rpi,0.3950616365755891
100,Hylaeus imparilis,Globularia alypum,0,0.5975005891202133,0,Rocky coastal 2,rpi,0.3950616365755891
101,Hylaeus imparilis,Helichrysum stoechas,1,0.6798508698247607,0,Rocky coastal 2,rpi,0.7530865460048612
102,Hylaeus imparilis,Ruta chalepensis,0,0.5338985217317418,0,Rocky coastal 2,rpi,0.13580241174863206
103,Hylaeus imparilis,Sedum sediforme,1,0.5154272548987741,0,Rocky coastal 2,rpi,0.06172861313297587
104,Hylaeus imparilis,Teucrium capitatum,0,0.8444026351754935,1,Rocky coastal 2,rpi,1.6913577607103742
105,Meligethes sp.,Daucus carota,0,0.7137322325018494,1,Rocky coastal 2,rpi,0.9135802446883634
106,Meligethes sp.,Euphorbia dendroides,0,0.6771578141413032,0,Rocky coastal 2,rpi,0.7407407386326406
107,Meligethes sp.,Globularia alypum,0,0.6771578141413032,0,Rocky coastal 2,rpi,0.7407407386326407
108,Meligethes sp.,Helichrysum stoechas,1,0.7500286767123572,1,Rocky coastal 2,rpi,1.098765236982386
109,Meligethes sp.,Ruta chalepensis,0,0.6180976435134291,0,Rocky coastal 2,rpi,0.4814814795490564
110,Meligethes sp.,Sedum sediforme,1,0.6004660363806656,0,Rocky coastal 2,rpi,0.4074073041105007
111,Meligethes sp.,Teucrium capitatum,1,0.8344201762449056,1,Rocky coastal 2,rpi,1.6172836866363
112,Tapinoma sp,Daucus carota,0,0.5553281062783981,0,Rocky coastal 2,rpi,0.22222242881603563
113,Tapinoma sp,Euphorbia dendroides,0,0.5123432280743289,0,Rocky coastal 2,rpi,0.04938294559806433
114,Tapinoma sp,Globularia alypum,0,0.5123432280743289,0,Rocky coastal 2,rpi,0.04938294559806433
115,Tapinoma sp,Helichrysum stoechas,1,0.6004660617101651,0,Rocky coastal 2,rpi,0.40740740969118266
116,Tapinoma sp,Ruta chalepensis,0,0.5,0,Rocky coastal 2,rpi,-0.20987627922889268
117,Tapinoma sp,Sedum sediforme,0,0.5338985902798136,0,Rocky coastal 2,rpi,0.13580268720704994
118,Tapinoma sp,Teucrium capitatum,0,0.7934223111423323,1,Rocky coastal 2,rpi,1.3456790697328493
119,Hydrellia sp,Daucus carota,0,0.5553281062783981,0,Rocky coastal 2,rpi,0.22222242881603563
120,Hydrellia sp,Euphorbia dendroides,0,0.5123432280743289,0,Rocky coastal 2,rpi,0.04938294559806433
121,Hydrellia sp,Globularia alypum,0,0.5123432280743289,0,Rocky coastal 2,rpi,0.04938294559806433
122,Hydrellia sp,Helichrysum stoechas,0,0.6957542233642697,0,Rocky coastal 2,rpi,0.8271606200789353
123,Hydrellia sp,Ruta chalepensis,0,0.5,0,Rocky coastal 2,rpi,-0.20987627922889268
124,Hydrellia sp,Sedum sediforme,1,0.5,0,Rocky coastal 2,rpi,-0.2839506145317087
125,Hydrellia sp,Teucrium capitatum,0,0.7934223111423323,1,Rocky coastal 2,rpi,1.3456790697328493
126,Lydella nigrescens,Daucus carota,0,0.5553281062783981,0,Rocky coastal 2,rpi,0.22222242881603563
127,Lydella nigrescens,Euphorbia dendroides,0,0.5123432280743289,0,Rocky coastal 2,rpi,0.04938294559806433
128,Lydella nigrescens,Globularia alypum,0,0.5123432280743289,0,Rocky coastal 2,rpi,0.04938294559806433
129,Lydella nigrescens,Helichrysum stoechas,0,0.6957542233642698,0,Rocky coastal 2,rpi,0.8271606200789354
130,Lydella nigrescens,Ruta chalepensis,0,0.5,0,Rocky coastal 2,rpi,-0.20987627922889268
131,Lydella nigrescens,Sedum sediforme,0,0.5338985902798136,0,Rocky coastal 2,rpi,0.13580268720704994
132,Lydella nigrescens,Teucrium capitatum,1,0.7162480141012478,1,Rocky coastal 2,rpi,0.9259259278583509
133,Macroglossum stellatarum,Daucus carota,0,0.5553281062783981,0,Rocky coastal 2,rpi,0.22222242881603563
134,Macroglossum stellatarum,Euphorbia dendroides,0,0.5123432280743289,0,Rocky coastal 2,rpi,0.04938294559806433
135,Macroglossum stellatarum,Globularia alypum,0,0.5123432280743289,0,Rocky coastal 2,rpi,0.04938294559806433
136,Macroglossum stellatarum,Helichrysum stoechas,0,0.6957542233642698,0,Rocky coastal 2,rpi,0.8271606200789354
137,Macroglossum stellatarum,Ruta chalepensis,0,0.5,0,Rocky coastal 2,rpi,-0.20987627922889268
138,Macroglossum stellatarum,Sedum sediforme,0,0.5338985902798136,0,Rocky coastal 2,rpi,0.13580268720704994
139,Macroglossum stellatarum,Teucrium capitatum,1,0.7162480141012478,1,Rocky coastal 2,rpi,0.9259259278583509
140,Megaselia sp.,Daucus carota,0,0.5553281062783981,0,Rocky coastal 2,rpi,0.22222242881603563
141,Megaselia sp.,Euphorbia dendroides,0,0.5123432280743289,0,Rocky coastal 2,rpi,0.04938294559806433
142,Megaselia sp.,Globularia alypum,0,0.5123432280743289,0,Rocky coastal 2,rpi,0.04938294559806433
143,Megaselia sp.,Helichrysum stoechas,0,0.6957542233642698,0,Rocky coastal 2,rpi,0.8271606200789354
144,Megaselia sp.,Ruta chalepensis,0,0.5,0,Rocky coastal 2,rpi,-0.20987627922889268
145,Megaselia sp.,Sedum sediforme,0,0.5338985902798136,0,Rocky coastal 2,rpi,0.13580268720704994
146,Megaselia sp.,Teucrium capitatum,1,0.7162480141012478,1,Rocky coastal 2,rpi,0.9259259278583509
147,Meliscaeva auricollis,Daucus carota,0,0.5553281062783981,0,Rocky coastal 2,rpi,0.22222242881603563
148,Meliscaeva auricollis,Euphorbia dendroides,0,0.5123432280743289,0,Rocky coastal 2,rpi,0.04938294559806433
149,Meliscaeva auricollis,Globularia alypum,0,0.5123432280743289,0,Rocky coastal 2,rpi,0.04938294559806433
150,Meliscaeva auricollis,Helichrysum stoechas,0,0.6957542233642698,0,Rocky coastal 2,rpi,0.8271606200789354
151,Meliscaeva auricollis,Ruta chalepensis,0,0.5,0,Rocky coastal 2,rpi,-0.20987627922889268
152,Meliscaeva auricollis,Sedum sediforme,0,0.5338985902798136,0,Rocky coastal 2,rpi,0.13580268720704994
153,Meliscaeva auricollis,Teucrium capitatum,1,0.7162480141012478,1,Rocky coastal 2,rpi,0.9259259278583509
154,Phthiria cf pulicularia,Daucus carota,0,0.5553281062783981,0,Rocky coastal 2,rpi,0.22222242881603563
155,Phthiria cf pulicularia,Euphorbia dendroides,0,0.5123432280743289,0,Rocky coastal 2,rpi,0.04938294559806433
156,Phthiria cf pulicularia,Globularia alypum,0,0.5123432280743289,0,Rocky coastal 2,rpi,0.04938294559806433
157,Phthiria cf pulicularia,Helichrysum stoechas,0,0.6957542233642698,0,Rocky coastal 2,rpi,0.8271606200789354
158,Phthiria cf pulicularia,Ruta chalepensis,0,0.5,0,Rocky coastal 2,rpi,-0.20987627922889268
159,Phthiria cf pulicularia,Sedum sediforme,0,0.5338985902798136,0,Rocky coastal 2,rpi,0.13580268720704994
160,Phthiria cf pulicularia,Teucrium capitatum,1,0.7162480141012478,1,Rocky coastal 2,rpi,0.9259259278583509
161,Sphaerophoria sp.,Daucus carota,0,0.5553281062783981,0,Rocky coastal 2,rpi,0.22222242881603563
162,Sphaerophoria sp.,Euphorbia dendroides,0,0.5123432280743289,0,Rocky coastal 2,rpi,0.04938294559806433
163,Sphaerophoria sp.,Globularia alypum,0,0.5123432280743289,0,Rocky coastal 2,rpi,0.04938294559806433
164,Sphaerophoria sp.,Helichrysum stoechas,0,0.6957542233642698,0,Rocky coastal 2,rpi,0.8271606200789354
165,Sphaerophoria sp.,Ruta chalepensis,0,0.5,0,Rocky coastal 2,rpi,-0.20987627922889268
166,Sphaerophoria sp.,Sedum sediforme,0,0.5338985902798136,0,Rocky coastal 2,rpi,0.13580268720704994
167,Sphaerophoria sp.,Teucrium capitatum,1,0.7162480141012478,1,Rocky coastal 2,rpi,0.9259259278583509
168,Spilostethus pandurus,Daucus carota,0,0.5553281062783981,0,Rocky coastal 2,rpi,0.22222242881603563
169,Spilostethus pandurus,Euphorbia dendroides,0,0.5123432280743289,0,Rocky coastal 2,rpi,0.04938294559806433
170,Spilostethus pandurus,Globularia alypum,0,0.5123432280743289,0,Rocky coastal 2,rpi,0.04938294559806433
171,Spilostethus pandurus,Helichrysum stoechas,0,0.6957542233642698,0,Rocky coastal 2,rpi,0.8271606200789354
172,Spilostethus pandurus,Ruta chalepensis,0,0.5,0,Rocky coastal 2,rpi,-0.20987627922889268
173,Spilostethus pandurus,Sedum sediforme,0,0.5338985902798136,0,Rocky coastal 2,rpi,0.13580268720704994
174,Spilostethus pandurus,Teucrium capitatum,1,0.7162480141012478,1,Rocky coastal 2,rpi,0.9259259278583509
175,Stictopleurus abutilon,Daucus carota,0,0.5553281062783981,0,Rocky coastal 2,rpi,0.22222242881603563
176,Stictopleurus abutilon,Euphorbia dendroides,0,0.5123432280743289,0,Rocky coastal 2,rpi,0.04938294559806433
177,Stictopleurus abutilon,Globularia alypum,0,0.5123432280743289,0,Rocky coastal 2,rpi,0.04938294559806433
178,Stictopleurus abutilon,Helichrysum stoechas,0,0.6957542233642698,0,Rocky coastal 2,rpi,0.8271606200789354
179,Stictopleurus abutilon,Ruta chalepensis,0,0.5,0,Rocky coastal 2,rpi,-0.20987627922889268
180,Stictopleurus abutilon,Sedum sediforme,0,0.5338985902798136,0,Rocky coastal 2,rpi,0.13580268720704994
181,Stictopleurus abutilon,Teucrium capitatum,1,0.7162480141012478,1,Rocky coastal 2,rpi,0.9259259278583509
182,Vanessa atalanta,Daucus carota,0,0.5553281062783981,0,Rocky coastal 2,rpi,0.22222242881603563
183,Vanessa atalanta,Euphorbia dendroides,0,0.5123432280743289,0,Rocky coastal 2,rpi,0.04938294559806433
184,Vanessa atalanta,Globularia alypum,0,0.5123432280743289,0,Rocky coastal 2,rpi,0.04938294559806433
185,Vanessa atalanta,Helichrysum stoechas,0,0.6957542233642698,0,Rocky coastal 2,rpi,0.8271606200789354
186,Vanessa atalanta,Ruta chalepensis,0,0.5,0,Rocky coastal 2,rpi,-0.20987627922889268
187,Vanessa atalanta,Sedum sediforme,0,0.5338985902798136,0,Rocky coastal 2,rpi,0.13580268720704994
188,Vanessa atalanta,Teucrium capitatum,1,0.7162480141012478,1,Rocky coastal 2,rpi,0.9259259278583509
189,Vanessa cardui,Daucus carota,0,0.5553281062783981,0,Rocky coastal 2,rpi,0.22222242881603563
190,Vanessa cardui,Euphorbia dendroides,0,0.5123432280743289,0,Rocky coastal 2,rpi,0.04938294559806433
191,Vanessa cardui,Globularia alypum,0,0.5123432280743289,0,Rocky coastal 2,rpi,0.04938294559806433
192,Vanessa cardui,Helichrysum stoechas,0,0.6957542233642698,0,Rocky coastal 2,rpi,0.8271606200789354
193,Vanessa cardui,Ruta chalepensis,0,0.5,0,Rocky coastal 2,rpi,-0.20987627922889268
194,Vanessa cardui,Sedum sediforme,0,0.5338985902798136,0,Rocky coastal 2,rpi,0.13580268720704994
195,Vanessa cardui,Teucrium capitatum,1,0.7162480141012478,1,Rocky coastal 2,rpi,0.9259259278583509
