link_ID,higher_level,lower_level,ground_truth,probability,prediction,focal_site,method
0,Dasytes nigroaeneus,Asteriscus aquaticus,1,0.5020325220066872,0,Dune system 1,obs
1,Dasytes nigroaeneus,Cakile maritima,0,0.701334027758455,1,Dune system 1,obs
2,Dasytes nigroaeneus,Daucus carota,0,0.7873362296274055,1,Dune system 1,obs
3,Dasytes nigroaeneus,Limonium sp.,0,0.7358268700581171,1,Dune system 1,obs
4,Dasytes nigroaeneus,Salvia rosmarinus,0,0.5845459502015167,0,Dune system 1,obs
5,Dasytes nigroaeneus,Sedum sediforme,1,0.5162544452345288,0,Dune system 1,obs
6,Dasytes nigroaeneus,Teucrium capitatum,0,0.5982969193931601,0,Dune system 1,obs
7,Lasioglossum sp.,Asteriscus aquaticus,1,0.7980230240444722,1,Dune system 1,obs
8,Lasioglossum sp.,Cakile maritima,1,0.8616745364521717,1,Dune system 1,obs
9,Lasioglossum sp.,Daucus carota,1,0.9075896064312821,1,Dune system 1,obs
10,Lasioglossum sp.,Limonium sp.,1,0.880797077853118,1,Dune system 1,obs
11,Lasioglossum sp.,Salvia rosmarinus,0,0.846487972213311,1,Dune system 1,obs
12,Lasioglossum sp.,Sedum sediforme,1,0.8070406210414581,1,Dune system 1,obs
13,Lasioglossum sp.,Teucrium capitatum,1,0.7980230240444722,1,Dune system 1,obs
14,Pyrellia vivida,Asteriscus aquaticus,1,0.586518988951712,0,Dune system 1,obs
15,Pyrellia vivida,Cakile maritima,1,0.6910169620003201,0,Dune system 1,obs
16,Pyrellia vivida,Daucus carota,1,0.7790540839823915,1,Dune system 1,obs
17,Pyrellia vivida,Limonium sp.,0,0.7967093975355131,1,Dune system 1,obs
18,Pyrellia vivida,Salvia rosmarinus,0,0.664391592040326,0,Dune system 1,obs
19,Pyrellia vivida,Sedum sediforme,0,0.6892783806790695,0,Dune system 1,obs
20,Pyrellia vivida,Teucrium capitatum,0,0.6769602688421362,0,Dune system 1,obs
21,Tapinoma nigerrinum,Asteriscus aquaticus,1,0.5020325220066872,0,Dune system 1,obs
22,Tapinoma nigerrinum,Cakile maritima,1,0.613823916970534,0,Dune system 1,obs
23,Tapinoma nigerrinum,Daucus carota,0,0.7873362296274055,1,Dune system 1,obs
24,Tapinoma nigerrinum,Limonium sp.,0,0.7358268700581171,1,Dune system 1,obs
25,Tapinoma nigerrinum,Salvia rosmarinus,0,0.5845459502015167,0,Dune system 1,obs
26,Tapinoma nigerrinum,Sedum sediforme,0,0.6118949359896821,0,Dune system 1,obs
27,Tapinoma nigerrinum,Teucrium capitatum,0,0.5982969193931601,0,Dune system 1,obs
28,Unknown insect,Asteriscus aquaticus,1,0.5,0,Dune system 1,obs
29,Unknown insect,Cakile maritima,0,0.6253209290199297,0,Dune system 1,obs
30,Unknown insect,Daucus carota,0,0.7246168617260806,1,Dune system 1,obs
31,Unknown insect,Limonium sp.,0,0.6643916279937605,0,Dune system 1,obs
32,Unknown insect,Salvia rosmarinus,0,0.500000013436996,0,Dune system 1,obs
33,Unknown insect,Sedum sediforme,0,0.5284246161299578,0,Dune system 1,obs
34,Unknown insect,Teucrium capitatum,0,0.514223816330521,0,Dune system 1,obs
35,Ancistrocerus ebusianus,Asteriscus aquaticus,0,0.5982969193931601,0,Dune system 1,obs
36,Ancistrocerus ebusianus,Cakile maritima,1,0.613823916970534,0,Dune system 1,obs
37,Ancistrocerus ebusianus,Daucus carota,0,0.7873362296274055,1,Dune system 1,obs
38,Ancistrocerus ebusianus,Limonium sp.,1,0.6534290432025001,0,Dune system 1,obs
39,Ancistrocerus ebusianus,Salvia rosmarinus,0,0.5845459502015167,0,Dune system 1,obs
40,Ancistrocerus ebusianus,Sedum sediforme,0,0.6118949359896821,0,Dune system 1,obs
41,Ancistrocerus ebusianus,Teucrium capitatum,0,0.5982969193931601,0,Dune system 1,obs
42,Anthophora balearica,Asteriscus aquaticus,0,0.5982969193931601,0,Dune system 1,obs
43,Anthophora balearica,Cakile maritima,1,0.613823916970534,0,Dune system 1,obs
44,Anthophora balearica,Daucus carota,0,0.7873362296274055,1,Dune system 1,obs
45,Anthophora balearica,Limonium sp.,0,0.7358268700581171,1,Dune system 1,obs
46,Anthophora balearica,Salvia rosmarinus,1,0.5,0,Dune system 1,obs
47,Anthophora balearica,Sedum sediforme,0,0.6118949359896821,0,Dune system 1,obs
48,Anthophora balearica,Teucrium capitatum,0,0.5982969193931601,0,Dune system 1,obs
49,Eristalis similis,Asteriscus aquaticus,0,0.514223816330521,0,Dune system 1,obs
50,Eristalis similis,Cakile maritima,1,0.5304501079752978,0,Dune system 1,obs
51,Eristalis similis,Daucus carota,0,0.7246168617260806,1,Dune system 1,obs
52,Eristalis similis,Limonium sp.,0,0.6643916279937605,0,Dune system 1,obs
53,Eristalis similis,Salvia rosmarinus,0,0.500000013436996,0,Dune system 1,obs
54,Eristalis similis,Sedum sediforme,0,0.5284246161299578,0,Dune system 1,obs
55,Eristalis similis,Teucrium capitatum,0,0.514223816330521,0,Dune system 1,obs
56,Eupeodes corollae,Asteriscus aquaticus,0,0.7467400710336123,1,Dune system 1,obs
57,Eupeodes corollae,Cakile maritima,1,0.7588420077124087,1,Dune system 1,obs
58,Eupeodes corollae,Daucus carota,1,0.8322454965840499,1,Dune system 1,obs
59,Eupeodes corollae,Limonium sp.,1,0.7886943193844351,1,Dune system 1,obs
60,Eupeodes corollae,Salvia rosmarinus,0,0.7358268387145995,1,Dune system 1,obs
61,Eupeodes corollae,Sedum sediforme,0,0.7573510951262944,1,Dune system 1,obs
62,Eupeodes corollae,Teucrium capitatum,1,0.6662019701350366,0,Dune system 1,obs
63,Exoprosopa cf. bowdeni,Asteriscus aquaticus,0,0.5982969193931601,0,Dune system 1,obs
64,Exoprosopa cf. bowdeni,Cakile maritima,1,0.613823916970534,0,Dune system 1,obs
65,Exoprosopa cf. bowdeni,Daucus carota,0,0.7873362296274055,1,Dune system 1,obs
66,Exoprosopa cf. bowdeni,Limonium sp.,1,0.6534290432025001,0,Dune system 1,obs
67,Exoprosopa cf. bowdeni,Salvia rosmarinus,0,0.5845459502015167,0,Dune system 1,obs
68,Exoprosopa cf. bowdeni,Sedum sediforme,0,0.6118949359896821,0,Dune system 1,obs
69,Exoprosopa cf. bowdeni,Teucrium capitatum,0,0.5982969193931601,0,Dune system 1,obs
70,Lydella nigrescens,Asteriscus aquaticus,0,0.514223816330521,0,Dune system 1,obs
71,Lydella nigrescens,Cakile maritima,1,0.5304501079752978,0,Dune system 1,obs
72,Lydella nigrescens,Daucus carota,0,0.7246168617260806,1,Dune system 1,obs
73,Lydella nigrescens,Limonium sp.,0,0.6643916279937605,0,Dune system 1,obs
74,Lydella nigrescens,Salvia rosmarinus,0,0.500000013436996,0,Dune system 1,obs
75,Lydella nigrescens,Sedum sediforme,0,0.5284246161299578,0,Dune system 1,obs
76,Lydella nigrescens,Teucrium capitatum,0,0.514223816330521,0,Dune system 1,obs
77,Meliscaeva auricollis,Asteriscus aquaticus,0,0.6769602688421362,0,Dune system 1,obs
78,Meliscaeva auricollis,Cakile maritima,1,0.6910169620003201,0,Dune system 1,obs
79,Meliscaeva auricollis,Daucus carota,1,0.7790540839823915,1,Dune system 1,obs
80,Meliscaeva auricollis,Limonium sp.,0,0.7967093975355131,1,Dune system 1,obs
81,Meliscaeva auricollis,Salvia rosmarinus,1,0.5726528207332835,0,Dune system 1,obs
82,Meliscaeva auricollis,Sedum sediforme,0,0.6892783806790695,0,Dune system 1,obs
83,Meliscaeva auricollis,Teucrium capitatum,0,0.6769602688421362,0,Dune system 1,obs
84,Mordellistena sp.,Asteriscus aquaticus,0,0.6769602688421362,0,Dune system 1,obs
85,Mordellistena sp.,Cakile maritima,1,0.6910169620003201,0,Dune system 1,obs
86,Mordellistena sp.,Daucus carota,0,0.8389459597409166,1,Dune system 1,obs
87,Mordellistena sp.,Limonium sp.,1,0.7262362146065395,1,Dune system 1,obs
88,Mordellistena sp.,Salvia rosmarinus,0,0.664391592040326,0,Dune system 1,obs
89,Mordellistena sp.,Sedum sediforme,1,0.6002493129903461,0,Dune system 1,obs
90,Mordellistena sp.,Teucrium capitatum,0,0.6769602688421362,0,Dune system 1,obs
91,Sarcophaga sp.,Asteriscus aquaticus,0,0.6769602688421362,0,Dune system 1,obs
92,Sarcophaga sp.,Cakile maritima,1,0.6910169620003201,0,Dune system 1,obs
93,Sarcophaga sp.,Daucus carota,1,0.7790540839823915,1,Dune system 1,obs
94,Sarcophaga sp.,Limonium sp.,1,0.7262362146065395,1,Dune system 1,obs
95,Sarcophaga sp.,Salvia rosmarinus,0,0.664391592040326,0,Dune system 1,obs
96,Sarcophaga sp.,Sedum sediforme,0,0.6892783806790695,0,Dune system 1,obs
97,Sarcophaga sp.,Teucrium capitatum,0,0.6769602688421362,0,Dune system 1,obs
98,Sphaerophoria sp.,Asteriscus aquaticus,0,0.5982969193931601,0,Dune system 1,obs
99,Sphaerophoria sp.,Cakile maritima,1,0.613823916970534,0,Dune system 1,obs
100,Sphaerophoria sp.,Daucus carota,1,0.7147769851547863,1,Dune system 1,obs
101,Sphaerophoria sp.,Limonium sp.,0,0.7358268700581171,1,Dune system 1,obs
102,Sphaerophoria sp.,Salvia rosmarinus,0,0.5845459502015167,0,Dune system 1,obs
103,Sphaerophoria sp.,Sedum sediforme,0,0.6118949359896821,0,Dune system 1,obs
104,Sphaerophoria sp.,Teucrium capitatum,0,0.5982969193931601,0,Dune system 1,obs
105,Anaspis sp.,Asteriscus aquaticus,0,0.6769602688421362,0,Dune system 1,obs
106,Anaspis sp.,Cakile maritima,0,0.7676558417308335,1,Dune system 1,obs
107,Anaspis sp.,Daucus carota,1,0.7790540839823915,1,Dune system 1,obs
108,Anaspis sp.,Limonium sp.,1,0.7262362146065395,1,Dune system 1,obs
109,Anaspis sp.,Salvia rosmarinus,0,0.664391592040326,0,Dune system 1,obs
110,Anaspis sp.,Sedum sediforme,1,0.6002493129903461,0,Dune system 1,obs
111,Anaspis sp.,Teucrium capitatum,0,0.6769602688421362,0,Dune system 1,obs
112,Anthomyia confusanea,Asteriscus aquaticus,0,0.5982969193931601,0,Dune system 1,obs
113,Anthomyia confusanea,Cakile maritima,0,0.701334027758455,1,Dune system 1,obs
114,Anthomyia confusanea,Daucus carota,1,0.7147769851547863,1,Dune system 1,obs
115,Anthomyia confusanea,Limonium sp.,0,0.7358268700581171,1,Dune system 1,obs
116,Anthomyia confusanea,Salvia rosmarinus,0,0.5845459502015167,0,Dune system 1,obs
117,Anthomyia confusanea,Sedum sediforme,1,0.5162544452345288,0,Dune system 1,obs
118,Anthomyia confusanea,Teucrium capitatum,0,0.5982969193931601,0,Dune system 1,obs
119,Camponotus sp,Asteriscus aquaticus,0,0.514223816330521,0,Dune system 1,obs
120,Camponotus sp,Cakile maritima,0,0.6253209290199297,0,Dune system 1,obs
121,Camponotus sp,Daucus carota,1,0.6404311351465845,0,Dune system 1,obs
122,Camponotus sp,Limonium sp.,0,0.6643916279937605,0,Dune system 1,obs
123,Camponotus sp,Salvia rosmarinus,0,0.500000013436996,0,Dune system 1,obs
124,Camponotus sp,Sedum sediforme,0,0.5284246161299578,0,Dune system 1,obs
125,Camponotus sp,Teucrium capitatum,0,0.514223816330521,0,Dune system 1,obs
126,Chelosia sp.,Asteriscus aquaticus,0,0.514223816330521,0,Dune system 1,obs
127,Chelosia sp.,Cakile maritima,0,0.6253209290199297,0,Dune system 1,obs
128,Chelosia sp.,Daucus carota,1,0.6404311351465845,0,Dune system 1,obs
129,Chelosia sp.,Limonium sp.,0,0.6643916279937605,0,Dune system 1,obs
130,Chelosia sp.,Salvia rosmarinus,0,0.500000013436996,0,Dune system 1,obs
131,Chelosia sp.,Sedum sediforme,0,0.5284246161299578,0,Dune system 1,obs
132,Chelosia sp.,Teucrium capitatum,0,0.514223816330521,0,Dune system 1,obs
133,Crematogaster sp.,Asteriscus aquaticus,0,0.514223816330521,0,Dune system 1,obs
134,Crematogaster sp.,Cakile maritima,0,0.6253209290199297,0,Dune system 1,obs
135,Crematogaster sp.,Daucus carota,1,0.6404311351465845,0,Dune system 1,obs
136,Crematogaster sp.,Limonium sp.,0,0.6643916279937605,0,Dune system 1,obs
137,Crematogaster sp.,Salvia rosmarinus,0,0.500000013436996,0,Dune system 1,obs
138,Crematogaster sp.,Sedum sediforme,0,0.5284246161299578,0,Dune system 1,obs
139,Crematogaster sp.,Teucrium capitatum,0,0.514223816330521,0,Dune system 1,obs
140,Episyrphus balteatus,Asteriscus aquaticus,0,0.514223816330521,0,Dune system 1,obs
141,Episyrphus balteatus,Cakile maritima,0,0.6253209290199297,0,Dune system 1,obs
142,Episyrphus balteatus,Daucus carota,1,0.6404311351465845,0,Dune system 1,obs
143,Episyrphus balteatus,Limonium sp.,0,0.6643916279937605,0,Dune system 1,obs
144,Episyrphus balteatus,Salvia rosmarinus,0,0.500000013436996,0,Dune system 1,obs
145,Episyrphus balteatus,Sedum sediforme,0,0.5284246161299578,0,Dune system 1,obs
146,Episyrphus balteatus,Teucrium capitatum,0,0.514223816330521,0,Dune system 1,obs
147,Gasteruption spp.,Asteriscus aquaticus,0,0.514223816330521,0,Dune system 1,obs
148,Gasteruption spp.,Cakile maritima,0,0.6253209290199297,0,Dune system 1,obs
149,Gasteruption spp.,Daucus carota,1,0.6404311351465845,0,Dune system 1,obs
150,Gasteruption spp.,Limonium sp.,0,0.6643916279937605,0,Dune system 1,obs
151,Gasteruption spp.,Salvia rosmarinus,0,0.500000013436996,0,Dune system 1,obs
152,Gasteruption spp.,Sedum sediforme,0,0.5284246161299578,0,Dune system 1,obs
153,Gasteruption spp.,Teucrium capitatum,0,0.514223816330521,0,Dune system 1,obs
154,Lydella thompsoni,Asteriscus aquaticus,0,0.514223816330521,0,Dune system 1,obs
155,Lydella thompsoni,Cakile maritima,0,0.6253209290199297,0,Dune system 1,obs
156,Lydella thompsoni,Daucus carota,1,0.6404311351465845,0,Dune system 1,obs
157,Lydella thompsoni,Limonium sp.,0,0.6643916279937605,0,Dune system 1,obs
158,Lydella thompsoni,Salvia rosmarinus,0,0.500000013436996,0,Dune system 1,obs
159,Lydella thompsoni,Sedum sediforme,0,0.5284246161299578,0,Dune system 1,obs
160,Lydella thompsoni,Teucrium capitatum,0,0.514223816330521,0,Dune system 1,obs
161,Musca domestica,Asteriscus aquaticus,0,0.514223816330521,0,Dune system 1,obs
162,Musca domestica,Cakile maritima,0,0.6253209290199297,0,Dune system 1,obs
163,Musca domestica,Daucus carota,1,0.6404311351465845,0,Dune system 1,obs
164,Musca domestica,Limonium sp.,0,0.6643916279937605,0,Dune system 1,obs
165,Musca domestica,Salvia rosmarinus,0,0.500000013436996,0,Dune system 1,obs
166,Musca domestica,Sedum sediforme,0,0.5284246161299578,0,Dune system 1,obs
167,Musca domestica,Teucrium capitatum,0,0.514223816330521,0,Dune system 1,obs
168,Muscidae sp.,Asteriscus aquaticus,0,0.514223816330521,0,Dune system 1,obs
169,Muscidae sp.,Cakile maritima,0,0.6253209290199297,0,Dune system 1,obs
170,Muscidae sp.,Daucus carota,1,0.6404311351465845,0,Dune system 1,obs
171,Muscidae sp.,Limonium sp.,0,0.6643916279937605,0,Dune system 1,obs
172,Muscidae sp.,Salvia rosmarinus,0,0.500000013436996,0,Dune system 1,obs
173,Muscidae sp.,Sedum sediforme,0,0.5284246161299578,0,Dune system 1,obs
174,Muscidae sp.,Teucrium capitatum,0,0.514223816330521,0,Dune system 1,obs
175,Phthiria cf pulicularia,Asteriscus aquaticus,0,0.514223816330521,0,Dune system 1,obs
176,Phthiria cf pulicularia,Cakile maritima,0,0.6253209290199297,0,Dune system 1,obs
177,Phthiria cf pulicularia,Daucus carota,1,0.6404311351465845,0,Dune system 1,obs
178,Phthiria cf pulicularia,Limonium sp.,0,0.6643916279937605,0,Dune system 1,obs
179,Phthiria cf pulicularia,Salvia rosmarinus,0,0.500000013436996,0,Dune system 1,obs
180,Phthiria cf pulicularia,Sedum sediforme,0,0.5284246161299578,0,Dune system 1,obs
181,Phthiria cf pulicularia,Teucrium capitatum,0,0.514223816330521,0,Dune system 1,obs
182,Phthiria sp.,Asteriscus aquaticus,0,0.514223816330521,0,Dune system 1,obs
183,Phthiria sp.,Cakile maritima,0,0.6253209290199297,0,Dune system 1,obs
184,Phthiria sp.,Daucus carota,1,0.6404311351465845,0,Dune system 1,obs
185,Phthiria sp.,Limonium sp.,0,0.6643916279937605,0,Dune system 1,obs
186,Phthiria sp.,Salvia rosmarinus,0,0.500000013436996,0,Dune system 1,obs
187,Phthiria sp.,Sedum sediforme,0,0.5284246161299578,0,Dune system 1,obs
188,Phthiria sp.,Teucrium capitatum,0,0.514223816330521,0,Dune system 1,obs
189,Podarcis lilfordi,Asteriscus aquaticus,0,0.5982969193931601,0,Dune system 1,obs
190,Podarcis lilfordi,Cakile maritima,0,0.701334027758455,1,Dune system 1,obs
191,Podarcis lilfordi,Daucus carota,1,0.7147769851547863,1,Dune system 1,obs
192,Podarcis lilfordi,Limonium sp.,0,0.7358268700581171,1,Dune system 1,obs
193,Podarcis lilfordi,Salvia rosmarinus,1,0.5,0,Dune system 1,obs
194,Podarcis lilfordi,Sedum sediforme,0,0.6118949359896821,0,Dune system 1,obs
195,Podarcis lilfordi,Teucrium capitatum,0,0.5982969193931601,0,Dune system 1,obs
196,Spilostethus pandurus,Asteriscus aquaticus,0,0.5982969193931601,0,Dune system 1,obs
197,Spilostethus pandurus,Cakile maritima,0,0.701334027758455,1,Dune system 1,obs
198,Spilostethus pandurus,Daucus carota,1,0.7147769851547863,1,Dune system 1,obs
199,Spilostethus pandurus,Limonium sp.,0,0.7358268700581171,1,Dune system 1,obs
200,Spilostethus pandurus,Salvia rosmarinus,0,0.5845459502015167,0,Dune system 1,obs
201,Spilostethus pandurus,Sedum sediforme,0,0.6118949359896821,0,Dune system 1,obs
202,Spilostethus pandurus,Teucrium capitatum,1,0.5020325220066872,0,Dune system 1,obs
203,Vanessa atalanta,Asteriscus aquaticus,0,0.514223816330521,0,Dune system 1,obs
204,Vanessa atalanta,Cakile maritima,0,0.6253209290199297,0,Dune system 1,obs
205,Vanessa atalanta,Daucus carota,1,0.6404311351465845,0,Dune system 1,obs
206,Vanessa atalanta,Limonium sp.,0,0.6643916279937605,0,Dune system 1,obs
207,Vanessa atalanta,Salvia rosmarinus,0,0.500000013436996,0,Dune system 1,obs
208,Vanessa atalanta,Sedum sediforme,0,0.5284246161299578,0,Dune system 1,obs
209,Vanessa atalanta,Teucrium capitatum,0,0.514223816330521,0,Dune system 1,obs
210,Autographa gamma,Asteriscus aquaticus,0,0.514223816330521,0,Dune system 1,obs
211,Autographa gamma,Cakile maritima,0,0.6253209290199297,0,Dune system 1,obs
212,Autographa gamma,Daucus carota,0,0.7246168617260806,1,Dune system 1,obs
213,Autographa gamma,Limonium sp.,1,0.5726528601931558,0,Dune system 1,obs
214,Autographa gamma,Salvia rosmarinus,0,0.500000013436996,0,Dune system 1,obs
215,Autographa gamma,Sedum sediforme,0,0.5284246161299578,0,Dune system 1,obs
216,Autographa gamma,Teucrium capitatum,0,0.514223816330521,0,Dune system 1,obs
217,Colias crocea,Asteriscus aquaticus,0,0.514223816330521,0,Dune system 1,obs
218,Colias crocea,Cakile maritima,0,0.6253209290199297,0,Dune system 1,obs
219,Colias crocea,Daucus carota,0,0.7246168617260806,1,Dune system 1,obs
220,Colias crocea,Limonium sp.,1,0.5726528601931558,0,Dune system 1,obs
221,Colias crocea,Salvia rosmarinus,0,0.500000013436996,0,Dune system 1,obs
222,Colias crocea,Sedum sediforme,0,0.5284246161299578,0,Dune system 1,obs
223,Colias crocea,Teucrium capitatum,0,0.514223816330521,0,Dune system 1,obs
224,Eristalinus sepulcharis,Asteriscus aquaticus,0,0.514223816330521,0,Dune system 1,obs
225,Eristalinus sepulcharis,Cakile maritima,0,0.6253209290199297,0,Dune system 1,obs
226,Eristalinus sepulcharis,Daucus carota,0,0.7246168617260806,1,Dune system 1,obs
227,Eristalinus sepulcharis,Limonium sp.,1,0.5726528601931558,0,Dune system 1,obs
228,Eristalinus sepulcharis,Salvia rosmarinus,0,0.500000013436996,0,Dune system 1,obs
229,Eristalinus sepulcharis,Sedum sediforme,0,0.5284246161299578,0,Dune system 1,obs
230,Eristalinus sepulcharis,Teucrium capitatum,0,0.514223816330521,0,Dune system 1,obs
231,Eumenes dubius,Asteriscus aquaticus,0,0.514223816330521,0,Dune system 1,obs
232,Eumenes dubius,Cakile maritima,0,0.6253209290199297,0,Dune system 1,obs
233,Eumenes dubius,Daucus carota,0,0.7246168617260806,1,Dune system 1,obs
234,Eumenes dubius,Limonium sp.,1,0.5726528601931558,0,Dune system 1,obs
235,Eumenes dubius,Salvia rosmarinus,0,0.500000013436996,0,Dune system 1,obs
236,Eumenes dubius,Sedum sediforme,0,0.5284246161299578,0,Dune system 1,obs
237,Eumenes dubius,Teucrium capitatum,0,0.514223816330521,0,Dune system 1,obs
238,Macroglossum stellatarum,Asteriscus aquaticus,0,0.514223816330521,0,Dune system 1,obs
239,Macroglossum stellatarum,Cakile maritima,0,0.6253209290199297,0,Dune system 1,obs
240,Macroglossum stellatarum,Daucus carota,0,0.7246168617260806,1,Dune system 1,obs
241,Macroglossum stellatarum,Limonium sp.,1,0.5726528601931558,0,Dune system 1,obs
242,Macroglossum stellatarum,Salvia rosmarinus,0,0.500000013436996,0,Dune system 1,obs
243,Macroglossum stellatarum,Sedum sediforme,0,0.5284246161299578,0,Dune system 1,obs
244,Macroglossum stellatarum,Teucrium capitatum,0,0.514223816330521,0,Dune system 1,obs
245,Meligethes sp.,Asteriscus aquaticus,0,0.514223816330521,0,Dune system 1,obs
246,Meligethes sp.,Cakile maritima,0,0.6253209290199297,0,Dune system 1,obs
247,Meligethes sp.,Daucus carota,0,0.7246168617260806,1,Dune system 1,obs
248,Meligethes sp.,Limonium sp.,1,0.5726528601931558,0,Dune system 1,obs
249,Meligethes sp.,Salvia rosmarinus,0,0.500000013436996,0,Dune system 1,obs
250,Meligethes sp.,Sedum sediforme,0,0.5284246161299578,0,Dune system 1,obs
251,Meligethes sp.,Teucrium capitatum,0,0.514223816330521,0,Dune system 1,obs
252,Stenopterus sp.,Asteriscus aquaticus,0,0.514223816330521,0,Dune system 1,obs
253,Stenopterus sp.,Cakile maritima,0,0.6253209290199297,0,Dune system 1,obs
254,Stenopterus sp.,Daucus carota,0,0.7246168617260806,1,Dune system 1,obs
255,Stenopterus sp.,Limonium sp.,1,0.5726528601931558,0,Dune system 1,obs
256,Stenopterus sp.,Salvia rosmarinus,0,0.500000013436996,0,Dune system 1,obs
257,Stenopterus sp.,Sedum sediforme,0,0.5284246161299578,0,Dune system 1,obs
258,Stenopterus sp.,Teucrium capitatum,0,0.514223816330521,0,Dune system 1,obs
259,Thyridanthrax elegans,Asteriscus aquaticus,0,0.514223816330521,0,Dune system 1,obs
260,Thyridanthrax elegans,Cakile maritima,0,0.6253209290199297,0,Dune system 1,obs
261,Thyridanthrax elegans,Daucus carota,0,0.7246168617260806,1,Dune system 1,obs
262,Thyridanthrax elegans,Limonium sp.,1,0.5726528601931558,0,Dune system 1,obs
263,Thyridanthrax elegans,Salvia rosmarinus,0,0.500000013436996,0,Dune system 1,obs
264,Thyridanthrax elegans,Sedum sediforme,0,0.5284246161299578,0,Dune system 1,obs
265,Thyridanthrax elegans,Teucrium capitatum,0,0.514223816330521,0,Dune system 1,obs
266,Vanessa cardui,Asteriscus aquaticus,0,0.5982969193931601,0,Dune system 1,obs
267,Vanessa cardui,Cakile maritima,0,0.701334027758455,1,Dune system 1,obs
268,Vanessa cardui,Daucus carota,0,0.7873362296274055,1,Dune system 1,obs
269,Vanessa cardui,Limonium sp.,1,0.6534290432025001,0,Dune system 1,obs
270,Vanessa cardui,Salvia rosmarinus,0,0.5845459502015167,0,Dune system 1,obs
271,Vanessa cardui,Sedum sediforme,0,0.6118949359896821,0,Dune system 1,obs
272,Vanessa cardui,Teucrium capitatum,1,0.5020325220066872,0,Dune system 1,obs
273,Anthomyiidae sp.,Asteriscus aquaticus,0,0.514223816330521,0,Dune system 1,obs
274,Anthomyiidae sp.,Cakile maritima,0,0.6253209290199297,0,Dune system 1,obs
275,Anthomyiidae sp.,Daucus carota,0,0.7246168617260806,1,Dune system 1,obs
276,Anthomyiidae sp.,Limonium sp.,0,0.6643916279937605,0,Dune system 1,obs
277,Anthomyiidae sp.,Salvia rosmarinus,1,0.5,0,Dune system 1,obs
278,Anthomyiidae sp.,Sedum sediforme,0,0.5284246161299578,0,Dune system 1,obs
279,Anthomyiidae sp.,Teucrium capitatum,0,0.514223816330521,0,Dune system 1,obs
280,Megachile sp.,Asteriscus aquaticus,0,0.514223816330521,0,Dune system 1,obs
281,Megachile sp.,Cakile maritima,0,0.6253209290199297,0,Dune system 1,obs
282,Megachile sp.,Daucus carota,0,0.7246168617260806,1,Dune system 1,obs
283,Megachile sp.,Limonium sp.,0,0.6643916279937605,0,Dune system 1,obs
284,Megachile sp.,Salvia rosmarinus,0,0.500000013436996,0,Dune system 1,obs
285,Megachile sp.,Sedum sediforme,1,0.5,0,Dune system 1,obs
286,Megachile sp.,Teucrium capitatum,0,0.514223816330521,0,Dune system 1,obs
287,Cheilosia latifrons,Asteriscus aquaticus,0,0.514223816330521,0,Dune system 1,obs
288,Cheilosia latifrons,Cakile maritima,0,0.6253209290199297,0,Dune system 1,obs
289,Cheilosia latifrons,Daucus carota,0,0.7246168617260806,1,Dune system 1,obs
290,Cheilosia latifrons,Limonium sp.,0,0.6643916279937605,0,Dune system 1,obs
291,Cheilosia latifrons,Salvia rosmarinus,0,0.500000013436996,0,Dune system 1,obs
292,Cheilosia latifrons,Sedum sediforme,0,0.5284246161299578,0,Dune system 1,obs
293,Cheilosia latifrons,Teucrium capitatum,1,0.5,0,Dune system 1,obs
0,Exoprosopa cf. bowdeni,Asteriscus aquaticus,1,0.7701754795285498,1,Dune system 2,obs
1,Exoprosopa cf. bowdeni,Cakile maritima,1,0.9670686678477552,1,Dune system 2,obs
2,Exoprosopa cf. bowdeni,Limonium sp.,1,0.8204471407529423,1,Dune system 2,obs
3,Exoprosopa cf. bowdeni,Teucrium capitatum,1,0.8689233742707684,1,Dune system 2,obs
4,Lasioglossum sp.,Asteriscus aquaticus,1,0.7701754795285498,1,Dune system 2,obs
5,Lasioglossum sp.,Cakile maritima,1,0.9670686678477552,1,Dune system 2,obs
6,Lasioglossum sp.,Limonium sp.,1,0.8204471407529423,1,Dune system 2,obs
7,Lasioglossum sp.,Teucrium capitatum,1,0.8689233742707684,1,Dune system 2,obs
8,Megaselia sp.,Asteriscus aquaticus,1,0.6288138314215763,0,Dune system 2,obs
9,Megaselia sp.,Cakile maritima,1,0.9368892769257823,1,Dune system 2,obs
10,Megaselia sp.,Limonium sp.,0,0.8271971155487583,1,Dune system 2,obs
11,Megaselia sp.,Teucrium capitatum,1,0.7701754799060782,1,Dune system 2,obs
12,Monomorium sp,Asteriscus aquaticus,1,0.5,0,Dune system 2,obs
13,Monomorium sp,Cakile maritima,1,0.8824152804996107,1,Dune system 2,obs
14,Monomorium sp,Limonium sp.,0,0.7075926248248727,1,Dune system 2,obs
15,Monomorium sp,Teucrium capitatum,0,0.7783046611753027,1,Dune system 2,obs
16,Anaspis sp.,Asteriscus aquaticus,0,0.7783046608072842,1,Dune system 2,obs
17,Anaspis sp.,Cakile maritima,1,0.9368892769257823,1,Dune system 2,obs
18,Anaspis sp.,Limonium sp.,1,0.6978770655353845,0,Dune system 2,obs
19,Anaspis sp.,Teucrium capitatum,1,0.7701754799060782,1,Dune system 2,obs
20,Ancistrocerus ebusianus,Asteriscus aquaticus,0,0.639603381888749,0,Dune system 2,obs
21,Ancistrocerus ebusianus,Cakile maritima,1,0.8824152804996107,1,Dune system 2,obs
22,Ancistrocerus ebusianus,Limonium sp.,1,0.5386822767219068,0,Dune system 2,obs
23,Ancistrocerus ebusianus,Teucrium capitatum,0,0.7783046611753027,1,Dune system 2,obs
24,Anthomyia confusanea,Asteriscus aquaticus,0,0.5,0,Dune system 2,obs
25,Anthomyia confusanea,Cakile maritima,1,0.7913915252567526,1,Dune system 2,obs
26,Anthomyia confusanea,Limonium sp.,0,0.5502177536251224,0,Dune system 2,obs
27,Anthomyia confusanea,Teucrium capitatum,0,0.6396034684189373,0,Dune system 2,obs
28,Anthomyiidae sp.,Asteriscus aquaticus,0,0.5,0,Dune system 2,obs
29,Anthomyiidae sp.,Cakile maritima,1,0.7913915252567526,1,Dune system 2,obs
30,Anthomyiidae sp.,Limonium sp.,0,0.5502177536251224,0,Dune system 2,obs
31,Anthomyiidae sp.,Teucrium capitatum,0,0.6396034684189373,0,Dune system 2,obs
32,Anthophora balearica,Asteriscus aquaticus,0,0.5,0,Dune system 2,obs
33,Anthophora balearica,Cakile maritima,1,0.7913915252567526,1,Dune system 2,obs
34,Anthophora balearica,Limonium sp.,0,0.5502177536251224,0,Dune system 2,obs
35,Anthophora balearica,Teucrium capitatum,0,0.6396034684189373,0,Dune system 2,obs
36,Autographa gamma,Asteriscus aquaticus,0,0.5,0,Dune system 2,obs
37,Autographa gamma,Cakile maritima,1,0.7913915252567526,1,Dune system 2,obs
38,Autographa gamma,Limonium sp.,0,0.5502177536251224,0,Dune system 2,obs
39,Autographa gamma,Teucrium capitatum,0,0.6396034684189373,0,Dune system 2,obs
40,Colias crocea,Asteriscus aquaticus,0,0.5,0,Dune system 2,obs
41,Colias crocea,Cakile maritima,1,0.7913915252567526,1,Dune system 2,obs
42,Colias crocea,Limonium sp.,0,0.5502177536251224,0,Dune system 2,obs
43,Colias crocea,Teucrium capitatum,0,0.6396034684189373,0,Dune system 2,obs
44,Dasytes nigroaeneus,Asteriscus aquaticus,0,0.5,0,Dune system 2,obs
45,Dasytes nigroaeneus,Cakile maritima,1,0.7913915252567526,1,Dune system 2,obs
46,Dasytes nigroaeneus,Limonium sp.,0,0.5502177536251224,0,Dune system 2,obs
47,Dasytes nigroaeneus,Teucrium capitatum,0,0.6396034684189373,0,Dune system 2,obs
48,Episyrphus balteatus,Asteriscus aquaticus,0,0.5,0,Dune system 2,obs
49,Episyrphus balteatus,Cakile maritima,1,0.7913915252567526,1,Dune system 2,obs
50,Episyrphus balteatus,Limonium sp.,0,0.5502177536251224,0,Dune system 2,obs
51,Episyrphus balteatus,Teucrium capitatum,0,0.6396034684189373,0,Dune system 2,obs
52,Eumenes dubius,Asteriscus aquaticus,0,0.639603381888749,0,Dune system 2,obs
53,Eumenes dubius,Cakile maritima,1,0.8824152804996107,1,Dune system 2,obs
54,Eumenes dubius,Limonium sp.,1,0.5386822767219068,0,Dune system 2,obs
55,Eumenes dubius,Teucrium capitatum,0,0.7783046611753027,1,Dune system 2,obs
56,Eupeodes corollae,Asteriscus aquaticus,0,0.7783046608072842,1,Dune system 2,obs
57,Eupeodes corollae,Cakile maritima,1,0.9368892769257823,1,Dune system 2,obs
58,Eupeodes corollae,Limonium sp.,1,0.6978770655353845,0,Dune system 2,obs
59,Eupeodes corollae,Teucrium capitatum,1,0.7701754799060782,1,Dune system 2,obs
60,Hydrellia sp,Asteriscus aquaticus,0,0.5,0,Dune system 2,obs
61,Hydrellia sp,Cakile maritima,1,0.7913915252567526,1,Dune system 2,obs
62,Hydrellia sp,Limonium sp.,0,0.5502177536251224,0,Dune system 2,obs
63,Hydrellia sp,Teucrium capitatum,0,0.6396034684189373,0,Dune system 2,obs
64,Hylaeus imparilis,Asteriscus aquaticus,0,0.5,0,Dune system 2,obs
65,Hylaeus imparilis,Cakile maritima,1,0.7913915252567526,1,Dune system 2,obs
66,Hylaeus imparilis,Limonium sp.,0,0.5502177536251224,0,Dune system 2,obs
67,Hylaeus imparilis,Teucrium capitatum,0,0.6396034684189373,0,Dune system 2,obs
68,Lasiommata megera,Asteriscus aquaticus,0,0.5,0,Dune system 2,obs
69,Lasiommata megera,Cakile maritima,1,0.7913915252567526,1,Dune system 2,obs
70,Lasiommata megera,Limonium sp.,0,0.5502177536251224,0,Dune system 2,obs
71,Lasiommata megera,Teucrium capitatum,0,0.6396034684189373,0,Dune system 2,obs
72,Lucilia silvarum,Asteriscus aquaticus,0,0.5,0,Dune system 2,obs
73,Lucilia silvarum,Cakile maritima,1,0.7913915252567526,1,Dune system 2,obs
74,Lucilia silvarum,Limonium sp.,0,0.5502177536251224,0,Dune system 2,obs
75,Lucilia silvarum,Teucrium capitatum,0,0.6396034684189373,0,Dune system 2,obs
76,Lydella nigrescens,Asteriscus aquaticus,0,0.5,0,Dune system 2,obs
77,Lydella nigrescens,Cakile maritima,1,0.7913915252567526,1,Dune system 2,obs
78,Lydella nigrescens,Limonium sp.,0,0.5502177536251224,0,Dune system 2,obs
79,Lydella nigrescens,Teucrium capitatum,0,0.6396034684189373,0,Dune system 2,obs
80,Lydella thompsoni,Asteriscus aquaticus,0,0.5,0,Dune system 2,obs
81,Lydella thompsoni,Cakile maritima,1,0.7913915252567526,1,Dune system 2,obs
82,Lydella thompsoni,Limonium sp.,0,0.5502177536251224,0,Dune system 2,obs
83,Lydella thompsoni,Teucrium capitatum,0,0.6396034684189373,0,Dune system 2,obs
84,Meligethes sp.,Asteriscus aquaticus,0,0.5,0,Dune system 2,obs
85,Meligethes sp.,Cakile maritima,1,0.7913915252567526,1,Dune system 2,obs
86,Meligethes sp.,Limonium sp.,0,0.5502177536251224,0,Dune system 2,obs
87,Meligethes sp.,Teucrium capitatum,0,0.6396034684189373,0,Dune system 2,obs
88,Meliscaeva auricollis,Asteriscus aquaticus,0,0.5,0,Dune system 2,obs
89,Meliscaeva auricollis,Cakile maritima,1,0.7913915252567526,1,Dune system 2,obs
90,Meliscaeva auricollis,Limonium sp.,0,0.5502177536251224,0,Dune system 2,obs
91,Meliscaeva auricollis,Teucrium capitatum,0,0.6396034684189373,0,Dune system 2,obs
92,Microdiptera sp1.,Asteriscus aquaticus,0,0.639603381888749,0,Dune system 2,obs
93,Microdiptera sp1.,Cakile maritima,1,0.8824152804996107,1,Dune system 2,obs
94,Microdiptera sp1.,Limonium sp.,0,0.7075926248248727,1,Dune system 2,obs
95,Microdiptera sp1.,Teucrium capitatum,1,0.628813919038916,0,Dune system 2,obs
96,Mordellistena sp.,Asteriscus aquaticus,0,0.5,0,Dune system 2,obs
97,Mordellistena sp.,Cakile maritima,1,0.7913915252567526,1,Dune system 2,obs
98,Mordellistena sp.,Limonium sp.,0,0.5502177536251224,0,Dune system 2,obs
99,Mordellistena sp.,Teucrium capitatum,0,0.6396034684189373,0,Dune system 2,obs
100,Musca domestica,Asteriscus aquaticus,0,0.639603381888749,0,Dune system 2,obs
101,Musca domestica,Cakile maritima,1,0.8824152804996107,1,Dune system 2,obs
102,Musca domestica,Limonium sp.,0,0.7075926248248727,1,Dune system 2,obs
103,Musca domestica,Teucrium capitatum,1,0.628813919038916,0,Dune system 2,obs
104,Phthiria sp.,Asteriscus aquaticus,0,0.639603381888749,0,Dune system 2,obs
105,Phthiria sp.,Cakile maritima,1,0.8824152804996107,1,Dune system 2,obs
106,Phthiria sp.,Limonium sp.,0,0.7075926248248727,1,Dune system 2,obs
107,Phthiria sp.,Teucrium capitatum,1,0.628813919038916,0,Dune system 2,obs
108,Pieris rapae,Asteriscus aquaticus,0,0.5,0,Dune system 2,obs
109,Pieris rapae,Cakile maritima,1,0.7913915252567526,1,Dune system 2,obs
110,Pieris rapae,Limonium sp.,0,0.5502177536251224,0,Dune system 2,obs
111,Pieris rapae,Teucrium capitatum,0,0.6396034684189373,0,Dune system 2,obs
112,Platypalpus sp.,Asteriscus aquaticus,0,0.639603381888749,0,Dune system 2,obs
113,Platypalpus sp.,Cakile maritima,1,0.8824152804996107,1,Dune system 2,obs
114,Platypalpus sp.,Limonium sp.,0,0.7075926248248727,1,Dune system 2,obs
115,Platypalpus sp.,Teucrium capitatum,1,0.628813919038916,0,Dune system 2,obs
116,Podarcis lilfordi,Asteriscus aquaticus,0,0.5,0,Dune system 2,obs
117,Podarcis lilfordi,Cakile maritima,1,0.7913915252567526,1,Dune system 2,obs
118,Podarcis lilfordi,Limonium sp.,0,0.5502177536251224,0,Dune system 2,obs
119,Podarcis lilfordi,Teucrium capitatum,0,0.6396034684189373,0,Dune system 2,obs
120,Pyrellia vivida,Asteriscus aquaticus,0,0.5,0,Dune system 2,obs
121,Pyrellia vivida,Cakile maritima,1,0.7913915252567526,1,Dune system 2,obs
122,Pyrellia vivida,Limonium sp.,0,0.5502177536251224,0,Dune system 2,obs
123,Pyrellia vivida,Teucrium capitatum,0,0.6396034684189373,0,Dune system 2,obs
124,Sarcophaga sp.,Asteriscus aquaticus,0,0.639603381888749,0,Dune system 2,obs
125,Sarcophaga sp.,Cakile maritima,1,0.8824152804996107,1,Dune system 2,obs
126,Sarcophaga sp.,Limonium sp.,0,0.7075926248248727,1,Dune system 2,obs
127,Sarcophaga sp.,Teucrium capitatum,1,0.628813919038916,0,Dune system 2,obs
128,Sphaeroceridae sp,Asteriscus aquaticus,0,0.5,0,Dune system 2,obs
129,Sphaeroceridae sp,Cakile maritima,1,0.7913915252567526,1,Dune system 2,obs
130,Sphaeroceridae sp,Limonium sp.,0,0.5502177536251224,0,Dune system 2,obs
131,Sphaeroceridae sp,Teucrium capitatum,0,0.6396034684189373,0,Dune system 2,obs
132,Sphaerophoria sp.,Asteriscus aquaticus,0,0.639603381888749,0,Dune system 2,obs
133,Sphaerophoria sp.,Cakile maritima,1,0.8824152804996107,1,Dune system 2,obs
134,Sphaerophoria sp.,Limonium sp.,1,0.5386822767219068,0,Dune system 2,obs
135,Sphaerophoria sp.,Teucrium capitatum,0,0.7783046611753027,1,Dune system 2,obs
136,Spilostethus pandurus,Asteriscus aquaticus,0,0.639603381888749,0,Dune system 2,obs
137,Spilostethus pandurus,Cakile maritima,1,0.8824152804996107,1,Dune system 2,obs
138,Spilostethus pandurus,Limonium sp.,0,0.7075926248248727,1,Dune system 2,obs
139,Spilostethus pandurus,Teucrium capitatum,1,0.628813919038916,0,Dune system 2,obs
140,Stomorhina lunata,Asteriscus aquaticus,0,0.5,0,Dune system 2,obs
141,Stomorhina lunata,Cakile maritima,1,0.7913915252567526,1,Dune system 2,obs
142,Stomorhina lunata,Limonium sp.,0,0.5502177536251224,0,Dune system 2,obs
143,Stomorhina lunata,Teucrium capitatum,0,0.6396034684189373,0,Dune system 2,obs
144,Tachysphex obscuripennis,Asteriscus aquaticus,0,0.5,0,Dune system 2,obs
145,Tachysphex obscuripennis,Cakile maritima,1,0.7913915252567526,1,Dune system 2,obs
146,Tachysphex obscuripennis,Limonium sp.,0,0.5502177536251224,0,Dune system 2,obs
147,Tachysphex obscuripennis,Teucrium capitatum,0,0.6396034684189373,0,Dune system 2,obs
148,Tapinoma nigerrinum,Asteriscus aquaticus,0,0.5,0,Dune system 2,obs
149,Tapinoma nigerrinum,Cakile maritima,1,0.7913915252567526,1,Dune system 2,obs
150,Tapinoma nigerrinum,Limonium sp.,0,0.5502177536251224,0,Dune system 2,obs
151,Tapinoma nigerrinum,Teucrium capitatum,0,0.6396034684189373,0,Dune system 2,obs
152,Vanessa cardui,Asteriscus aquaticus,0,0.639603381888749,0,Dune system 2,obs
153,Vanessa cardui,Cakile maritima,1,0.8824152804996107,1,Dune system 2,obs
154,Vanessa cardui,Limonium sp.,1,0.5386822767219068,0,Dune system 2,obs
155,Vanessa cardui,Teucrium capitatum,0,0.7783046611753027,1,Dune system 2,obs
156,Clairvillia pninae,Asteriscus aquaticus,0,0.5,0,Dune system 2,obs
157,Clairvillia pninae,Cakile maritima,0,0.8871560816120563,1,Dune system 2,obs
158,Clairvillia pninae,Limonium sp.,1,0.5,0,Dune system 2,obs
159,Clairvillia pninae,Teucrium capitatum,0,0.6396034684189373,0,Dune system 2,obs
160,Eristalis similis,Asteriscus aquaticus,0,0.5,0,Dune system 2,obs
161,Eristalis similis,Cakile maritima,0,0.8871560816120563,1,Dune system 2,obs
162,Eristalis similis,Limonium sp.,0,0.5502177536251224,0,Dune system 2,obs
163,Eristalis similis,Teucrium capitatum,1,0.5,0,Dune system 2,obs
164,Gonepterix cleopatra,Asteriscus aquaticus,0,0.5,0,Dune system 2,obs
165,Gonepterix cleopatra,Cakile maritima,0,0.8871560816120563,1,Dune system 2,obs
166,Gonepterix cleopatra,Limonium sp.,0,0.5502177536251224,0,Dune system 2,obs
167,Gonepterix cleopatra,Teucrium capitatum,1,0.5,0,Dune system 2,obs
168,Macroglossum stellatarum,Asteriscus aquaticus,0,0.5,0,Dune system 2,obs
169,Macroglossum stellatarum,Cakile maritima,0,0.8871560816120563,1,Dune system 2,obs
170,Macroglossum stellatarum,Limonium sp.,0,0.5502177536251224,0,Dune system 2,obs
171,Macroglossum stellatarum,Teucrium capitatum,1,0.5,0,Dune system 2,obs
172,Vanessa atalanta,Asteriscus aquaticus,0,0.5,0,Dune system 2,obs
173,Vanessa atalanta,Cakile maritima,0,0.8871560816120563,1,Dune system 2,obs
174,Vanessa atalanta,Limonium sp.,0,0.5502177536251224,0,Dune system 2,obs
175,Vanessa atalanta,Teucrium capitatum,1,0.5,0,Dune system 2,obs
0,Anthophora balearica,Asphodelus fistulosus,1,0.8381387509126274,1,Pine forest 1,obs
1,Anthophora balearica,Cistus monspeliensis,1,0.9624729546438051,1,Pine forest 1,obs
2,Anthophora balearica,Euphorbia serrata,1,0.898236095801459,1,Pine forest 1,obs
3,Anthophora balearica,Globularia alypum,1,0.7177510118778282,1,Pine forest 1,obs
4,Eristalis similis,Asphodelus fistulosus,1,0.5553280735789732,0,Pine forest 1,obs
5,Eristalis similis,Cistus monspeliensis,1,0.8608325599463387,1,Pine forest 1,obs
6,Eristalis similis,Euphorbia serrata,0,0.8320183673620385,1,Pine forest 1,obs
7,Eristalis similis,Globularia alypum,0,0.5879641223938636,0,Pine forest 1,obs
8,Eupeodes corollae,Asphodelus fistulosus,1,0.7177510376377783,1,Pine forest 1,obs
9,Eupeodes corollae,Cistus monspeliensis,1,0.9264458100677511,1,Pine forest 1,obs
10,Eupeodes corollae,Euphorbia serrata,1,0.8125501876367389,1,Pine forest 1,obs
11,Eupeodes corollae,Globularia alypum,0,0.7439624489378703,1,Pine forest 1,obs
12,Lasioglossum sp.,Asphodelus fistulosus,1,0.5553280735789732,0,Pine forest 1,obs
13,Lasioglossum sp.,Cistus monspeliensis,0,0.9350308192845399,1,Pine forest 1,obs
14,Lasioglossum sp.,Euphorbia serrata,1,0.6803880292223238,0,Pine forest 1,obs
15,Lasioglossum sp.,Globularia alypum,0,0.5879641223938636,0,Pine forest 1,obs
16,Platypalpus sp.,Asphodelus fistulosus,1,0.5553280735789732,0,Pine forest 1,obs
17,Platypalpus sp.,Cistus monspeliensis,0,0.9350308192845399,1,Pine forest 1,obs
18,Platypalpus sp.,Euphorbia serrata,1,0.6803880292223238,0,Pine forest 1,obs
19,Platypalpus sp.,Globularia alypum,0,0.5879641223938636,0,Pine forest 1,obs
20,Anaspis sp.,Asphodelus fistulosus,0,0.7439624731589495,1,Pine forest 1,obs
21,Anaspis sp.,Cistus monspeliensis,1,0.8608325599463387,1,Pine forest 1,obs
22,Anaspis sp.,Euphorbia serrata,1,0.6803880292223238,0,Pine forest 1,obs
23,Anaspis sp.,Globularia alypum,0,0.5879641223938636,0,Pine forest 1,obs
24,Ancistrocerus ebusianus,Asphodelus fistulosus,0,0.5879641531991094,0,Pine forest 1,obs
25,Ancistrocerus ebusianus,Cistus monspeliensis,1,0.7523362265023318,1,Pine forest 1,obs
26,Ancistrocerus ebusianus,Euphorbia serrata,0,0.708660833780379,1,Pine forest 1,obs
27,Ancistrocerus ebusianus,Globularia alypum,0,0.5,0,Pine forest 1,obs
28,Dasytes nigroaeneus,Asphodelus fistulosus,0,0.7439624731589495,1,Pine forest 1,obs
29,Dasytes nigroaeneus,Cistus monspeliensis,1,0.8608325599463387,1,Pine forest 1,obs
30,Dasytes nigroaeneus,Euphorbia serrata,1,0.6803880292223238,0,Pine forest 1,obs
31,Dasytes nigroaeneus,Globularia alypum,0,0.5879641223938636,0,Pine forest 1,obs
32,Exoprosopa cf. bowdeni,Asphodelus fistulosus,0,0.5879641531991094,0,Pine forest 1,obs
33,Exoprosopa cf. bowdeni,Cistus monspeliensis,1,0.7523362265023318,1,Pine forest 1,obs
34,Exoprosopa cf. bowdeni,Euphorbia serrata,0,0.708660833780379,1,Pine forest 1,obs
35,Exoprosopa cf. bowdeni,Globularia alypum,0,0.5,0,Pine forest 1,obs
36,Lydella nigrescens,Asphodelus fistulosus,0,0.5879641531991094,0,Pine forest 1,obs
37,Lydella nigrescens,Cistus monspeliensis,1,0.7523362265023318,1,Pine forest 1,obs
38,Lydella nigrescens,Euphorbia serrata,0,0.708660833780379,1,Pine forest 1,obs
39,Lydella nigrescens,Globularia alypum,0,0.5,0,Pine forest 1,obs
40,Melanostoma scalare,Asphodelus fistulosus,0,0.5879641531991094,0,Pine forest 1,obs
41,Melanostoma scalare,Cistus monspeliensis,1,0.7523362265023318,1,Pine forest 1,obs
42,Melanostoma scalare,Euphorbia serrata,0,0.708660833780379,1,Pine forest 1,obs
43,Melanostoma scalare,Globularia alypum,0,0.5,0,Pine forest 1,obs
44,Meligethes sp.,Asphodelus fistulosus,0,0.7439624731589495,1,Pine forest 1,obs
45,Meligethes sp.,Cistus monspeliensis,1,0.8608325599463387,1,Pine forest 1,obs
46,Meligethes sp.,Euphorbia serrata,1,0.6803880292223238,0,Pine forest 1,obs
47,Meligethes sp.,Globularia alypum,0,0.5879641223938636,0,Pine forest 1,obs
48,Meliscaeva auricollis,Asphodelus fistulosus,0,0.5879641531991094,0,Pine forest 1,obs
49,Meliscaeva auricollis,Cistus monspeliensis,1,0.7523362265023318,1,Pine forest 1,obs
50,Meliscaeva auricollis,Euphorbia serrata,0,0.708660833780379,1,Pine forest 1,obs
51,Meliscaeva auricollis,Globularia alypum,0,0.5,0,Pine forest 1,obs
52,Musca domestica,Asphodelus fistulosus,0,0.7439624731589495,1,Pine forest 1,obs
53,Musca domestica,Cistus monspeliensis,1,0.8608325599463387,1,Pine forest 1,obs
54,Musca domestica,Euphorbia serrata,1,0.6803880292223238,0,Pine forest 1,obs
55,Musca domestica,Globularia alypum,0,0.5879641223938636,0,Pine forest 1,obs
56,Phyto melanocephala,Asphodelus fistulosus,0,0.5879641531991094,0,Pine forest 1,obs
57,Phyto melanocephala,Cistus monspeliensis,1,0.7523362265023318,1,Pine forest 1,obs
58,Phyto melanocephala,Euphorbia serrata,0,0.708660833780379,1,Pine forest 1,obs
59,Phyto melanocephala,Globularia alypum,0,0.5,0,Pine forest 1,obs
60,Pyrellia vivida,Asphodelus fistulosus,0,0.5879641531991094,0,Pine forest 1,obs
61,Pyrellia vivida,Cistus monspeliensis,1,0.7523362265023318,1,Pine forest 1,obs
62,Pyrellia vivida,Euphorbia serrata,0,0.708660833780379,1,Pine forest 1,obs
63,Pyrellia vivida,Globularia alypum,0,0.5,0,Pine forest 1,obs
0,Anthophora balearica,Asphodelus fistulosus,1,0.5,0,Pine forest 2,obs
1,Anthophora balearica,Blackstonia perfoliata,0,0.63799366992740425,0,Pine forest 2,obs
2,Anthophora balearica,Cistus monspeliensis,0,0.934010990090553,1,Pine forest 2,obs
3,Anthophora balearica,Fumana ericoides,1,0.5785117064515323,0,Pine forest 2,obs
4,Anthophora balearica,Globularia alypum,0,0.6570104619252036,0,Pine forest 2,obs
5,Eupeodes corollae,Asphodelus fistulosus,0,0.7143624279886196,1,Pine forest 2,obs
6,Eupeodes corollae,Blackstonia perfoliata,1,0.622459330455424,0,Pine forest 2,obs
7,Eupeodes corollae,Cistus monspeliensis,1,0.9297812077264265,1,Pine forest 2,obs
8,Eupeodes corollae,Fumana ericoides,0,0.804815321693427,1,Pine forest 2,obs
9,Eupeodes corollae,Globularia alypum,1,0.6418340443253755,0,Pine forest 2,obs
10,Musca domestica,Asphodelus fistulosus,0,0.5986875525807561,0,Pine forest 2,obs
11,Musca domestica,Blackstonia perfoliata,1,0.5,0,Pine forest 2,obs
12,Musca domestica,Cistus monspeliensis,1,0.8876208549431376,1,Pine forest 2,obs
13,Musca domestica,Fumana ericoides,0,0.7109495018536073,1,Pine forest 2,obs
14,Musca domestica,Globularia alypum,0,0.6570104619252036,0,Pine forest 2,obs
15,Unknown insect,Asphodelus fistulosus,0,0.5,0,Pine forest 2,obs
16,Unknown insect,Blackstonia perfoliata,1,0.5,0,Pine forest 2,obs
17,Unknown insect,Cistus monspeliensis,0,0.8941010038623407,1,Pine forest 2,obs
18,Unknown insect,Fumana ericoides,0,0.5946768371398474,0,Pine forest 2,obs
19,Unknown insect,Globularia alypum,0,0.5332840828090486,0,Pine forest 2,obs
20,Anaspis sp.,Asphodelus fistulosus,0,0.5,0,Pine forest 2,obs
21,Anaspis sp.,Blackstonia perfoliata,0,0.5124974468035312,0,Pine forest 2,obs
22,Anaspis sp.,Cistus monspeliensis,1,0.8249137803173979,1,Pine forest 2,obs
23,Anaspis sp.,Fumana ericoides,0,0.5946768371398474,0,Pine forest 2,obs
24,Anaspis sp.,Globularia alypum,0,0.5332840828090486,0,Pine forest 2,obs
25,Ancistrocerus ebusianus,Asphodelus fistulosus,0,0.5,0,Pine forest 2,obs
26,Ancistrocerus ebusianus,Blackstonia perfoliata,0,0.5124974468035312,0,Pine forest 2,obs
27,Ancistrocerus ebusianus,Cistus monspeliensis,1,0.8249137803173979,1,Pine forest 2,obs
28,Ancistrocerus ebusianus,Fumana ericoides,0,0.5946768371398474,0,Pine forest 2,obs
29,Ancistrocerus ebusianus,Globularia alypum,0,0.5332840828090486,0,Pine forest 2,obs
30,Anthomyia confusanea,Asphodelus fistulosus,0,0.5,0,Pine forest 2,obs
31,Anthomyia confusanea,Blackstonia perfoliata,0,0.5124974468035312,0,Pine forest 2,obs
32,Anthomyia confusanea,Cistus monspeliensis,1,0.8249137803173979,1,Pine forest 2,obs
33,Anthomyia confusanea,Fumana ericoides,0,0.5946768371398474,0,Pine forest 2,obs
34,Anthomyia confusanea,Globularia alypum,0,0.5332840828090486,0,Pine forest 2,obs
35,Anthomyiidae sp.,Asphodelus fistulosus,0,0.5,0,Pine forest 2,obs
36,Anthomyiidae sp.,Blackstonia perfoliata,0,0.5124974468035312,0,Pine forest 2,obs
37,Anthomyiidae sp.,Cistus monspeliensis,1,0.8249137803173979,1,Pine forest 2,obs
38,Anthomyiidae sp.,Fumana ericoides,0,0.5946768371398474,0,Pine forest 2,obs
39,Anthomyiidae sp.,Globularia alypum,0,0.5332840828090486,0,Pine forest 2,obs
40,Dasytes nigroaeneus,Asphodelus fistulosus,0,0.5,0,Pine forest 2,obs
41,Dasytes nigroaeneus,Blackstonia perfoliata,0,0.5124974468035312,0,Pine forest 2,obs
42,Dasytes nigroaeneus,Cistus monspeliensis,1,0.8249137803173979,1,Pine forest 2,obs
43,Dasytes nigroaeneus,Fumana ericoides,0,0.5946768371398474,0,Pine forest 2,obs
44,Dasytes nigroaeneus,Globularia alypum,0,0.5332840828090486,0,Pine forest 2,obs
45,Episyrphus balteatus,Asphodelus fistulosus,0,0.5,0,Pine forest 2,obs
46,Episyrphus balteatus,Blackstonia perfoliata,0,0.5124974468035312,0,Pine forest 2,obs
47,Episyrphus balteatus,Cistus monspeliensis,1,0.8249137803173979,1,Pine forest 2,obs
48,Episyrphus balteatus,Fumana ericoides,0,0.5946768371398474,0,Pine forest 2,obs
49,Episyrphus balteatus,Globularia alypum,0,0.5332840828090486,0,Pine forest 2,obs
50,Eristalis similis,Asphodelus fistulosus,0,0.5986875525807561,0,Pine forest 2,obs
51,Eristalis similis,Blackstonia perfoliata,0,0.63799366992740425,0,Pine forest 2,obs
52,Eristalis similis,Cistus monspeliensis,1,0.8876208549431376,1,Pine forest 2,obs
53,Eristalis similis,Fumana ericoides,1,0.5785117064515323,0,Pine forest 2,obs
54,Eristalis similis,Globularia alypum,0,0.6570104619252036,0,Pine forest 2,obs
55,Exoprosopa cf. bowdeni,Asphodelus fistulosus,0,0.5,0,Pine forest 2,obs
56,Exoprosopa cf. bowdeni,Blackstonia perfoliata,0,0.5124974468035312,0,Pine forest 2,obs
57,Exoprosopa cf. bowdeni,Cistus monspeliensis,1,0.8249137803173979,1,Pine forest 2,obs
58,Exoprosopa cf. bowdeni,Fumana ericoides,0,0.5946768371398474,0,Pine forest 2,obs
59,Exoprosopa cf. bowdeni,Globularia alypum,0,0.5332840828090486,0,Pine forest 2,obs
60,Hydrellia sp,Asphodelus fistulosus,0,0.5,0,Pine forest 2,obs
61,Hydrellia sp,Blackstonia perfoliata,0,0.5124974468035312,0,Pine forest 2,obs
62,Hydrellia sp,Cistus monspeliensis,1,0.8249137803173979,1,Pine forest 2,obs
63,Hydrellia sp,Fumana ericoides,0,0.5946768371398474,0,Pine forest 2,obs
64,Hydrellia sp,Globularia alypum,0,0.5332840828090486,0,Pine forest 2,obs
65,Lasioglossum sp.,Asphodelus fistulosus,0,0.7143624279886196,1,Pine forest 2,obs
66,Lasioglossum sp.,Blackstonia perfoliata,0,0.747124265825004,1,Pine forest 2,obs
67,Lasioglossum sp.,Cistus monspeliensis,1,0.9297812077264265,1,Pine forest 2,obs
68,Lasioglossum sp.,Fumana ericoides,1,0.6970592831727368,0,Pine forest 2,obs
69,Lasioglossum sp.,Globularia alypum,1,0.6418340443253755,0,Pine forest 2,obs
70,Lydella nigrescens,Asphodelus fistulosus,0,0.5,0,Pine forest 2,obs
71,Lydella nigrescens,Blackstonia perfoliata,0,0.5124974468035312,0,Pine forest 2,obs
72,Lydella nigrescens,Cistus monspeliensis,1,0.8249137803173979,1,Pine forest 2,obs
73,Lydella nigrescens,Fumana ericoides,0,0.5946768371398474,0,Pine forest 2,obs
74,Lydella nigrescens,Globularia alypum,0,0.5332840828090486,0,Pine forest 2,obs
75,Lydella thompsoni,Asphodelus fistulosus,0,0.5,0,Pine forest 2,obs
76,Lydella thompsoni,Blackstonia perfoliata,0,0.5124974468035312,0,Pine forest 2,obs
77,Lydella thompsoni,Cistus monspeliensis,1,0.8249137803173979,1,Pine forest 2,obs
78,Lydella thompsoni,Fumana ericoides,0,0.5946768371398474,0,Pine forest 2,obs
79,Lydella thompsoni,Globularia alypum,0,0.5332840828090486,0,Pine forest 2,obs
80,Macroglossum stellatarum,Asphodelus fistulosus,0,0.5,0,Pine forest 2,obs
81,Macroglossum stellatarum,Blackstonia perfoliata,0,0.5124974468035312,0,Pine forest 2,obs
82,Macroglossum stellatarum,Cistus monspeliensis,1,0.8249137803173979,1,Pine forest 2,obs
83,Macroglossum stellatarum,Fumana ericoides,0,0.5946768371398474,0,Pine forest 2,obs
84,Macroglossum stellatarum,Globularia alypum,0,0.5332840828090486,0,Pine forest 2,obs
85,Meligethes sp.,Asphodelus fistulosus,0,0.5,0,Pine forest 2,obs
86,Meligethes sp.,Blackstonia perfoliata,0,0.5124974468035312,0,Pine forest 2,obs
87,Meligethes sp.,Cistus monspeliensis,1,0.8249137803173979,1,Pine forest 2,obs
88,Meligethes sp.,Fumana ericoides,0,0.5946768371398474,0,Pine forest 2,obs
89,Meligethes sp.,Globularia alypum,0,0.5332840828090486,0,Pine forest 2,obs
90,Meliscaeva auricollis,Asphodelus fistulosus,0,0.5,0,Pine forest 2,obs
91,Meliscaeva auricollis,Blackstonia perfoliata,0,0.5124974468035312,0,Pine forest 2,obs
92,Meliscaeva auricollis,Cistus monspeliensis,1,0.8249137803173979,1,Pine forest 2,obs
93,Meliscaeva auricollis,Fumana ericoides,0,0.5946768371398474,0,Pine forest 2,obs
94,Meliscaeva auricollis,Globularia alypum,0,0.5332840828090486,0,Pine forest 2,obs
95,Monomorium sp,Asphodelus fistulosus,0,0.5,0,Pine forest 2,obs
96,Monomorium sp,Blackstonia perfoliata,0,0.5124974468035312,0,Pine forest 2,obs
97,Monomorium sp,Cistus monspeliensis,1,0.8249137803173979,1,Pine forest 2,obs
98,Monomorium sp,Fumana ericoides,0,0.5946768371398474,0,Pine forest 2,obs
99,Monomorium sp,Globularia alypum,0,0.5332840828090486,0,Pine forest 2,obs
100,Phyto melanocephala,Asphodelus fistulosus,0,0.5,0,Pine forest 2,obs
101,Phyto melanocephala,Blackstonia perfoliata,0,0.5124974468035312,0,Pine forest 2,obs
102,Phyto melanocephala,Cistus monspeliensis,1,0.8249137803173979,1,Pine forest 2,obs
103,Phyto melanocephala,Fumana ericoides,0,0.5946768371398474,0,Pine forest 2,obs
104,Phyto melanocephala,Globularia alypum,0,0.5332840828090486,0,Pine forest 2,obs
105,Platypalpus sp.,Asphodelus fistulosus,0,0.5986875525807561,0,Pine forest 2,obs
106,Platypalpus sp.,Blackstonia perfoliata,0,0.63799366992740425,0,Pine forest 2,obs
107,Platypalpus sp.,Cistus monspeliensis,1,0.8876208549431376,1,Pine forest 2,obs
108,Platypalpus sp.,Fumana ericoides,1,0.5785117064515323,0,Pine forest 2,obs
109,Platypalpus sp.,Globularia alypum,0,0.6570104619252036,0,Pine forest 2,obs
110,Podarcis lilfordi,Asphodelus fistulosus,0,0.7143624279886196,1,Pine forest 2,obs
111,Podarcis lilfordi,Blackstonia perfoliata,0,0.747124265825004,1,Pine forest 2,obs
112,Podarcis lilfordi,Cistus monspeliensis,1,0.9297812077264265,1,Pine forest 2,obs
113,Podarcis lilfordi,Fumana ericoides,1,0.6970592831727368,0,Pine forest 2,obs
114,Podarcis lilfordi,Globularia alypum,1,0.6418340443253755,0,Pine forest 2,obs
115,Pyrellia vivida,Asphodelus fistulosus,0,0.5,0,Pine forest 2,obs
116,Pyrellia vivida,Blackstonia perfoliata,0,0.5124974468035312,0,Pine forest 2,obs
117,Pyrellia vivida,Cistus monspeliensis,1,0.8249137803173979,1,Pine forest 2,obs
118,Pyrellia vivida,Fumana ericoides,0,0.5946768371398474,0,Pine forest 2,obs
119,Pyrellia vivida,Globularia alypum,0,0.5332840828090486,0,Pine forest 2,obs
120,Sarcophaga sp.,Asphodelus fistulosus,0,0.5,0,Pine forest 2,obs
121,Sarcophaga sp.,Blackstonia perfoliata,0,0.5124974468035312,0,Pine forest 2,obs
122,Sarcophaga sp.,Cistus monspeliensis,1,0.8249137803173979,1,Pine forest 2,obs
123,Sarcophaga sp.,Fumana ericoides,0,0.5946768371398474,0,Pine forest 2,obs
124,Sarcophaga sp.,Globularia alypum,0,0.5332840828090486,0,Pine forest 2,obs
125,Spilostethus pandurus,Asphodelus fistulosus,0,0.5,0,Pine forest 2,obs
126,Spilostethus pandurus,Blackstonia perfoliata,0,0.5124974468035312,0,Pine forest 2,obs
127,Spilostethus pandurus,Cistus monspeliensis,1,0.8249137803173979,1,Pine forest 2,obs
128,Spilostethus pandurus,Fumana ericoides,0,0.5946768371398474,0,Pine forest 2,obs
129,Spilostethus pandurus,Globularia alypum,0,0.5332840828090486,0,Pine forest 2,obs
130,Tapinoma nigerrinum,Asphodelus fistulosus,0,0.5,0,Pine forest 2,obs
131,Tapinoma nigerrinum,Blackstonia perfoliata,0,0.5124974468035312,0,Pine forest 2,obs
132,Tapinoma nigerrinum,Cistus monspeliensis,1,0.8249137803173979,1,Pine forest 2,obs
133,Tapinoma nigerrinum,Fumana ericoides,0,0.5946768371398474,0,Pine forest 2,obs
134,Tapinoma nigerrinum,Globularia alypum,0,0.5332840828090486,0,Pine forest 2,obs
135,Tapinoma sp,Asphodelus fistulosus,0,0.7143624279886196,1,Pine forest 2,obs
136,Tapinoma sp,Blackstonia perfoliata,0,0.747124265825004,1,Pine forest 2,obs
137,Tapinoma sp,Cistus monspeliensis,1,0.9297812077264265,1,Pine forest 2,obs
138,Tapinoma sp,Fumana ericoides,1,0.6970592831727368,0,Pine forest 2,obs
139,Tapinoma sp,Globularia alypum,1,0.6418340443253755,0,Pine forest 2,obs
140,Vanessa atalanta,Asphodelus fistulosus,0,0.5,0,Pine forest 2,obs
141,Vanessa atalanta,Blackstonia perfoliata,0,0.5124974468035312,0,Pine forest 2,obs
142,Vanessa atalanta,Cistus monspeliensis,1,0.8249137803173979,1,Pine forest 2,obs
143,Vanessa atalanta,Fumana ericoides,0,0.5946768371398474,0,Pine forest 2,obs
144,Vanessa atalanta,Globularia alypum,0,0.5332840828090486,0,Pine forest 2,obs
145,Vanessa cardui,Asphodelus fistulosus,0,0.5,0,Pine forest 2,obs
146,Vanessa cardui,Blackstonia perfoliata,0,0.5124974468035312,0,Pine forest 2,obs
147,Vanessa cardui,Cistus monspeliensis,1,0.8249137803173979,1,Pine forest 2,obs
148,Vanessa cardui,Fumana ericoides,0,0.5946768371398474,0,Pine forest 2,obs
149,Vanessa cardui,Globularia alypum,0,0.5332840828090486,0,Pine forest 2,obs
150,Stomorhina lunata,Asphodelus fistulosus,0,0.5,0,Pine forest 2,obs
151,Stomorhina lunata,Blackstonia perfoliata,0,0.5124974468035312,0,Pine forest 2,obs
152,Stomorhina lunata,Cistus monspeliensis,0,0.8941010038623407,1,Pine forest 2,obs
153,Stomorhina lunata,Fumana ericoides,1,0.5,0,Pine forest 2,obs
154,Stomorhina lunata,Globularia alypum,0,0.5332840828090486,0,Pine forest 2,obs
0,Anaspis sp.,Allium sp.,1,0.5673656653007516,0,Rocky coastal 1,obs
1,Anaspis sp.,Astragalus balearicus,0,0.5443277588267654,0,Rocky coastal 1,obs
2,Anaspis sp.,Daucus carota,1,0.8091419572120482,1,Rocky coastal 1,obs
3,Anaspis sp.,Dorycnium fulgurans,0,0.5443277588267654,0,Rocky coastal 1,obs
4,Anaspis sp.,Euphorbia dendroides,0,0.5804070144486762,0,Rocky coastal 1,obs
5,Anaspis sp.,Helichrysum stoechas,0,0.6156467081084659,0,Rocky coastal 1,obs
6,Anaspis sp.,Lonicera implexa,0,0.5,0,Rocky coastal 1,obs
7,Anaspis sp.,Ruta chalepensis,0,0.5077771517212307,0,Rocky coastal 1,obs
8,Anaspis sp.,Salvia rosmarinus,0,0.5199893412858596,0,Rocky coastal 1,obs
9,Anaspis sp.,Sedum sediforme,0,0.5321776900098669,0,Rocky coastal 1,obs
10,Anaspis sp.,Teucrium capitatum,0,0.7132274762460605,1,Rocky coastal 1,obs
11,Episyrphus balteatus,Allium sp.,1,0.6166978364195208,0,Rocky coastal 1,obs
12,Episyrphus balteatus,Astragalus balearicus,0,0.5944089606331424,0,Rocky coastal 1,obs
13,Episyrphus balteatus,Daucus carota,1,0.8387408229600046,1,Rocky coastal 1,obs
14,Episyrphus balteatus,Dorycnium fulgurans,0,0.5944089606331424,0,Rocky coastal 1,obs
15,Episyrphus balteatus,Euphorbia dendroides,0,0.6292239222450218,0,Rocky coastal 1,obs
16,Episyrphus balteatus,Helichrysum stoechas,0,0.6627460191481467,0,Rocky coastal 1,obs
17,Episyrphus balteatus,Lonicera implexa,0,0.546531628005847,0,Rocky coastal 1,obs
18,Episyrphus balteatus,Ruta chalepensis,0,0.5586180937800139,0,Rocky coastal 1,obs
19,Episyrphus balteatus,Salvia rosmarinus,0,0.5706354970812096,0,Rocky coastal 1,obs
20,Episyrphus balteatus,Sedum sediforme,0,0.5825702032504416,0,Rocky coastal 1,obs
21,Episyrphus balteatus,Teucrium capitatum,1,0.7040516272240208,1,Rocky coastal 1,obs
22,Eristalis similis,Allium sp.,1,0.6637386937827475,0,Rocky coastal 1,obs
23,Eristalis similis,Astragalus balearicus,1,0.5836506144991815,0,Rocky coastal 1,obs
24,Eristalis similis,Daucus carota,1,0.8645179967235747,1,Rocky coastal 1,obs
25,Eristalis similis,Dorycnium fulgurans,0,0.6425999521760064,0,Rocky coastal 1,obs
26,Eristalis similis,Euphorbia dendroides,0,0.6755363159588551,0,Rocky coastal 1,obs
27,Eristalis similis,Helichrysum stoechas,0,0.7068222142120768,1,Rocky coastal 1,obs
28,Eristalis similis,Lonicera implexa,0,0.5965501409530116,0,Rocky coastal 1,obs
29,Eristalis similis,Ruta chalepensis,0,0.608259023643,0,Rocky coastal 1,obs
30,Eristalis similis,Salvia rosmarinus,0,0.6198446409376079,0,Rocky coastal 1,obs
31,Eristalis similis,Sedum sediforme,0,0.6312953138424333,0,Rocky coastal 1,obs
32,Eristalis similis,Teucrium capitatum,1,0.7448081573464951,1,Rocky coastal 1,obs
33,Eupeodes corollae,Allium sp.,1,0.7847108444849915,1,Rocky coastal 1,obs
34,Eupeodes corollae,Astragalus balearicus,1,0.7213385633361189,1,Rocky coastal 1,obs
35,Eupeodes corollae,Daucus carota,1,0.9217717349699458,1,Rocky coastal 1,obs
36,Eupeodes corollae,Dorycnium fulgurans,1,0.7213385633361189,1,Rocky coastal 1,obs
37,Eupeodes corollae,Euphorbia dendroides,1,0.7498434840372508,1,Rocky coastal 1,obs
38,Eupeodes corollae,Helichrysum stoechas,1,0.7763366747732686,1,Rocky coastal 1,obs
39,Eupeodes corollae,Lonicera implexa,0,0.7319314955761166,1,Rocky coastal 1,obs
40,Eupeodes corollae,Ruta chalepensis,0,0.7414144610695147,1,Rocky coastal 1,obs
41,Eupeodes corollae,Salvia rosmarinus,0,0.7506762361044277,1,Rocky coastal 1,obs
42,Eupeodes corollae,Sedum sediforme,0,0.7597137923216393,1,Rocky coastal 1,obs
43,Eupeodes corollae,Teucrium capitatum,1,0.8434921428855564,1,Rocky coastal 1,obs
44,Lasioglossum sp.,Allium sp.,1,0.8172427929090178,1,Rocky coastal 1,obs
45,Lasioglossum sp.,Astragalus balearicus,0,0.8028881917961359,1,Rocky coastal 1,obs
46,Lasioglossum sp.,Daucus carota,1,0.935300295577114,1,Rocky coastal 1,obs
47,Lasioglossum sp.,Dorycnium fulgurans,1,0.7605241832582977,1,Rocky coastal 1,obs
48,Lasioglossum sp.,Euphorbia dendroides,0,0.8250741382175151,1,Rocky coastal 1,obs
49,Lasioglossum sp.,Helichrysum stoechas,1,0.8098273608687974,1,Rocky coastal 1,obs
50,Lasioglossum sp.,Lonicera implexa,0,0.7701022741910281,1,Rocky coastal 1,obs
51,Lasioglossum sp.,Ruta chalepensis,1,0.7328026306801506,1,Rocky coastal 1,obs
52,Lasioglossum sp.,Salvia rosmarinus,1,0.7422656310328029,1,Rocky coastal 1,obs
53,Lasioglossum sp.,Sedum sediforme,1,0.7515071374991107,1,Rocky coastal 1,obs
54,Lasioglossum sp.,Teucrium capitatum,1,0.86862878034965,1,Rocky coastal 1,obs
55,Meligethes sp.,Allium sp.,1,0.5673656653007516,0,Rocky coastal 1,obs
56,Meligethes sp.,Astragalus balearicus,0,0.5443277588267654,0,Rocky coastal 1,obs
57,Meligethes sp.,Daucus carota,1,0.8091419572120482,1,Rocky coastal 1,obs
58,Meligethes sp.,Dorycnium fulgurans,0,0.5443277588267654,0,Rocky coastal 1,obs
59,Meligethes sp.,Euphorbia dendroides,0,0.5804070144486762,0,Rocky coastal 1,obs
60,Meligethes sp.,Helichrysum stoechas,0,0.6156467081084659,0,Rocky coastal 1,obs
61,Meligethes sp.,Lonicera implexa,0,0.5,0,Rocky coastal 1,obs
62,Meligethes sp.,Ruta chalepensis,0,0.5077771517212307,0,Rocky coastal 1,obs
63,Meligethes sp.,Salvia rosmarinus,0,0.5199893412858596,0,Rocky coastal 1,obs
64,Meligethes sp.,Sedum sediforme,0,0.5321776900098669,0,Rocky coastal 1,obs
65,Meligethes sp.,Teucrium capitatum,0,0.7132274762460605,1,Rocky coastal 1,obs
66,Musca domestica,Allium sp.,1,0.6637386937827475,0,Rocky coastal 1,obs
67,Musca domestica,Astragalus balearicus,0,0.6425999521760064,0,Rocky coastal 1,obs
68,Musca domestica,Daucus carota,1,0.8645179967235747,1,Rocky coastal 1,obs
69,Musca domestica,Dorycnium fulgurans,0,0.6425999521760064,0,Rocky coastal 1,obs
70,Musca domestica,Euphorbia dendroides,0,0.6755363159588551,0,Rocky coastal 1,obs
71,Musca domestica,Helichrysum stoechas,0,0.7068222142120768,1,Rocky coastal 1,obs
72,Musca domestica,Lonicera implexa,0,0.5965501409530116,0,Rocky coastal 1,obs
73,Musca domestica,Ruta chalepensis,0,0.608259023643,0,Rocky coastal 1,obs
74,Musca domestica,Salvia rosmarinus,0,0.6198446409376079,0,Rocky coastal 1,obs
75,Musca domestica,Sedum sediforme,1,0.5717240895669966,0,Rocky coastal 1,obs
76,Musca domestica,Teucrium capitatum,1,0.7448081573464951,1,Rocky coastal 1,obs
77,Podarcis lilfordi,Allium sp.,1,0.7847108444849915,1,Rocky coastal 1,obs
78,Podarcis lilfordi,Astragalus balearicus,1,0.7213385633361189,1,Rocky coastal 1,obs
79,Podarcis lilfordi,Daucus carota,1,0.9217717349699458,1,Rocky coastal 1,obs
80,Podarcis lilfordi,Dorycnium fulgurans,1,0.7213385633361189,1,Rocky coastal 1,obs
81,Podarcis lilfordi,Euphorbia dendroides,1,0.7498434840372508,1,Rocky coastal 1,obs
82,Podarcis lilfordi,Helichrysum stoechas,1,0.7763366747732686,1,Rocky coastal 1,obs
83,Podarcis lilfordi,Lonicera implexa,0,0.7319314955761166,1,Rocky coastal 1,obs
84,Podarcis lilfordi,Ruta chalepensis,0,0.7414144610695147,1,Rocky coastal 1,obs
85,Podarcis lilfordi,Salvia rosmarinus,0,0.7506762361044277,1,Rocky coastal 1,obs
86,Podarcis lilfordi,Sedum sediforme,0,0.7597137923216393,1,Rocky coastal 1,obs
87,Podarcis lilfordi,Teucrium capitatum,1,0.8434921428855564,1,Rocky coastal 1,obs
88,Pyrellia vivida,Allium sp.,1,0.6166978364195208,0,Rocky coastal 1,obs
89,Pyrellia vivida,Astragalus balearicus,0,0.5944089606331424,0,Rocky coastal 1,obs
90,Pyrellia vivida,Daucus carota,1,0.8387408229600046,1,Rocky coastal 1,obs
91,Pyrellia vivida,Dorycnium fulgurans,0,0.5944089606331424,0,Rocky coastal 1,obs
92,Pyrellia vivida,Euphorbia dendroides,1,0.5695462245868369,0,Rocky coastal 1,obs
93,Pyrellia vivida,Helichrysum stoechas,0,0.6627460191481467,0,Rocky coastal 1,obs
94,Pyrellia vivida,Lonicera implexa,0,0.546531628005847,0,Rocky coastal 1,obs
95,Pyrellia vivida,Ruta chalepensis,0,0.5586180937800139,0,Rocky coastal 1,obs
96,Pyrellia vivida,Salvia rosmarinus,0,0.5706354970812096,0,Rocky coastal 1,obs
97,Pyrellia vivida,Sedum sediforme,0,0.5825702032504416,0,Rocky coastal 1,obs
98,Pyrellia vivida,Teucrium capitatum,0,0.7531633837576246,1,Rocky coastal 1,obs
99,Sarcophaga sp.,Allium sp.,1,0.5673656653007516,0,Rocky coastal 1,obs
100,Sarcophaga sp.,Astragalus balearicus,0,0.5443277588267654,0,Rocky coastal 1,obs
101,Sarcophaga sp.,Daucus carota,1,0.8091419572120482,1,Rocky coastal 1,obs
102,Sarcophaga sp.,Dorycnium fulgurans,0,0.5443277588267654,0,Rocky coastal 1,obs
103,Sarcophaga sp.,Euphorbia dendroides,0,0.5804070144486762,0,Rocky coastal 1,obs
104,Sarcophaga sp.,Helichrysum stoechas,0,0.6156467081084659,0,Rocky coastal 1,obs
105,Sarcophaga sp.,Lonicera implexa,0,0.5,0,Rocky coastal 1,obs
106,Sarcophaga sp.,Ruta chalepensis,0,0.5077771517212307,0,Rocky coastal 1,obs
107,Sarcophaga sp.,Salvia rosmarinus,0,0.5199893412858596,0,Rocky coastal 1,obs
108,Sarcophaga sp.,Sedum sediforme,0,0.5321776900098669,0,Rocky coastal 1,obs
109,Sarcophaga sp.,Teucrium capitatum,0,0.7132274762460605,1,Rocky coastal 1,obs
110,Sphaerophoria sp.,Allium sp.,1,0.5166605055218174,0,Rocky coastal 1,obs
111,Sphaerophoria sp.,Astragalus balearicus,0,0.5,0,Rocky coastal 1,obs
112,Sphaerophoria sp.,Daucus carota,0,0.8159114437290708,1,Rocky coastal 1,obs
113,Sphaerophoria sp.,Dorycnium fulgurans,0,0.5,0,Rocky coastal 1,obs
114,Sphaerophoria sp.,Euphorbia dendroides,0,0.5299640567466664,0,Rocky coastal 1,obs
115,Sphaerophoria sp.,Helichrysum stoechas,0,0.5662743988295947,0,Rocky coastal 1,obs
116,Sphaerophoria sp.,Lonicera implexa,0,0.5,0,Rocky coastal 1,obs
117,Sphaerophoria sp.,Ruta chalepensis,0,0.5,0,Rocky coastal 1,obs
118,Sphaerophoria sp.,Salvia rosmarinus,0,0.5,0,Rocky coastal 1,obs
119,Sphaerophoria sp.,Sedum sediforme,0,0.5,0,Rocky coastal 1,obs
120,Sphaerophoria sp.,Teucrium capitatum,0,0.6696642005003676,0,Rocky coastal 1,obs
121,Vanessa atalanta,Allium sp.,1,0.6166978364195208,0,Rocky coastal 1,obs
122,Vanessa atalanta,Astragalus balearicus,0,0.5944089606331424,0,Rocky coastal 1,obs
123,Vanessa atalanta,Daucus carota,1,0.8387408229600046,1,Rocky coastal 1,obs
124,Vanessa atalanta,Dorycnium fulgurans,0,0.5944089606331424,0,Rocky coastal 1,obs
125,Vanessa atalanta,Euphorbia dendroides,0,0.6292239222450218,0,Rocky coastal 1,obs
126,Vanessa atalanta,Helichrysum stoechas,0,0.6627460191481467,0,Rocky coastal 1,obs
127,Vanessa atalanta,Lonicera implexa,0,0.546531628005847,0,Rocky coastal 1,obs
128,Vanessa atalanta,Ruta chalepensis,0,0.5586180937800139,0,Rocky coastal 1,obs
129,Vanessa atalanta,Salvia rosmarinus,0,0.5706354970812096,0,Rocky coastal 1,obs
130,Vanessa atalanta,Sedum sediforme,0,0.5825702032504416,0,Rocky coastal 1,obs
131,Vanessa atalanta,Teucrium capitatum,1,0.7040516272240208,1,Rocky coastal 1,obs
132,Anthophora balearica,Allium sp.,0,0.6735849586345595,0,Rocky coastal 1,obs
133,Anthophora balearica,Astragalus balearicus,1,0.5332840391903567,0,Rocky coastal 1,obs
134,Anthophora balearica,Daucus carota,0,0.8696398042792067,1,Rocky coastal 1,obs
135,Anthophora balearica,Dorycnium fulgurans,0,0.5944089606331424,0,Rocky coastal 1,obs
136,Anthophora balearica,Euphorbia dendroides,1,0.5695462245868369,0,Rocky coastal 1,obs
137,Anthophora balearica,Helichrysum stoechas,0,0.6627460191481467,0,Rocky coastal 1,obs
138,Anthophora balearica,Lonicera implexa,0,0.546531628005847,0,Rocky coastal 1,obs
139,Anthophora balearica,Ruta chalepensis,0,0.5586180937800139,0,Rocky coastal 1,obs
140,Anthophora balearica,Salvia rosmarinus,1,0.5088879536963726,0,Rocky coastal 1,obs
141,Anthophora balearica,Sedum sediforme,0,0.5825702032504416,0,Rocky coastal 1,obs
142,Anthophora balearica,Teucrium capitatum,0,0.7531633837576246,1,Rocky coastal 1,obs
143,Vanessa cardui,Allium sp.,0,0.7168498039598121,1,Rocky coastal 1,obs
144,Vanessa cardui,Astragalus balearicus,1,0.5836506144991815,0,Rocky coastal 1,obs
145,Vanessa cardui,Daucus carota,1,0.8645179967235747,1,Rocky coastal 1,obs
146,Vanessa cardui,Dorycnium fulgurans,0,0.6425999521760064,0,Rocky coastal 1,obs
147,Vanessa cardui,Euphorbia dendroides,0,0.6755363159588551,0,Rocky coastal 1,obs
148,Vanessa cardui,Helichrysum stoechas,1,0.6527413569654782,0,Rocky coastal 1,obs
149,Vanessa cardui,Lonicera implexa,0,0.5965501409530116,0,Rocky coastal 1,obs
150,Vanessa cardui,Ruta chalepensis,0,0.608259023643,0,Rocky coastal 1,obs
151,Vanessa cardui,Salvia rosmarinus,0,0.6198446409376079,0,Rocky coastal 1,obs
152,Vanessa cardui,Sedum sediforme,0,0.6312953138424333,0,Rocky coastal 1,obs
153,Vanessa cardui,Teucrium capitatum,1,0.7448081573464951,1,Rocky coastal 1,obs
154,Acanthiophilus helianthi,Allium sp.,0,0.5782407312735509,0,Rocky coastal 1,obs
155,Acanthiophilus helianthi,Astragalus balearicus,0,0.5,0,Rocky coastal 1,obs
156,Acanthiophilus helianthi,Daucus carota,1,0.775564018932736,1,Rocky coastal 1,obs
157,Acanthiophilus helianthi,Dorycnium fulgurans,0,0.5,0,Rocky coastal 1,obs
158,Acanthiophilus helianthi,Euphorbia dendroides,0,0.5299640567466664,0,Rocky coastal 1,obs
159,Acanthiophilus helianthi,Helichrysum stoechas,0,0.5662743988295947,0,Rocky coastal 1,obs
160,Acanthiophilus helianthi,Lonicera implexa,0,0.5,0,Rocky coastal 1,obs
161,Acanthiophilus helianthi,Ruta chalepensis,0,0.5,0,Rocky coastal 1,obs
162,Acanthiophilus helianthi,Salvia rosmarinus,0,0.5,0,Rocky coastal 1,obs
163,Acanthiophilus helianthi,Sedum sediforme,0,0.5,0,Rocky coastal 1,obs
164,Acanthiophilus helianthi,Teucrium capitatum,0,0.6696642005003676,0,Rocky coastal 1,obs
165,Agromyzidae sp,Allium sp.,0,0.5782407312735509,0,Rocky coastal 1,obs
166,Agromyzidae sp,Astragalus balearicus,0,0.5,0,Rocky coastal 1,obs
167,Agromyzidae sp,Daucus carota,1,0.775564018932736,1,Rocky coastal 1,obs
168,Agromyzidae sp,Dorycnium fulgurans,0,0.5,0,Rocky coastal 1,obs
169,Agromyzidae sp,Euphorbia dendroides,0,0.5299640567466664,0,Rocky coastal 1,obs
170,Agromyzidae sp,Helichrysum stoechas,0,0.5662743988295947,0,Rocky coastal 1,obs
171,Agromyzidae sp,Lonicera implexa,0,0.5,0,Rocky coastal 1,obs
172,Agromyzidae sp,Ruta chalepensis,0,0.5,0,Rocky coastal 1,obs
173,Agromyzidae sp,Salvia rosmarinus,0,0.5,0,Rocky coastal 1,obs
174,Agromyzidae sp,Sedum sediforme,0,0.5,0,Rocky coastal 1,obs
175,Agromyzidae sp,Teucrium capitatum,0,0.6696642005003676,0,Rocky coastal 1,obs
176,Ancistrocerus ebusianus,Allium sp.,0,0.7564535198449244,1,Rocky coastal 1,obs
177,Ancistrocerus ebusianus,Astragalus balearicus,0,0.6880698475115635,0,Rocky coastal 1,obs
178,Ancistrocerus ebusianus,Daucus carota,1,0.8867311595956754,1,Rocky coastal 1,obs
179,Ancistrocerus ebusianus,Dorycnium fulgurans,1,0.6323292044775172,0,Rocky coastal 1,obs
180,Ancistrocerus ebusianus,Euphorbia dendroides,0,0.7186505504123439,1,Rocky coastal 1,obs
181,Ancistrocerus ebusianus,Helichrysum stoechas,1,0.6975283327812026,0,Rocky coastal 1,obs
182,Ancistrocerus ebusianus,Lonicera implexa,0,0.644638819660322,0,Rocky coastal 1,obs
183,Ancistrocerus ebusianus,Ruta chalepensis,1,0.5976193605998601,0,Rocky coastal 1,obs
184,Ancistrocerus ebusianus,Salvia rosmarinus,0,0.6667080221006317,0,Rocky coastal 1,obs
185,Ancistrocerus ebusianus,Sedum sediforme,0,0.6774815933260384,0,Rocky coastal 1,obs
186,Ancistrocerus ebusianus,Teucrium capitatum,1,0.7816922777463517,1,Rocky coastal 1,obs
187,Anthomyia confusanea,Allium sp.,0,0.5782407312735509,0,Rocky coastal 1,obs
188,Anthomyia confusanea,Astragalus balearicus,0,0.5,0,Rocky coastal 1,obs
189,Anthomyia confusanea,Daucus carota,1,0.775564018932736,1,Rocky coastal 1,obs
190,Anthomyia confusanea,Dorycnium fulgurans,0,0.5,0,Rocky coastal 1,obs
191,Anthomyia confusanea,Euphorbia dendroides,0,0.5299640567466664,0,Rocky coastal 1,obs
192,Anthomyia confusanea,Helichrysum stoechas,0,0.5662743988295947,0,Rocky coastal 1,obs
193,Anthomyia confusanea,Lonicera implexa,0,0.5,0,Rocky coastal 1,obs
194,Anthomyia confusanea,Ruta chalepensis,0,0.5,0,Rocky coastal 1,obs
195,Anthomyia confusanea,Salvia rosmarinus,0,0.5,0,Rocky coastal 1,obs
196,Anthomyia confusanea,Sedum sediforme,0,0.5,0,Rocky coastal 1,obs
197,Anthomyia confusanea,Teucrium capitatum,0,0.6696642005003676,0,Rocky coastal 1,obs
198,Anthomyiidae sp.,Allium sp.,0,0.6271477665779155,0,Rocky coastal 1,obs
199,Anthomyiidae sp.,Astragalus balearicus,0,0.5443277588267654,0,Rocky coastal 1,obs
200,Anthomyiidae sp.,Daucus carota,1,0.8091419572120482,1,Rocky coastal 1,obs
201,Anthomyiidae sp.,Dorycnium fulgurans,0,0.5443277588267654,0,Rocky coastal 1,obs
202,Anthomyiidae sp.,Euphorbia dendroides,1,0.5188799131832045,0,Rocky coastal 1,obs
203,Anthomyiidae sp.,Helichrysum stoechas,0,0.6156467081084659,0,Rocky coastal 1,obs
204,Anthomyiidae sp.,Lonicera implexa,0,0.5,0,Rocky coastal 1,obs
205,Anthomyiidae sp.,Ruta chalepensis,0,0.5077771517212307,0,Rocky coastal 1,obs
206,Anthomyiidae sp.,Salvia rosmarinus,0,0.5199893412858596,0,Rocky coastal 1,obs
207,Anthomyiidae sp.,Sedum sediforme,0,0.5321776900098669,0,Rocky coastal 1,obs
208,Anthomyiidae sp.,Teucrium capitatum,0,0.7132274762460605,1,Rocky coastal 1,obs
209,Camponotus sp,Allium sp.,0,0.5782407312735509,0,Rocky coastal 1,obs
210,Camponotus sp,Astragalus balearicus,0,0.5,0,Rocky coastal 1,obs
211,Camponotus sp,Daucus carota,1,0.775564018932736,1,Rocky coastal 1,obs
212,Camponotus sp,Dorycnium fulgurans,0,0.5,0,Rocky coastal 1,obs
213,Camponotus sp,Euphorbia dendroides,0,0.5299640567466664,0,Rocky coastal 1,obs
214,Camponotus sp,Helichrysum stoechas,0,0.5662743988295947,0,Rocky coastal 1,obs
215,Camponotus sp,Lonicera implexa,0,0.5,0,Rocky coastal 1,obs
216,Camponotus sp,Ruta chalepensis,0,0.5,0,Rocky coastal 1,obs
217,Camponotus sp,Salvia rosmarinus,0,0.5,0,Rocky coastal 1,obs
218,Camponotus sp,Sedum sediforme,0,0.5,0,Rocky coastal 1,obs
219,Camponotus sp,Teucrium capitatum,0,0.6696642005003676,0,Rocky coastal 1,obs
220,Cheilosia latifrons,Allium sp.,0,0.6271477665779155,0,Rocky coastal 1,obs
221,Cheilosia latifrons,Astragalus balearicus,0,0.5443277588267654,0,Rocky coastal 1,obs
222,Cheilosia latifrons,Daucus carota,1,0.8091419572120482,1,Rocky coastal 1,obs
223,Cheilosia latifrons,Dorycnium fulgurans,0,0.5443277588267654,0,Rocky coastal 1,obs
224,Cheilosia latifrons,Euphorbia dendroides,0,0.5804070144486762,0,Rocky coastal 1,obs
225,Cheilosia latifrons,Helichrysum stoechas,0,0.6156467081084659,0,Rocky coastal 1,obs
226,Cheilosia latifrons,Lonicera implexa,0,0.5,0,Rocky coastal 1,obs
227,Cheilosia latifrons,Ruta chalepensis,0,0.5077771517212307,0,Rocky coastal 1,obs
228,Cheilosia latifrons,Salvia rosmarinus,0,0.5199893412858596,0,Rocky coastal 1,obs
229,Cheilosia latifrons,Sedum sediforme,0,0.5321776900098669,0,Rocky coastal 1,obs
230,Cheilosia latifrons,Teucrium capitatum,1,0.6597594065089132,0,Rocky coastal 1,obs
231,Chrysopa viridana,Allium sp.,0,0.5782407312735509,0,Rocky coastal 1,obs
232,Chrysopa viridana,Astragalus balearicus,0,0.5,0,Rocky coastal 1,obs
233,Chrysopa viridana,Daucus carota,1,0.775564018932736,1,Rocky coastal 1,obs
234,Chrysopa viridana,Dorycnium fulgurans,0,0.5,0,Rocky coastal 1,obs
235,Chrysopa viridana,Euphorbia dendroides,0,0.5299640567466664,0,Rocky coastal 1,obs
236,Chrysopa viridana,Helichrysum stoechas,0,0.5662743988295947,0,Rocky coastal 1,obs
237,Chrysopa viridana,Lonicera implexa,0,0.5,0,Rocky coastal 1,obs
238,Chrysopa viridana,Ruta chalepensis,0,0.5,0,Rocky coastal 1,obs
239,Chrysopa viridana,Salvia rosmarinus,0,0.5,0,Rocky coastal 1,obs
240,Chrysopa viridana,Sedum sediforme,0,0.5,0,Rocky coastal 1,obs
241,Chrysopa viridana,Teucrium capitatum,0,0.6696642005003676,0,Rocky coastal 1,obs
242,Crematogaster sp.,Allium sp.,0,0.5782407312735509,0,Rocky coastal 1,obs
243,Crematogaster sp.,Astragalus balearicus,0,0.5,0,Rocky coastal 1,obs
244,Crematogaster sp.,Daucus carota,1,0.775564018932736,1,Rocky coastal 1,obs
245,Crematogaster sp.,Dorycnium fulgurans,0,0.5,0,Rocky coastal 1,obs
246,Crematogaster sp.,Euphorbia dendroides,0,0.5299640567466664,0,Rocky coastal 1,obs
247,Crematogaster sp.,Helichrysum stoechas,0,0.5662743988295947,0,Rocky coastal 1,obs
248,Crematogaster sp.,Lonicera implexa,0,0.5,0,Rocky coastal 1,obs
249,Crematogaster sp.,Ruta chalepensis,0,0.5,0,Rocky coastal 1,obs
250,Crematogaster sp.,Salvia rosmarinus,0,0.5,0,Rocky coastal 1,obs
251,Crematogaster sp.,Sedum sediforme,0,0.5,0,Rocky coastal 1,obs
252,Crematogaster sp.,Teucrium capitatum,0,0.6696642005003676,0,Rocky coastal 1,obs
253,Dasytes nigroaeneus,Allium sp.,0,0.5782407312735509,0,Rocky coastal 1,obs
254,Dasytes nigroaeneus,Astragalus balearicus,0,0.5,0,Rocky coastal 1,obs
255,Dasytes nigroaeneus,Daucus carota,1,0.775564018932736,1,Rocky coastal 1,obs
256,Dasytes nigroaeneus,Dorycnium fulgurans,0,0.5,0,Rocky coastal 1,obs
257,Dasytes nigroaeneus,Euphorbia dendroides,0,0.5299640567466664,0,Rocky coastal 1,obs
258,Dasytes nigroaeneus,Helichrysum stoechas,0,0.5662743988295947,0,Rocky coastal 1,obs
259,Dasytes nigroaeneus,Lonicera implexa,0,0.5,0,Rocky coastal 1,obs
260,Dasytes nigroaeneus,Ruta chalepensis,0,0.5,0,Rocky coastal 1,obs
261,Dasytes nigroaeneus,Salvia rosmarinus,0,0.5,0,Rocky coastal 1,obs
262,Dasytes nigroaeneus,Sedum sediforme,0,0.5,0,Rocky coastal 1,obs
263,Dasytes nigroaeneus,Teucrium capitatum,0,0.6696642005003676,0,Rocky coastal 1,obs
264,Eristalis tenax,Allium sp.,0,0.5782407312735509,0,Rocky coastal 1,obs
265,Eristalis tenax,Astragalus balearicus,0,0.5,0,Rocky coastal 1,obs
266,Eristalis tenax,Daucus carota,1,0.775564018932736,1,Rocky coastal 1,obs
267,Eristalis tenax,Dorycnium fulgurans,0,0.5,0,Rocky coastal 1,obs
268,Eristalis tenax,Euphorbia dendroides,0,0.5299640567466664,0,Rocky coastal 1,obs
269,Eristalis tenax,Helichrysum stoechas,0,0.5662743988295947,0,Rocky coastal 1,obs
270,Eristalis tenax,Lonicera implexa,0,0.5,0,Rocky coastal 1,obs
271,Eristalis tenax,Ruta chalepensis,0,0.5,0,Rocky coastal 1,obs
272,Eristalis tenax,Salvia rosmarinus,0,0.5,0,Rocky coastal 1,obs
273,Eristalis tenax,Sedum sediforme,0,0.5,0,Rocky coastal 1,obs
274,Eristalis tenax,Teucrium capitatum,0,0.6696642005003676,0,Rocky coastal 1,obs
275,Eumenes dubius,Allium sp.,0,0.6271477665779155,0,Rocky coastal 1,obs
276,Eumenes dubius,Astragalus balearicus,0,0.5443277588267654,0,Rocky coastal 1,obs
277,Eumenes dubius,Daucus carota,1,0.8091419572120482,1,Rocky coastal 1,obs
278,Eumenes dubius,Dorycnium fulgurans,0,0.5443277588267654,0,Rocky coastal 1,obs
279,Eumenes dubius,Euphorbia dendroides,1,0.5188799131832045,0,Rocky coastal 1,obs
280,Eumenes dubius,Helichrysum stoechas,0,0.6156467081084659,0,Rocky coastal 1,obs
281,Eumenes dubius,Lonicera implexa,0,0.5,0,Rocky coastal 1,obs
282,Eumenes dubius,Ruta chalepensis,0,0.5077771517212307,0,Rocky coastal 1,obs
283,Eumenes dubius,Salvia rosmarinus,0,0.5199893412858596,0,Rocky coastal 1,obs
284,Eumenes dubius,Sedum sediforme,0,0.5321776900098669,0,Rocky coastal 1,obs
285,Eumenes dubius,Teucrium capitatum,0,0.7132274762460605,1,Rocky coastal 1,obs
286,Exoprosopa cf. bowdeni,Allium sp.,0,0.6735849586345595,0,Rocky coastal 1,obs
287,Exoprosopa cf. bowdeni,Astragalus balearicus,0,0.5944089606331424,0,Rocky coastal 1,obs
288,Exoprosopa cf. bowdeni,Daucus carota,1,0.8387408229600046,1,Rocky coastal 1,obs
289,Exoprosopa cf. bowdeni,Dorycnium fulgurans,0,0.5944089606331424,0,Rocky coastal 1,obs
290,Exoprosopa cf. bowdeni,Euphorbia dendroides,0,0.6292239222450218,0,Rocky coastal 1,obs
291,Exoprosopa cf. bowdeni,Helichrysum stoechas,1,0.60507741930243375,0,Rocky coastal 1,obs
292,Exoprosopa cf. bowdeni,Lonicera implexa,0,0.546531628005847,0,Rocky coastal 1,obs
293,Exoprosopa cf. bowdeni,Ruta chalepensis,0,0.5586180937800139,0,Rocky coastal 1,obs
294,Exoprosopa cf. bowdeni,Salvia rosmarinus,0,0.5706354970812096,0,Rocky coastal 1,obs
295,Exoprosopa cf. bowdeni,Sedum sediforme,0,0.5825702032504416,0,Rocky coastal 1,obs
296,Exoprosopa cf. bowdeni,Teucrium capitatum,1,0.7040516272240208,1,Rocky coastal 1,obs
297,Hydrellia sp,Allium sp.,0,0.6735849586345595,0,Rocky coastal 1,obs
298,Hydrellia sp,Astragalus balearicus,0,0.5944089606331424,0,Rocky coastal 1,obs
299,Hydrellia sp,Daucus carota,1,0.8387408229600046,1,Rocky coastal 1,obs
300,Hydrellia sp,Dorycnium fulgurans,1,0.5332840391903567,0,Rocky coastal 1,obs
301,Hydrellia sp,Euphorbia dendroides,0,0.6292239222450218,0,Rocky coastal 1,obs
302,Hydrellia sp,Helichrysum stoechas,0,0.6627460191481467,0,Rocky coastal 1,obs
303,Hydrellia sp,Lonicera implexa,0,0.546531628005847,0,Rocky coastal 1,obs
304,Hydrellia sp,Ruta chalepensis,0,0.5586180937800139,0,Rocky coastal 1,obs
305,Hydrellia sp,Salvia rosmarinus,0,0.5706354970812096,0,Rocky coastal 1,obs
306,Hydrellia sp,Sedum sediforme,1,0.5210985760473904,0,Rocky coastal 1,obs
307,Hydrellia sp,Teucrium capitatum,0,0.7531633837576246,1,Rocky coastal 1,obs
308,Hylaeus imparilis,Allium sp.,0,0.6271477665779155,0,Rocky coastal 1,obs
309,Hylaeus imparilis,Astragalus balearicus,0,0.5443277588267654,0,Rocky coastal 1,obs
310,Hylaeus imparilis,Daucus carota,1,0.8091419572120482,1,Rocky coastal 1,obs
311,Hylaeus imparilis,Dorycnium fulgurans,0,0.5443277588267654,0,Rocky coastal 1,obs
312,Hylaeus imparilis,Euphorbia dendroides,0,0.5804070144486762,0,Rocky coastal 1,obs
313,Hylaeus imparilis,Helichrysum stoechas,0,0.6156467081084659,0,Rocky coastal 1,obs
314,Hylaeus imparilis,Lonicera implexa,0,0.5,0,Rocky coastal 1,obs
315,Hylaeus imparilis,Ruta chalepensis,0,0.5077771517212307,0,Rocky coastal 1,obs
316,Hylaeus imparilis,Salvia rosmarinus,0,0.5199893412858596,0,Rocky coastal 1,obs
317,Hylaeus imparilis,Sedum sediforme,0,0.5321776900098669,0,Rocky coastal 1,obs
318,Hylaeus imparilis,Teucrium capitatum,1,0.6597594065089132,0,Rocky coastal 1,obs
319,Lasiommata megera,Allium sp.,0,0.5782407312735509,0,Rocky coastal 1,obs
320,Lasiommata megera,Astragalus balearicus,0,0.5,0,Rocky coastal 1,obs
321,Lasiommata megera,Daucus carota,1,0.775564018932736,1,Rocky coastal 1,obs
322,Lasiommata megera,Dorycnium fulgurans,0,0.5,0,Rocky coastal 1,obs
323,Lasiommata megera,Euphorbia dendroides,0,0.5299640567466664,0,Rocky coastal 1,obs
324,Lasiommata megera,Helichrysum stoechas,0,0.5662743988295947,0,Rocky coastal 1,obs
325,Lasiommata megera,Lonicera implexa,0,0.5,0,Rocky coastal 1,obs
326,Lasiommata megera,Ruta chalepensis,0,0.5,0,Rocky coastal 1,obs
327,Lasiommata megera,Salvia rosmarinus,0,0.5,0,Rocky coastal 1,obs
328,Lasiommata megera,Sedum sediforme,0,0.5,0,Rocky coastal 1,obs
329,Lasiommata megera,Teucrium capitatum,0,0.6696642005003676,0,Rocky coastal 1,obs
330,Lydella nigrescens,Allium sp.,0,0.6271477665779155,0,Rocky coastal 1,obs
331,Lydella nigrescens,Astragalus balearicus,0,0.5443277588267654,0,Rocky coastal 1,obs
332,Lydella nigrescens,Daucus carota,1,0.8091419572120482,1,Rocky coastal 1,obs
333,Lydella nigrescens,Dorycnium fulgurans,0,0.5443277588267654,0,Rocky coastal 1,obs
334,Lydella nigrescens,Euphorbia dendroides,0,0.5804070144486762,0,Rocky coastal 1,obs
335,Lydella nigrescens,Helichrysum stoechas,0,0.6156467081084659,0,Rocky coastal 1,obs
336,Lydella nigrescens,Lonicera implexa,0,0.5,0,Rocky coastal 1,obs
337,Lydella nigrescens,Ruta chalepensis,0,0.5077771517212307,0,Rocky coastal 1,obs
338,Lydella nigrescens,Salvia rosmarinus,0,0.5199893412858596,0,Rocky coastal 1,obs
339,Lydella nigrescens,Sedum sediforme,0,0.5321776900098669,0,Rocky coastal 1,obs
340,Lydella nigrescens,Teucrium capitatum,1,0.6597594065089132,0,Rocky coastal 1,obs
341,Macroglossum stellatarum,Allium sp.,0,0.7564535198449244,1,Rocky coastal 1,obs
342,Macroglossum stellatarum,Astragalus balearicus,0,0.6880698475115635,0,Rocky coastal 1,obs
343,Macroglossum stellatarum,Daucus carota,1,0.8867311595956754,1,Rocky coastal 1,obs
344,Macroglossum stellatarum,Dorycnium fulgurans,0,0.6880698475115635,0,Rocky coastal 1,obs
345,Macroglossum stellatarum,Euphorbia dendroides,0,0.7186505504123439,1,Rocky coastal 1,obs
346,Macroglossum stellatarum,Helichrysum stoechas,1,0.6975283327812026,0,Rocky coastal 1,obs
347,Macroglossum stellatarum,Lonicera implexa,1,0.5858090144231483,0,Rocky coastal 1,obs
348,Macroglossum stellatarum,Ruta chalepensis,0,0.6557574305142045,0,Rocky coastal 1,obs
349,Macroglossum stellatarum,Salvia rosmarinus,1,0.609317534657081,0,Rocky coastal 1,obs
350,Macroglossum stellatarum,Sedum sediforme,0,0.6774815933260384,0,Rocky coastal 1,obs
351,Macroglossum stellatarum,Teucrium capitatum,1,0.7816922777463517,1,Rocky coastal 1,obs
352,Megaselia sp.,Allium sp.,0,0.5782407312735509,0,Rocky coastal 1,obs
353,Megaselia sp.,Astragalus balearicus,0,0.5,0,Rocky coastal 1,obs
354,Megaselia sp.,Daucus carota,1,0.775564018932736,1,Rocky coastal 1,obs
355,Megaselia sp.,Dorycnium fulgurans,0,0.5,0,Rocky coastal 1,obs
356,Megaselia sp.,Euphorbia dendroides,0,0.5299640567466664,0,Rocky coastal 1,obs
357,Megaselia sp.,Helichrysum stoechas,0,0.5662743988295947,0,Rocky coastal 1,obs
358,Megaselia sp.,Lonicera implexa,0,0.5,0,Rocky coastal 1,obs
359,Megaselia sp.,Ruta chalepensis,0,0.5,0,Rocky coastal 1,obs
360,Megaselia sp.,Salvia rosmarinus,0,0.5,0,Rocky coastal 1,obs
361,Megaselia sp.,Sedum sediforme,0,0.5,0,Rocky coastal 1,obs
362,Megaselia sp.,Teucrium capitatum,0,0.6696642005003676,0,Rocky coastal 1,obs
363,Melanostoma scalare,Allium sp.,0,0.5782407312735509,0,Rocky coastal 1,obs
364,Melanostoma scalare,Astragalus balearicus,0,0.5,0,Rocky coastal 1,obs
365,Melanostoma scalare,Daucus carota,1,0.775564018932736,1,Rocky coastal 1,obs
366,Melanostoma scalare,Dorycnium fulgurans,0,0.5,0,Rocky coastal 1,obs
367,Melanostoma scalare,Euphorbia dendroides,0,0.5299640567466664,0,Rocky coastal 1,obs
368,Melanostoma scalare,Helichrysum stoechas,0,0.5662743988295947,0,Rocky coastal 1,obs
369,Melanostoma scalare,Lonicera implexa,0,0.5,0,Rocky coastal 1,obs
370,Melanostoma scalare,Ruta chalepensis,0,0.5,0,Rocky coastal 1,obs
371,Melanostoma scalare,Salvia rosmarinus,0,0.5,0,Rocky coastal 1,obs
372,Melanostoma scalare,Sedum sediforme,0,0.5,0,Rocky coastal 1,obs
373,Melanostoma scalare,Teucrium capitatum,0,0.6696642005003676,0,Rocky coastal 1,obs
374,Meliscaeva auricollis,Allium sp.,0,0.6735849586345595,0,Rocky coastal 1,obs
375,Meliscaeva auricollis,Astragalus balearicus,0,0.5944089606331424,0,Rocky coastal 1,obs
376,Meliscaeva auricollis,Daucus carota,1,0.8387408229600046,1,Rocky coastal 1,obs
377,Meliscaeva auricollis,Dorycnium fulgurans,0,0.5944089606331424,0,Rocky coastal 1,obs
378,Meliscaeva auricollis,Euphorbia dendroides,1,0.5695462245868369,0,Rocky coastal 1,obs
379,Meliscaeva auricollis,Helichrysum stoechas,0,0.6627460191481467,0,Rocky coastal 1,obs
380,Meliscaeva auricollis,Lonicera implexa,0,0.546531628005847,0,Rocky coastal 1,obs
381,Meliscaeva auricollis,Ruta chalepensis,0,0.5586180937800139,0,Rocky coastal 1,obs
382,Meliscaeva auricollis,Salvia rosmarinus,0,0.5706354970812096,0,Rocky coastal 1,obs
383,Meliscaeva auricollis,Sedum sediforme,0,0.5825702032504416,0,Rocky coastal 1,obs
384,Meliscaeva auricollis,Teucrium capitatum,1,0.7040516272240208,1,Rocky coastal 1,obs
385,Mordellistena sp.,Allium sp.,0,0.6271477665779155,0,Rocky coastal 1,obs
386,Mordellistena sp.,Astragalus balearicus,0,0.5443277588267654,0,Rocky coastal 1,obs
387,Mordellistena sp.,Daucus carota,1,0.8091419572120482,1,Rocky coastal 1,obs
388,Mordellistena sp.,Dorycnium fulgurans,0,0.5443277588267654,0,Rocky coastal 1,obs
389,Mordellistena sp.,Euphorbia dendroides,0,0.5804070144486762,0,Rocky coastal 1,obs
390,Mordellistena sp.,Helichrysum stoechas,0,0.6156467081084659,0,Rocky coastal 1,obs
391,Mordellistena sp.,Lonicera implexa,0,0.5,0,Rocky coastal 1,obs
392,Mordellistena sp.,Ruta chalepensis,0,0.5077771517212307,0,Rocky coastal 1,obs
393,Mordellistena sp.,Salvia rosmarinus,0,0.5199893412858596,0,Rocky coastal 1,obs
394,Mordellistena sp.,Sedum sediforme,1,0.5,0,Rocky coastal 1,obs
395,Mordellistena sp.,Teucrium capitatum,0,0.7132274762460605,1,Rocky coastal 1,obs
396,Sphenella marginata,Allium sp.,0,0.5782407312735509,0,Rocky coastal 1,obs
397,Sphenella marginata,Astragalus balearicus,0,0.5,0,Rocky coastal 1,obs
398,Sphenella marginata,Daucus carota,1,0.775564018932736,1,Rocky coastal 1,obs
399,Sphenella marginata,Dorycnium fulgurans,0,0.5,0,Rocky coastal 1,obs
400,Sphenella marginata,Euphorbia dendroides,0,0.5299640567466664,0,Rocky coastal 1,obs
401,Sphenella marginata,Helichrysum stoechas,0,0.5662743988295947,0,Rocky coastal 1,obs
402,Sphenella marginata,Lonicera implexa,0,0.5,0,Rocky coastal 1,obs
403,Sphenella marginata,Ruta chalepensis,0,0.5,0,Rocky coastal 1,obs
404,Sphenella marginata,Salvia rosmarinus,0,0.5,0,Rocky coastal 1,obs
405,Sphenella marginata,Sedum sediforme,0,0.5,0,Rocky coastal 1,obs
406,Sphenella marginata,Teucrium capitatum,0,0.6696642005003676,0,Rocky coastal 1,obs
407,Unknown insect,Allium sp.,0,0.5782407312735509,0,Rocky coastal 1,obs
408,Unknown insect,Astragalus balearicus,0,0.5,0,Rocky coastal 1,obs
409,Unknown insect,Daucus carota,1,0.775564018932736,1,Rocky coastal 1,obs
410,Unknown insect,Dorycnium fulgurans,0,0.5,0,Rocky coastal 1,obs
411,Unknown insect,Euphorbia dendroides,0,0.5299640567466664,0,Rocky coastal 1,obs
412,Unknown insect,Helichrysum stoechas,0,0.5662743988295947,0,Rocky coastal 1,obs
413,Unknown insect,Lonicera implexa,0,0.5,0,Rocky coastal 1,obs
414,Unknown insect,Ruta chalepensis,0,0.5,0,Rocky coastal 1,obs
415,Unknown insect,Salvia rosmarinus,0,0.5,0,Rocky coastal 1,obs
416,Unknown insect,Sedum sediforme,0,0.5,0,Rocky coastal 1,obs
417,Unknown insect,Teucrium capitatum,0,0.6696642005003676,0,Rocky coastal 1,obs
418,Calliphoridae sp.,Allium sp.,0,0.5782407312735509,0,Rocky coastal 1,obs
419,Calliphoridae sp.,Astragalus balearicus,0,0.5,0,Rocky coastal 1,obs
420,Calliphoridae sp.,Daucus carota,0,0.8159114437290708,1,Rocky coastal 1,obs
421,Calliphoridae sp.,Dorycnium fulgurans,0,0.5,0,Rocky coastal 1,obs
422,Calliphoridae sp.,Euphorbia dendroides,1,0.5,0,Rocky coastal 1,obs
423,Calliphoridae sp.,Helichrysum stoechas,0,0.5662743988295947,0,Rocky coastal 1,obs
424,Calliphoridae sp.,Lonicera implexa,0,0.5,0,Rocky coastal 1,obs
425,Calliphoridae sp.,Ruta chalepensis,0,0.5,0,Rocky coastal 1,obs
426,Calliphoridae sp.,Salvia rosmarinus,0,0.5,0,Rocky coastal 1,obs
427,Calliphoridae sp.,Sedum sediforme,0,0.5,0,Rocky coastal 1,obs
428,Calliphoridae sp.,Teucrium capitatum,0,0.6696642005003676,0,Rocky coastal 1,obs
429,Autographa gamma,Allium sp.,0,0.6271477665779155,0,Rocky coastal 1,obs
430,Autographa gamma,Astragalus balearicus,0,0.5443277588267654,0,Rocky coastal 1,obs
431,Autographa gamma,Daucus carota,0,0.8446620217802295,1,Rocky coastal 1,obs
432,Autographa gamma,Dorycnium fulgurans,0,0.5443277588267654,0,Rocky coastal 1,obs
433,Autographa gamma,Euphorbia dendroides,0,0.5804070144486762,0,Rocky coastal 1,obs
434,Autographa gamma,Helichrysum stoechas,1,0.5553280599216399,0,Rocky coastal 1,obs
435,Autographa gamma,Lonicera implexa,0,0.5,0,Rocky coastal 1,obs
436,Autographa gamma,Ruta chalepensis,0,0.5077771517212307,0,Rocky coastal 1,obs
437,Autographa gamma,Salvia rosmarinus,0,0.5199893412858596,0,Rocky coastal 1,obs
438,Autographa gamma,Sedum sediforme,0,0.5321776900098669,0,Rocky coastal 1,obs
439,Autographa gamma,Teucrium capitatum,1,0.6597594065089132,0,Rocky coastal 1,obs
440,Microdiptera sp1.,Allium sp.,0,0.5782407312735509,0,Rocky coastal 1,obs
441,Microdiptera sp1.,Astragalus balearicus,0,0.5,0,Rocky coastal 1,obs
442,Microdiptera sp1.,Daucus carota,0,0.8159114437290708,1,Rocky coastal 1,obs
443,Microdiptera sp1.,Dorycnium fulgurans,0,0.5,0,Rocky coastal 1,obs
444,Microdiptera sp1.,Euphorbia dendroides,0,0.5299640567466664,0,Rocky coastal 1,obs
445,Microdiptera sp1.,Helichrysum stoechas,1,0.5044443364487988,0,Rocky coastal 1,obs
446,Microdiptera sp1.,Lonicera implexa,0,0.5,0,Rocky coastal 1,obs
447,Microdiptera sp1.,Ruta chalepensis,0,0.5,0,Rocky coastal 1,obs
448,Microdiptera sp1.,Salvia rosmarinus,0,0.5,0,Rocky coastal 1,obs
449,Microdiptera sp1.,Sedum sediforme,0,0.5,0,Rocky coastal 1,obs
450,Microdiptera sp1.,Teucrium capitatum,0,0.6696642005003676,0,Rocky coastal 1,obs
451,Phthiria cf pulicularia,Allium sp.,0,0.6271477665779155,0,Rocky coastal 1,obs
452,Phthiria cf pulicularia,Astragalus balearicus,0,0.5443277588267654,0,Rocky coastal 1,obs
453,Phthiria cf pulicularia,Daucus carota,0,0.8446620217802295,1,Rocky coastal 1,obs
454,Phthiria cf pulicularia,Dorycnium fulgurans,0,0.5443277588267654,0,Rocky coastal 1,obs
455,Phthiria cf pulicularia,Euphorbia dendroides,0,0.5804070144486762,0,Rocky coastal 1,obs
456,Phthiria cf pulicularia,Helichrysum stoechas,1,0.5553280599216399,0,Rocky coastal 1,obs
457,Phthiria cf pulicularia,Lonicera implexa,0,0.5,0,Rocky coastal 1,obs
458,Phthiria cf pulicularia,Ruta chalepensis,0,0.5077771517212307,0,Rocky coastal 1,obs
459,Phthiria cf pulicularia,Salvia rosmarinus,0,0.5199893412858596,0,Rocky coastal 1,obs
460,Phthiria cf pulicularia,Sedum sediforme,0,0.5321776900098669,0,Rocky coastal 1,obs
461,Phthiria cf pulicularia,Teucrium capitatum,1,0.6597594065089132,0,Rocky coastal 1,obs
462,Stictopleurus abutilon,Allium sp.,0,0.5782407312735509,0,Rocky coastal 1,obs
463,Stictopleurus abutilon,Astragalus balearicus,0,0.5,0,Rocky coastal 1,obs
464,Stictopleurus abutilon,Daucus carota,0,0.8159114437290708,1,Rocky coastal 1,obs
465,Stictopleurus abutilon,Dorycnium fulgurans,0,0.5,0,Rocky coastal 1,obs
466,Stictopleurus abutilon,Euphorbia dendroides,0,0.5299640567466664,0,Rocky coastal 1,obs
467,Stictopleurus abutilon,Helichrysum stoechas,1,0.5044443364487988,0,Rocky coastal 1,obs
468,Stictopleurus abutilon,Lonicera implexa,0,0.5,0,Rocky coastal 1,obs
469,Stictopleurus abutilon,Ruta chalepensis,0,0.5,0,Rocky coastal 1,obs
470,Stictopleurus abutilon,Salvia rosmarinus,0,0.5,0,Rocky coastal 1,obs
471,Stictopleurus abutilon,Sedum sediforme,0,0.5,0,Rocky coastal 1,obs
472,Stictopleurus abutilon,Teucrium capitatum,0,0.6696642005003676,0,Rocky coastal 1,obs
473,Colias crocea,Allium sp.,0,0.5782407312735509,0,Rocky coastal 1,obs
474,Colias crocea,Astragalus balearicus,0,0.5,0,Rocky coastal 1,obs
475,Colias crocea,Daucus carota,0,0.8159114437290708,1,Rocky coastal 1,obs
476,Colias crocea,Dorycnium fulgurans,0,0.5,0,Rocky coastal 1,obs
477,Colias crocea,Euphorbia dendroides,0,0.5299640567466664,0,Rocky coastal 1,obs
478,Colias crocea,Helichrysum stoechas,0,0.5662743988295947,0,Rocky coastal 1,obs
479,Colias crocea,Lonicera implexa,0,0.5,0,Rocky coastal 1,obs
480,Colias crocea,Ruta chalepensis,0,0.5,0,Rocky coastal 1,obs
481,Colias crocea,Salvia rosmarinus,0,0.5,0,Rocky coastal 1,obs
482,Colias crocea,Sedum sediforme,0,0.5,0,Rocky coastal 1,obs
483,Colias crocea,Teucrium capitatum,1,0.6124868788397909,0,Rocky coastal 1,obs
484,Gonepterix cleopatra,Allium sp.,0,0.5782407312735509,0,Rocky coastal 1,obs
485,Gonepterix cleopatra,Astragalus balearicus,0,0.5,0,Rocky coastal 1,obs
486,Gonepterix cleopatra,Daucus carota,0,0.8159114437290708,1,Rocky coastal 1,obs
487,Gonepterix cleopatra,Dorycnium fulgurans,0,0.5,0,Rocky coastal 1,obs
488,Gonepterix cleopatra,Euphorbia dendroides,0,0.5299640567466664,0,Rocky coastal 1,obs
489,Gonepterix cleopatra,Helichrysum stoechas,0,0.5662743988295947,0,Rocky coastal 1,obs
490,Gonepterix cleopatra,Lonicera implexa,0,0.5,0,Rocky coastal 1,obs
491,Gonepterix cleopatra,Ruta chalepensis,0,0.5,0,Rocky coastal 1,obs
492,Gonepterix cleopatra,Salvia rosmarinus,0,0.5,0,Rocky coastal 1,obs
493,Gonepterix cleopatra,Sedum sediforme,0,0.5,0,Rocky coastal 1,obs
494,Gonepterix cleopatra,Teucrium capitatum,1,0.6124868788397909,0,Rocky coastal 1,obs
495,Spilostethus pandurus,Allium sp.,0,0.5782407312735509,0,Rocky coastal 1,obs
496,Spilostethus pandurus,Astragalus balearicus,0,0.5,0,Rocky coastal 1,obs
497,Spilostethus pandurus,Daucus carota,0,0.8159114437290708,1,Rocky coastal 1,obs
498,Spilostethus pandurus,Dorycnium fulgurans,0,0.5,0,Rocky coastal 1,obs
499,Spilostethus pandurus,Euphorbia dendroides,0,0.5299640567466664,0,Rocky coastal 1,obs
500,Spilostethus pandurus,Helichrysum stoechas,0,0.5662743988295947,0,Rocky coastal 1,obs
501,Spilostethus pandurus,Lonicera implexa,0,0.5,0,Rocky coastal 1,obs
502,Spilostethus pandurus,Ruta chalepensis,0,0.5,0,Rocky coastal 1,obs
503,Spilostethus pandurus,Salvia rosmarinus,0,0.5,0,Rocky coastal 1,obs
504,Spilostethus pandurus,Sedum sediforme,0,0.5,0,Rocky coastal 1,obs
505,Spilostethus pandurus,Teucrium capitatum,1,0.6124868788397909,0,Rocky coastal 1,obs
0,Eupeodes corollae,Allium ampeloprasum,1,0.5679971411837206,0,Rocky coastal 2,obs
1,Eupeodes corollae,Allium sp.,0,0.6298512871742687,0,Rocky coastal 2,obs
2,Eupeodes corollae,Asteriscus aquaticus,0,0.6298512871742687,0,Rocky coastal 2,obs
3,Eupeodes corollae,Daucus carota,0,0.6820389404061283,0,Rocky coastal 2,obs
4,Eupeodes corollae,Euphorbia dendroides,1,0.7472899513036135,1,Rocky coastal 2,obs
5,Eupeodes corollae,Globularia alypum,0,0.616255374225402,0,Rocky coastal 2,obs
6,Eupeodes corollae,Helichrysum stoechas,1,0.7580659504734589,1,Rocky coastal 2,obs
7,Eupeodes corollae,Lonicera implexa,0,0.6298512871742687,0,Rocky coastal 2,obs
8,Eupeodes corollae,Ruta chalepensis,0,0.6298512871742687,0,Rocky coastal 2,obs
9,Eupeodes corollae,Sedum sediforme,0,0.6298512871742687,0,Rocky coastal 2,obs
10,Eupeodes corollae,Teucrium capitatum,1,0.8327526925172735,1,Rocky coastal 2,obs
11,Microdiptera sp1.,Allium ampeloprasum,1,0.5,0,Rocky coastal 2,obs
12,Microdiptera sp1.,Allium sp.,0,0.530226255717564,0,Rocky coastal 2,obs
13,Microdiptera sp1.,Asteriscus aquaticus,0,0.530226255717564,0,Rocky coastal 2,obs
14,Microdiptera sp1.,Daucus carota,0,0.5872555829169658,0,Rocky coastal 2,obs
15,Microdiptera sp1.,Euphorbia dendroides,0,0.7173955073322649,1,Rocky coastal 2,obs
16,Microdiptera sp1.,Globularia alypum,0,0.5157842268321993,0,Rocky coastal 2,obs
17,Microdiptera sp1.,Helichrysum stoechas,0,0.7289839499850629,1,Rocky coastal 2,obs
18,Microdiptera sp1.,Lonicera implexa,0,0.530226255717564,0,Rocky coastal 2,obs
19,Microdiptera sp1.,Ruta chalepensis,0,0.530226255717564,0,Rocky coastal 2,obs
20,Microdiptera sp1.,Sedum sediforme,0,0.530226255717564,0,Rocky coastal 2,obs
21,Microdiptera sp1.,Teucrium capitatum,1,0.7675871757217246,1,Rocky coastal 2,obs
22,Mordellistena sp.,Allium ampeloprasum,0,0.5,0,Rocky coastal 2,obs
23,Mordellistena sp.,Allium sp.,1,0.5,0,Rocky coastal 2,obs
24,Mordellistena sp.,Asteriscus aquaticus,0,0.5,0,Rocky coastal 2,obs
25,Mordellistena sp.,Daucus carota,0,0.5367755791979668,0,Rocky coastal 2,obs
26,Mordellistena sp.,Euphorbia dendroides,0,0.6739962813932894,0,Rocky coastal 2,obs
27,Mordellistena sp.,Globularia alypum,0,0.5,0,Rocky coastal 2,obs
28,Mordellistena sp.,Helichrysum stoechas,0,0.686586871823789,0,Rocky coastal 2,obs
29,Mordellistena sp.,Lonicera implexa,0,0.5,0,Rocky coastal 2,obs
30,Mordellistena sp.,Ruta chalepensis,0,0.5,0,Rocky coastal 2,obs
31,Mordellistena sp.,Sedum sediforme,0,0.5,0,Rocky coastal 2,obs
32,Mordellistena sp.,Teucrium capitatum,0,0.7768439915112524,1,Rocky coastal 2,obs
33,Stomorhina lunata,Allium ampeloprasum,0,0.5,0,Rocky coastal 2,obs
34,Stomorhina lunata,Allium sp.,1,0.5,0,Rocky coastal 2,obs
35,Stomorhina lunata,Asteriscus aquaticus,0,0.5,0,Rocky coastal 2,obs
36,Stomorhina lunata,Daucus carota,0,0.5367755791979668,0,Rocky coastal 2,obs
37,Stomorhina lunata,Euphorbia dendroides,0,0.6739962813932894,0,Rocky coastal 2,obs
38,Stomorhina lunata,Globularia alypum,0,0.5,0,Rocky coastal 2,obs
39,Stomorhina lunata,Helichrysum stoechas,0,0.686586871823789,0,Rocky coastal 2,obs
40,Stomorhina lunata,Lonicera implexa,0,0.5,0,Rocky coastal 2,obs
41,Stomorhina lunata,Ruta chalepensis,0,0.5,0,Rocky coastal 2,obs
42,Stomorhina lunata,Sedum sediforme,0,0.5,0,Rocky coastal 2,obs
43,Stomorhina lunata,Teucrium capitatum,0,0.7768439915112524,1,Rocky coastal 2,obs
44,Exoprosopa cf. bowdeni,Allium ampeloprasum,0,0.580862675083226,0,Rocky coastal 2,obs
45,Exoprosopa cf. bowdeni,Allium sp.,0,0.580862675083226,0,Rocky coastal 2,obs
46,Exoprosopa cf. bowdeni,Asteriscus aquaticus,1,0.5170985926251819,0,Rocky coastal 2,obs
47,Exoprosopa cf. bowdeni,Daucus carota,0,0.6359652754067112,0,Rocky coastal 2,obs
48,Exoprosopa cf. bowdeni,Euphorbia dendroides,0,0.7570993664834825,1,Rocky coastal 2,obs
49,Exoprosopa cf. bowdeni,Globularia alypum,0,0.5667052273183879,0,Rocky coastal 2,obs
50,Exoprosopa cf. bowdeni,Helichrysum stoechas,1,0.7184613336052503,1,Rocky coastal 2,obs
51,Exoprosopa cf. bowdeni,Lonicera implexa,0,0.580862675083226,0,Rocky coastal 2,obs
52,Exoprosopa cf. bowdeni,Ruta chalepensis,0,0.580862675083226,0,Rocky coastal 2,obs
53,Exoprosopa cf. bowdeni,Sedum sediforme,0,0.580862675083226,0,Rocky coastal 2,obs
54,Exoprosopa cf. bowdeni,Teucrium capitatum,1,0.8021838855332281,1,Rocky coastal 2,obs
55,Lasioglossum sp.,Allium ampeloprasum,0,0.7945595260850712,1,Rocky coastal 2,obs
56,Lasioglossum sp.,Allium sp.,0,0.7945595260850712,1,Rocky coastal 2,obs
57,Lasioglossum sp.,Asteriscus aquaticus,1,0.7492726227026943,1,Rocky coastal 2,obs
58,Lasioglossum sp.,Daucus carota,1,0.79023054560912,1,Rocky coastal 2,obs
59,Lasioglossum sp.,Euphorbia dendroides,1,0.8704860523755557,1,Rocky coastal 2,obs
60,Lasioglossum sp.,Globularia alypum,1,0.7382402008238517,1,Rocky coastal 2,obs
61,Lasioglossum sp.,Helichrysum stoechas,1,0.8768743028676809,1,Rocky coastal 2,obs
62,Lasioglossum sp.,Lonicera implexa,0,0.7945595260850712,1,Rocky coastal 2,obs
63,Lasioglossum sp.,Ruta chalepensis,1,0.7492726227026943,1,Rocky coastal 2,obs
64,Lasioglossum sp.,Sedum sediforme,1,0.7492726227026943,1,Rocky coastal 2,obs
65,Lasioglossum sp.,Teucrium capitatum,1,0.9188121276231922,1,Rocky coastal 2,obs
66,Anaspis sp.,Allium ampeloprasum,0,0.580862675083226,0,Rocky coastal 2,obs
67,Anaspis sp.,Allium sp.,0,0.580862675083226,0,Rocky coastal 2,obs
68,Anaspis sp.,Asteriscus aquaticus,0,0.580862675083226,0,Rocky coastal 2,obs
69,Anaspis sp.,Daucus carota,1,0.5744425155568719,0,Rocky coastal 2,obs
70,Anaspis sp.,Euphorbia dendroides,0,0.7570993664834825,1,Rocky coastal 2,obs
71,Anaspis sp.,Globularia alypum,0,0.5667052273183879,0,Rocky coastal 2,obs
72,Anaspis sp.,Helichrysum stoechas,1,0.7184613336052503,1,Rocky coastal 2,obs
73,Anaspis sp.,Lonicera implexa,0,0.580862675083226,0,Rocky coastal 2,obs
74,Anaspis sp.,Ruta chalepensis,0,0.580862675083226,0,Rocky coastal 2,obs
75,Anaspis sp.,Sedum sediforme,0,0.580862675083226,0,Rocky coastal 2,obs
76,Anaspis sp.,Teucrium capitatum,1,0.8021838855332281,1,Rocky coastal 2,obs
77,Musca domestica,Allium ampeloprasum,0,0.6298512871742687,0,Rocky coastal 2,obs
78,Musca domestica,Allium sp.,0,0.6298512871742687,0,Rocky coastal 2,obs
79,Musca domestica,Asteriscus aquaticus,0,0.6298512871742687,0,Rocky coastal 2,obs
80,Musca domestica,Daucus carota,1,0.623695385404909,0,Rocky coastal 2,obs
81,Musca domestica,Euphorbia dendroides,1,0.7472899513036135,1,Rocky coastal 2,obs
82,Musca domestica,Globularia alypum,0,0.616255374225402,0,Rocky coastal 2,obs
83,Musca domestica,Helichrysum stoechas,1,0.7580659504734589,1,Rocky coastal 2,obs
84,Musca domestica,Lonicera implexa,0,0.6298512871742687,0,Rocky coastal 2,obs
85,Musca domestica,Ruta chalepensis,0,0.6298512871742687,0,Rocky coastal 2,obs
86,Musca domestica,Sedum sediforme,0,0.6298512871742687,0,Rocky coastal 2,obs
87,Musca domestica,Teucrium capitatum,1,0.8327526925172735,1,Rocky coastal 2,obs
88,Pyrellia vivida,Allium ampeloprasum,0,0.6298512871742687,0,Rocky coastal 2,obs
89,Pyrellia vivida,Allium sp.,0,0.6298512871742687,0,Rocky coastal 2,obs
90,Pyrellia vivida,Asteriscus aquaticus,0,0.6298512871742687,0,Rocky coastal 2,obs
91,Pyrellia vivida,Daucus carota,1,0.623695385404909,0,Rocky coastal 2,obs
92,Pyrellia vivida,Euphorbia dendroides,1,0.7472899513036135,1,Rocky coastal 2,obs
93,Pyrellia vivida,Globularia alypum,0,0.616255374225402,0,Rocky coastal 2,obs
94,Pyrellia vivida,Helichrysum stoechas,1,0.7580659504734589,1,Rocky coastal 2,obs
95,Pyrellia vivida,Lonicera implexa,0,0.6298512871742687,0,Rocky coastal 2,obs
96,Pyrellia vivida,Ruta chalepensis,0,0.6298512871742687,0,Rocky coastal 2,obs
97,Pyrellia vivida,Sedum sediforme,0,0.6298512871742687,0,Rocky coastal 2,obs
98,Pyrellia vivida,Teucrium capitatum,1,0.8327526925172735,1,Rocky coastal 2,obs
99,Sarcophaga sp.,Allium ampeloprasum,0,0.580862675083226,0,Rocky coastal 2,obs
100,Sarcophaga sp.,Allium sp.,0,0.580862675083226,0,Rocky coastal 2,obs
101,Sarcophaga sp.,Asteriscus aquaticus,0,0.580862675083226,0,Rocky coastal 2,obs
102,Sarcophaga sp.,Daucus carota,1,0.5744425155568719,0,Rocky coastal 2,obs
103,Sarcophaga sp.,Euphorbia dendroides,1,0.7066040399051345,1,Rocky coastal 2,obs
104,Sarcophaga sp.,Globularia alypum,0,0.5667052273183879,0,Rocky coastal 2,obs
105,Sarcophaga sp.,Helichrysum stoechas,0,0.7675871665647281,1,Rocky coastal 2,obs
106,Sarcophaga sp.,Lonicera implexa,0,0.580862675083226,0,Rocky coastal 2,obs
107,Sarcophaga sp.,Ruta chalepensis,0,0.580862675083226,0,Rocky coastal 2,obs
108,Sarcophaga sp.,Sedum sediforme,0,0.580862675083226,0,Rocky coastal 2,obs
109,Sarcophaga sp.,Teucrium capitatum,1,0.8021838855332281,1,Rocky coastal 2,obs
110,Stenopterus sp.,Allium ampeloprasum,0,0.5,0,Rocky coastal 2,obs
111,Stenopterus sp.,Allium sp.,0,0.5,0,Rocky coastal 2,obs
112,Stenopterus sp.,Asteriscus aquaticus,0,0.5,0,Rocky coastal 2,obs
113,Stenopterus sp.,Daucus carota,1,0.5,0,Rocky coastal 2,obs
114,Stenopterus sp.,Euphorbia dendroides,0,0.6739962813932894,0,Rocky coastal 2,obs
115,Stenopterus sp.,Globularia alypum,0,0.5,0,Rocky coastal 2,obs
116,Stenopterus sp.,Helichrysum stoechas,0,0.686586871823789,0,Rocky coastal 2,obs
117,Stenopterus sp.,Lonicera implexa,0,0.5,0,Rocky coastal 2,obs
118,Stenopterus sp.,Ruta chalepensis,0,0.5,0,Rocky coastal 2,obs
119,Stenopterus sp.,Sedum sediforme,0,0.5,0,Rocky coastal 2,obs
120,Stenopterus sp.,Teucrium capitatum,0,0.7768439915112524,1,Rocky coastal 2,obs
121,Anthomyiidae sp.,Allium ampeloprasum,0,0.5,0,Rocky coastal 2,obs
122,Anthomyiidae sp.,Allium sp.,0,0.5,0,Rocky coastal 2,obs
123,Anthomyiidae sp.,Asteriscus aquaticus,0,0.5,0,Rocky coastal 2,obs
124,Anthomyiidae sp.,Daucus carota,0,0.5367755791979668,0,Rocky coastal 2,obs
125,Anthomyiidae sp.,Euphorbia dendroides,1,0.6150099832954355,0,Rocky coastal 2,obs
126,Anthomyiidae sp.,Globularia alypum,0,0.5,0,Rocky coastal 2,obs
127,Anthomyiidae sp.,Helichrysum stoechas,0,0.686586871823789,0,Rocky coastal 2,obs
128,Anthomyiidae sp.,Lonicera implexa,0,0.5,0,Rocky coastal 2,obs
129,Anthomyiidae sp.,Ruta chalepensis,0,0.5,0,Rocky coastal 2,obs
130,Anthomyiidae sp.,Sedum sediforme,0,0.5,0,Rocky coastal 2,obs
131,Anthomyiidae sp.,Teucrium capitatum,0,0.7768439915112524,1,Rocky coastal 2,obs
132,Dasytes nigroaeneus,Allium ampeloprasum,0,0.580862675083226,0,Rocky coastal 2,obs
133,Dasytes nigroaeneus,Allium sp.,0,0.580862675083226,0,Rocky coastal 2,obs
134,Dasytes nigroaeneus,Asteriscus aquaticus,0,0.580862675083226,0,Rocky coastal 2,obs
135,Dasytes nigroaeneus,Daucus carota,0,0.6359652754067112,0,Rocky coastal 2,obs
136,Dasytes nigroaeneus,Euphorbia dendroides,1,0.7066040399051345,1,Rocky coastal 2,obs
137,Dasytes nigroaeneus,Globularia alypum,0,0.5667052273183879,0,Rocky coastal 2,obs
138,Dasytes nigroaeneus,Helichrysum stoechas,1,0.7184613336052503,1,Rocky coastal 2,obs
139,Dasytes nigroaeneus,Lonicera implexa,0,0.580862675083226,0,Rocky coastal 2,obs
140,Dasytes nigroaeneus,Ruta chalepensis,0,0.580862675083226,0,Rocky coastal 2,obs
141,Dasytes nigroaeneus,Sedum sediforme,0,0.580862675083226,0,Rocky coastal 2,obs
142,Dasytes nigroaeneus,Teucrium capitatum,1,0.8021838855332281,1,Rocky coastal 2,obs
143,Episyrphus balteatus,Allium ampeloprasum,0,0.530226255717564,0,Rocky coastal 2,obs
144,Episyrphus balteatus,Allium sp.,0,0.530226255717564,0,Rocky coastal 2,obs
145,Episyrphus balteatus,Asteriscus aquaticus,0,0.530226255717564,0,Rocky coastal 2,obs
146,Episyrphus balteatus,Daucus carota,0,0.5872555829169658,0,Rocky coastal 2,obs
147,Episyrphus balteatus,Euphorbia dendroides,1,0.6623276276842127,0,Rocky coastal 2,obs
148,Episyrphus balteatus,Globularia alypum,0,0.5157842268321993,0,Rocky coastal 2,obs
149,Episyrphus balteatus,Helichrysum stoechas,0,0.7289839499850629,1,Rocky coastal 2,obs
150,Episyrphus balteatus,Lonicera implexa,0,0.530226255717564,0,Rocky coastal 2,obs
151,Episyrphus balteatus,Ruta chalepensis,0,0.530226255717564,0,Rocky coastal 2,obs
152,Episyrphus balteatus,Sedum sediforme,0,0.530226255717564,0,Rocky coastal 2,obs
153,Episyrphus balteatus,Teucrium capitatum,1,0.7675871757217246,1,Rocky coastal 2,obs
154,Eristalis similis,Allium ampeloprasum,0,0.5,0,Rocky coastal 2,obs
155,Eristalis similis,Allium sp.,0,0.5,0,Rocky coastal 2,obs
156,Eristalis similis,Asteriscus aquaticus,0,0.5,0,Rocky coastal 2,obs
157,Eristalis similis,Daucus carota,0,0.5367755791979668,0,Rocky coastal 2,obs
158,Eristalis similis,Euphorbia dendroides,1,0.6150099832954355,0,Rocky coastal 2,obs
159,Eristalis similis,Globularia alypum,0,0.5,0,Rocky coastal 2,obs
160,Eristalis similis,Helichrysum stoechas,0,0.686586871823789,0,Rocky coastal 2,obs
161,Eristalis similis,Lonicera implexa,0,0.5,0,Rocky coastal 2,obs
162,Eristalis similis,Ruta chalepensis,0,0.5,0,Rocky coastal 2,obs
163,Eristalis similis,Sedum sediforme,0,0.5,0,Rocky coastal 2,obs
164,Eristalis similis,Teucrium capitatum,0,0.7768439915112524,1,Rocky coastal 2,obs
165,Meligethes sp.,Allium ampeloprasum,0,0.580862675083226,0,Rocky coastal 2,obs
166,Meligethes sp.,Allium sp.,0,0.580862675083226,0,Rocky coastal 2,obs
167,Meligethes sp.,Asteriscus aquaticus,0,0.580862675083226,0,Rocky coastal 2,obs
168,Meligethes sp.,Daucus carota,0,0.6359652754067112,0,Rocky coastal 2,obs
169,Meligethes sp.,Euphorbia dendroides,1,0.7066040399051345,1,Rocky coastal 2,obs
170,Meligethes sp.,Globularia alypum,0,0.5667052273183879,0,Rocky coastal 2,obs
171,Meligethes sp.,Helichrysum stoechas,1,0.7184613336052503,1,Rocky coastal 2,obs
172,Meligethes sp.,Lonicera implexa,0,0.580862675083226,0,Rocky coastal 2,obs
173,Meligethes sp.,Ruta chalepensis,0,0.580862675083226,0,Rocky coastal 2,obs
174,Meligethes sp.,Sedum sediforme,0,0.580862675083226,0,Rocky coastal 2,obs
175,Meligethes sp.,Teucrium capitatum,1,0.8021838855332281,1,Rocky coastal 2,obs
176,Meliscaeva auricollis,Allium ampeloprasum,0,0.530226255717564,0,Rocky coastal 2,obs
177,Meliscaeva auricollis,Allium sp.,0,0.530226255717564,0,Rocky coastal 2,obs
178,Meliscaeva auricollis,Asteriscus aquaticus,0,0.530226255717564,0,Rocky coastal 2,obs
179,Meliscaeva auricollis,Daucus carota,0,0.5872555829169658,0,Rocky coastal 2,obs
180,Meliscaeva auricollis,Euphorbia dendroides,1,0.6623276276842127,0,Rocky coastal 2,obs
181,Meliscaeva auricollis,Globularia alypum,0,0.5157842268321993,0,Rocky coastal 2,obs
182,Meliscaeva auricollis,Helichrysum stoechas,0,0.7289839499850629,1,Rocky coastal 2,obs
183,Meliscaeva auricollis,Lonicera implexa,0,0.530226255717564,0,Rocky coastal 2,obs
184,Meliscaeva auricollis,Ruta chalepensis,0,0.530226255717564,0,Rocky coastal 2,obs
185,Meliscaeva auricollis,Sedum sediforme,0,0.530226255717564,0,Rocky coastal 2,obs
186,Meliscaeva auricollis,Teucrium capitatum,1,0.7675871757217246,1,Rocky coastal 2,obs
187,Muscidae sp1,Allium ampeloprasum,0,0.5,0,Rocky coastal 2,obs
188,Muscidae sp1,Allium sp.,0,0.5,0,Rocky coastal 2,obs
189,Muscidae sp1,Asteriscus aquaticus,0,0.5,0,Rocky coastal 2,obs
190,Muscidae sp1,Daucus carota,0,0.5367755791979668,0,Rocky coastal 2,obs
191,Muscidae sp1,Euphorbia dendroides,1,0.6150099832954355,0,Rocky coastal 2,obs
192,Muscidae sp1,Globularia alypum,0,0.5,0,Rocky coastal 2,obs
193,Muscidae sp1,Helichrysum stoechas,0,0.686586871823789,0,Rocky coastal 2,obs
194,Muscidae sp1,Lonicera implexa,0,0.5,0,Rocky coastal 2,obs
195,Muscidae sp1,Ruta chalepensis,0,0.5,0,Rocky coastal 2,obs
196,Muscidae sp1,Sedum sediforme,0,0.5,0,Rocky coastal 2,obs
197,Muscidae sp1,Teucrium capitatum,0,0.7768439915112524,1,Rocky coastal 2,obs
198,Platypalpus sp.,Allium ampeloprasum,0,0.530226255717564,0,Rocky coastal 2,obs
199,Platypalpus sp.,Allium sp.,0,0.530226255717564,0,Rocky coastal 2,obs
200,Platypalpus sp.,Asteriscus aquaticus,0,0.530226255717564,0,Rocky coastal 2,obs
201,Platypalpus sp.,Daucus carota,0,0.5872555829169658,0,Rocky coastal 2,obs
202,Platypalpus sp.,Euphorbia dendroides,1,0.6623276276842127,0,Rocky coastal 2,obs
203,Platypalpus sp.,Globularia alypum,0,0.5157842268321993,0,Rocky coastal 2,obs
204,Platypalpus sp.,Helichrysum stoechas,1,0.6751516694117585,0,Rocky coastal 2,obs
205,Platypalpus sp.,Lonicera implexa,0,0.530226255717564,0,Rocky coastal 2,obs
206,Platypalpus sp.,Ruta chalepensis,0,0.530226255717564,0,Rocky coastal 2,obs
207,Platypalpus sp.,Sedum sediforme,0,0.530226255717564,0,Rocky coastal 2,obs
208,Platypalpus sp.,Teucrium capitatum,0,0.8104031032512108,1,Rocky coastal 2,obs
209,Podarcis lilfordi,Allium ampeloprasum,0,0.5,0,Rocky coastal 2,obs
210,Podarcis lilfordi,Allium sp.,0,0.5,0,Rocky coastal 2,obs
211,Podarcis lilfordi,Asteriscus aquaticus,0,0.5,0,Rocky coastal 2,obs
212,Podarcis lilfordi,Daucus carota,0,0.5367755791979668,0,Rocky coastal 2,obs
213,Podarcis lilfordi,Euphorbia dendroides,1,0.6150099832954355,0,Rocky coastal 2,obs
214,Podarcis lilfordi,Globularia alypum,0,0.5,0,Rocky coastal 2,obs
215,Podarcis lilfordi,Helichrysum stoechas,0,0.686586871823789,0,Rocky coastal 2,obs
216,Podarcis lilfordi,Lonicera implexa,0,0.5,0,Rocky coastal 2,obs
217,Podarcis lilfordi,Ruta chalepensis,0,0.5,0,Rocky coastal 2,obs
218,Podarcis lilfordi,Sedum sediforme,0,0.5,0,Rocky coastal 2,obs
219,Podarcis lilfordi,Teucrium capitatum,0,0.7768439915112524,1,Rocky coastal 2,obs
220,Spilostethus pandurus,Allium ampeloprasum,0,0.580862675083226,0,Rocky coastal 2,obs
221,Spilostethus pandurus,Allium sp.,0,0.580862675083226,0,Rocky coastal 2,obs
222,Spilostethus pandurus,Asteriscus aquaticus,0,0.580862675083226,0,Rocky coastal 2,obs
223,Spilostethus pandurus,Daucus carota,0,0.6359652754067112,0,Rocky coastal 2,obs
224,Spilostethus pandurus,Euphorbia dendroides,1,0.7066040399051345,1,Rocky coastal 2,obs
225,Spilostethus pandurus,Globularia alypum,0,0.5667052273183879,0,Rocky coastal 2,obs
226,Spilostethus pandurus,Helichrysum stoechas,0,0.7675871665647281,1,Rocky coastal 2,obs
227,Spilostethus pandurus,Lonicera implexa,0,0.580862675083226,0,Rocky coastal 2,obs
228,Spilostethus pandurus,Ruta chalepensis,0,0.580862675083226,0,Rocky coastal 2,obs
229,Spilostethus pandurus,Sedum sediforme,1,0.5170985926251819,0,Rocky coastal 2,obs
230,Spilostethus pandurus,Teucrium capitatum,1,0.8021838855332281,1,Rocky coastal 2,obs
231,Tapinoma sp,Allium ampeloprasum,0,0.5,0,Rocky coastal 2,obs
232,Tapinoma sp,Allium sp.,0,0.5,0,Rocky coastal 2,obs
233,Tapinoma sp,Asteriscus aquaticus,0,0.5,0,Rocky coastal 2,obs
234,Tapinoma sp,Daucus carota,0,0.5367755791979668,0,Rocky coastal 2,obs
235,Tapinoma sp,Euphorbia dendroides,1,0.6150099832954355,0,Rocky coastal 2,obs
236,Tapinoma sp,Globularia alypum,0,0.5,0,Rocky coastal 2,obs
237,Tapinoma sp,Helichrysum stoechas,0,0.686586871823789,0,Rocky coastal 2,obs
238,Tapinoma sp,Lonicera implexa,0,0.5,0,Rocky coastal 2,obs
239,Tapinoma sp,Ruta chalepensis,0,0.5,0,Rocky coastal 2,obs
240,Tapinoma sp,Sedum sediforme,0,0.5,0,Rocky coastal 2,obs
241,Tapinoma sp,Teucrium capitatum,0,0.7768439915112524,1,Rocky coastal 2,obs
242,Ancistrocerus ebusianus,Allium ampeloprasum,0,0.530226255717564,0,Rocky coastal 2,obs
243,Ancistrocerus ebusianus,Allium sp.,0,0.530226255717564,0,Rocky coastal 2,obs
244,Ancistrocerus ebusianus,Asteriscus aquaticus,0,0.530226255717564,0,Rocky coastal 2,obs
245,Ancistrocerus ebusianus,Daucus carota,0,0.5872555829169658,0,Rocky coastal 2,obs
246,Ancistrocerus ebusianus,Euphorbia dendroides,0,0.7173955073322649,1,Rocky coastal 2,obs
247,Ancistrocerus ebusianus,Globularia alypum,0,0.5157842268321993,0,Rocky coastal 2,obs
248,Ancistrocerus ebusianus,Helichrysum stoechas,1,0.6751516694117585,0,Rocky coastal 2,obs
249,Ancistrocerus ebusianus,Lonicera implexa,0,0.530226255717564,0,Rocky coastal 2,obs
250,Ancistrocerus ebusianus,Ruta chalepensis,0,0.530226255717564,0,Rocky coastal 2,obs
251,Ancistrocerus ebusianus,Sedum sediforme,0,0.530226255717564,0,Rocky coastal 2,obs
252,Ancistrocerus ebusianus,Teucrium capitatum,1,0.7675871757217246,1,Rocky coastal 2,obs
253,Hylaeus imparilis,Allium ampeloprasum,0,0.530226255717564,0,Rocky coastal 2,obs
254,Hylaeus imparilis,Allium sp.,0,0.530226255717564,0,Rocky coastal 2,obs
255,Hylaeus imparilis,Asteriscus aquaticus,0,0.530226255717564,0,Rocky coastal 2,obs
256,Hylaeus imparilis,Daucus carota,0,0.5872555829169658,0,Rocky coastal 2,obs
257,Hylaeus imparilis,Euphorbia dendroides,0,0.7173955073322649,1,Rocky coastal 2,obs
258,Hylaeus imparilis,Globularia alypum,0,0.5157842268321993,0,Rocky coastal 2,obs
259,Hylaeus imparilis,Helichrysum stoechas,1,0.6751516694117585,0,Rocky coastal 2,obs
260,Hylaeus imparilis,Lonicera implexa,0,0.530226255717564,0,Rocky coastal 2,obs
261,Hylaeus imparilis,Ruta chalepensis,0,0.530226255717564,0,Rocky coastal 2,obs
262,Hylaeus imparilis,Sedum sediforme,0,0.530226255717564,0,Rocky coastal 2,obs
263,Hylaeus imparilis,Teucrium capitatum,1,0.7675871757217246,1,Rocky coastal 2,obs
264,Lydella nigrescens,Allium ampeloprasum,0,0.530226255717564,0,Rocky coastal 2,obs
265,Lydella nigrescens,Allium sp.,0,0.530226255717564,0,Rocky coastal 2,obs
266,Lydella nigrescens,Asteriscus aquaticus,0,0.530226255717564,0,Rocky coastal 2,obs
267,Lydella nigrescens,Daucus carota,0,0.5872555829169658,0,Rocky coastal 2,obs
268,Lydella nigrescens,Euphorbia dendroides,0,0.7173955073322649,1,Rocky coastal 2,obs
269,Lydella nigrescens,Globularia alypum,0,0.5157842268321993,0,Rocky coastal 2,obs
270,Lydella nigrescens,Helichrysum stoechas,1,0.6751516694117585,0,Rocky coastal 2,obs
271,Lydella nigrescens,Lonicera implexa,0,0.530226255717564,0,Rocky coastal 2,obs
272,Lydella nigrescens,Ruta chalepensis,0,0.530226255717564,0,Rocky coastal 2,obs
273,Lydella nigrescens,Sedum sediforme,0,0.530226255717564,0,Rocky coastal 2,obs
274,Lydella nigrescens,Teucrium capitatum,1,0.7675871757217246,1,Rocky coastal 2,obs
275,Lydella thompsoni,Allium ampeloprasum,0,0.530226255717564,0,Rocky coastal 2,obs
276,Lydella thompsoni,Allium sp.,0,0.530226255717564,0,Rocky coastal 2,obs
277,Lydella thompsoni,Asteriscus aquaticus,0,0.530226255717564,0,Rocky coastal 2,obs
278,Lydella thompsoni,Daucus carota,0,0.5872555829169658,0,Rocky coastal 2,obs
279,Lydella thompsoni,Euphorbia dendroides,0,0.7173955073322649,1,Rocky coastal 2,obs
280,Lydella thompsoni,Globularia alypum,0,0.5157842268321993,0,Rocky coastal 2,obs
281,Lydella thompsoni,Helichrysum stoechas,1,0.6751516694117585,0,Rocky coastal 2,obs
282,Lydella thompsoni,Lonicera implexa,0,0.530226255717564,0,Rocky coastal 2,obs
283,Lydella thompsoni,Ruta chalepensis,0,0.530226255717564,0,Rocky coastal 2,obs
284,Lydella thompsoni,Sedum sediforme,0,0.530226255717564,0,Rocky coastal 2,obs
285,Lydella thompsoni,Teucrium capitatum,1,0.7675871757217246,1,Rocky coastal 2,obs
286,Monomorium sp,Allium ampeloprasum,0,0.530226255717564,0,Rocky coastal 2,obs
287,Monomorium sp,Allium sp.,0,0.530226255717564,0,Rocky coastal 2,obs
288,Monomorium sp,Asteriscus aquaticus,0,0.530226255717564,0,Rocky coastal 2,obs
289,Monomorium sp,Daucus carota,0,0.5872555829169658,0,Rocky coastal 2,obs
290,Monomorium sp,Euphorbia dendroides,0,0.7173955073322649,1,Rocky coastal 2,obs
291,Monomorium sp,Globularia alypum,0,0.5157842268321993,0,Rocky coastal 2,obs
292,Monomorium sp,Helichrysum stoechas,1,0.6751516694117585,0,Rocky coastal 2,obs
293,Monomorium sp,Lonicera implexa,0,0.530226255717564,0,Rocky coastal 2,obs
294,Monomorium sp,Ruta chalepensis,0,0.530226255717564,0,Rocky coastal 2,obs
295,Monomorium sp,Sedum sediforme,0,0.530226255717564,0,Rocky coastal 2,obs
296,Monomorium sp,Teucrium capitatum,1,0.7675871757217246,1,Rocky coastal 2,obs
297,Phthiria sp.,Allium ampeloprasum,0,0.5,0,Rocky coastal 2,obs
298,Phthiria sp.,Allium sp.,0,0.5,0,Rocky coastal 2,obs
299,Phthiria sp.,Asteriscus aquaticus,0,0.5,0,Rocky coastal 2,obs
300,Phthiria sp.,Daucus carota,0,0.5367755791979668,0,Rocky coastal 2,obs
301,Phthiria sp.,Euphorbia dendroides,0,0.6739962813932894,0,Rocky coastal 2,obs
302,Phthiria sp.,Globularia alypum,0,0.5,0,Rocky coastal 2,obs
303,Phthiria sp.,Helichrysum stoechas,1,0.6286234294869283,0,Rocky coastal 2,obs
304,Phthiria sp.,Lonicera implexa,0,0.5,0,Rocky coastal 2,obs
305,Phthiria sp.,Ruta chalepensis,0,0.5,0,Rocky coastal 2,obs
306,Phthiria sp.,Sedum sediforme,0,0.5,0,Rocky coastal 2,obs
307,Phthiria sp.,Teucrium capitatum,0,0.7768439915112524,1,Rocky coastal 2,obs
308,Tachysphex obscuripennis,Allium ampeloprasum,0,0.5,0,Rocky coastal 2,obs
309,Tachysphex obscuripennis,Allium sp.,0,0.5,0,Rocky coastal 2,obs
310,Tachysphex obscuripennis,Asteriscus aquaticus,0,0.5,0,Rocky coastal 2,obs
311,Tachysphex obscuripennis,Daucus carota,0,0.5367755791979668,0,Rocky coastal 2,obs
312,Tachysphex obscuripennis,Euphorbia dendroides,0,0.6739962813932894,0,Rocky coastal 2,obs
313,Tachysphex obscuripennis,Globularia alypum,0,0.5,0,Rocky coastal 2,obs
314,Tachysphex obscuripennis,Helichrysum stoechas,1,0.6286234294869283,0,Rocky coastal 2,obs
315,Tachysphex obscuripennis,Lonicera implexa,0,0.5,0,Rocky coastal 2,obs
316,Tachysphex obscuripennis,Ruta chalepensis,0,0.5,0,Rocky coastal 2,obs
317,Tachysphex obscuripennis,Sedum sediforme,0,0.5,0,Rocky coastal 2,obs
318,Tachysphex obscuripennis,Teucrium capitatum,0,0.7768439915112524,1,Rocky coastal 2,obs
319,Tapinoma nigerrinum,Allium ampeloprasum,0,0.530226255717564,0,Rocky coastal 2,obs
320,Tapinoma nigerrinum,Allium sp.,0,0.530226255717564,0,Rocky coastal 2,obs
321,Tapinoma nigerrinum,Asteriscus aquaticus,0,0.530226255717564,0,Rocky coastal 2,obs
322,Tapinoma nigerrinum,Daucus carota,0,0.5872555829169658,0,Rocky coastal 2,obs
323,Tapinoma nigerrinum,Euphorbia dendroides,0,0.7173955073322649,1,Rocky coastal 2,obs
324,Tapinoma nigerrinum,Globularia alypum,0,0.5157842268321993,0,Rocky coastal 2,obs
325,Tapinoma nigerrinum,Helichrysum stoechas,1,0.6751516694117585,0,Rocky coastal 2,obs
326,Tapinoma nigerrinum,Lonicera implexa,0,0.530226255717564,0,Rocky coastal 2,obs
327,Tapinoma nigerrinum,Ruta chalepensis,0,0.530226255717564,0,Rocky coastal 2,obs
328,Tapinoma nigerrinum,Sedum sediforme,0,0.530226255717564,0,Rocky coastal 2,obs
329,Tapinoma nigerrinum,Teucrium capitatum,1,0.7675871757217246,1,Rocky coastal 2,obs
330,Gonepterix cleopatra,Allium ampeloprasum,0,0.5,0,Rocky coastal 2,obs
331,Gonepterix cleopatra,Allium sp.,0,0.5,0,Rocky coastal 2,obs
332,Gonepterix cleopatra,Asteriscus aquaticus,0,0.5,0,Rocky coastal 2,obs
333,Gonepterix cleopatra,Daucus carota,0,0.5367755791979668,0,Rocky coastal 2,obs
334,Gonepterix cleopatra,Euphorbia dendroides,0,0.6739962813932894,0,Rocky coastal 2,obs
335,Gonepterix cleopatra,Globularia alypum,0,0.5,0,Rocky coastal 2,obs
336,Gonepterix cleopatra,Helichrysum stoechas,0,0.686586871823789,0,Rocky coastal 2,obs
337,Gonepterix cleopatra,Lonicera implexa,1,0.5,0,Rocky coastal 2,obs
338,Gonepterix cleopatra,Ruta chalepensis,0,0.5,0,Rocky coastal 2,obs
339,Gonepterix cleopatra,Sedum sediforme,0,0.5,0,Rocky coastal 2,obs
340,Gonepterix cleopatra,Teucrium capitatum,0,0.7768439915112524,1,Rocky coastal 2,obs
341,Macroglossum stellatarum,Allium ampeloprasum,0,0.5,0,Rocky coastal 2,obs
342,Macroglossum stellatarum,Allium sp.,0,0.5,0,Rocky coastal 2,obs
343,Macroglossum stellatarum,Asteriscus aquaticus,0,0.5,0,Rocky coastal 2,obs
344,Macroglossum stellatarum,Daucus carota,0,0.5367755791979668,0,Rocky coastal 2,obs
345,Macroglossum stellatarum,Euphorbia dendroides,0,0.6739962813932894,0,Rocky coastal 2,obs
346,Macroglossum stellatarum,Globularia alypum,0,0.5,0,Rocky coastal 2,obs
347,Macroglossum stellatarum,Helichrysum stoechas,0,0.686586871823789,0,Rocky coastal 2,obs
348,Macroglossum stellatarum,Lonicera implexa,1,0.5,0,Rocky coastal 2,obs
349,Macroglossum stellatarum,Ruta chalepensis,0,0.5,0,Rocky coastal 2,obs
350,Macroglossum stellatarum,Sedum sediforme,0,0.5,0,Rocky coastal 2,obs
351,Macroglossum stellatarum,Teucrium capitatum,0,0.7768439915112524,1,Rocky coastal 2,obs
352,Sphaerophoria sp.,Allium ampeloprasum,0,0.5,0,Rocky coastal 2,obs
353,Sphaerophoria sp.,Allium sp.,0,0.5,0,Rocky coastal 2,obs
354,Sphaerophoria sp.,Asteriscus aquaticus,0,0.5,0,Rocky coastal 2,obs
355,Sphaerophoria sp.,Daucus carota,0,0.5367755791979668,0,Rocky coastal 2,obs
356,Sphaerophoria sp.,Euphorbia dendroides,0,0.6739962813932894,0,Rocky coastal 2,obs
357,Sphaerophoria sp.,Globularia alypum,0,0.5,0,Rocky coastal 2,obs
358,Sphaerophoria sp.,Helichrysum stoechas,0,0.686586871823789,0,Rocky coastal 2,obs
359,Sphaerophoria sp.,Lonicera implexa,0,0.5,0,Rocky coastal 2,obs
360,Sphaerophoria sp.,Ruta chalepensis,1,0.5,0,Rocky coastal 2,obs
361,Sphaerophoria sp.,Sedum sediforme,0,0.5,0,Rocky coastal 2,obs
362,Sphaerophoria sp.,Teucrium capitatum,0,0.7768439915112524,1,Rocky coastal 2,obs
363,Anthomyia confusanea,Allium ampeloprasum,0,0.5,0,Rocky coastal 2,obs
364,Anthomyia confusanea,Allium sp.,0,0.5,0,Rocky coastal 2,obs
365,Anthomyia confusanea,Asteriscus aquaticus,0,0.5,0,Rocky coastal 2,obs
366,Anthomyia confusanea,Daucus carota,0,0.5367755791979668,0,Rocky coastal 2,obs
367,Anthomyia confusanea,Euphorbia dendroides,0,0.6739962813932894,0,Rocky coastal 2,obs
368,Anthomyia confusanea,Globularia alypum,0,0.5,0,Rocky coastal 2,obs
369,Anthomyia confusanea,Helichrysum stoechas,0,0.686586871823789,0,Rocky coastal 2,obs
370,Anthomyia confusanea,Lonicera implexa,0,0.5,0,Rocky coastal 2,obs
371,Anthomyia confusanea,Ruta chalepensis,0,0.5,0,Rocky coastal 2,obs
372,Anthomyia confusanea,Sedum sediforme,0,0.5,0,Rocky coastal 2,obs
373,Anthomyia confusanea,Teucrium capitatum,1,0.7289839601260031,1,Rocky coastal 2,obs
374,Centrocoris sp,Allium ampeloprasum,0,0.5,0,Rocky coastal 2,obs
375,Centrocoris sp,Allium sp.,0,0.5,0,Rocky coastal 2,obs
376,Centrocoris sp,Asteriscus aquaticus,0,0.5,0,Rocky coastal 2,obs
377,Centrocoris sp,Daucus carota,0,0.5367755791979668,0,Rocky coastal 2,obs
378,Centrocoris sp,Euphorbia dendroides,0,0.6739962813932894,0,Rocky coastal 2,obs
379,Centrocoris sp,Globularia alypum,0,0.5,0,Rocky coastal 2,obs
380,Centrocoris sp,Helichrysum stoechas,0,0.686586871823789,0,Rocky coastal 2,obs
381,Centrocoris sp,Lonicera implexa,0,0.5,0,Rocky coastal 2,obs
382,Centrocoris sp,Ruta chalepensis,0,0.5,0,Rocky coastal 2,obs
383,Centrocoris sp,Sedum sediforme,0,0.5,0,Rocky coastal 2,obs
384,Centrocoris sp,Teucrium capitatum,1,0.7289839601260031,1,Rocky coastal 2,obs
385,Lydella sp.,Allium ampeloprasum,0,0.5,0,Rocky coastal 2,obs
386,Lydella sp.,Allium sp.,0,0.5,0,Rocky coastal 2,obs
387,Lydella sp.,Asteriscus aquaticus,0,0.5,0,Rocky coastal 2,obs
388,Lydella sp.,Daucus carota,0,0.5367755791979668,0,Rocky coastal 2,obs
389,Lydella sp.,Euphorbia dendroides,0,0.6739962813932894,0,Rocky coastal 2,obs
390,Lydella sp.,Globularia alypum,0,0.5,0,Rocky coastal 2,obs
391,Lydella sp.,Helichrysum stoechas,0,0.686586871823789,0,Rocky coastal 2,obs
392,Lydella sp.,Lonicera implexa,0,0.5,0,Rocky coastal 2,obs
393,Lydella sp.,Ruta chalepensis,0,0.5,0,Rocky coastal 2,obs
394,Lydella sp.,Sedum sediforme,0,0.5,0,Rocky coastal 2,obs
395,Lydella sp.,Teucrium capitatum,1,0.7289839601260031,1,Rocky coastal 2,obs
396,Phthiria cf pulicularia,Allium ampeloprasum,0,0.5,0,Rocky coastal 2,obs
397,Phthiria cf pulicularia,Allium sp.,0,0.5,0,Rocky coastal 2,obs
398,Phthiria cf pulicularia,Asteriscus aquaticus,0,0.5,0,Rocky coastal 2,obs
399,Phthiria cf pulicularia,Daucus carota,0,0.5367755791979668,0,Rocky coastal 2,obs
400,Phthiria cf pulicularia,Euphorbia dendroides,0,0.6739962813932894,0,Rocky coastal 2,obs
401,Phthiria cf pulicularia,Globularia alypum,0,0.5,0,Rocky coastal 2,obs
402,Phthiria cf pulicularia,Helichrysum stoechas,0,0.686586871823789,0,Rocky coastal 2,obs
403,Phthiria cf pulicularia,Lonicera implexa,0,0.5,0,Rocky coastal 2,obs
404,Phthiria cf pulicularia,Ruta chalepensis,0,0.5,0,Rocky coastal 2,obs
405,Phthiria cf pulicularia,Sedum sediforme,0,0.5,0,Rocky coastal 2,obs
406,Phthiria cf pulicularia,Teucrium capitatum,1,0.7289839601260031,1,Rocky coastal 2,obs
407,Stictopleurus abutilon,Allium ampeloprasum,0,0.5,0,Rocky coastal 2,obs
408,Stictopleurus abutilon,Allium sp.,0,0.5,0,Rocky coastal 2,obs
409,Stictopleurus abutilon,Asteriscus aquaticus,0,0.5,0,Rocky coastal 2,obs
410,Stictopleurus abutilon,Daucus carota,0,0.5367755791979668,0,Rocky coastal 2,obs
411,Stictopleurus abutilon,Euphorbia dendroides,0,0.6739962813932894,0,Rocky coastal 2,obs
412,Stictopleurus abutilon,Globularia alypum,0,0.5,0,Rocky coastal 2,obs
413,Stictopleurus abutilon,Helichrysum stoechas,0,0.686586871823789,0,Rocky coastal 2,obs
414,Stictopleurus abutilon,Lonicera implexa,0,0.5,0,Rocky coastal 2,obs
415,Stictopleurus abutilon,Ruta chalepensis,0,0.5,0,Rocky coastal 2,obs
416,Stictopleurus abutilon,Sedum sediforme,0,0.5,0,Rocky coastal 2,obs
417,Stictopleurus abutilon,Teucrium capitatum,1,0.7289839601260031,1,Rocky coastal 2,obs
418,Vanessa cardui,Allium ampeloprasum,0,0.5,0,Rocky coastal 2,obs
419,Vanessa cardui,Allium sp.,0,0.5,0,Rocky coastal 2,obs
420,Vanessa cardui,Asteriscus aquaticus,0,0.5,0,Rocky coastal 2,obs
421,Vanessa cardui,Daucus carota,0,0.5367755791979668,0,Rocky coastal 2,obs
422,Vanessa cardui,Euphorbia dendroides,0,0.6739962813932894,0,Rocky coastal 2,obs
423,Vanessa cardui,Globularia alypum,0,0.5,0,Rocky coastal 2,obs
424,Vanessa cardui,Helichrysum stoechas,0,0.686586871823789,0,Rocky coastal 2,obs
425,Vanessa cardui,Lonicera implexa,0,0.5,0,Rocky coastal 2,obs
426,Vanessa cardui,Ruta chalepensis,0,0.5,0,Rocky coastal 2,obs
427,Vanessa cardui,Sedum sediforme,0,0.5,0,Rocky coastal 2,obs
428,Vanessa cardui,Teucrium capitatum,1,0.7289839601260031,1,Rocky coastal 2,obs
0,Anthomyiidae sp.,Asteriscus aquaticus,1,0.5494410732841113,0,Dune system 1,rpi
1,Anthomyiidae sp.,Cakile maritima,1,0.7372542470347309,1,Dune system 1,rpi
2,Anthomyiidae sp.,Daucus carota,0,0.8222616123589715,1,Dune system 1,rpi
3,Anthomyiidae sp.,Limonium sp.,1,0.6298902421278111,0,Dune system 1,rpi
4,Anthomyiidae sp.,Salvia rosmarinus,0,0.6800427175429442,0,Dune system 1,rpi
5,Anthomyiidae sp.,Sedum sediforme,0,0.7037207572570454,1,Dune system 1,rpi
6,Anthomyiidae sp.,Teucrium capitatum,0,0.7478732251422514,1,Dune system 1,rpi
7,Bombyliidae sp.,Asteriscus aquaticus,1,0.5,0,Dune system 1,rpi
8,Bombyliidae sp.,Cakile maritima,0,0.6765792009215111,0,Dune system 1,rpi
9,Bombyliidae sp.,Daucus carota,0,0.7004006326033493,1,Dune system 1,rpi
10,Bombyliidae sp.,Limonium sp.,0,0.55924420642336925,0,Dune system 1,rpi
11,Bombyliidae sp.,Salvia rosmarinus,0,0.5178495650876651,0,Dune system 1,rpi
12,Bombyliidae sp.,Sedum sediforme,0,0.5455086352779515,0,Dune system 1,rpi
13,Bombyliidae sp.,Teucrium capitatum,0,0.599831226669995,0,Dune system 1,rpi
14,Anaspis sp.,Asteriscus aquaticus,0,0.6427457362813938,0,Dune system 1,rpi
15,Anaspis sp.,Cakile maritima,1,0.7372542470347309,1,Dune system 1,rpi
16,Anaspis sp.,Daucus carota,0,0.8222616123589715,1,Dune system 1,rpi
17,Anaspis sp.,Limonium sp.,1,0.6298902421278111,0,Dune system 1,rpi
18,Anaspis sp.,Salvia rosmarinus,0,0.6800427175429442,0,Dune system 1,rpi
19,Anaspis sp.,Sedum sediforme,1,0.616847897037036,0,Dune system 1,rpi
20,Anaspis sp.,Teucrium capitatum,0,0.7478732251422514,1,Dune system 1,rpi
21,Ancistrocerus ebusianus,Asteriscus aquaticus,0,0.5,0,Dune system 1,rpi
22,Ancistrocerus ebusianus,Cakile maritima,1,0.5864251331381443,0,Dune system 1,rpi
23,Ancistrocerus ebusianus,Daucus carota,0,0.7004006326033493,1,Dune system 1,rpi
24,Ancistrocerus ebusianus,Limonium sp.,0,0.55924420642336925,0,Dune system 1,rpi
25,Ancistrocerus ebusianus,Salvia rosmarinus,0,0.5178495650876651,0,Dune system 1,rpi
26,Ancistrocerus ebusianus,Sedum sediforme,0,0.5455086352779515,0,Dune system 1,rpi
27,Ancistrocerus ebusianus,Teucrium capitatum,0,0.599831226669995,0,Dune system 1,rpi
28,Clairvillia pninae,Asteriscus aquaticus,0,0.5,0,Dune system 1,rpi
29,Clairvillia pninae,Cakile maritima,1,0.5864251331381443,0,Dune system 1,rpi
30,Clairvillia pninae,Daucus carota,0,0.7004006326033493,1,Dune system 1,rpi
31,Clairvillia pninae,Limonium sp.,0,0.55924420642336925,0,Dune system 1,rpi
32,Clairvillia pninae,Salvia rosmarinus,0,0.5178495650876651,0,Dune system 1,rpi
33,Clairvillia pninae,Sedum sediforme,0,0.5455086352779515,0,Dune system 1,rpi
34,Clairvillia pninae,Teucrium capitatum,0,0.599831226669995,0,Dune system 1,rpi
35,Eristalis similis,Asteriscus aquaticus,0,0.5,0,Dune system 1,rpi
36,Eristalis similis,Cakile maritima,1,0.5864251331381443,0,Dune system 1,rpi
37,Eristalis similis,Daucus carota,0,0.7004006326033493,1,Dune system 1,rpi
38,Eristalis similis,Limonium sp.,0,0.55924420642336925,0,Dune system 1,rpi
39,Eristalis similis,Salvia rosmarinus,0,0.5178495650876651,0,Dune system 1,rpi
40,Eristalis similis,Sedum sediforme,0,0.5455086352779515,0,Dune system 1,rpi
41,Eristalis similis,Teucrium capitatum,0,0.599831226669995,0,Dune system 1,rpi
42,Eupeodes corollae,Asteriscus aquaticus,0,0.6427457362813938,0,Dune system 1,rpi
43,Eupeodes corollae,Cakile maritima,1,0.7372542470347309,1,Dune system 1,rpi
44,Eupeodes corollae,Daucus carota,1,0.758203814147432,1,Dune system 1,rpi
45,Eupeodes corollae,Limonium sp.,0,0.7151714292730859,1,Dune system 1,rpi
46,Eupeodes corollae,Salvia rosmarinus,0,0.6800427175429441,0,Dune system 1,rpi
47,Eupeodes corollae,Sedum sediforme,0,0.7037207572570454,1,Dune system 1,rpi
48,Eupeodes corollae,Teucrium capitatum,1,0.667835740416254,0,Dune system 1,rpi
49,Exoprosopa cf. bowdeni,Asteriscus aquaticus,0,0.6427457362813938,0,Dune system 1,rpi
50,Exoprosopa cf. bowdeni,Cakile maritima,1,0.7372542470347309,1,Dune system 1,rpi
51,Exoprosopa cf. bowdeni,Daucus carota,0,0.8222616123589715,1,Dune system 1,rpi
52,Exoprosopa cf. bowdeni,Limonium sp.,1,0.6298902421278111,0,Dune system 1,rpi
53,Exoprosopa cf. bowdeni,Salvia rosmarinus,0,0.6800427175429442,0,Dune system 1,rpi
54,Exoprosopa cf. bowdeni,Sedum sediforme,0,0.7037207572570454,1,Dune system 1,rpi
55,Exoprosopa cf. bowdeni,Teucrium capitatum,1,0.667835740416254,0,Dune system 1,rpi
56,Hylaeus imparilis,Asteriscus aquaticus,0,0.6427457362813938,0,Dune system 1,rpi
57,Hylaeus imparilis,Cakile maritima,1,0.7372542470347309,1,Dune system 1,rpi
58,Hylaeus imparilis,Daucus carota,1,0.758203814147432,1,Dune system 1,rpi
59,Hylaeus imparilis,Limonium sp.,0,0.7151714292730859,1,Dune system 1,rpi
60,Hylaeus imparilis,Salvia rosmarinus,0,0.6800427175429441,0,Dune system 1,rpi
61,Hylaeus imparilis,Sedum sediforme,1,0.616847897037036,0,Dune system 1,rpi
62,Hylaeus imparilis,Teucrium capitatum,0,0.7478732251422514,1,Dune system 1,rpi
63,Lasioglossum sp.,Asteriscus aquaticus,0,0.8335655922664009,1,Dune system 1,rpi
64,Lasioglossum sp.,Cakile maritima,1,0.8865077740847778,1,Dune system 1,rpi
65,Lasioglossum sp.,Daucus carota,1,0.8972159749797647,1,Dune system 1,rpi
66,Lasioglossum sp.,Limonium sp.,1,0.8257146786714209,1,Dune system 1,rpi
67,Lasioglossum sp.,Salvia rosmarinus,1,0.8004148011830068,1,Dune system 1,rpi
68,Lasioglossum sp.,Sedum sediforme,1,0.8175744760392015,1,Dune system 1,rpi
69,Lasioglossum sp.,Teucrium capitatum,1,0.848414851074058,1,Dune system 1,rpi
70,Meligethes sp.,Asteriscus aquaticus,0,0.6427457362813938,0,Dune system 1,rpi
71,Meligethes sp.,Cakile maritima,1,0.7372542470347309,1,Dune system 1,rpi
72,Meligethes sp.,Daucus carota,0,0.8222616123589715,1,Dune system 1,rpi
73,Meligethes sp.,Limonium sp.,0,0.7151714292730859,1,Dune system 1,rpi
74,Meligethes sp.,Salvia rosmarinus,0,0.6800427175429442,0,Dune system 1,rpi
75,Meligethes sp.,Sedum sediforme,1,0.616847897037036,0,Dune system 1,rpi
76,Meligethes sp.,Teucrium capitatum,1,0.667835740416254,0,Dune system 1,rpi
77,Musca domestica,Asteriscus aquaticus,0,0.5,0,Dune system 1,rpi
78,Musca domestica,Cakile maritima,1,0.5864251331381443,0,Dune system 1,rpi
79,Musca domestica,Daucus carota,0,0.7004006326033493,1,Dune system 1,rpi
80,Musca domestica,Limonium sp.,0,0.55924420642336925,0,Dune system 1,rpi
81,Musca domestica,Salvia rosmarinus,0,0.5178495650876651,0,Dune system 1,rpi
82,Musca domestica,Sedum sediforme,0,0.5455086352779515,0,Dune system 1,rpi
83,Musca domestica,Teucrium capitatum,0,0.599831226669995,0,Dune system 1,rpi
84,Phthiria cf pulicularia,Asteriscus aquaticus,0,0.5611995290376605,0,Dune system 1,rpi
85,Phthiria cf pulicularia,Cakile maritima,1,0.6660728533990175,0,Dune system 1,rpi
86,Phthiria cf pulicularia,Daucus carota,0,0.7668262065852997,1,Dune system 1,rpi
87,Phthiria cf pulicularia,Limonium sp.,1,0.5474756042106788,0,Dune system 1,rpi
88,Phthiria cf pulicularia,Salvia rosmarinus,0,0.6017347200139549,0,Dune system 1,rpi
89,Phthiria cf pulicularia,Sedum sediforme,0,0.6280381166263911,0,Dune system 1,rpi
90,Phthiria cf pulicularia,Teucrium capitatum,0,0.6783134099558472,0,Dune system 1,rpi
91,Phthiria sp.,Asteriscus aquaticus,0,0.5,0,Dune system 1,rpi
92,Phthiria sp.,Cakile maritima,1,0.5864251331381443,0,Dune system 1,rpi
93,Phthiria sp.,Daucus carota,0,0.7004006326033493,1,Dune system 1,rpi
94,Phthiria sp.,Limonium sp.,0,0.55924420642336925,0,Dune system 1,rpi
95,Phthiria sp.,Salvia rosmarinus,0,0.5178495650876651,0,Dune system 1,rpi
96,Phthiria sp.,Sedum sediforme,0,0.5455086352779515,0,Dune system 1,rpi
97,Phthiria sp.,Teucrium capitatum,0,0.599831226669995,0,Dune system 1,rpi
98,Podarcis lilfordi,Asteriscus aquaticus,0,0.780715574544166,1,Dune system 1,rpi
99,Podarcis lilfordi,Cakile maritima,1,0.8473913350523407,1,Dune system 1,rpi
100,Podarcis lilfordi,Daucus carota,1,0.8612124439348544,1,Dune system 1,rpi
101,Podarcis lilfordi,Limonium sp.,1,0.7710563780939391,1,Dune system 1,rpi
102,Podarcis lilfordi,Salvia rosmarinus,1,0.7403173866360312,1,Dune system 1,rpi
103,Podarcis lilfordi,Sedum sediforme,0,0.8245695821206922,1,Dune system 1,rpi
104,Podarcis lilfordi,Teucrium capitatum,1,0.7991439131256483,1,Dune system 1,rpi
105,Sarcophaga sp.,Asteriscus aquaticus,0,0.5611995290376605,0,Dune system 1,rpi
106,Sarcophaga sp.,Cakile maritima,1,0.6660728533990175,0,Dune system 1,rpi
107,Sarcophaga sp.,Daucus carota,1,0.6903139209496559,0,Dune system 1,rpi
108,Sarcophaga sp.,Limonium sp.,0,0.6409212863026029,0,Dune system 1,rpi
109,Sarcophaga sp.,Salvia rosmarinus,0,0.6017347200139549,0,Dune system 1,rpi
110,Sarcophaga sp.,Sedum sediforme,0,0.6280381166263911,0,Dune system 1,rpi
111,Sarcophaga sp.,Teucrium capitatum,0,0.6783134099558472,0,Dune system 1,rpi
112,Sphaerophoria sp.,Asteriscus aquaticus,0,0.5611995290376605,0,Dune system 1,rpi
113,Sphaerophoria sp.,Cakile maritima,1,0.6660728533990175,0,Dune system 1,rpi
114,Sphaerophoria sp.,Daucus carota,1,0.6903139209496559,0,Dune system 1,rpi
115,Sphaerophoria sp.,Limonium sp.,0,0.6409212863026029,0,Dune system 1,rpi
116,Sphaerophoria sp.,Salvia rosmarinus,0,0.6017347200139549,0,Dune system 1,rpi
117,Sphaerophoria sp.,Sedum sediforme,0,0.6280381166263911,0,Dune system 1,rpi
118,Sphaerophoria sp.,Teucrium capitatum,0,0.6783134099558472,0,Dune system 1,rpi
119,Spilostethus pandurus,Asteriscus aquaticus,0,0.5611995290376605,0,Dune system 1,rpi
120,Spilostethus pandurus,Cakile maritima,1,0.6660728533990175,0,Dune system 1,rpi
121,Spilostethus pandurus,Daucus carota,1,0.6903139209496559,0,Dune system 1,rpi
122,Spilostethus pandurus,Limonium sp.,0,0.6409212863026029,0,Dune system 1,rpi
123,Spilostethus pandurus,Salvia rosmarinus,0,0.6017347200139549,0,Dune system 1,rpi
124,Spilostethus pandurus,Sedum sediforme,0,0.6280381166263911,0,Dune system 1,rpi
125,Spilostethus pandurus,Teucrium capitatum,0,0.6783134099558472,0,Dune system 1,rpi
126,Camponotus sp,Asteriscus aquaticus,0,0.5,0,Dune system 1,rpi
127,Camponotus sp,Cakile maritima,0,0.6765792009215111,0,Dune system 1,rpi
128,Camponotus sp,Daucus carota,1,0.6130895080102492,0,Dune system 1,rpi
129,Camponotus sp,Limonium sp.,0,0.55924420642336925,0,Dune system 1,rpi
130,Camponotus sp,Salvia rosmarinus,0,0.5178495650876651,0,Dune system 1,rpi
131,Camponotus sp,Sedum sediforme,0,0.5455086352779515,0,Dune system 1,rpi
132,Camponotus sp,Teucrium capitatum,0,0.599831226669995,0,Dune system 1,rpi
133,Cheilosia latifrons,Asteriscus aquaticus,0,0.5,0,Dune system 1,rpi
134,Cheilosia latifrons,Cakile maritima,0,0.6765792009215111,0,Dune system 1,rpi
135,Cheilosia latifrons,Daucus carota,1,0.6130895080102492,0,Dune system 1,rpi
136,Cheilosia latifrons,Limonium sp.,0,0.55924420642336925,0,Dune system 1,rpi
137,Cheilosia latifrons,Salvia rosmarinus,0,0.5178495650876651,0,Dune system 1,rpi
138,Cheilosia latifrons,Sedum sediforme,0,0.5455086352779515,0,Dune system 1,rpi
139,Cheilosia latifrons,Teucrium capitatum,0,0.599831226669995,0,Dune system 1,rpi
140,Chelosia sp.,Asteriscus aquaticus,0,0.5,0,Dune system 1,rpi
141,Chelosia sp.,Cakile maritima,0,0.6765792009215111,0,Dune system 1,rpi
142,Chelosia sp.,Daucus carota,1,0.6130895080102492,0,Dune system 1,rpi
143,Chelosia sp.,Limonium sp.,0,0.55924420642336925,0,Dune system 1,rpi
144,Chelosia sp.,Salvia rosmarinus,0,0.5178495650876651,0,Dune system 1,rpi
145,Chelosia sp.,Sedum sediforme,0,0.5455086352779515,0,Dune system 1,rpi
146,Chelosia sp.,Teucrium capitatum,0,0.599831226669995,0,Dune system 1,rpi
147,Chrysopa viridana,Asteriscus aquaticus,0,0.5,0,Dune system 1,rpi
148,Chrysopa viridana,Cakile maritima,0,0.6765792009215111,0,Dune system 1,rpi
149,Chrysopa viridana,Daucus carota,1,0.6130895080102492,0,Dune system 1,rpi
150,Chrysopa viridana,Limonium sp.,0,0.55924420642336925,0,Dune system 1,rpi
151,Chrysopa viridana,Salvia rosmarinus,0,0.5178495650876651,0,Dune system 1,rpi
152,Chrysopa viridana,Sedum sediforme,0,0.5455086352779515,0,Dune system 1,rpi
153,Chrysopa viridana,Teucrium capitatum,0,0.599831226669995,0,Dune system 1,rpi
154,Crematogaster sp.,Asteriscus aquaticus,0,0.5,0,Dune system 1,rpi
155,Crematogaster sp.,Cakile maritima,0,0.6765792009215111,0,Dune system 1,rpi
156,Crematogaster sp.,Daucus carota,1,0.6130895080102492,0,Dune system 1,rpi
157,Crematogaster sp.,Limonium sp.,0,0.55924420642336925,0,Dune system 1,rpi
158,Crematogaster sp.,Salvia rosmarinus,0,0.5178495650876651,0,Dune system 1,rpi
159,Crematogaster sp.,Sedum sediforme,0,0.5455086352779515,0,Dune system 1,rpi
160,Crematogaster sp.,Teucrium capitatum,0,0.599831226669995,0,Dune system 1,rpi
161,Episyrphus balteatus,Asteriscus aquaticus,0,0.5,0,Dune system 1,rpi
162,Episyrphus balteatus,Cakile maritima,0,0.6765792009215111,0,Dune system 1,rpi
163,Episyrphus balteatus,Daucus carota,1,0.6130895080102492,0,Dune system 1,rpi
164,Episyrphus balteatus,Limonium sp.,0,0.55924420642336925,0,Dune system 1,rpi
165,Episyrphus balteatus,Salvia rosmarinus,0,0.5178495650876651,0,Dune system 1,rpi
166,Episyrphus balteatus,Sedum sediforme,0,0.5455086352779515,0,Dune system 1,rpi
167,Episyrphus balteatus,Teucrium capitatum,0,0.599831226669995,0,Dune system 1,rpi
168,Lydella nigrescens,Asteriscus aquaticus,0,0.5,0,Dune system 1,rpi
169,Lydella nigrescens,Cakile maritima,0,0.6765792009215111,0,Dune system 1,rpi
170,Lydella nigrescens,Daucus carota,1,0.6130895080102492,0,Dune system 1,rpi
171,Lydella nigrescens,Limonium sp.,0,0.55924420642336925,0,Dune system 1,rpi
172,Lydella nigrescens,Salvia rosmarinus,0,0.5178495650876651,0,Dune system 1,rpi
173,Lydella nigrescens,Sedum sediforme,0,0.5455086352779515,0,Dune system 1,rpi
174,Lydella nigrescens,Teucrium capitatum,0,0.599831226669995,0,Dune system 1,rpi
175,Lydella thompsoni,Asteriscus aquaticus,0,0.5,0,Dune system 1,rpi
176,Lydella thompsoni,Cakile maritima,0,0.6765792009215111,0,Dune system 1,rpi
177,Lydella thompsoni,Daucus carota,1,0.6130895080102492,0,Dune system 1,rpi
178,Lydella thompsoni,Limonium sp.,0,0.55924420642336925,0,Dune system 1,rpi
179,Lydella thompsoni,Salvia rosmarinus,0,0.5178495650876651,0,Dune system 1,rpi
180,Lydella thompsoni,Sedum sediforme,0,0.5455086352779515,0,Dune system 1,rpi
181,Lydella thompsoni,Teucrium capitatum,0,0.599831226669995,0,Dune system 1,rpi
182,Monomorium sp,Asteriscus aquaticus,0,0.5,0,Dune system 1,rpi
183,Monomorium sp,Cakile maritima,0,0.6765792009215111,0,Dune system 1,rpi
184,Monomorium sp,Daucus carota,1,0.6130895080102492,0,Dune system 1,rpi
185,Monomorium sp,Limonium sp.,0,0.55924420642336925,0,Dune system 1,rpi
186,Monomorium sp,Salvia rosmarinus,0,0.5178495650876651,0,Dune system 1,rpi
187,Monomorium sp,Sedum sediforme,0,0.5455086352779515,0,Dune system 1,rpi
188,Monomorium sp,Teucrium capitatum,0,0.599831226669995,0,Dune system 1,rpi
189,Phyto melanocephala,Asteriscus aquaticus,0,0.5,0,Dune system 1,rpi
190,Phyto melanocephala,Cakile maritima,0,0.6765792009215111,0,Dune system 1,rpi
191,Phyto melanocephala,Daucus carota,1,0.6130895080102492,0,Dune system 1,rpi
192,Phyto melanocephala,Limonium sp.,0,0.55924420642336925,0,Dune system 1,rpi
193,Phyto melanocephala,Salvia rosmarinus,0,0.5178495650876651,0,Dune system 1,rpi
194,Phyto melanocephala,Sedum sediforme,0,0.5455086352779515,0,Dune system 1,rpi
195,Phyto melanocephala,Teucrium capitatum,0,0.599831226669995,0,Dune system 1,rpi
196,Pyrellia vivida,Asteriscus aquaticus,0,0.5611995290376605,0,Dune system 1,rpi
197,Pyrellia vivida,Cakile maritima,0,0.746373798587022,1,Dune system 1,rpi
198,Pyrellia vivida,Daucus carota,1,0.6903139209496559,0,Dune system 1,rpi
199,Pyrellia vivida,Limonium sp.,0,0.6409212863026029,0,Dune system 1,rpi
200,Pyrellia vivida,Salvia rosmarinus,0,0.6017347200139549,0,Dune system 1,rpi
201,Pyrellia vivida,Sedum sediforme,1,0.5336790938708128,0,Dune system 1,rpi
202,Pyrellia vivida,Teucrium capitatum,0,0.6783134099558472,0,Dune system 1,rpi
203,Unknown insect,Asteriscus aquaticus,0,0.5,0,Dune system 1,rpi
204,Unknown insect,Cakile maritima,0,0.6765792009215111,0,Dune system 1,rpi
205,Unknown insect,Daucus carota,1,0.6130895080102492,0,Dune system 1,rpi
206,Unknown insect,Limonium sp.,0,0.55924420642336925,0,Dune system 1,rpi
207,Unknown insect,Salvia rosmarinus,0,0.5178495650876651,0,Dune system 1,rpi
208,Unknown insect,Sedum sediforme,0,0.5455086352779515,0,Dune system 1,rpi
209,Unknown insect,Teucrium capitatum,0,0.599831226669995,0,Dune system 1,rpi
210,Dasytes nigroaeneus,Asteriscus aquaticus,0,0.5,0,Dune system 1,rpi
211,Dasytes nigroaeneus,Cakile maritima,0,0.6765792009215111,0,Dune system 1,rpi
212,Dasytes nigroaeneus,Daucus carota,0,0.7004006326033493,1,Dune system 1,rpi
213,Dasytes nigroaeneus,Limonium sp.,1,0.5,0,Dune system 1,rpi
214,Dasytes nigroaeneus,Salvia rosmarinus,0,0.5178495650876651,0,Dune system 1,rpi
215,Dasytes nigroaeneus,Sedum sediforme,0,0.5455086352779515,0,Dune system 1,rpi
216,Dasytes nigroaeneus,Teucrium capitatum,0,0.599831226669995,0,Dune system 1,rpi
217,Eristalinus sepulcharis,Asteriscus aquaticus,0,0.5,0,Dune system 1,rpi
218,Eristalinus sepulcharis,Cakile maritima,0,0.6765792009215111,0,Dune system 1,rpi
219,Eristalinus sepulcharis,Daucus carota,0,0.7004006326033493,1,Dune system 1,rpi
220,Eristalinus sepulcharis,Limonium sp.,1,0.5,0,Dune system 1,rpi
221,Eristalinus sepulcharis,Salvia rosmarinus,0,0.5178495650876651,0,Dune system 1,rpi
222,Eristalinus sepulcharis,Sedum sediforme,0,0.5455086352779515,0,Dune system 1,rpi
223,Eristalinus sepulcharis,Teucrium capitatum,0,0.599831226669995,0,Dune system 1,rpi
224,Anthophora balearica,Asteriscus aquaticus,0,0.5,0,Dune system 1,rpi
225,Anthophora balearica,Cakile maritima,0,0.6765792009215111,0,Dune system 1,rpi
226,Anthophora balearica,Daucus carota,0,0.7004006326033493,1,Dune system 1,rpi
227,Anthophora balearica,Limonium sp.,0,0.55924420642336925,0,Dune system 1,rpi
228,Anthophora balearica,Salvia rosmarinus,1,0.5,0,Dune system 1,rpi
229,Anthophora balearica,Sedum sediforme,0,0.5455086352779515,0,Dune system 1,rpi
230,Anthophora balearica,Teucrium capitatum,0,0.599831226669995,0,Dune system 1,rpi
231,Macroglossum stellatarum,Asteriscus aquaticus,0,0.5,0,Dune system 1,rpi
232,Macroglossum stellatarum,Cakile maritima,0,0.6765792009215111,0,Dune system 1,rpi
233,Macroglossum stellatarum,Daucus carota,0,0.7004006326033493,1,Dune system 1,rpi
234,Macroglossum stellatarum,Limonium sp.,0,0.55924420642336925,0,Dune system 1,rpi
235,Macroglossum stellatarum,Salvia rosmarinus,1,0.5,0,Dune system 1,rpi
236,Macroglossum stellatarum,Sedum sediforme,0,0.5455086352779515,0,Dune system 1,rpi
237,Macroglossum stellatarum,Teucrium capitatum,0,0.599831226669995,0,Dune system 1,rpi
238,Meliscaeva auricollis,Asteriscus aquaticus,0,0.5,0,Dune system 1,rpi
239,Meliscaeva auricollis,Cakile maritima,0,0.6765792009215111,0,Dune system 1,rpi
240,Meliscaeva auricollis,Daucus carota,0,0.7004006326033493,1,Dune system 1,rpi
241,Meliscaeva auricollis,Limonium sp.,0,0.55924420642336925,0,Dune system 1,rpi
242,Meliscaeva auricollis,Salvia rosmarinus,1,0.5,0,Dune system 1,rpi
243,Meliscaeva auricollis,Sedum sediforme,0,0.5455086352779515,0,Dune system 1,rpi
244,Meliscaeva auricollis,Teucrium capitatum,0,0.599831226669995,0,Dune system 1,rpi
245,Megachile sp.,Asteriscus aquaticus,0,0.5,0,Dune system 1,rpi
246,Megachile sp.,Cakile maritima,0,0.6765792009215111,0,Dune system 1,rpi
247,Megachile sp.,Daucus carota,0,0.7004006326033493,1,Dune system 1,rpi
248,Megachile sp.,Limonium sp.,0,0.55924420642336925,0,Dune system 1,rpi
249,Megachile sp.,Salvia rosmarinus,0,0.5178495650876651,0,Dune system 1,rpi
250,Megachile sp.,Sedum sediforme,1,0.5,0,Dune system 1,rpi
251,Megachile sp.,Teucrium capitatum,0,0.599831226669995,0,Dune system 1,rpi
252,Mordellistena sp.,Asteriscus aquaticus,0,0.5,0,Dune system 1,rpi
253,Mordellistena sp.,Cakile maritima,0,0.6765792009215111,0,Dune system 1,rpi
254,Mordellistena sp.,Daucus carota,0,0.7004006326033493,1,Dune system 1,rpi
255,Mordellistena sp.,Limonium sp.,0,0.55924420642336925,0,Dune system 1,rpi
256,Mordellistena sp.,Salvia rosmarinus,0,0.5178495650876651,0,Dune system 1,rpi
257,Mordellistena sp.,Sedum sediforme,1,0.5,0,Dune system 1,rpi
258,Mordellistena sp.,Teucrium capitatum,0,0.599831226669995,0,Dune system 1,rpi
259,Megaselia sp.,Asteriscus aquaticus,0,0.5,0,Dune system 1,rpi
260,Megaselia sp.,Cakile maritima,0,0.6765792009215111,0,Dune system 1,rpi
261,Megaselia sp.,Daucus carota,0,0.7004006326033493,1,Dune system 1,rpi
262,Megaselia sp.,Limonium sp.,0,0.55924420642336925,0,Dune system 1,rpi
263,Megaselia sp.,Salvia rosmarinus,0,0.5178495650876651,0,Dune system 1,rpi
264,Megaselia sp.,Sedum sediforme,0,0.5455086352779515,0,Dune system 1,rpi
265,Megaselia sp.,Teucrium capitatum,1,0.5039682001898381,0,Dune system 1,rpi
266,Muscidae sp.,Asteriscus aquaticus,0,0.5,0,Dune system 1,rpi
267,Muscidae sp.,Cakile maritima,0,0.6765792009215111,0,Dune system 1,rpi
268,Muscidae sp.,Daucus carota,0,0.7004006326033493,1,Dune system 1,rpi
269,Muscidae sp.,Limonium sp.,0,0.55924420642336925,0,Dune system 1,rpi
270,Muscidae sp.,Salvia rosmarinus,0,0.5178495650876651,0,Dune system 1,rpi
271,Muscidae sp.,Sedum sediforme,0,0.5455086352779515,0,Dune system 1,rpi
272,Muscidae sp.,Teucrium capitatum,1,0.5039682001898381,0,Dune system 1,rpi
273,Platypalpus sp.,Asteriscus aquaticus,0,0.5,0,Dune system 1,rpi
274,Platypalpus sp.,Cakile maritima,0,0.6765792009215111,0,Dune system 1,rpi
275,Platypalpus sp.,Daucus carota,0,0.7004006326033493,1,Dune system 1,rpi
276,Platypalpus sp.,Limonium sp.,0,0.55924420642336925,0,Dune system 1,rpi
277,Platypalpus sp.,Salvia rosmarinus,0,0.5178495650876651,0,Dune system 1,rpi
278,Platypalpus sp.,Sedum sediforme,0,0.5455086352779515,0,Dune system 1,rpi
279,Platypalpus sp.,Teucrium capitatum,1,0.5039682001898381,0,Dune system 1,rpi
280,Stictopleurus abutilon,Asteriscus aquaticus,0,0.5,0,Dune system 1,rpi
281,Stictopleurus abutilon,Cakile maritima,0,0.6765792009215111,0,Dune system 1,rpi
282,Stictopleurus abutilon,Daucus carota,0,0.7004006326033493,1,Dune system 1,rpi
283,Stictopleurus abutilon,Limonium sp.,0,0.55924420642336925,0,Dune system 1,rpi
284,Stictopleurus abutilon,Salvia rosmarinus,0,0.5178495650876651,0,Dune system 1,rpi
285,Stictopleurus abutilon,Sedum sediforme,0,0.5455086352779515,0,Dune system 1,rpi
286,Stictopleurus abutilon,Teucrium capitatum,1,0.5039682001898381,0,Dune system 1,rpi
287,Tapinoma nigerrinum,Asteriscus aquaticus,0,0.5,0,Dune system 1,rpi
288,Tapinoma nigerrinum,Cakile maritima,0,0.6765792009215111,0,Dune system 1,rpi
289,Tapinoma nigerrinum,Daucus carota,0,0.7004006326033493,1,Dune system 1,rpi
290,Tapinoma nigerrinum,Limonium sp.,0,0.55924420642336925,0,Dune system 1,rpi
291,Tapinoma nigerrinum,Salvia rosmarinus,0,0.5178495650876651,0,Dune system 1,rpi
292,Tapinoma nigerrinum,Sedum sediforme,0,0.5455086352779515,0,Dune system 1,rpi
293,Tapinoma nigerrinum,Teucrium capitatum,1,0.5039682001898381,0,Dune system 1,rpi
294,Vanessa cardui,Asteriscus aquaticus,0,0.5,0,Dune system 1,rpi
295,Vanessa cardui,Cakile maritima,0,0.6765792009215111,0,Dune system 1,rpi
296,Vanessa cardui,Daucus carota,0,0.7004006326033493,1,Dune system 1,rpi
297,Vanessa cardui,Limonium sp.,0,0.55924420642336925,0,Dune system 1,rpi
298,Vanessa cardui,Salvia rosmarinus,0,0.5178495650876651,0,Dune system 1,rpi
299,Vanessa cardui,Sedum sediforme,0,0.5455086352779515,0,Dune system 1,rpi
300,Vanessa cardui,Teucrium capitatum,1,0.5039682001898381,0,Dune system 1,rpi
0,Eristalis similis,Asteriscus aquaticus,1,0.5227116721501797,0,Dune system 2,rpi
1,Eristalis similis,Cakile maritima,1,0.7963500563857567,1,Dune system 2,rpi
2,Eristalis similis,Limonium sp.,0,0.8242562567556689,1,Dune system 2,rpi
3,Eristalis similis,Teucrium capitatum,0,0.7310585112047824,1,Dune system 2,rpi
4,Exoprosopa cf. bowdeni,Asteriscus aquaticus,1,0.8106969976495891,1,Dune system 2,rpi
5,Exoprosopa cf. bowdeni,Cakile maritima,1,0.9386168922771817,1,Dune system 2,rpi
6,Exoprosopa cf. bowdeni,Limonium sp.,1,0.8986048538748715,1,Dune system 2,rpi
7,Exoprosopa cf. bowdeni,Teucrium capitatum,1,0.837039528683423,1,Dune system 2,rpi
8,Lasioglossum sp.,Asteriscus aquaticus,1,0.8106969976495891,1,Dune system 2,rpi
9,Lasioglossum sp.,Cakile maritima,1,0.9386168922771817,1,Dune system 2,rpi
10,Lasioglossum sp.,Limonium sp.,1,0.8986048538748715,1,Dune system 2,rpi
11,Lasioglossum sp.,Teucrium capitatum,1,0.837039528683423,1,Dune system 2,rpi
12,Monomorium sp,Asteriscus aquaticus,1,0.5,0,Dune system 2,rpi
13,Monomorium sp,Cakile maritima,0,0.8036225066952639,1,Dune system 2,rpi
14,Monomorium sp,Limonium sp.,0,0.7034198411146948,1,Dune system 2,rpi
15,Monomorium sp,Teucrium capitatum,0,0.5788811139125984,0,Dune system 2,rpi
16,Musca domestica,Asteriscus aquaticus,1,0.5227116721501797,0,Dune system 2,rpi
17,Musca domestica,Cakile maritima,0,0.890016445244454,1,Dune system 2,rpi
18,Musca domestica,Limonium sp.,1,0.6938502609530885,0,Dune system 2,rpi
19,Musca domestica,Teucrium capitatum,0,0.7310585112047824,1,Dune system 2,rpi
20,Phthiria sp.,Asteriscus aquaticus,1,0.5,0,Dune system 2,rpi
21,Phthiria sp.,Cakile maritima,0,0.8036225066952639,1,Dune system 2,rpi
22,Phthiria sp.,Limonium sp.,0,0.7034198411146948,1,Dune system 2,rpi
23,Phthiria sp.,Teucrium capitatum,0,0.5788811139125984,0,Dune system 2,rpi
24,Sarcophaga sp.,Asteriscus aquaticus,1,0.5227116721501797,0,Dune system 2,rpi
25,Sarcophaga sp.,Cakile maritima,0,0.890016445244454,1,Dune system 2,rpi
26,Sarcophaga sp.,Limonium sp.,1,0.6938502609530885,0,Dune system 2,rpi
27,Sarcophaga sp.,Teucrium capitatum,0,0.7310585112047824,1,Dune system 2,rpi
28,Tapinoma sp,Asteriscus aquaticus,1,0.5,0,Dune system 2,rpi
29,Tapinoma sp,Cakile maritima,0,0.8036225066952639,1,Dune system 2,rpi
30,Tapinoma sp,Limonium sp.,0,0.7034198411146948,1,Dune system 2,rpi
31,Tapinoma sp,Teucrium capitatum,0,0.5788811139125984,0,Dune system 2,rpi
32,Anaspis sp.,Asteriscus aquaticus,0,0.6938501881060067,0,Dune system 2,rpi
33,Anaspis sp.,Cakile maritima,1,0.7963500563857567,1,Dune system 2,rpi
34,Anaspis sp.,Limonium sp.,1,0.6938502609530885,0,Dune system 2,rpi
35,Anaspis sp.,Teucrium capitatum,0,0.7310585112047824,1,Dune system 2,rpi
36,Ancistrocerus ebusianus,Asteriscus aquaticus,0,0.6938501881060067,0,Dune system 2,rpi
37,Ancistrocerus ebusianus,Cakile maritima,1,0.7963500563857567,1,Dune system 2,rpi
38,Ancistrocerus ebusianus,Limonium sp.,1,0.6938502609530885,0,Dune system 2,rpi
39,Ancistrocerus ebusianus,Teucrium capitatum,0,0.7310585112047824,1,Dune system 2,rpi
40,Anthomyia confusanea,Asteriscus aquaticus,0,0.5340382191055193,0,Dune system 2,rpi
41,Anthomyia confusanea,Cakile maritima,1,0.6641443763652108,0,Dune system 2,rpi
42,Anthomyia confusanea,Limonium sp.,0,0.7034198411146948,1,Dune system 2,rpi
43,Anthomyia confusanea,Teucrium capitatum,0,0.5788811139125984,0,Dune system 2,rpi
44,Anthomyiidae sp.,Asteriscus aquaticus,0,0.6938501881060067,0,Dune system 2,rpi
45,Anthomyiidae sp.,Cakile maritima,1,0.7963500563857567,1,Dune system 2,rpi
46,Anthomyiidae sp.,Limonium sp.,0,0.8242562567556689,1,Dune system 2,rpi
47,Anthomyiidae sp.,Teucrium capitatum,1,0.5677623541416937,0,Dune system 2,rpi
48,Anthophora balearica,Asteriscus aquaticus,0,0.5340382191055193,0,Dune system 2,rpi
49,Anthophora balearica,Cakile maritima,1,0.6641443763652108,0,Dune system 2,rpi
50,Anthophora balearica,Limonium sp.,0,0.7034198411146948,1,Dune system 2,rpi
51,Anthophora balearica,Teucrium capitatum,0,0.5788811139125984,0,Dune system 2,rpi
52,Autographa gamma,Asteriscus aquaticus,0,0.6938501881060067,0,Dune system 2,rpi
53,Autographa gamma,Cakile maritima,1,0.7963500563857567,1,Dune system 2,rpi
54,Autographa gamma,Limonium sp.,1,0.6938502609530885,0,Dune system 2,rpi
55,Autographa gamma,Teucrium capitatum,0,0.7310585112047824,1,Dune system 2,rpi
56,Chrysopa viridana,Asteriscus aquaticus,0,0.5340382191055193,0,Dune system 2,rpi
57,Chrysopa viridana,Cakile maritima,1,0.6641443763652108,0,Dune system 2,rpi
58,Chrysopa viridana,Limonium sp.,0,0.7034198411146948,1,Dune system 2,rpi
59,Chrysopa viridana,Teucrium capitatum,0,0.5788811139125984,0,Dune system 2,rpi
60,Clairvillia pninae,Asteriscus aquaticus,0,0.6938501881060067,0,Dune system 2,rpi
61,Clairvillia pninae,Cakile maritima,1,0.7963500563857567,1,Dune system 2,rpi
62,Clairvillia pninae,Limonium sp.,1,0.6938502609530885,0,Dune system 2,rpi
63,Clairvillia pninae,Teucrium capitatum,0,0.7310585112047824,1,Dune system 2,rpi
64,Colias crocea,Asteriscus aquaticus,0,0.5340382191055193,0,Dune system 2,rpi
65,Colias crocea,Cakile maritima,1,0.6641443763652108,0,Dune system 2,rpi
66,Colias crocea,Limonium sp.,0,0.7034198411146948,1,Dune system 2,rpi
67,Colias crocea,Teucrium capitatum,0,0.5788811139125984,0,Dune system 2,rpi
68,Dasytes nigroaeneus,Asteriscus aquaticus,0,0.6938501881060067,0,Dune system 2,rpi
69,Dasytes nigroaeneus,Cakile maritima,1,0.7963500563857567,1,Dune system 2,rpi
70,Dasytes nigroaeneus,Limonium sp.,1,0.6938502609530885,0,Dune system 2,rpi
71,Dasytes nigroaeneus,Teucrium capitatum,0,0.7310585112047824,1,Dune system 2,rpi
72,Episyrphus balteatus,Asteriscus aquaticus,0,0.5340382191055193,0,Dune system 2,rpi
73,Episyrphus balteatus,Cakile maritima,1,0.6641443763652108,0,Dune system 2,rpi
74,Episyrphus balteatus,Limonium sp.,0,0.7034198411146948,1,Dune system 2,rpi
75,Episyrphus balteatus,Teucrium capitatum,0,0.5788811139125984,0,Dune system 2,rpi
76,Eristalis tenax,Asteriscus aquaticus,0,0.6938501881060067,0,Dune system 2,rpi
77,Eristalis tenax,Cakile maritima,1,0.7963500563857567,1,Dune system 2,rpi
78,Eristalis tenax,Limonium sp.,0,0.8242562567556689,1,Dune system 2,rpi
79,Eristalis tenax,Teucrium capitatum,1,0.5677623541416937,0,Dune system 2,rpi
80,Eupeodes corollae,Asteriscus aquaticus,0,0.8175744755478404,1,Dune system 2,rpi
81,Eupeodes corollae,Cakile maritima,1,0.885487519169217,1,Dune system 2,rpi
82,Eupeodes corollae,Limonium sp.,1,0.8175744758319938,1,Dune system 2,rpi
83,Eupeodes corollae,Teucrium capitatum,1,0.7220283174124336,1,Dune system 2,rpi
84,Hydrellia sp,Asteriscus aquaticus,0,0.5340382191055193,0,Dune system 2,rpi
85,Hydrellia sp,Cakile maritima,1,0.6641443763652108,0,Dune system 2,rpi
86,Hydrellia sp,Limonium sp.,0,0.7034198411146948,1,Dune system 2,rpi
87,Hydrellia sp,Teucrium capitatum,0,0.5788811139125984,0,Dune system 2,rpi
88,Hylaeus imparilis,Asteriscus aquaticus,0,0.5340382191055193,0,Dune system 2,rpi
89,Hylaeus imparilis,Cakile maritima,1,0.6641443763652108,0,Dune system 2,rpi
90,Hylaeus imparilis,Limonium sp.,0,0.7034198411146948,1,Dune system 2,rpi
91,Hylaeus imparilis,Teucrium capitatum,0,0.5788811139125984,0,Dune system 2,rpi
92,Lasiommata megera,Asteriscus aquaticus,0,0.5340382191055193,0,Dune system 2,rpi
93,Lasiommata megera,Cakile maritima,1,0.6641443763652108,0,Dune system 2,rpi
94,Lasiommata megera,Limonium sp.,0,0.7034198411146948,1,Dune system 2,rpi
95,Lasiommata megera,Teucrium capitatum,0,0.5788811139125984,0,Dune system 2,rpi
96,Lucilia silvarum,Asteriscus aquaticus,0,0.6938501881060067,0,Dune system 2,rpi
97,Lucilia silvarum,Cakile maritima,1,0.7963500563857567,1,Dune system 2,rpi
98,Lucilia silvarum,Limonium sp.,1,0.6938502609530885,0,Dune system 2,rpi
99,Lucilia silvarum,Teucrium capitatum,0,0.7310585112047824,1,Dune system 2,rpi
100,Lydella nigrescens,Asteriscus aquaticus,0,0.5340382191055193,0,Dune system 2,rpi
101,Lydella nigrescens,Cakile maritima,1,0.6641443763652108,0,Dune system 2,rpi
102,Lydella nigrescens,Limonium sp.,0,0.7034198411146948,1,Dune system 2,rpi
103,Lydella nigrescens,Teucrium capitatum,0,0.5788811139125984,0,Dune system 2,rpi
104,Megachile sp.,Asteriscus aquaticus,0,0.5340382191055193,0,Dune system 2,rpi
105,Megachile sp.,Cakile maritima,1,0.6641443763652108,0,Dune system 2,rpi
106,Megachile sp.,Limonium sp.,0,0.7034198411146948,1,Dune system 2,rpi
107,Megachile sp.,Teucrium capitatum,0,0.5788811139125984,0,Dune system 2,rpi
108,Meligethes sp.,Asteriscus aquaticus,0,0.6938501881060067,0,Dune system 2,rpi
109,Meligethes sp.,Cakile maritima,1,0.7963500563857567,1,Dune system 2,rpi
110,Meligethes sp.,Limonium sp.,0,0.8242562567556689,1,Dune system 2,rpi
111,Meligethes sp.,Teucrium capitatum,1,0.5677623541416937,0,Dune system 2,rpi
112,Mordellistena sp.,Asteriscus aquaticus,0,0.6938501881060067,0,Dune system 2,rpi
113,Mordellistena sp.,Cakile maritima,1,0.7963500563857567,1,Dune system 2,rpi
114,Mordellistena sp.,Limonium sp.,1,0.6938502609530885,0,Dune system 2,rpi
115,Mordellistena sp.,Teucrium capitatum,0,0.7310585112047824,1,Dune system 2,rpi
116,Phoenicurus ochruros,Asteriscus aquaticus,0,0.5340382191055193,0,Dune system 2,rpi
117,Phoenicurus ochruros,Cakile maritima,1,0.6641443763652108,0,Dune system 2,rpi
118,Phoenicurus ochruros,Limonium sp.,0,0.7034198411146948,1,Dune system 2,rpi
119,Phoenicurus ochruros,Teucrium capitatum,0,0.5788811139125984,0,Dune system 2,rpi
120,Pieris rapae,Asteriscus aquaticus,0,0.5340382191055193,0,Dune system 2,rpi
121,Pieris rapae,Cakile maritima,1,0.6641443763652108,0,Dune system 2,rpi
122,Pieris rapae,Limonium sp.,0,0.7034198411146948,1,Dune system 2,rpi
123,Pieris rapae,Teucrium capitatum,0,0.5788811139125984,0,Dune system 2,rpi
124,Pyrellia vivida,Asteriscus aquaticus,0,0.5340382191055193,0,Dune system 2,rpi
125,Pyrellia vivida,Cakile maritima,1,0.6641443763652108,0,Dune system 2,rpi
126,Pyrellia vivida,Limonium sp.,0,0.7034198411146948,1,Dune system 2,rpi
127,Pyrellia vivida,Teucrium capitatum,0,0.5788811139125984,0,Dune system 2,rpi
128,Sphaerophoria sp.,Asteriscus aquaticus,0,0.5340382191055193,0,Dune system 2,rpi
129,Sphaerophoria sp.,Cakile maritima,1,0.6641443763652108,0,Dune system 2,rpi
130,Sphaerophoria sp.,Limonium sp.,0,0.7034198411146948,1,Dune system 2,rpi
131,Sphaerophoria sp.,Teucrium capitatum,0,0.5788811139125984,0,Dune system 2,rpi
132,Spilostethus pandurus,Asteriscus aquaticus,0,0.5340382191055193,0,Dune system 2,rpi
133,Spilostethus pandurus,Cakile maritima,1,0.6641443763652108,0,Dune system 2,rpi
134,Spilostethus pandurus,Limonium sp.,0,0.7034198411146948,1,Dune system 2,rpi
135,Spilostethus pandurus,Teucrium capitatum,0,0.5788811139125984,0,Dune system 2,rpi
136,Bombyliidae sp.,Asteriscus aquaticus,0,0.5340382191055193,0,Dune system 2,rpi
137,Bombyliidae sp.,Cakile maritima,0,0.8036225066952639,1,Dune system 2,rpi
138,Bombyliidae sp.,Limonium sp.,1,0.5340381810057635,0,Dune system 2,rpi
139,Bombyliidae sp.,Teucrium capitatum,0,0.5788811139125984,0,Dune system 2,rpi
140,Eumenes dubius,Asteriscus aquaticus,0,0.5340382191055193,0,Dune system 2,rpi
141,Eumenes dubius,Cakile maritima,0,0.8036225066952639,1,Dune system 2,rpi
142,Eumenes dubius,Limonium sp.,1,0.5340381810057635,0,Dune system 2,rpi
143,Eumenes dubius,Teucrium capitatum,0,0.5788811139125984,0,Dune system 2,rpi
144,Macroglossum stellatarum,Asteriscus aquaticus,0,0.5340382191055193,0,Dune system 2,rpi
145,Macroglossum stellatarum,Cakile maritima,0,0.8036225066952639,1,Dune system 2,rpi
146,Macroglossum stellatarum,Limonium sp.,1,0.5340381810057635,0,Dune system 2,rpi
147,Macroglossum stellatarum,Teucrium capitatum,0,0.5788811139125984,0,Dune system 2,rpi
148,Meliscaeva auricollis,Asteriscus aquaticus,0,0.5340382191055193,0,Dune system 2,rpi
149,Meliscaeva auricollis,Cakile maritima,0,0.8036225066952639,1,Dune system 2,rpi
150,Meliscaeva auricollis,Limonium sp.,1,0.5340381810057635,0,Dune system 2,rpi
151,Meliscaeva auricollis,Teucrium capitatum,0,0.5788811139125984,0,Dune system 2,rpi
152,Phthiria cf pulicularia,Asteriscus aquaticus,0,0.6938501881060067,0,Dune system 2,rpi
153,Phthiria cf pulicularia,Cakile maritima,0,0.890016445244454,1,Dune system 2,rpi
154,Phthiria cf pulicularia,Limonium sp.,1,0.6938502609530885,0,Dune system 2,rpi
155,Phthiria cf pulicularia,Teucrium capitatum,1,0.5677623541416937,0,Dune system 2,rpi
156,Podarcis lilfordi,Asteriscus aquaticus,0,0.5340382191055193,0,Dune system 2,rpi
157,Podarcis lilfordi,Cakile maritima,0,0.8036225066952639,1,Dune system 2,rpi
158,Podarcis lilfordi,Limonium sp.,1,0.5340381810057635,0,Dune system 2,rpi
159,Podarcis lilfordi,Teucrium capitatum,0,0.5788811139125984,0,Dune system 2,rpi
160,Stenopterus sp.,Asteriscus aquaticus,0,0.5340382191055193,0,Dune system 2,rpi
161,Stenopterus sp.,Cakile maritima,0,0.8036225066952639,1,Dune system 2,rpi
162,Stenopterus sp.,Limonium sp.,1,0.5340381810057635,0,Dune system 2,rpi
163,Stenopterus sp.,Teucrium capitatum,0,0.5788811139125984,0,Dune system 2,rpi
164,Vanessa cardui,Asteriscus aquaticus,0,0.6938501881060067,0,Dune system 2,rpi
165,Vanessa cardui,Cakile maritima,0,0.890016445244454,1,Dune system 2,rpi
166,Vanessa cardui,Limonium sp.,1,0.6938502609530885,0,Dune system 2,rpi
167,Vanessa cardui,Teucrium capitatum,1,0.5677623541416937,0,Dune system 2,rpi
168,Gonepterix cleopatra,Asteriscus aquaticus,0,0.5340382191055193,0,Dune system 2,rpi
169,Gonepterix cleopatra,Cakile maritima,0,0.8036225066952639,1,Dune system 2,rpi
170,Gonepterix cleopatra,Limonium sp.,0,0.7034198411146948,1,Dune system 2,rpi
171,Gonepterix cleopatra,Teucrium capitatum,1,0.5,0,Dune system 2,rpi
172,Stictopleurus abutilon,Asteriscus aquaticus,0,0.5340382191055193,0,Dune system 2,rpi
173,Stictopleurus abutilon,Cakile maritima,0,0.8036225066952639,1,Dune system 2,rpi
174,Stictopleurus abutilon,Limonium sp.,0,0.7034198411146948,1,Dune system 2,rpi
175,Stictopleurus abutilon,Teucrium capitatum,1,0.5,0,Dune system 2,rpi
176,Vanessa atalanta,Asteriscus aquaticus,0,0.5340382191055193,0,Dune system 2,rpi
177,Vanessa atalanta,Cakile maritima,0,0.8036225066952639,1,Dune system 2,rpi
178,Vanessa atalanta,Limonium sp.,0,0.7034198411146948,1,Dune system 2,rpi
179,Vanessa atalanta,Teucrium capitatum,1,0.5,0,Dune system 2,rpi
0,Eristalis similis,Allium ampeloprasum,1,0.5621765038327705,0,Pine forest 1,rpi
1,Eristalis similis,Asphodelus fistulosus,0,0.6076631626967031,0,Pine forest 1,rpi
2,Eristalis similis,Astragalus balearicus,0,0.6442250989397936,0,Pine forest 1,rpi
3,Eristalis similis,Cistus monspeliensis,1,0.8596637483432403,1,Pine forest 1,rpi
4,Eristalis similis,Euphorbia serrata,0,0.7122321762635648,1,Pine forest 1,rpi
5,Eupeodes corollae,Allium ampeloprasum,1,0.5621765038327705,0,Pine forest 1,rpi
6,Eupeodes corollae,Asphodelus fistulosus,0,0.6076631626967031,0,Pine forest 1,rpi
7,Eupeodes corollae,Astragalus balearicus,0,0.6442250989397936,0,Pine forest 1,rpi
8,Eupeodes corollae,Cistus monspeliensis,1,0.8596637483432403,1,Pine forest 1,rpi
9,Eupeodes corollae,Euphorbia serrata,0,0.7122321762635648,1,Pine forest 1,rpi
10,Mordellistena sp.,Allium ampeloprasum,1,0.5,0,Pine forest 1,rpi
11,Mordellistena sp.,Asphodelus fistulosus,0,0.5,0,Pine forest 1,rpi
12,Mordellistena sp.,Astragalus balearicus,0,0.5156199202085225,0,Pine forest 1,rpi
13,Mordellistena sp.,Cistus monspeliensis,0,0.8740772331881274,1,Pine forest 1,rpi
14,Mordellistena sp.,Euphorbia serrata,0,0.5926666028445152,0,Pine forest 1,rpi
15,Musca domestica,Allium ampeloprasum,1,0.5,0,Pine forest 1,rpi
16,Musca domestica,Asphodelus fistulosus,0,0.5,0,Pine forest 1,rpi
17,Musca domestica,Astragalus balearicus,0,0.5156199202085225,0,Pine forest 1,rpi
18,Musca domestica,Cistus monspeliensis,0,0.8740772331881274,1,Pine forest 1,rpi
19,Musca domestica,Euphorbia serrata,0,0.5926666028445152,0,Pine forest 1,rpi
20,Anthophora balearica,Allium ampeloprasum,0,0.5926666028445152,0,Pine forest 1,rpi
21,Anthophora balearica,Asphodelus fistulosus,1,0.5,0,Pine forest 1,rpi
22,Anthophora balearica,Astragalus balearicus,0,0.5156199202085225,0,Pine forest 1,rpi
23,Anthophora balearica,Cistus monspeliensis,0,0.8740772331881274,1,Pine forest 1,rpi
24,Anthophora balearica,Euphorbia serrata,0,0.5926666028445152,0,Pine forest 1,rpi
25,Meligethes sp.,Allium ampeloprasum,0,0.8080671996256135,1,Pine forest 1,rpi
26,Meligethes sp.,Asphodelus fistulosus,0,0.7248702600590197,1,Pine forest 1,rpi
27,Meligethes sp.,Astragalus balearicus,1,0.6150878477207136,0,Pine forest 1,rpi
28,Meligethes sp.,Cistus monspeliensis,1,0.9124361549764757,1,Pine forest 1,rpi
29,Meligethes sp.,Euphorbia serrata,1,0.6859494466255809,0,Pine forest 1,rpi
30,Phthiria sp.,Allium ampeloprasum,0,0.8080671996256135,1,Pine forest 1,rpi
31,Phthiria sp.,Asphodelus fistulosus,0,0.7248702600590197,1,Pine forest 1,rpi
32,Phthiria sp.,Astragalus balearicus,1,0.6150878477207136,0,Pine forest 1,rpi
33,Phthiria sp.,Cistus monspeliensis,1,0.9124361549764757,1,Pine forest 1,rpi
34,Phthiria sp.,Euphorbia serrata,1,0.6859494466255809,0,Pine forest 1,rpi
35,Anaspis sp.,Allium ampeloprasum,0,0.5926666028445152,0,Pine forest 1,rpi
36,Anaspis sp.,Asphodelus fistulosus,0,0.5,0,Pine forest 1,rpi
37,Anaspis sp.,Astragalus balearicus,0,0.5156199202085225,0,Pine forest 1,rpi
38,Anaspis sp.,Cistus monspeliensis,1,0.782662484553688,1,Pine forest 1,rpi
39,Anaspis sp.,Euphorbia serrata,0,0.5926666028445152,0,Pine forest 1,rpi
40,Ancistrocerus ebusianus,Allium ampeloprasum,0,0.5926666028445152,0,Pine forest 1,rpi
41,Ancistrocerus ebusianus,Asphodelus fistulosus,0,0.5,0,Pine forest 1,rpi
42,Ancistrocerus ebusianus,Astragalus balearicus,0,0.5156199202085225,0,Pine forest 1,rpi
43,Ancistrocerus ebusianus,Cistus monspeliensis,1,0.782662484553688,1,Pine forest 1,rpi
44,Ancistrocerus ebusianus,Euphorbia serrata,0,0.5926666028445152,0,Pine forest 1,rpi
45,Dasytes nigroaeneus,Allium ampeloprasum,0,0.5926666028445152,0,Pine forest 1,rpi
46,Dasytes nigroaeneus,Asphodelus fistulosus,0,0.5,0,Pine forest 1,rpi
47,Dasytes nigroaeneus,Astragalus balearicus,0,0.5156199202085225,0,Pine forest 1,rpi
48,Dasytes nigroaeneus,Cistus monspeliensis,1,0.782662484553688,1,Pine forest 1,rpi
49,Dasytes nigroaeneus,Euphorbia serrata,0,0.5926666028445152,0,Pine forest 1,rpi
50,Exoprosopa cf. bowdeni,Allium ampeloprasum,0,0.5926666028445152,0,Pine forest 1,rpi
51,Exoprosopa cf. bowdeni,Asphodelus fistulosus,0,0.5,0,Pine forest 1,rpi
52,Exoprosopa cf. bowdeni,Astragalus balearicus,0,0.5156199202085225,0,Pine forest 1,rpi
53,Exoprosopa cf. bowdeni,Cistus monspeliensis,1,0.782662484553688,1,Pine forest 1,rpi
54,Exoprosopa cf. bowdeni,Euphorbia serrata,0,0.5926666028445152,0,Pine forest 1,rpi
55,Lasioglossum sp.,Allium ampeloprasum,0,0.7122321762635648,1,Pine forest 1,rpi
56,Lasioglossum sp.,Asphodelus fistulosus,0,0.6076631626967031,0,Pine forest 1,rpi
57,Lasioglossum sp.,Astragalus balearicus,0,0.6442250989397936,0,Pine forest 1,rpi
58,Lasioglossum sp.,Cistus monspeliensis,1,0.8596637483432403,1,Pine forest 1,rpi
59,Lasioglossum sp.,Euphorbia serrata,1,0.5621765038327705,0,Pine forest 1,rpi
60,Melanostoma scalare,Allium ampeloprasum,0,0.5926666028445152,0,Pine forest 1,rpi
61,Melanostoma scalare,Asphodelus fistulosus,0,0.5,0,Pine forest 1,rpi
62,Melanostoma scalare,Astragalus balearicus,0,0.5156199202085225,0,Pine forest 1,rpi
63,Melanostoma scalare,Cistus monspeliensis,1,0.782662484553688,1,Pine forest 1,rpi
64,Melanostoma scalare,Euphorbia serrata,0,0.5926666028445152,0,Pine forest 1,rpi
65,Monomorium sp,Allium ampeloprasum,0,0.5926666028445152,0,Pine forest 1,rpi
66,Monomorium sp,Asphodelus fistulosus,0,0.5,0,Pine forest 1,rpi
67,Monomorium sp,Astragalus balearicus,0,0.5156199202085225,0,Pine forest 1,rpi
68,Monomorium sp,Cistus monspeliensis,1,0.782662484553688,1,Pine forest 1,rpi
69,Monomorium sp,Euphorbia serrata,0,0.5926666028445152,0,Pine forest 1,rpi
70,Podarcis lilfordi,Allium ampeloprasum,0,0.7122321762635648,1,Pine forest 1,rpi
71,Podarcis lilfordi,Asphodelus fistulosus,0,0.6076631626967031,0,Pine forest 1,rpi
72,Podarcis lilfordi,Astragalus balearicus,0,0.6442250989397936,0,Pine forest 1,rpi
73,Podarcis lilfordi,Cistus monspeliensis,1,0.8596637483432403,1,Pine forest 1,rpi
74,Podarcis lilfordi,Euphorbia serrata,1,0.5621765038327705,0,Pine forest 1,rpi
75,Pyrellia vivida,Allium ampeloprasum,0,0.5926666028445152,0,Pine forest 1,rpi
76,Pyrellia vivida,Asphodelus fistulosus,0,0.5,0,Pine forest 1,rpi
77,Pyrellia vivida,Astragalus balearicus,0,0.5156199202085225,0,Pine forest 1,rpi
78,Pyrellia vivida,Cistus monspeliensis,1,0.782662484553688,1,Pine forest 1,rpi
79,Pyrellia vivida,Euphorbia serrata,0,0.5926666028445152,0,Pine forest 1,rpi
80,Tapinoma nigerrinum,Allium ampeloprasum,0,0.5926666028445152,0,Pine forest 1,rpi
81,Tapinoma nigerrinum,Asphodelus fistulosus,0,0.5,0,Pine forest 1,rpi
82,Tapinoma nigerrinum,Astragalus balearicus,0,0.5156199202085225,0,Pine forest 1,rpi
83,Tapinoma nigerrinum,Cistus monspeliensis,1,0.782662484553688,1,Pine forest 1,rpi
84,Tapinoma nigerrinum,Euphorbia serrata,0,0.5926666028445152,0,Pine forest 1,rpi
0,Eupeodes corollae,Blackstonia perfoliata,1,0.6429601217806095,0,Pine forest 2,rpi
1,Eupeodes corollae,Cistus monspeliensis,1,0.9568117853776197,1,Pine forest 2,rpi
2,Eupeodes corollae,Fumana ericoides,1,0.7424656393192939,1,Pine forest 2,rpi
3,Eupeodes corollae,Globularia alypum,0,0.7781472312520192,1,Pine forest 2,rpi
4,Lasioglossum sp.,Blackstonia perfoliata,1,0.7848432986138196,1,Pine forest 2,rpi
5,Lasioglossum sp.,Cistus monspeliensis,1,0.9782024974547197,1,Pine forest 2,rpi
6,Lasioglossum sp.,Fumana ericoides,1,0.8537980355747353,1,Pine forest 2,rpi
7,Lasioglossum sp.,Globularia alypum,1,0.7571752481317836,1,Pine forest 2,rpi
8,Anaspis sp.,Blackstonia perfoliata,0,0.5000000087555027,0,Pine forest 2,rpi
9,Anaspis sp.,Cistus monspeliensis,1,0.8437335992943181,1,Pine forest 2,rpi
10,Anaspis sp.,Fumana ericoides,0,0.6155229784872667,0,Pine forest 2,rpi
11,Anaspis sp.,Globularia alypum,0,0.5,0,Pine forest 2,rpi
12,Ancistrocerus ebusianus,Blackstonia perfoliata,0,0.5000000087555027,0,Pine forest 2,rpi
13,Ancistrocerus ebusianus,Cistus monspeliensis,1,0.8437335992943181,1,Pine forest 2,rpi
14,Ancistrocerus ebusianus,Fumana ericoides,0,0.6155229784872667,0,Pine forest 2,rpi
15,Ancistrocerus ebusianus,Globularia alypum,0,0.5,0,Pine forest 2,rpi
16,Anthomyia confusanea,Blackstonia perfoliata,0,0.5000000087555027,0,Pine forest 2,rpi
17,Anthomyia confusanea,Cistus monspeliensis,1,0.8437335992943181,1,Pine forest 2,rpi
18,Anthomyia confusanea,Fumana ericoides,0,0.6155229784872667,0,Pine forest 2,rpi
19,Anthomyia confusanea,Globularia alypum,0,0.5,0,Pine forest 2,rpi
20,Anthomyiidae sp.,Blackstonia perfoliata,0,0.6694906572732436,0,Pine forest 2,rpi
21,Anthomyiidae sp.,Cistus monspeliensis,1,0.9162272620166417,1,Pine forest 2,rpi
22,Anthomyiidae sp.,Fumana ericoides,1,0.5873306286261921,0,Pine forest 2,rpi
23,Anthomyiidae sp.,Globularia alypum,0,0.6339080877388703,0,Pine forest 2,rpi
24,Dasytes nigroaeneus,Blackstonia perfoliata,0,0.6694906572732436,0,Pine forest 2,rpi
25,Dasytes nigroaeneus,Cistus monspeliensis,1,0.9162272620166417,1,Pine forest 2,rpi
26,Dasytes nigroaeneus,Fumana ericoides,1,0.5873306286261921,0,Pine forest 2,rpi
27,Dasytes nigroaeneus,Globularia alypum,0,0.6339080877388703,0,Pine forest 2,rpi
28,Episyrphus balteatus,Blackstonia perfoliata,0,0.5000000087555027,0,Pine forest 2,rpi
29,Episyrphus balteatus,Cistus monspeliensis,1,0.8437335992943181,1,Pine forest 2,rpi
30,Episyrphus balteatus,Fumana ericoides,0,0.6155229784872667,0,Pine forest 2,rpi
31,Episyrphus balteatus,Globularia alypum,0,0.5,0,Pine forest 2,rpi
32,Eristalis similis,Blackstonia perfoliata,0,0.5000000087555027,0,Pine forest 2,rpi
33,Eristalis similis,Cistus monspeliensis,1,0.8437335992943181,1,Pine forest 2,rpi
34,Eristalis similis,Fumana ericoides,0,0.6155229784872667,0,Pine forest 2,rpi
35,Eristalis similis,Globularia alypum,0,0.5,0,Pine forest 2,rpi
36,Lydella nigrescens,Blackstonia perfoliata,0,0.5000000087555027,0,Pine forest 2,rpi
37,Lydella nigrescens,Cistus monspeliensis,1,0.8437335992943181,1,Pine forest 2,rpi
38,Lydella nigrescens,Fumana ericoides,0,0.6155229784872667,0,Pine forest 2,rpi
39,Lydella nigrescens,Globularia alypum,0,0.5,0,Pine forest 2,rpi
40,Meligethes sp.,Blackstonia perfoliata,0,0.5000000087555027,0,Pine forest 2,rpi
41,Meligethes sp.,Cistus monspeliensis,1,0.8437335992943181,1,Pine forest 2,rpi
42,Meligethes sp.,Fumana ericoides,0,0.6155229784872667,0,Pine forest 2,rpi
43,Meligethes sp.,Globularia alypum,0,0.5,0,Pine forest 2,rpi
44,Monomorium sp,Blackstonia perfoliata,0,0.5000000087555027,0,Pine forest 2,rpi
45,Monomorium sp,Cistus monspeliensis,1,0.8437335992943181,1,Pine forest 2,rpi
46,Monomorium sp,Fumana ericoides,0,0.6155229784872667,0,Pine forest 2,rpi
47,Monomorium sp,Globularia alypum,0,0.5,0,Pine forest 2,rpi
48,Mordellistena sp.,Blackstonia perfoliata,0,0.5000000087555027,0,Pine forest 2,rpi
49,Mordellistena sp.,Cistus monspeliensis,1,0.8437335992943181,1,Pine forest 2,rpi
50,Mordellistena sp.,Fumana ericoides,0,0.6155229784872667,0,Pine forest 2,rpi
51,Mordellistena sp.,Globularia alypum,0,0.5,0,Pine forest 2,rpi
52,Musca domestica,Blackstonia perfoliata,0,0.5000000087555027,0,Pine forest 2,rpi
53,Musca domestica,Cistus monspeliensis,1,0.8437335992943181,1,Pine forest 2,rpi
54,Musca domestica,Fumana ericoides,0,0.6155229784872667,0,Pine forest 2,rpi
55,Musca domestica,Globularia alypum,0,0.5,0,Pine forest 2,rpi
56,Phyto melanocephala,Blackstonia perfoliata,0,0.5000000087555027,0,Pine forest 2,rpi
57,Phyto melanocephala,Cistus monspeliensis,1,0.8437335992943181,1,Pine forest 2,rpi
58,Phyto melanocephala,Fumana ericoides,0,0.6155229784872667,0,Pine forest 2,rpi
59,Phyto melanocephala,Globularia alypum,0,0.5,0,Pine forest 2,rpi
60,Podarcis lilfordi,Blackstonia perfoliata,0,0.6694906572732436,0,Pine forest 2,rpi
61,Podarcis lilfordi,Cistus monspeliensis,1,0.9162272620166417,1,Pine forest 2,rpi
62,Podarcis lilfordi,Fumana ericoides,1,0.5873306286261921,0,Pine forest 2,rpi
63,Podarcis lilfordi,Globularia alypum,0,0.6339080877388703,0,Pine forest 2,rpi
64,Tapinoma sp,Blackstonia perfoliata,0,0.5000000087555027,0,Pine forest 2,rpi
65,Tapinoma sp,Cistus monspeliensis,1,0.8437335992943181,1,Pine forest 2,rpi
66,Tapinoma sp,Fumana ericoides,0,0.6155229784872667,0,Pine forest 2,rpi
67,Tapinoma sp,Globularia alypum,0,0.5,0,Pine forest 2,rpi
68,Vanessa atalanta,Blackstonia perfoliata,0,0.5000000087555027,0,Pine forest 2,rpi
69,Vanessa atalanta,Cistus monspeliensis,1,0.8437335992943181,1,Pine forest 2,rpi
70,Vanessa atalanta,Fumana ericoides,0,0.6155229784872667,0,Pine forest 2,rpi
71,Vanessa atalanta,Globularia alypum,0,0.5,0,Pine forest 2,rpi
0,Lasioglossum sp.,Allium sp.,1,0.7856011423547561,1,Rocky coastal 1,rpi
1,Lasioglossum sp.,Astragalus balearicus,1,0.8562789856961861,1,Rocky coastal 1,rpi
2,Lasioglossum sp.,Daucus carota,1,0.8939694595915908,1,Rocky coastal 1,rpi
3,Lasioglossum sp.,Dorycnium fulgurans,1,0.8186079319800493,1,Rocky coastal 1,rpi
4,Lasioglossum sp.,Euphorbia dendroides,0,0.8493057965939804,1,Rocky coastal 1,rpi
5,Lasioglossum sp.,Helichrysum stoechas,1,0.8725405784956934,1,Rocky coastal 1,rpi
6,Lasioglossum sp.,Lonicera implexa,1,0.7736726879933776,1,Rocky coastal 1,rpi
7,Lasioglossum sp.,Ruta chalepensis,1,0.7856011423547561,1,Rocky coastal 1,rpi
8,Lasioglossum sp.,Sedum sediforme,1,0.8383271179029412,1,Rocky coastal 1,rpi
9,Lasioglossum sp.,Teucrium capitatum,0,0.8102120931270218,1,Rocky coastal 1,rpi
10,Meligethes sp.,Allium sp.,1,0.5,0,Rocky coastal 1,rpi
11,Meligethes sp.,Astragalus balearicus,0,0.6684956300394262,0,Rocky coastal 1,rpi
12,Meligethes sp.,Daucus carota,0,0.740508099276667,1,Rocky coastal 1,rpi
13,Meligethes sp.,Dorycnium fulgurans,0,0.6043470300773416,0,Rocky coastal 1,rpi
14,Meligethes sp.,Euphorbia dendroides,0,0.5876276159290608,0,Rocky coastal 1,rpi
15,Meligethes sp.,Helichrysum stoechas,0,0.6985237106974541,0,Rocky coastal 1,rpi
16,Meligethes sp.,Lonicera implexa,0,0.5363938546359776,0,Rocky coastal 1,rpi
17,Meligethes sp.,Ruta chalepensis,0,0.5536125482890568,0,Rocky coastal 1,rpi
18,Meligethes sp.,Sedum sediforme,1,0.5672974870186578,0,Rocky coastal 1,rpi
19,Meligethes sp.,Teucrium capitatum,0,0.5190879402313062,0,Rocky coastal 1,rpi
20,Mordellistena sp.,Allium sp.,1,0.5,0,Rocky coastal 1,rpi
21,Mordellistena sp.,Astragalus balearicus,0,0.6684956300394262,0,Rocky coastal 1,rpi
22,Mordellistena sp.,Daucus carota,0,0.740508099276667,1,Rocky coastal 1,rpi
23,Mordellistena sp.,Dorycnium fulgurans,0,0.6043470300773416,0,Rocky coastal 1,rpi
24,Mordellistena sp.,Euphorbia dendroides,1,0.5156199287539457,0,Rocky coastal 1,rpi
25,Mordellistena sp.,Helichrysum stoechas,0,0.6985237106974541,0,Rocky coastal 1,rpi
26,Mordellistena sp.,Lonicera implexa,0,0.5363938546359776,0,Rocky coastal 1,rpi
27,Mordellistena sp.,Ruta chalepensis,0,0.5536125482890568,0,Rocky coastal 1,rpi
28,Mordellistena sp.,Sedum sediforme,0,0.6370307904590653,0,Rocky coastal 1,rpi
29,Mordellistena sp.,Teucrium capitatum,0,0.5190879402313062,0,Rocky coastal 1,rpi
30,Anthophora balearica,Allium sp.,0,0.5,0,Rocky coastal 1,rpi
31,Anthophora balearica,Astragalus balearicus,1,0.5450166852263034,0,Rocky coastal 1,rpi
32,Anthophora balearica,Daucus carota,0,0.6941184053343296,0,Rocky coastal 1,rpi
33,Anthophora balearica,Dorycnium fulgurans,0,0.5484585404158578,0,Rocky coastal 1,rpi
34,Anthophora balearica,Euphorbia dendroides,0,0.5312093863665965,0,Rocky coastal 1,rpi
35,Anthophora balearica,Helichrysum stoechas,0,0.6481942286769483,0,Rocky coastal 1,rpi
36,Anthophora balearica,Lonicera implexa,0,0.5,0,Rocky coastal 1,rpi
37,Anthophora balearica,Ruta chalepensis,0,0.5,0,Rocky coastal 1,rpi
38,Anthophora balearica,Sedum sediforme,0,0.5825702177404848,0,Rocky coastal 1,rpi
39,Anthophora balearica,Teucrium capitatum,0,0.5,0,Rocky coastal 1,rpi
40,Cheilosia latifrons,Allium sp.,0,0.5,0,Rocky coastal 1,rpi
41,Cheilosia latifrons,Astragalus balearicus,1,0.5450166852263034,0,Rocky coastal 1,rpi
42,Cheilosia latifrons,Daucus carota,0,0.6941184053343296,0,Rocky coastal 1,rpi
43,Cheilosia latifrons,Dorycnium fulgurans,0,0.5484585404158578,0,Rocky coastal 1,rpi
44,Cheilosia latifrons,Euphorbia dendroides,0,0.5312093863665965,0,Rocky coastal 1,rpi
45,Cheilosia latifrons,Helichrysum stoechas,0,0.6481942286769483,0,Rocky coastal 1,rpi
46,Cheilosia latifrons,Lonicera implexa,0,0.5,0,Rocky coastal 1,rpi
47,Cheilosia latifrons,Ruta chalepensis,0,0.5,0,Rocky coastal 1,rpi
48,Cheilosia latifrons,Sedum sediforme,0,0.5825702177404848,0,Rocky coastal 1,rpi
49,Cheilosia latifrons,Teucrium capitatum,0,0.5,0,Rocky coastal 1,rpi
50,Dasytes nigroaeneus,Allium sp.,0,0.5,0,Rocky coastal 1,rpi
51,Dasytes nigroaeneus,Astragalus balearicus,1,0.5450166852263034,0,Rocky coastal 1,rpi
52,Dasytes nigroaeneus,Daucus carota,0,0.6941184053343296,0,Rocky coastal 1,rpi
53,Dasytes nigroaeneus,Dorycnium fulgurans,0,0.5484585404158578,0,Rocky coastal 1,rpi
54,Dasytes nigroaeneus,Euphorbia dendroides,0,0.5312093863665965,0,Rocky coastal 1,rpi
55,Dasytes nigroaeneus,Helichrysum stoechas,0,0.6481942286769483,0,Rocky coastal 1,rpi
56,Dasytes nigroaeneus,Lonicera implexa,0,0.5,0,Rocky coastal 1,rpi
57,Dasytes nigroaeneus,Ruta chalepensis,0,0.5,0,Rocky coastal 1,rpi
58,Dasytes nigroaeneus,Sedum sediforme,0,0.5825702177404848,0,Rocky coastal 1,rpi
59,Dasytes nigroaeneus,Teucrium capitatum,0,0.5,0,Rocky coastal 1,rpi
60,Episyrphus balteatus,Allium sp.,0,0.5536125482890568,0,Rocky coastal 1,rpi
61,Episyrphus balteatus,Astragalus balearicus,1,0.6010212812725586,0,Rocky coastal 1,rpi
62,Episyrphus balteatus,Daucus carota,1,0.6806899794490642,0,Rocky coastal 1,rpi
63,Episyrphus balteatus,Dorycnium fulgurans,0,0.6043470300773416,0,Rocky coastal 1,rpi
64,Episyrphus balteatus,Euphorbia dendroides,0,0.5876276159290608,0,Rocky coastal 1,rpi
65,Episyrphus balteatus,Helichrysum stoechas,0,0.6985237106974541,0,Rocky coastal 1,rpi
66,Episyrphus balteatus,Lonicera implexa,0,0.5363938546359776,0,Rocky coastal 1,rpi
67,Episyrphus balteatus,Ruta chalepensis,0,0.5536125482890568,0,Rocky coastal 1,rpi
68,Episyrphus balteatus,Sedum sediforme,0,0.6370307904590653,0,Rocky coastal 1,rpi
69,Episyrphus balteatus,Teucrium capitatum,0,0.5190879402313062,0,Rocky coastal 1,rpi
70,Eupeodes corollae,Allium sp.,0,0.6623112449636287,0,Rocky coastal 1,rpi
71,Eupeodes corollae,Astragalus balearicus,1,0.7043409208352692,1,Rocky coastal 1,rpi
72,Eupeodes corollae,Daucus carota,1,0.7712314418466434,1,Rocky coastal 1,rpi
73,Eupeodes corollae,Dorycnium fulgurans,1,0.6434288605429368,0,Rocky coastal 1,rpi
74,Eupeodes corollae,Euphorbia dendroides,0,0.6926419535149749,0,Rocky coastal 1,rpi
75,Eupeodes corollae,Helichrysum stoechas,1,0.7324217290755713,1,Rocky coastal 1,rpi
76,Eupeodes corollae,Lonicera implexa,0,0.646608963860565,0,Rocky coastal 1,rpi
77,Eupeodes corollae,Ruta chalepensis,0,0.6623112449636287,0,Rocky coastal 1,rpi
78,Eupeodes corollae,Sedum sediforme,0,0.7351348626905447,1,Rocky coastal 1,rpi
79,Eupeodes corollae,Teucrium capitatum,0,0.6305837896480424,0,Rocky coastal 1,rpi
80,Meliscaeva auricollis,Allium sp.,0,0.5536125482890568,0,Rocky coastal 1,rpi
81,Meliscaeva auricollis,Astragalus balearicus,1,0.6010212812725586,0,Rocky coastal 1,rpi
82,Meliscaeva auricollis,Daucus carota,0,0.740508099276667,1,Rocky coastal 1,rpi
83,Meliscaeva auricollis,Dorycnium fulgurans,0,0.6043470300773416,0,Rocky coastal 1,rpi
84,Meliscaeva auricollis,Euphorbia dendroides,0,0.5876276159290608,0,Rocky coastal 1,rpi
85,Meliscaeva auricollis,Helichrysum stoechas,1,0.6338133071517684,0,Rocky coastal 1,rpi
86,Meliscaeva auricollis,Lonicera implexa,0,0.5363938546359776,0,Rocky coastal 1,rpi
87,Meliscaeva auricollis,Ruta chalepensis,0,0.5536125482890568,0,Rocky coastal 1,rpi
88,Meliscaeva auricollis,Sedum sediforme,0,0.6370307904590653,0,Rocky coastal 1,rpi
89,Meliscaeva auricollis,Teucrium capitatum,0,0.5190879402313062,0,Rocky coastal 1,rpi
90,Podarcis lilfordi,Allium sp.,0,0.7561975607478836,1,Rocky coastal 1,rpi
91,Podarcis lilfordi,Astragalus balearicus,1,0.7902426872122993,1,Rocky coastal 1,rpi
92,Podarcis lilfordi,Daucus carota,1,0.842056682265708,1,Rocky coastal 1,rpi
93,Podarcis lilfordi,Dorycnium fulgurans,1,0.7405081050985275,1,Rocky coastal 1,rpi
94,Podarcis lilfordi,Euphorbia dendroides,1,0.7269428333804274,1,Rocky coastal 1,rpi
95,Podarcis lilfordi,Helichrysum stoechas,1,0.8123385701115986,1,Rocky coastal 1,rpi
96,Podarcis lilfordi,Lonicera implexa,0,0.7431680084615943,1,Rocky coastal 1,rpi
97,Podarcis lilfordi,Ruta chalepensis,1,0.6985236740728848,0,Rocky coastal 1,rpi
98,Podarcis lilfordi,Sedum sediforme,0,0.8144466775085925,1,Rocky coastal 1,rpi
99,Podarcis lilfordi,Teucrium capitatum,0,0.7296910289899822,1,Rocky coastal 1,rpi
100,Sarcophaga sp.,Allium sp.,0,0.609317524823347,0,Rocky coastal 1,rpi
101,Sarcophaga sp.,Astragalus balearicus,1,0.6545022444452039,0,Rocky coastal 1,rpi
102,Sarcophaga sp.,Daucus carota,1,0.728319103896982,1,Rocky coastal 1,rpi
103,Sarcophaga sp.,Dorycnium fulgurans,0,0.6576361378522179,0,Rocky coastal 1,rpi
104,Sarcophaga sp.,Euphorbia dendroides,1,0.5724041086392121,0,Rocky coastal 1,rpi
105,Sarcophaga sp.,Helichrysum stoechas,0,0.7444912332576763,1,Rocky coastal 1,rpi
106,Sarcophaga sp.,Lonicera implexa,0,0.5926665831598951,0,Rocky coastal 1,rpi
107,Sarcophaga sp.,Ruta chalepensis,0,0.609317524823347,0,Rocky coastal 1,rpi
108,Sarcophaga sp.,Sedum sediforme,0,0.6881890667407371,0,Rocky coastal 1,rpi
109,Sarcophaga sp.,Teucrium capitatum,0,0.5758000370959524,0,Rocky coastal 1,rpi
110,Tapinoma sp,Allium sp.,0,0.5536125482890568,0,Rocky coastal 1,rpi
111,Tapinoma sp,Astragalus balearicus,1,0.6010212812725586,0,Rocky coastal 1,rpi
112,Tapinoma sp,Daucus carota,1,0.6806899794490642,0,Rocky coastal 1,rpi
113,Tapinoma sp,Dorycnium fulgurans,0,0.6043470300773416,0,Rocky coastal 1,rpi
114,Tapinoma sp,Euphorbia dendroides,0,0.5876276159290608,0,Rocky coastal 1,rpi
115,Tapinoma sp,Helichrysum stoechas,0,0.6985237106974541,0,Rocky coastal 1,rpi
116,Tapinoma sp,Lonicera implexa,0,0.5363938546359776,0,Rocky coastal 1,rpi
117,Tapinoma sp,Ruta chalepensis,0,0.5536125482890568,0,Rocky coastal 1,rpi
118,Tapinoma sp,Sedum sediforme,0,0.6370307904590653,0,Rocky coastal 1,rpi
119,Tapinoma sp,Teucrium capitatum,0,0.5190879402313062,0,Rocky coastal 1,rpi
120,Anthomyia confusanea,Allium sp.,0,0.5,0,Rocky coastal 1,rpi
121,Anthomyia confusanea,Astragalus balearicus,0,0.6159096016005216,0,Rocky coastal 1,rpi
122,Anthomyia confusanea,Daucus carota,1,0.6289646874979307,0,Rocky coastal 1,rpi
123,Anthomyia confusanea,Dorycnium fulgurans,0,0.5484585404158578,0,Rocky coastal 1,rpi
124,Anthomyia confusanea,Euphorbia dendroides,0,0.5312093863665966,0,Rocky coastal 1,rpi
125,Anthomyia confusanea,Helichrysum stoechas,0,0.6481942286769483,0,Rocky coastal 1,rpi
126,Anthomyia confusanea,Lonicera implexa,0,0.5,0,Rocky coastal 1,rpi
127,Anthomyia confusanea,Ruta chalepensis,0,0.5,0,Rocky coastal 1,rpi
128,Anthomyia confusanea,Sedum sediforme,0,0.5825702177404848,0,Rocky coastal 1,rpi
129,Anthomyia confusanea,Teucrium capitatum,0,0.5,0,Rocky coastal 1,rpi
130,Anthomyiidae sp.,Allium sp.,0,0.609317524823347,0,Rocky coastal 1,rpi
131,Anthomyiidae sp.,Astragalus balearicus,0,0.7171879648315399,1,Rocky coastal 1,rpi
132,Anthomyiidae sp.,Daucus carota,1,0.728319103896982,1,Rocky coastal 1,rpi
133,Anthomyiidae sp.,Dorycnium fulgurans,0,0.6576361378522179,0,Rocky coastal 1,rpi
134,Anthomyiidae sp.,Euphorbia dendroides,1,0.5724041086392121,0,Rocky coastal 1,rpi
135,Anthomyiidae sp.,Helichrysum stoechas,0,0.7444912332576763,1,Rocky coastal 1,rpi
136,Anthomyiidae sp.,Lonicera implexa,0,0.5926665831598951,0,Rocky coastal 1,rpi
137,Anthomyiidae sp.,Ruta chalepensis,0,0.609317524823347,0,Rocky coastal 1,rpi
138,Anthomyiidae sp.,Sedum sediforme,1,0.6224593271147766,0,Rocky coastal 1,rpi
139,Anthomyiidae sp.,Teucrium capitatum,0,0.5758000370959524,0,Rocky coastal 1,rpi
140,Exoprosopa cf. bowdeni,Allium sp.,0,0.6623112449636287,0,Rocky coastal 1,rpi
141,Exoprosopa cf. bowdeni,Astragalus balearicus,0,0.7612822104682871,1,Rocky coastal 1,rpi
142,Exoprosopa cf. bowdeni,Daucus carota,1,0.7712314418466434,1,Rocky coastal 1,rpi
143,Exoprosopa cf. bowdeni,Dorycnium fulgurans,1,0.6434288605429368,0,Rocky coastal 1,rpi
144,Exoprosopa cf. bowdeni,Euphorbia dendroides,0,0.6926419535149749,0,Rocky coastal 1,rpi
145,Exoprosopa cf. bowdeni,Helichrysum stoechas,1,0.7324217290755713,1,Rocky coastal 1,rpi
146,Exoprosopa cf. bowdeni,Lonicera implexa,0,0.646608963860565,0,Rocky coastal 1,rpi
147,Exoprosopa cf. bowdeni,Ruta chalepensis,0,0.6623112449636287,0,Rocky coastal 1,rpi
148,Exoprosopa cf. bowdeni,Sedum sediforme,1,0.6746223588710498,0,Rocky coastal 1,rpi
149,Exoprosopa cf. bowdeni,Teucrium capitatum,0,0.6305837896480424,0,Rocky coastal 1,rpi
150,Hylaeus imparilis,Allium sp.,0,0.609317524823347,0,Rocky coastal 1,rpi
151,Hylaeus imparilis,Astragalus balearicus,0,0.7171879648315399,1,Rocky coastal 1,rpi
152,Hylaeus imparilis,Daucus carota,1,0.728319103896982,1,Rocky coastal 1,rpi
153,Hylaeus imparilis,Dorycnium fulgurans,0,0.6576361378522179,0,Rocky coastal 1,rpi
154,Hylaeus imparilis,Euphorbia dendroides,0,0.641834027763966,0,Rocky coastal 1,rpi
155,Hylaeus imparilis,Helichrysum stoechas,1,0.6852009712466745,0,Rocky coastal 1,rpi
156,Hylaeus imparilis,Lonicera implexa,0,0.5926665831598951,0,Rocky coastal 1,rpi
157,Hylaeus imparilis,Ruta chalepensis,0,0.609317524823347,0,Rocky coastal 1,rpi
158,Hylaeus imparilis,Sedum sediforme,1,0.6224593271147766,0,Rocky coastal 1,rpi
159,Hylaeus imparilis,Teucrium capitatum,0,0.5758000370959524,0,Rocky coastal 1,rpi
160,Lydella nigrescens,Allium sp.,0,0.5,0,Rocky coastal 1,rpi
161,Lydella nigrescens,Astragalus balearicus,0,0.6159096016005216,0,Rocky coastal 1,rpi
162,Lydella nigrescens,Daucus carota,1,0.6289646874979307,0,Rocky coastal 1,rpi
163,Lydella nigrescens,Dorycnium fulgurans,0,0.5484585404158578,0,Rocky coastal 1,rpi
164,Lydella nigrescens,Euphorbia dendroides,0,0.5312093863665966,0,Rocky coastal 1,rpi
165,Lydella nigrescens,Helichrysum stoechas,0,0.6481942286769483,0,Rocky coastal 1,rpi
166,Lydella nigrescens,Lonicera implexa,0,0.5,0,Rocky coastal 1,rpi
167,Lydella nigrescens,Ruta chalepensis,0,0.5,0,Rocky coastal 1,rpi
168,Lydella nigrescens,Sedum sediforme,0,0.5825702177404848,0,Rocky coastal 1,rpi
169,Lydella nigrescens,Teucrium capitatum,0,0.5,0,Rocky coastal 1,rpi
170,Lydella thompsoni,Allium sp.,0,0.5,0,Rocky coastal 1,rpi
171,Lydella thompsoni,Astragalus balearicus,0,0.6159096016005216,0,Rocky coastal 1,rpi
172,Lydella thompsoni,Daucus carota,1,0.6289646874979307,0,Rocky coastal 1,rpi
173,Lydella thompsoni,Dorycnium fulgurans,0,0.5484585404158578,0,Rocky coastal 1,rpi
174,Lydella thompsoni,Euphorbia dendroides,0,0.5312093863665966,0,Rocky coastal 1,rpi
175,Lydella thompsoni,Helichrysum stoechas,0,0.6481942286769483,0,Rocky coastal 1,rpi
176,Lydella thompsoni,Lonicera implexa,0,0.5,0,Rocky coastal 1,rpi
177,Lydella thompsoni,Ruta chalepensis,0,0.5,0,Rocky coastal 1,rpi
178,Lydella thompsoni,Sedum sediforme,0,0.5825702177404848,0,Rocky coastal 1,rpi
179,Lydella thompsoni,Teucrium capitatum,0,0.5,0,Rocky coastal 1,rpi
180,Megaselia sp.,Allium sp.,0,0.5,0,Rocky coastal 1,rpi
181,Megaselia sp.,Astragalus balearicus,0,0.6159096016005216,0,Rocky coastal 1,rpi
182,Megaselia sp.,Daucus carota,1,0.6289646874979307,0,Rocky coastal 1,rpi
183,Megaselia sp.,Dorycnium fulgurans,0,0.5484585404158578,0,Rocky coastal 1,rpi
184,Megaselia sp.,Euphorbia dendroides,0,0.5312093863665966,0,Rocky coastal 1,rpi
185,Megaselia sp.,Helichrysum stoechas,0,0.6481942286769483,0,Rocky coastal 1,rpi
186,Megaselia sp.,Lonicera implexa,0,0.5,0,Rocky coastal 1,rpi
187,Megaselia sp.,Ruta chalepensis,0,0.5,0,Rocky coastal 1,rpi
188,Megaselia sp.,Sedum sediforme,0,0.5825702177404848,0,Rocky coastal 1,rpi
189,Megaselia sp.,Teucrium capitatum,0,0.5,0,Rocky coastal 1,rpi
190,Phthiria sp.,Allium sp.,0,0.5,0,Rocky coastal 1,rpi
191,Phthiria sp.,Astragalus balearicus,0,0.6159096016005216,0,Rocky coastal 1,rpi
192,Phthiria sp.,Daucus carota,1,0.6289646874979307,0,Rocky coastal 1,rpi
193,Phthiria sp.,Dorycnium fulgurans,0,0.5484585404158578,0,Rocky coastal 1,rpi
194,Phthiria sp.,Euphorbia dendroides,0,0.5312093863665966,0,Rocky coastal 1,rpi
195,Phthiria sp.,Helichrysum stoechas,0,0.6481942286769483,0,Rocky coastal 1,rpi
196,Phthiria sp.,Lonicera implexa,0,0.5,0,Rocky coastal 1,rpi
197,Phthiria sp.,Ruta chalepensis,0,0.5,0,Rocky coastal 1,rpi
198,Phthiria sp.,Sedum sediforme,0,0.5825702177404848,0,Rocky coastal 1,rpi
199,Phthiria sp.,Teucrium capitatum,0,0.5,0,Rocky coastal 1,rpi
200,Phyto melanocephala,Allium sp.,0,0.5,0,Rocky coastal 1,rpi
201,Phyto melanocephala,Astragalus balearicus,0,0.6159096016005216,0,Rocky coastal 1,rpi
202,Phyto melanocephala,Daucus carota,1,0.6289646874979307,0,Rocky coastal 1,rpi
203,Phyto melanocephala,Dorycnium fulgurans,0,0.5484585404158578,0,Rocky coastal 1,rpi
204,Phyto melanocephala,Euphorbia dendroides,0,0.5312093863665966,0,Rocky coastal 1,rpi
205,Phyto melanocephala,Helichrysum stoechas,0,0.6481942286769483,0,Rocky coastal 1,rpi
206,Phyto melanocephala,Lonicera implexa,0,0.5,0,Rocky coastal 1,rpi
207,Phyto melanocephala,Ruta chalepensis,0,0.5,0,Rocky coastal 1,rpi
208,Phyto melanocephala,Sedum sediforme,0,0.5825702177404848,0,Rocky coastal 1,rpi
209,Phyto melanocephala,Teucrium capitatum,0,0.5,0,Rocky coastal 1,rpi
210,Ancistrocerus ebusianus,Allium sp.,0,0.5,0,Rocky coastal 1,rpi
211,Ancistrocerus ebusianus,Astragalus balearicus,0,0.6159096016005216,0,Rocky coastal 1,rpi
212,Ancistrocerus ebusianus,Daucus carota,0,0.6941184053343296,0,Rocky coastal 1,rpi
213,Ancistrocerus ebusianus,Dorycnium fulgurans,1,0.5,0,Rocky coastal 1,rpi
214,Ancistrocerus ebusianus,Euphorbia dendroides,0,0.5312093863665966,0,Rocky coastal 1,rpi
215,Ancistrocerus ebusianus,Helichrysum stoechas,0,0.6481942286769483,0,Rocky coastal 1,rpi
216,Ancistrocerus ebusianus,Lonicera implexa,0,0.5,0,Rocky coastal 1,rpi
217,Ancistrocerus ebusianus,Ruta chalepensis,0,0.5,0,Rocky coastal 1,rpi
218,Ancistrocerus ebusianus,Sedum sediforme,0,0.5825702177404848,0,Rocky coastal 1,rpi
219,Ancistrocerus ebusianus,Teucrium capitatum,0,0.5,0,Rocky coastal 1,rpi
220,Hydrellia sp,Allium sp.,0,0.5536125482890568,0,Rocky coastal 1,rpi
221,Hydrellia sp,Astragalus balearicus,0,0.6684956300394262,0,Rocky coastal 1,rpi
222,Hydrellia sp,Daucus carota,0,0.740508099276667,1,Rocky coastal 1,rpi
223,Hydrellia sp,Dorycnium fulgurans,1,0.5329383512584864,0,Rocky coastal 1,rpi
224,Hydrellia sp,Euphorbia dendroides,0,0.5876276159290608,0,Rocky coastal 1,rpi
225,Hydrellia sp,Helichrysum stoechas,0,0.6985237106974541,0,Rocky coastal 1,rpi
226,Hydrellia sp,Lonicera implexa,0,0.5363938546359776,0,Rocky coastal 1,rpi
227,Hydrellia sp,Ruta chalepensis,0,0.5536125482890568,0,Rocky coastal 1,rpi
228,Hydrellia sp,Sedum sediforme,1,0.5672974870186578,0,Rocky coastal 1,rpi
229,Hydrellia sp,Teucrium capitatum,0,0.5190879402313062,0,Rocky coastal 1,rpi
230,Calliphoridae sp.,Allium sp.,0,0.5,0,Rocky coastal 1,rpi
231,Calliphoridae sp.,Astragalus balearicus,0,0.6159096016005216,0,Rocky coastal 1,rpi
232,Calliphoridae sp.,Daucus carota,0,0.6941184053343296,0,Rocky coastal 1,rpi
233,Calliphoridae sp.,Dorycnium fulgurans,0,0.5484585404158578,0,Rocky coastal 1,rpi
234,Calliphoridae sp.,Euphorbia dendroides,1,0.5,0,Rocky coastal 1,rpi
235,Calliphoridae sp.,Helichrysum stoechas,0,0.6481942286769483,0,Rocky coastal 1,rpi
236,Calliphoridae sp.,Lonicera implexa,0,0.5,0,Rocky coastal 1,rpi
237,Calliphoridae sp.,Ruta chalepensis,0,0.5,0,Rocky coastal 1,rpi
238,Calliphoridae sp.,Sedum sediforme,0,0.5825702177404848,0,Rocky coastal 1,rpi
239,Calliphoridae sp.,Teucrium capitatum,0,0.5,0,Rocky coastal 1,rpi
240,Autographa gamma,Allium sp.,0,0.5,0,Rocky coastal 1,rpi
241,Autographa gamma,Astragalus balearicus,0,0.6159096016005216,0,Rocky coastal 1,rpi
242,Autographa gamma,Daucus carota,0,0.6941184053343296,0,Rocky coastal 1,rpi
243,Autographa gamma,Dorycnium fulgurans,0,0.5484585404158578,0,Rocky coastal 1,rpi
244,Autographa gamma,Euphorbia dendroides,0,0.5312093863665966,0,Rocky coastal 1,rpi
245,Autographa gamma,Helichrysum stoechas,1,0.5791888780011791,0,Rocky coastal 1,rpi
246,Autographa gamma,Lonicera implexa,0,0.5,0,Rocky coastal 1,rpi
247,Autographa gamma,Ruta chalepensis,0,0.5,0,Rocky coastal 1,rpi
248,Autographa gamma,Sedum sediforme,0,0.5825702177404848,0,Rocky coastal 1,rpi
249,Autographa gamma,Teucrium capitatum,0,0.5,0,Rocky coastal 1,rpi
250,Eristalis tenax,Allium sp.,0,0.5,0,Rocky coastal 1,rpi
251,Eristalis tenax,Astragalus balearicus,0,0.6159096016005216,0,Rocky coastal 1,rpi
252,Eristalis tenax,Daucus carota,0,0.6941184053343296,0,Rocky coastal 1,rpi
253,Eristalis tenax,Dorycnium fulgurans,0,0.5484585404158578,0,Rocky coastal 1,rpi
254,Eristalis tenax,Euphorbia dendroides,0,0.5312093863665966,0,Rocky coastal 1,rpi
255,Eristalis tenax,Helichrysum stoechas,1,0.5791888780011791,0,Rocky coastal 1,rpi
256,Eristalis tenax,Lonicera implexa,0,0.5,0,Rocky coastal 1,rpi
257,Eristalis tenax,Ruta chalepensis,0,0.5,0,Rocky coastal 1,rpi
258,Eristalis tenax,Sedum sediforme,0,0.5825702177404848,0,Rocky coastal 1,rpi
259,Eristalis tenax,Teucrium capitatum,0,0.5,0,Rocky coastal 1,rpi
260,Eumenes dubius,Allium sp.,0,0.5,0,Rocky coastal 1,rpi
261,Eumenes dubius,Astragalus balearicus,0,0.6159096016005216,0,Rocky coastal 1,rpi
262,Eumenes dubius,Daucus carota,0,0.6941184053343296,0,Rocky coastal 1,rpi
263,Eumenes dubius,Dorycnium fulgurans,0,0.5484585404158578,0,Rocky coastal 1,rpi
264,Eumenes dubius,Euphorbia dendroides,0,0.5312093863665966,0,Rocky coastal 1,rpi
265,Eumenes dubius,Helichrysum stoechas,1,0.5791888780011791,0,Rocky coastal 1,rpi
266,Eumenes dubius,Lonicera implexa,0,0.5,0,Rocky coastal 1,rpi
267,Eumenes dubius,Ruta chalepensis,0,0.5,0,Rocky coastal 1,rpi
268,Eumenes dubius,Sedum sediforme,0,0.5825702177404848,0,Rocky coastal 1,rpi
269,Eumenes dubius,Teucrium capitatum,0,0.5,0,Rocky coastal 1,rpi
270,Macroglossum stellatarum,Allium sp.,0,0.5536125482890568,0,Rocky coastal 1,rpi
271,Macroglossum stellatarum,Astragalus balearicus,0,0.6684956300394262,0,Rocky coastal 1,rpi
272,Macroglossum stellatarum,Daucus carota,0,0.740508099276667,1,Rocky coastal 1,rpi
273,Macroglossum stellatarum,Dorycnium fulgurans,0,0.6043470300773416,0,Rocky coastal 1,rpi
274,Macroglossum stellatarum,Euphorbia dendroides,0,0.5876276159290608,0,Rocky coastal 1,rpi
275,Macroglossum stellatarum,Helichrysum stoechas,1,0.6338133071517684,0,Rocky coastal 1,rpi
276,Macroglossum stellatarum,Lonicera implexa,1,0.5,0,Rocky coastal 1,rpi
277,Macroglossum stellatarum,Ruta chalepensis,0,0.5536125482890568,0,Rocky coastal 1,rpi
278,Macroglossum stellatarum,Sedum sediforme,0,0.6370307904590653,0,Rocky coastal 1,rpi
279,Macroglossum stellatarum,Teucrium capitatum,0,0.5190879402313062,0,Rocky coastal 1,rpi
280,Vanessa atalanta,Allium sp.,0,0.5,0,Rocky coastal 1,rpi
281,Vanessa atalanta,Astragalus balearicus,0,0.6159096016005216,0,Rocky coastal 1,rpi
282,Vanessa atalanta,Daucus carota,0,0.6941184053343296,0,Rocky coastal 1,rpi
283,Vanessa atalanta,Dorycnium fulgurans,0,0.5484585404158578,0,Rocky coastal 1,rpi
284,Vanessa atalanta,Euphorbia dendroides,0,0.5312093863665966,0,Rocky coastal 1,rpi
285,Vanessa atalanta,Helichrysum stoechas,1,0.5791888780011791,0,Rocky coastal 1,rpi
286,Vanessa atalanta,Lonicera implexa,0,0.5,0,Rocky coastal 1,rpi
287,Vanessa atalanta,Ruta chalepensis,0,0.5,0,Rocky coastal 1,rpi
288,Vanessa atalanta,Sedum sediforme,0,0.5825702177404848,0,Rocky coastal 1,rpi
289,Vanessa atalanta,Teucrium capitatum,0,0.5,0,Rocky coastal 1,rpi
290,Vanessa cardui,Allium sp.,0,0.5,0,Rocky coastal 1,rpi
291,Vanessa cardui,Astragalus balearicus,0,0.6159096016005216,0,Rocky coastal 1,rpi
292,Vanessa cardui,Daucus carota,0,0.6941184053343296,0,Rocky coastal 1,rpi
293,Vanessa cardui,Dorycnium fulgurans,0,0.5484585404158578,0,Rocky coastal 1,rpi
294,Vanessa cardui,Euphorbia dendroides,0,0.5312093863665966,0,Rocky coastal 1,rpi
295,Vanessa cardui,Helichrysum stoechas,1,0.5791888780011791,0,Rocky coastal 1,rpi
296,Vanessa cardui,Lonicera implexa,0,0.5,0,Rocky coastal 1,rpi
297,Vanessa cardui,Ruta chalepensis,0,0.5,0,Rocky coastal 1,rpi
298,Vanessa cardui,Sedum sediforme,0,0.5825702177404848,0,Rocky coastal 1,rpi
299,Vanessa cardui,Teucrium capitatum,0,0.5,0,Rocky coastal 1,rpi
300,Pyrellia vivida,Allium sp.,0,0.5536125482890568,0,Rocky coastal 1,rpi
301,Pyrellia vivida,Astragalus balearicus,0,0.6684956300394262,0,Rocky coastal 1,rpi
302,Pyrellia vivida,Daucus carota,0,0.740508099276667,1,Rocky coastal 1,rpi
303,Pyrellia vivida,Dorycnium fulgurans,0,0.6043470300773416,0,Rocky coastal 1,rpi
304,Pyrellia vivida,Euphorbia dendroides,0,0.5876276159290608,0,Rocky coastal 1,rpi
305,Pyrellia vivida,Helichrysum stoechas,0,0.6985237106974541,0,Rocky coastal 1,rpi
306,Pyrellia vivida,Lonicera implexa,0,0.5363938546359776,0,Rocky coastal 1,rpi
307,Pyrellia vivida,Ruta chalepensis,1,0.5,0,Rocky coastal 1,rpi
308,Pyrellia vivida,Sedum sediforme,1,0.5672974870186578,0,Rocky coastal 1,rpi
309,Pyrellia vivida,Teucrium capitatum,0,0.5190879402313062,0,Rocky coastal 1,rpi
310,Anaspis sp.,Allium sp.,0,0.5,0,Rocky coastal 1,rpi
311,Anaspis sp.,Astragalus balearicus,0,0.6159096016005216,0,Rocky coastal 1,rpi
312,Anaspis sp.,Daucus carota,0,0.6941184053343296,0,Rocky coastal 1,rpi
313,Anaspis sp.,Dorycnium fulgurans,0,0.5484585404158578,0,Rocky coastal 1,rpi
314,Anaspis sp.,Euphorbia dendroides,0,0.5312093863665966,0,Rocky coastal 1,rpi
315,Anaspis sp.,Helichrysum stoechas,0,0.6481942286769483,0,Rocky coastal 1,rpi
316,Anaspis sp.,Lonicera implexa,0,0.5,0,Rocky coastal 1,rpi
317,Anaspis sp.,Ruta chalepensis,0,0.5,0,Rocky coastal 1,rpi
318,Anaspis sp.,Sedum sediforme,1,0.5104151874120314,0,Rocky coastal 1,rpi
319,Anaspis sp.,Teucrium capitatum,0,0.5,0,Rocky coastal 1,rpi
320,Colias crocea,Allium sp.,0,0.5,0,Rocky coastal 1,rpi
321,Colias crocea,Astragalus balearicus,0,0.6159096016005216,0,Rocky coastal 1,rpi
322,Colias crocea,Daucus carota,0,0.6941184053343296,0,Rocky coastal 1,rpi
323,Colias crocea,Dorycnium fulgurans,0,0.5484585404158578,0,Rocky coastal 1,rpi
324,Colias crocea,Euphorbia dendroides,0,0.5312093863665965,0,Rocky coastal 1,rpi
325,Colias crocea,Helichrysum stoechas,0,0.6481942286769483,0,Rocky coastal 1,rpi
326,Colias crocea,Lonicera implexa,0,0.5,0,Rocky coastal 1,rpi
327,Colias crocea,Ruta chalepensis,0,0.5,0,Rocky coastal 1,rpi
328,Colias crocea,Sedum sediforme,0,0.5825702177404848,0,Rocky coastal 1,rpi
329,Colias crocea,Teucrium capitatum,1,0.5,0,Rocky coastal 1,rpi
0,Anaspis sp.,Daucus carota,1,0.6210075712032347,0,Rocky coastal 2,rpi
1,Anaspis sp.,Euphorbia dendroides,0,0.6771578141413032,0,Rocky coastal 2,rpi
2,Anaspis sp.,Globularia alypum,0,0.6771578141413032,0,Rocky coastal 2,rpi
3,Anaspis sp.,Helichrysum stoechas,1,0.7500286767123573,1,Rocky coastal 2,rpi
4,Anaspis sp.,Ruta chalepensis,0,0.6180976435134291,0,Rocky coastal 2,rpi
5,Anaspis sp.,Sedum sediforme,0,0.6957541961806187,0,Rocky coastal 2,rpi
6,Anaspis sp.,Teucrium capitatum,1,0.8344201762449056,1,Rocky coastal 2,rpi
7,Anthomyiidae sp.,Daucus carota,1,0.6210075712032347,0,Rocky coastal 2,rpi
8,Anthomyiidae sp.,Euphorbia dendroides,0,0.6771578141413032,0,Rocky coastal 2,rpi
9,Anthomyiidae sp.,Globularia alypum,0,0.6771578141413032,0,Rocky coastal 2,rpi
10,Anthomyiidae sp.,Helichrysum stoechas,1,0.7500286767123573,1,Rocky coastal 2,rpi
11,Anthomyiidae sp.,Ruta chalepensis,0,0.6180976435134291,0,Rocky coastal 2,rpi
12,Anthomyiidae sp.,Sedum sediforme,0,0.6957541961806187,0,Rocky coastal 2,rpi
13,Anthomyiidae sp.,Teucrium capitatum,1,0.8344201762449056,1,Rocky coastal 2,rpi
14,Lasioglossum sp.,Daucus carota,1,0.8221327206364897,1,Rocky coastal 2,rpi
15,Lasioglossum sp.,Euphorbia dendroides,0,0.8554222486650583,1,Rocky coastal 2,rpi
16,Lasioglossum sp.,Globularia alypum,1,0.7954384698677963,1,Rocky coastal 2,rpi
17,Lasioglossum sp.,Helichrysum stoechas,1,0.8943345983836216,1,Rocky coastal 2,rpi
18,Lasioglossum sp.,Ruta chalepensis,1,0.7500287123167614,1,Rocky coastal 2,rpi
19,Lasioglossum sp.,Sedum sediforme,1,0.8091419549141136,1,Rocky coastal 2,rpi
20,Lasioglossum sp.,Teucrium capitatum,1,0.9342768129392476,1,Rocky coastal 2,rpi
21,Musca domestica,Daucus carota,1,0.6210075712032347,0,Rocky coastal 2,rpi
22,Musca domestica,Euphorbia dendroides,1,0.5795649098259633,0,Rocky coastal 2,rpi
23,Musca domestica,Globularia alypum,0,0.6771578141413032,0,Rocky coastal 2,rpi
24,Musca domestica,Helichrysum stoechas,0,0.8203202209212872,1,Rocky coastal 2,rpi
25,Musca domestica,Ruta chalepensis,0,0.6180976435134291,0,Rocky coastal 2,rpi
26,Musca domestica,Sedum sediforme,0,0.6957541961806187,0,Rocky coastal 2,rpi
27,Musca domestica,Teucrium capitatum,1,0.8344201762449056,1,Rocky coastal 2,rpi
28,Phthiria sp.,Daucus carota,1,0.6983611996338919,0,Rocky coastal 2,rpi
29,Phthiria sp.,Euphorbia dendroides,0,0.7477069377194934,1,Rocky coastal 2,rpi
30,Phthiria sp.,Globularia alypum,1,0.660756368293271,0,Rocky coastal 2,rpi
31,Phthiria sp.,Helichrysum stoechas,1,0.8091419553481889,1,Rocky coastal 2,rpi
32,Phthiria sp.,Ruta chalepensis,0,0.6957541958831231,0,Rocky coastal 2,rpi
33,Phthiria sp.,Sedum sediforme,0,0.7636578855658536,1,Rocky coastal 2,rpi
34,Phthiria sp.,Teucrium capitatum,1,0.8768532550812428,1,Rocky coastal 2,rpi
35,Pyrellia vivida,Daucus carota,1,0.5,0,Rocky coastal 2,rpi
36,Pyrellia vivida,Euphorbia dendroides,0,0.5123432280743287,0,Rocky coastal 2,rpi
37,Pyrellia vivida,Globularia alypum,0,0.5123432280743287,0,Rocky coastal 2,rpi
38,Pyrellia vivida,Helichrysum stoechas,0,0.6957542233642698,0,Rocky coastal 2,rpi
39,Pyrellia vivida,Ruta chalepensis,0,0.5,0,Rocky coastal 2,rpi
40,Pyrellia vivida,Sedum sediforme,0,0.5338985902798136,0,Rocky coastal 2,rpi
41,Pyrellia vivida,Teucrium capitatum,0,0.7934223111423323,1,Rocky coastal 2,rpi
42,Mordellistena sp.,Daucus carota,0,0.5553281062783981,0,Rocky coastal 2,rpi
43,Mordellistena sp.,Euphorbia dendroides,1,0.5,0,Rocky coastal 2,rpi
44,Mordellistena sp.,Globularia alypum,0,0.5123432280743289,0,Rocky coastal 2,rpi
45,Mordellistena sp.,Helichrysum stoechas,0,0.6957542233642697,0,Rocky coastal 2,rpi
46,Mordellistena sp.,Ruta chalepensis,0,0.5,0,Rocky coastal 2,rpi
47,Mordellistena sp.,Sedum sediforme,0,0.5338985902798136,0,Rocky coastal 2,rpi
48,Mordellistena sp.,Teucrium capitatum,0,0.7934223111423323,1,Rocky coastal 2,rpi
49,Podarcis lilfordi,Daucus carota,0,0.6382787285788922,0,Rocky coastal 2,rpi
50,Podarcis lilfordi,Euphorbia dendroides,1,0.5,0,Rocky coastal 2,rpi
51,Podarcis lilfordi,Globularia alypum,0,0.5975005891202133,0,Rocky coastal 2,rpi
52,Podarcis lilfordi,Helichrysum stoechas,1,0.6798508698247607,0,Rocky coastal 2,rpi
53,Podarcis lilfordi,Ruta chalepensis,0,0.5338985217317418,0,Rocky coastal 2,rpi
54,Podarcis lilfordi,Sedum sediforme,0,0.6180976195860441,0,Rocky coastal 2,rpi
55,Podarcis lilfordi,Teucrium capitatum,0,0.8444026351754935,1,Rocky coastal 2,rpi
56,Sarcophaga sp.,Daucus carota,0,0.5553281062783981,0,Rocky coastal 2,rpi
57,Sarcophaga sp.,Euphorbia dendroides,1,0.5,0,Rocky coastal 2,rpi
58,Sarcophaga sp.,Globularia alypum,0,0.5123432280743289,0,Rocky coastal 2,rpi
59,Sarcophaga sp.,Helichrysum stoechas,0,0.6957542233642697,0,Rocky coastal 2,rpi
60,Sarcophaga sp.,Ruta chalepensis,0,0.5,0,Rocky coastal 2,rpi
61,Sarcophaga sp.,Sedum sediforme,0,0.5338985902798136,0,Rocky coastal 2,rpi
62,Sarcophaga sp.,Teucrium capitatum,0,0.7934223111423323,1,Rocky coastal 2,rpi
63,Eristalis similis,Daucus carota,0,0.6382787285788922,0,Rocky coastal 2,rpi
64,Eristalis similis,Euphorbia dendroides,0,0.5975005891202133,0,Rocky coastal 2,rpi
65,Eristalis similis,Globularia alypum,1,0.5,0,Rocky coastal 2,rpi
66,Eristalis similis,Helichrysum stoechas,1,0.6798508698247607,0,Rocky coastal 2,rpi
67,Eristalis similis,Ruta chalepensis,0,0.5338985217317418,0,Rocky coastal 2,rpi
68,Eristalis similis,Sedum sediforme,0,0.6180976195860441,0,Rocky coastal 2,rpi
69,Eristalis similis,Teucrium capitatum,0,0.8444026351754935,1,Rocky coastal 2,rpi
70,Exoprosopa cf. bowdeni,Daucus carota,0,0.7788985663657041,1,Rocky coastal 2,rpi
71,Exoprosopa cf. bowdeni,Euphorbia dendroides,0,0.7477069377194934,1,Rocky coastal 2,rpi
72,Exoprosopa cf. bowdeni,Globularia alypum,1,0.660756368293271,0,Rocky coastal 2,rpi
73,Exoprosopa cf. bowdeni,Helichrysum stoechas,1,0.8091419553481889,1,Rocky coastal 2,rpi
74,Exoprosopa cf. bowdeni,Ruta chalepensis,0,0.6957541958831231,0,Rocky coastal 2,rpi
75,Exoprosopa cf. bowdeni,Sedum sediforme,1,0.6798508418740173,0,Rocky coastal 2,rpi
76,Exoprosopa cf. bowdeni,Teucrium capitatum,1,0.8768532550812428,1,Rocky coastal 2,rpi
77,Ancistrocerus ebusianus,Daucus carota,0,0.5553281062783981,0,Rocky coastal 2,rpi
78,Ancistrocerus ebusianus,Euphorbia dendroides,0,0.5123432280743289,0,Rocky coastal 2,rpi
79,Ancistrocerus ebusianus,Globularia alypum,0,0.5123432280743289,0,Rocky coastal 2,rpi
80,Ancistrocerus ebusianus,Helichrysum stoechas,1,0.6004660617101651,0,Rocky coastal 2,rpi
81,Ancistrocerus ebusianus,Ruta chalepensis,0,0.5,0,Rocky coastal 2,rpi
82,Ancistrocerus ebusianus,Sedum sediforme,0,0.5338985902798136,0,Rocky coastal 2,rpi
83,Ancistrocerus ebusianus,Teucrium capitatum,0,0.7934223111423323,1,Rocky coastal 2,rpi
84,Dasytes nigroaeneus,Daucus carota,0,0.6382787285788922,0,Rocky coastal 2,rpi
85,Dasytes nigroaeneus,Euphorbia dendroides,0,0.5975005891202133,0,Rocky coastal 2,rpi
86,Dasytes nigroaeneus,Globularia alypum,0,0.5975005891202133,0,Rocky coastal 2,rpi
87,Dasytes nigroaeneus,Helichrysum stoechas,1,0.6798508698247607,0,Rocky coastal 2,rpi
88,Dasytes nigroaeneus,Ruta chalepensis,0,0.5338985217317418,0,Rocky coastal 2,rpi
89,Dasytes nigroaeneus,Sedum sediforme,0,0.6180976195860441,0,Rocky coastal 2,rpi
90,Dasytes nigroaeneus,Teucrium capitatum,1,0.7810173728992503,1,Rocky coastal 2,rpi
91,Eupeodes corollae,Daucus carota,0,0.6382787285788922,0,Rocky coastal 2,rpi
92,Eupeodes corollae,Euphorbia dendroides,0,0.5975005891202133,0,Rocky coastal 2,rpi
93,Eupeodes corollae,Globularia alypum,0,0.5975005891202133,0,Rocky coastal 2,rpi
94,Eupeodes corollae,Helichrysum stoechas,1,0.6798508698247607,0,Rocky coastal 2,rpi
95,Eupeodes corollae,Ruta chalepensis,0,0.5338985217317418,0,Rocky coastal 2,rpi
96,Eupeodes corollae,Sedum sediforme,0,0.6180976195860441,0,Rocky coastal 2,rpi
97,Eupeodes corollae,Teucrium capitatum,1,0.7810173728992503,1,Rocky coastal 2,rpi
98,Hylaeus imparilis,Daucus carota,0,0.6382787285788922,0,Rocky coastal 2,rpi
99,Hylaeus imparilis,Euphorbia dendroides,0,0.5975005891202133,0,Rocky coastal 2,rpi
100,Hylaeus imparilis,Globularia alypum,0,0.5975005891202133,0,Rocky coastal 2,rpi
101,Hylaeus imparilis,Helichrysum stoechas,1,0.6798508698247607,0,Rocky coastal 2,rpi
102,Hylaeus imparilis,Ruta chalepensis,0,0.5338985217317418,0,Rocky coastal 2,rpi
103,Hylaeus imparilis,Sedum sediforme,1,0.5154272548987741,0,Rocky coastal 2,rpi
104,Hylaeus imparilis,Teucrium capitatum,0,0.8444026351754935,1,Rocky coastal 2,rpi
105,Meligethes sp.,Daucus carota,0,0.7137322325018494,1,Rocky coastal 2,rpi
106,Meligethes sp.,Euphorbia dendroides,0,0.6771578141413032,0,Rocky coastal 2,rpi
107,Meligethes sp.,Globularia alypum,0,0.6771578141413032,0,Rocky coastal 2,rpi
108,Meligethes sp.,Helichrysum stoechas,1,0.7500286767123572,1,Rocky coastal 2,rpi
109,Meligethes sp.,Ruta chalepensis,0,0.6180976435134291,0,Rocky coastal 2,rpi
110,Meligethes sp.,Sedum sediforme,1,0.6004660363806656,0,Rocky coastal 2,rpi
111,Meligethes sp.,Teucrium capitatum,1,0.8344201762449056,1,Rocky coastal 2,rpi
112,Tapinoma sp,Daucus carota,0,0.5553281062783981,0,Rocky coastal 2,rpi
113,Tapinoma sp,Euphorbia dendroides,0,0.5123432280743289,0,Rocky coastal 2,rpi
114,Tapinoma sp,Globularia alypum,0,0.5123432280743289,0,Rocky coastal 2,rpi
115,Tapinoma sp,Helichrysum stoechas,1,0.6004660617101651,0,Rocky coastal 2,rpi
116,Tapinoma sp,Ruta chalepensis,0,0.5,0,Rocky coastal 2,rpi
117,Tapinoma sp,Sedum sediforme,0,0.5338985902798136,0,Rocky coastal 2,rpi
118,Tapinoma sp,Teucrium capitatum,0,0.7934223111423323,1,Rocky coastal 2,rpi
119,Hydrellia sp,Daucus carota,0,0.5553281062783981,0,Rocky coastal 2,rpi
120,Hydrellia sp,Euphorbia dendroides,0,0.5123432280743289,0,Rocky coastal 2,rpi
121,Hydrellia sp,Globularia alypum,0,0.5123432280743289,0,Rocky coastal 2,rpi
122,Hydrellia sp,Helichrysum stoechas,0,0.6957542233642697,0,Rocky coastal 2,rpi
123,Hydrellia sp,Ruta chalepensis,0,0.5,0,Rocky coastal 2,rpi
124,Hydrellia sp,Sedum sediforme,1,0.5,0,Rocky coastal 2,rpi
125,Hydrellia sp,Teucrium capitatum,0,0.7934223111423323,1,Rocky coastal 2,rpi
126,Lydella nigrescens,Daucus carota,0,0.5553281062783981,0,Rocky coastal 2,rpi
127,Lydella nigrescens,Euphorbia dendroides,0,0.5123432280743289,0,Rocky coastal 2,rpi
128,Lydella nigrescens,Globularia alypum,0,0.5123432280743289,0,Rocky coastal 2,rpi
129,Lydella nigrescens,Helichrysum stoechas,0,0.6957542233642698,0,Rocky coastal 2,rpi
130,Lydella nigrescens,Ruta chalepensis,0,0.5,0,Rocky coastal 2,rpi
131,Lydella nigrescens,Sedum sediforme,0,0.5338985902798136,0,Rocky coastal 2,rpi
132,Lydella nigrescens,Teucrium capitatum,1,0.7162480141012478,1,Rocky coastal 2,rpi
133,Macroglossum stellatarum,Daucus carota,0,0.5553281062783981,0,Rocky coastal 2,rpi
134,Macroglossum stellatarum,Euphorbia dendroides,0,0.5123432280743289,0,Rocky coastal 2,rpi
135,Macroglossum stellatarum,Globularia alypum,0,0.5123432280743289,0,Rocky coastal 2,rpi
136,Macroglossum stellatarum,Helichrysum stoechas,0,0.6957542233642698,0,Rocky coastal 2,rpi
137,Macroglossum stellatarum,Ruta chalepensis,0,0.5,0,Rocky coastal 2,rpi
138,Macroglossum stellatarum,Sedum sediforme,0,0.5338985902798136,0,Rocky coastal 2,rpi
139,Macroglossum stellatarum,Teucrium capitatum,1,0.7162480141012478,1,Rocky coastal 2,rpi
140,Megaselia sp.,Daucus carota,0,0.5553281062783981,0,Rocky coastal 2,rpi
141,Megaselia sp.,Euphorbia dendroides,0,0.5123432280743289,0,Rocky coastal 2,rpi
142,Megaselia sp.,Globularia alypum,0,0.5123432280743289,0,Rocky coastal 2,rpi
143,Megaselia sp.,Helichrysum stoechas,0,0.6957542233642698,0,Rocky coastal 2,rpi
144,Megaselia sp.,Ruta chalepensis,0,0.5,0,Rocky coastal 2,rpi
145,Megaselia sp.,Sedum sediforme,0,0.5338985902798136,0,Rocky coastal 2,rpi
146,Megaselia sp.,Teucrium capitatum,1,0.7162480141012478,1,Rocky coastal 2,rpi
147,Meliscaeva auricollis,Daucus carota,0,0.5553281062783981,0,Rocky coastal 2,rpi
148,Meliscaeva auricollis,Euphorbia dendroides,0,0.5123432280743289,0,Rocky coastal 2,rpi
149,Meliscaeva auricollis,Globularia alypum,0,0.5123432280743289,0,Rocky coastal 2,rpi
150,Meliscaeva auricollis,Helichrysum stoechas,0,0.6957542233642698,0,Rocky coastal 2,rpi
151,Meliscaeva auricollis,Ruta chalepensis,0,0.5,0,Rocky coastal 2,rpi
152,Meliscaeva auricollis,Sedum sediforme,0,0.5338985902798136,0,Rocky coastal 2,rpi
153,Meliscaeva auricollis,Teucrium capitatum,1,0.7162480141012478,1,Rocky coastal 2,rpi
154,Phthiria cf pulicularia,Daucus carota,0,0.5553281062783981,0,Rocky coastal 2,rpi
155,Phthiria cf pulicularia,Euphorbia dendroides,0,0.5123432280743289,0,Rocky coastal 2,rpi
156,Phthiria cf pulicularia,Globularia alypum,0,0.5123432280743289,0,Rocky coastal 2,rpi
157,Phthiria cf pulicularia,Helichrysum stoechas,0,0.6957542233642698,0,Rocky coastal 2,rpi
158,Phthiria cf pulicularia,Ruta chalepensis,0,0.5,0,Rocky coastal 2,rpi
159,Phthiria cf pulicularia,Sedum sediforme,0,0.5338985902798136,0,Rocky coastal 2,rpi
160,Phthiria cf pulicularia,Teucrium capitatum,1,0.7162480141012478,1,Rocky coastal 2,rpi
161,Sphaerophoria sp.,Daucus carota,0,0.5553281062783981,0,Rocky coastal 2,rpi
162,Sphaerophoria sp.,Euphorbia dendroides,0,0.5123432280743289,0,Rocky coastal 2,rpi
163,Sphaerophoria sp.,Globularia alypum,0,0.5123432280743289,0,Rocky coastal 2,rpi
164,Sphaerophoria sp.,Helichrysum stoechas,0,0.6957542233642698,0,Rocky coastal 2,rpi
165,Sphaerophoria sp.,Ruta chalepensis,0,0.5,0,Rocky coastal 2,rpi
166,Sphaerophoria sp.,Sedum sediforme,0,0.5338985902798136,0,Rocky coastal 2,rpi
167,Sphaerophoria sp.,Teucrium capitatum,1,0.7162480141012478,1,Rocky coastal 2,rpi
168,Spilostethus pandurus,Daucus carota,0,0.5553281062783981,0,Rocky coastal 2,rpi
169,Spilostethus pandurus,Euphorbia dendroides,0,0.5123432280743289,0,Rocky coastal 2,rpi
170,Spilostethus pandurus,Globularia alypum,0,0.5123432280743289,0,Rocky coastal 2,rpi
171,Spilostethus pandurus,Helichrysum stoechas,0,0.6957542233642698,0,Rocky coastal 2,rpi
172,Spilostethus pandurus,Ruta chalepensis,0,0.5,0,Rocky coastal 2,rpi
173,Spilostethus pandurus,Sedum sediforme,0,0.5338985902798136,0,Rocky coastal 2,rpi
174,Spilostethus pandurus,Teucrium capitatum,1,0.7162480141012478,1,Rocky coastal 2,rpi
175,Stictopleurus abutilon,Daucus carota,0,0.5553281062783981,0,Rocky coastal 2,rpi
176,Stictopleurus abutilon,Euphorbia dendroides,0,0.5123432280743289,0,Rocky coastal 2,rpi
177,Stictopleurus abutilon,Globularia alypum,0,0.5123432280743289,0,Rocky coastal 2,rpi
178,Stictopleurus abutilon,Helichrysum stoechas,0,0.6957542233642698,0,Rocky coastal 2,rpi
179,Stictopleurus abutilon,Ruta chalepensis,0,0.5,0,Rocky coastal 2,rpi
180,Stictopleurus abutilon,Sedum sediforme,0,0.5338985902798136,0,Rocky coastal 2,rpi
181,Stictopleurus abutilon,Teucrium capitatum,1,0.7162480141012478,1,Rocky coastal 2,rpi
182,Vanessa atalanta,Daucus carota,0,0.5553281062783981,0,Rocky coastal 2,rpi
183,Vanessa atalanta,Euphorbia dendroides,0,0.5123432280743289,0,Rocky coastal 2,rpi
184,Vanessa atalanta,Globularia alypum,0,0.5123432280743289,0,Rocky coastal 2,rpi
185,Vanessa atalanta,Helichrysum stoechas,0,0.6957542233642698,0,Rocky coastal 2,rpi
186,Vanessa atalanta,Ruta chalepensis,0,0.5,0,Rocky coastal 2,rpi
187,Vanessa atalanta,Sedum sediforme,0,0.5338985902798136,0,Rocky coastal 2,rpi
188,Vanessa atalanta,Teucrium capitatum,1,0.7162480141012478,1,Rocky coastal 2,rpi
189,Vanessa cardui,Daucus carota,0,0.5553281062783981,0,Rocky coastal 2,rpi
190,Vanessa cardui,Euphorbia dendroides,0,0.5123432280743289,0,Rocky coastal 2,rpi
191,Vanessa cardui,Globularia alypum,0,0.5123432280743289,0,Rocky coastal 2,rpi
192,Vanessa cardui,Helichrysum stoechas,0,0.6957542233642698,0,Rocky coastal 2,rpi
193,Vanessa cardui,Ruta chalepensis,0,0.5,0,Rocky coastal 2,rpi
194,Vanessa cardui,Sedum sediforme,0,0.5338985902798136,0,Rocky coastal 2,rpi
195,Vanessa cardui,Teucrium capitatum,1,0.7162480141012478,1,Rocky coastal 2,rpi
