link_ID,higher_level,lower_level,ground_truth,probability,classification
0,Andrena barbilabris,Allium acuminatum,0.0,0.09,0
1,Andrena cyanophila,Allium acuminatum,0.0,0.17,0
2,Andrena melanochroa,Allium acuminatum,0.0,0.08,0
3,Andrena sp. A,Allium acuminatum,0.0,0.08,0
4,Anthophora bomboides,Allium acuminatum,0.0,0.06,0
5,Anthophora urbana,Allium acuminatum,0.0,0.08,0
6,Bombus appositus,Allium acuminatum,0.0,0.34,0
7,Bombus bifarius,Allium acuminatum,1.0,0.57,1
8,Bombus californicus,Allium acuminatum,0.0,0.44,0
9,Bombus centralis,Allium acuminatum,0.0,0.45,0
10,Bombus fernaldae,Allium acuminatum,0.0,0.06,0
11,Bombus flavifrons,Allium acuminatum,1.0,0.56,1
12,Bombus insularis,Allium acuminatum,0.0,0.21,0
13,Bombus mixtus,Allium acuminatum,0.0,0.23,0
14,Bombus vosnesenskii,Allium acuminatum,0.0,0.24,0
15,Coelioxys rufitarsis,Allium acuminatum,0.0,0.19,0
16,Halictus farinosus,Allium acuminatum,0.0,0.25,0
17,Halictus ligatus,Allium acuminatum,0.0,0.26,0
18,Halictus rubicundus,Allium acuminatum,0.0,0.06,0
19,Halictus tripartitus,Allium acuminatum,0.0,0.09,0
20,Hylaeus verticalis,Allium acuminatum,0.0,0.14,0
21,Lasioglossum cooleyi,Allium acuminatum,0.0,0.06,0
22,Lasioglossum incompletum,Allium acuminatum,0.0,0.25,0
23,Lasioglossum laevissimum,Allium acuminatum,0.0,0.17,0
24,Lasioglossum nevadense,Allium acuminatum,0.0,0.1,0
25,Lasioglossum olympiae,Allium acuminatum,0.0,0.38,0
26,Lasioglossum sedi,Allium acuminatum,0.0,0.03,0
27,Lasioglossum sp.,Allium acuminatum,0.0,0.03,0
28,Lasioglossum sp. 2,Allium acuminatum,0.0,0.26,0
29,Megachile perihirta,Allium acuminatum,0.0,0.21,0
30,Melissodes microstictus,Allium acuminatum,0.0,0.11,0
31,Osmia atrocyanea,Allium acuminatum,0.0,0.06,0
32,Osmia brevis,Allium acuminatum,0.0,0.03,0
33,Osmia bucephala,Allium acuminatum,0.0,0.06,0
34,Osmia integra,Allium acuminatum,0.0,0.06,0
35,Osmia juxta,Allium acuminatum,0.0,0.21,0
36,Osmia raritatis,Allium acuminatum,0.0,0.14,0
37,Osmia sp. 2,Allium acuminatum,0.0,0.06,0
38,Panurginus torchio,Allium acuminatum,0.0,0.05,0
39,Perdita wyomingensis,Allium acuminatum,0.0,0.07,0
40,Andrena barbilabris,Allium validum,0.0,0.2,0
41,Andrena cyanophila,Allium validum,0.0,0.3,0
42,Andrena melanochroa,Allium validum,0.0,0.17,0
43,Andrena sp. A,Allium validum,0.0,0.17,0
44,Anthophora bomboides,Allium validum,0.0,0.17,0
45,Anthophora urbana,Allium validum,0.0,0.2,0
46,Bombus appositus,Allium validum,0.0,0.48,0
47,Bombus bifarius,Allium validum,1.0,0.73,1
48,Bombus californicus,Allium validum,0.0,0.62,1
49,Bombus centralis,Allium validum,0.0,0.62,1
50,Bombus fernaldae,Allium validum,1.0,0.25,0
51,Bombus flavifrons,Allium validum,1.0,0.73,1
52,Bombus insularis,Allium validum,1.0,0.34,0
53,Bombus mixtus,Allium validum,0.0,0.35,0
54,Bombus vosnesenskii,Allium validum,0.0,0.39,0
55,Coelioxys rufitarsis,Allium validum,0.0,0.32,0
56,Halictus farinosus,Allium validum,0.0,0.4,0
57,Halictus ligatus,Allium validum,0.0,0.44,0
58,Halictus rubicundus,Allium validum,0.0,0.16,0
59,Halictus tripartitus,Allium validum,0.0,0.16,0
60,Hylaeus verticalis,Allium validum,0.0,0.22,0
61,Lasioglossum cooleyi,Allium validum,0.0,0.16,0
62,Lasioglossum incompletum,Allium validum,0.0,0.4,0
63,Lasioglossum laevissimum,Allium validum,0.0,0.31,0
64,Lasioglossum nevadense,Allium validum,0.0,0.2,0
65,Lasioglossum olympiae,Allium validum,0.0,0.51,1
66,Lasioglossum sedi,Allium validum,0.0,0.05,0
67,Lasioglossum sp.,Allium validum,0.0,0.05,0
68,Lasioglossum sp. 2,Allium validum,0.0,0.4,0
69,Megachile perihirta,Allium validum,0.0,0.34,0
70,Melissodes microstictus,Allium validum,0.0,0.2,0
71,Osmia atrocyanea,Allium validum,0.0,0.17,0
72,Osmia brevis,Allium validum,0.0,0.05,0
73,Osmia bucephala,Allium validum,0.0,0.16,0
74,Osmia integra,Allium validum,0.0,0.16,0
75,Osmia juxta,Allium validum,0.0,0.35,0
76,Osmia raritatis,Allium validum,0.0,0.28,0
77,Osmia sp. 2,Allium validum,0.0,0.16,0
78,Panurginus torchio,Allium validum,0.0,0.13,0
79,Perdita wyomingensis,Allium validum,0.0,0.17,0
80,Andrena barbilabris,Angelica arguta,0.0,0.03,0
81,Andrena cyanophila,Angelica arguta,0.0,0.06,0
82,Andrena melanochroa,Angelica arguta,0.0,0.04,0
83,Andrena sp. A,Angelica arguta,0.0,0.04,0
84,Anthophora bomboides,Angelica arguta,0.0,0.02,0
85,Anthophora urbana,Angelica arguta,0.0,0.03,0
86,Bombus appositus,Angelica arguta,0.0,0.05,0
87,Bombus bifarius,Angelica arguta,0.0,0.11,0
88,Bombus californicus,Angelica arguta,0.0,0.06,0
89,Bombus centralis,Angelica arguta,0.0,0.07,0
90,Bombus fernaldae,Angelica arguta,0.0,0.03,0
91,Bombus flavifrons,Angelica arguta,0.0,0.09,0
92,Bombus insularis,Angelica arguta,1.0,0.73,1
93,Bombus mixtus,Angelica arguta,0.0,0.05,0
94,Bombus vosnesenskii,Angelica arguta,0.0,0.05,0
95,Coelioxys rufitarsis,Angelica arguta,0.0,0.04,0
96,Halictus farinosus,Angelica arguta,0.0,0.05,0
97,Halictus ligatus,Angelica arguta,0.0,0.05,0
98,Halictus rubicundus,Angelica arguta,0.0,0.03,0
99,Halictus tripartitus,Angelica arguta,0.0,0.04,0
100,Hylaeus verticalis,Angelica arguta,0.0,0.05,0
101,Lasioglossum cooleyi,Angelica arguta,0.0,0.03,0
102,Lasioglossum incompletum,Angelica arguta,0.0,0.05,0
103,Lasioglossum laevissimum,Angelica arguta,0.0,0.04,0
104,Lasioglossum nevadense,Angelica arguta,0.0,0.03,0
105,Lasioglossum olympiae,Angelica arguta,0.0,0.05,0
106,Lasioglossum sedi,Angelica arguta,0.0,0.02,0
107,Lasioglossum sp.,Angelica arguta,0.0,0.02,0
108,Lasioglossum sp. 2,Angelica arguta,0.0,0.06,0
109,Megachile perihirta,Angelica arguta,0.0,0.06,0
110,Melissodes microstictus,Angelica arguta,0.0,0.05,0
111,Osmia atrocyanea,Angelica arguta,0.0,0.02,0
112,Osmia brevis,Angelica arguta,0.0,0.02,0
113,Osmia bucephala,Angelica arguta,0.0,0.03,0
114,Osmia integra,Angelica arguta,0.0,0.03,0
115,Osmia juxta,Angelica arguta,0.0,0.05,0
116,Osmia raritatis,Angelica arguta,0.0,0.04,0
117,Osmia sp. 2,Angelica arguta,0.0,0.03,0
118,Panurginus torchio,Angelica arguta,0.0,0.03,0
119,Perdita wyomingensis,Angelica arguta,0.0,0.03,0
120,Andrena barbilabris,Anthemis cotula,0.0,0.42,0
121,Andrena cyanophila,Anthemis cotula,0.0,0.5,0
122,Andrena melanochroa,Anthemis cotula,0.0,0.41,0
123,Andrena sp. A,Anthemis cotula,0.0,0.41,0
124,Anthophora bomboides,Anthemis cotula,0.0,0.36,0
125,Anthophora urbana,Anthemis cotula,0.0,0.42,0
126,Bombus appositus,Anthemis cotula,0.0,0.67,1
127,Bombus bifarius,Anthemis cotula,1.0,0.86,1
128,Bombus californicus,Anthemis cotula,1.0,0.77,1
129,Bombus centralis,Anthemis cotula,1.0,0.75,1
130,Bombus fernaldae,Anthemis cotula,0.0,0.34,0
131,Bombus flavifrons,Anthemis cotula,1.0,0.83,1
132,Bombus insularis,Anthemis cotula,1.0,0.54,1
133,Bombus mixtus,Anthemis cotula,0.0,0.57,1
134,Bombus vosnesenskii,Anthemis cotula,0.0,0.61,1
135,Coelioxys rufitarsis,Anthemis cotula,0.0,0.57,1
136,Halictus farinosus,Anthemis cotula,1.0,0.6,1
137,Halictus ligatus,Anthemis cotula,1.0,0.63,1
138,Halictus rubicundus,Anthemis cotula,0.0,0.37,0
139,Halictus tripartitus,Anthemis cotula,0.0,0.32,0
140,Hylaeus verticalis,Anthemis cotula,0.0,0.4,0
141,Lasioglossum cooleyi,Anthemis cotula,0.0,0.37,0
142,Lasioglossum incompletum,Anthemis cotula,0.0,0.61,1
143,Lasioglossum laevissimum,Anthemis cotula,1.0,0.5,0
144,Lasioglossum nevadense,Anthemis cotula,0.0,0.43,0
145,Lasioglossum olympiae,Anthemis cotula,0.0,0.67,1
146,Lasioglossum sedi,Anthemis cotula,0.0,0.12,0
147,Lasioglossum sp.,Anthemis cotula,0.0,0.12,0
148,Lasioglossum sp. 2,Anthemis cotula,0.0,0.6,1
149,Megachile perihirta,Anthemis cotula,0.0,0.57,1
150,Melissodes microstictus,Anthemis cotula,0.0,0.37,0
151,Osmia atrocyanea,Anthemis cotula,0.0,0.36,0
152,Osmia brevis,Anthemis cotula,0.0,0.12,0
153,Osmia bucephala,Anthemis cotula,0.0,0.37,0
154,Osmia integra,Anthemis cotula,0.0,0.37,0
155,Osmia juxta,Anthemis cotula,0.0,0.56,1
156,Osmia raritatis,Anthemis cotula,1.0,0.5,1
157,Osmia sp. 2,Anthemis cotula,0.0,0.36,0
158,Panurginus torchio,Anthemis cotula,0.0,0.33,0
159,Perdita wyomingensis,Anthemis cotula,0.0,0.38,0
160,Andrena barbilabris,Apiaceae,0.0,0.45,0
161,Andrena cyanophila,Apiaceae,0.0,0.52,1
162,Andrena melanochroa,Apiaceae,0.0,0.46,0
163,Andrena sp. A,Apiaceae,0.0,0.46,0
164,Anthophora bomboides,Apiaceae,0.0,0.4,0
165,Anthophora urbana,Apiaceae,0.0,0.47,0
166,Bombus appositus,Apiaceae,1.0,0.67,1
167,Bombus bifarius,Apiaceae,1.0,0.86,1
168,Bombus californicus,Apiaceae,1.0,0.78,1
169,Bombus centralis,Apiaceae,0.0,0.78,1
170,Bombus fernaldae,Apiaceae,0.0,0.35,0
171,Bombus flavifrons,Apiaceae,1.0,0.83,1
172,Bombus insularis,Apiaceae,0.0,0.58,1
173,Bombus mixtus,Apiaceae,0.0,0.59,1
174,Bombus vosnesenskii,Apiaceae,1.0,0.61,1
175,Coelioxys rufitarsis,Apiaceae,1.0,0.59,1
176,Halictus farinosus,Apiaceae,1.0,0.61,1
177,Halictus ligatus,Apiaceae,1.0,0.64,1
178,Halictus rubicundus,Apiaceae,0.0,0.41,0
179,Halictus tripartitus,Apiaceae,0.0,0.35,0
180,Hylaeus verticalis,Apiaceae,0.0,0.43,0
181,Lasioglossum cooleyi,Apiaceae,1.0,0.39,0
182,Lasioglossum incompletum,Apiaceae,0.0,0.61,1
183,Lasioglossum laevissimum,Apiaceae,0.0,0.56,1
184,Lasioglossum nevadense,Apiaceae,0.0,0.47,0
185,Lasioglossum olympiae,Apiaceae,0.0,0.68,1
186,Lasioglossum sedi,Apiaceae,0.0,0.12,0
187,Lasioglossum sp.,Apiaceae,0.0,0.12,0
188,Lasioglossum sp. 2,Apiaceae,0.0,0.59,1
189,Megachile perihirta,Apiaceae,1.0,0.58,1
190,Melissodes microstictus,Apiaceae,0.0,0.39,0
191,Osmia atrocyanea,Apiaceae,0.0,0.4,0
192,Osmia brevis,Apiaceae,0.0,0.13,0
193,Osmia bucephala,Apiaceae,0.0,0.41,0
194,Osmia integra,Apiaceae,0.0,0.4,0
195,Osmia juxta,Apiaceae,0.0,0.6,1
196,Osmia raritatis,Apiaceae,0.0,0.54,1
197,Osmia sp. 2,Apiaceae,0.0,0.39,0
198,Panurginus torchio,Apiaceae,0.0,0.35,0
199,Perdita wyomingensis,Apiaceae,0.0,0.42,0
200,Andrena barbilabris,Arceuthobium campylopodum,0.0,0.03,0
201,Andrena cyanophila,Arceuthobium campylopodum,0.0,0.06,0
202,Andrena melanochroa,Arceuthobium campylopodum,0.0,0.04,0
203,Andrena sp. A,Arceuthobium campylopodum,0.0,0.04,0
204,Anthophora bomboides,Arceuthobium campylopodum,0.0,0.02,0
205,Anthophora urbana,Arceuthobium campylopodum,0.0,0.03,0
206,Bombus appositus,Arceuthobium campylopodum,0.0,0.04,0
207,Bombus bifarius,Arceuthobium campylopodum,0.0,0.11,0
208,Bombus californicus,Arceuthobium campylopodum,0.0,0.06,0
209,Bombus centralis,Arceuthobium campylopodum,0.0,0.07,0
210,Bombus fernaldae,Arceuthobium campylopodum,0.0,0.03,0
211,Bombus flavifrons,Arceuthobium campylopodum,0.0,0.09,0
212,Bombus insularis,Arceuthobium campylopodum,0.0,0.06,0
213,Bombus mixtus,Arceuthobium campylopodum,0.0,0.05,0
214,Bombus vosnesenskii,Arceuthobium campylopodum,0.0,0.04,0
215,Coelioxys rufitarsis,Arceuthobium campylopodum,0.0,0.04,0
216,Halictus farinosus,Arceuthobium campylopodum,1.0,0.86,1
217,Halictus ligatus,Arceuthobium campylopodum,0.0,0.05,0
218,Halictus rubicundus,Arceuthobium campylopodum,0.0,0.03,0
219,Halictus tripartitus,Arceuthobium campylopodum,0.0,0.04,0
220,Hylaeus verticalis,Arceuthobium campylopodum,0.0,0.05,0
221,Lasioglossum cooleyi,Arceuthobium campylopodum,0.0,0.03,0
222,Lasioglossum incompletum,Arceuthobium campylopodum,0.0,0.05,0
223,Lasioglossum laevissimum,Arceuthobium campylopodum,0.0,0.04,0
224,Lasioglossum nevadense,Arceuthobium campylopodum,0.0,0.04,0
225,Lasioglossum olympiae,Arceuthobium campylopodum,0.0,0.05,0
226,Lasioglossum sedi,Arceuthobium campylopodum,0.0,0.02,0
227,Lasioglossum sp.,Arceuthobium campylopodum,0.0,0.02,0
228,Lasioglossum sp. 2,Arceuthobium campylopodum,0.0,0.06,0
229,Megachile perihirta,Arceuthobium campylopodum,0.0,0.05,0
230,Melissodes microstictus,Arceuthobium campylopodum,0.0,0.04,0
231,Osmia atrocyanea,Arceuthobium campylopodum,0.0,0.02,0
232,Osmia brevis,Arceuthobium campylopodum,0.0,0.02,0
233,Osmia bucephala,Arceuthobium campylopodum,0.0,0.03,0
234,Osmia integra,Arceuthobium campylopodum,0.0,0.03,0
235,Osmia juxta,Arceuthobium campylopodum,0.0,0.05,0
236,Osmia raritatis,Arceuthobium campylopodum,0.0,0.05,0
237,Osmia sp. 2,Arceuthobium campylopodum,0.0,0.03,0
238,Panurginus torchio,Arceuthobium campylopodum,0.0,0.03,0
239,Perdita wyomingensis,Arceuthobium campylopodum,0.0,0.03,0
240,Andrena barbilabris,Asteraceae,0.0,0.32,0
241,Andrena cyanophila,Asteraceae,0.0,0.42,0
242,Andrena melanochroa,Asteraceae,0.0,0.3,0
243,Andrena sp. A,Asteraceae,0.0,0.3,0
244,Anthophora bomboides,Asteraceae,0.0,0.28,0
245,Anthophora urbana,Asteraceae,0.0,0.33,0
246,Bombus appositus,Asteraceae,0.0,0.6,1
247,Bombus bifarius,Asteraceae,1.0,0.8,1
248,Bombus californicus,Asteraceae,0.0,0.68,1
249,Bombus centralis,Asteraceae,0.0,0.67,1
250,Bombus fernaldae,Asteraceae,1.0,0.27,0
251,Bombus flavifrons,Asteraceae,1.0,0.77,1
252,Bombus insularis,Asteraceae,1.0,0.46,0
253,Bombus mixtus,Asteraceae,1.0,0.46,0
254,Bombus vosnesenskii,Asteraceae,0.0,0.54,1
255,Coelioxys rufitarsis,Asteraceae,0.0,0.47,0
256,Halictus farinosus,Asteraceae,0.0,0.54,1
257,Halictus ligatus,Asteraceae,1.0,0.56,1
258,Halictus rubicundus,Asteraceae,0.0,0.29,0
259,Halictus tripartitus,Asteraceae,0.0,0.25,0
260,Hylaeus verticalis,Asteraceae,0.0,0.32,0
261,Lasioglossum cooleyi,Asteraceae,0.0,0.27,0
262,Lasioglossum incompletum,Asteraceae,1.0,0.53,1
263,Lasioglossum laevissimum,Asteraceae,0.0,0.45,0
264,Lasioglossum nevadense,Asteraceae,0.0,0.33,0
265,Lasioglossum olympiae,Asteraceae,0.0,0.59,1
266,Lasioglossum sedi,Asteraceae,0.0,0.07,0
267,Lasioglossum sp.,Asteraceae,0.0,0.07,0
268,Lasioglossum sp. 2,Asteraceae,0.0,0.52,1
269,Megachile perihirta,Asteraceae,0.0,0.47,0
270,Melissodes microstictus,Asteraceae,0.0,0.28,0
271,Osmia atrocyanea,Asteraceae,0.0,0.28,0
272,Osmia brevis,Asteraceae,0.0,0.07,0
273,Osmia bucephala,Asteraceae,0.0,0.27,0
274,Osmia integra,Asteraceae,0.0,0.27,0
275,Osmia juxta,Asteraceae,0.0,0.5,1
276,Osmia raritatis,Asteraceae,0.0,0.44,0
277,Osmia sp. 2,Asteraceae,0.0,0.26,0
278,Panurginus torchio,Asteraceae,0.0,0.23,0
279,Perdita wyomingensis,Asteraceae,0.0,0.29,0
280,Andrena barbilabris,Cirsium arvense,0.0,0.03,0
281,Andrena cyanophila,Cirsium arvense,0.0,0.05,0
282,Andrena melanochroa,Cirsium arvense,0.0,0.04,0
283,Andrena sp. A,Cirsium arvense,0.0,0.04,0
284,Anthophora bomboides,Cirsium arvense,0.0,0.02,0
285,Anthophora urbana,Cirsium arvense,0.0,0.03,0
286,Bombus appositus,Cirsium arvense,0.0,0.04,0
287,Bombus bifarius,Cirsium arvense,0.0,0.09,0
288,Bombus californicus,Cirsium arvense,0.0,0.06,0
289,Bombus centralis,Cirsium arvense,0.0,0.06,0
290,Bombus fernaldae,Cirsium arvense,0.0,0.03,0
291,Bombus flavifrons,Cirsium arvense,0.0,0.08,0
292,Bombus insularis,Cirsium arvense,0.0,0.05,0
293,Bombus mixtus,Cirsium arvense,0.0,0.04,0
294,Bombus vosnesenskii,Cirsium arvense,0.0,0.04,0
295,Coelioxys rufitarsis,Cirsium arvense,0.0,0.04,0
296,Halictus farinosus,Cirsium arvense,0.0,0.05,0
297,Halictus ligatus,Cirsium arvense,1.0,0.77,1
298,Halictus rubicundus,Cirsium arvense,0.0,0.03,0
299,Halictus tripartitus,Cirsium arvense,0.0,0.04,0
300,Hylaeus verticalis,Cirsium arvense,0.0,0.04,0
301,Lasioglossum cooleyi,Cirsium arvense,0.0,0.03,0
302,Lasioglossum incompletum,Cirsium arvense,0.0,0.05,0
303,Lasioglossum laevissimum,Cirsium arvense,0.0,0.04,0
304,Lasioglossum nevadense,Cirsium arvense,0.0,0.03,0
305,Lasioglossum olympiae,Cirsium arvense,0.0,0.05,0
306,Lasioglossum sedi,Cirsium arvense,0.0,0.02,0
307,Lasioglossum sp.,Cirsium arvense,0.0,0.02,0
308,Lasioglossum sp. 2,Cirsium arvense,0.0,0.05,0
309,Megachile perihirta,Cirsium arvense,0.0,0.05,0
310,Melissodes microstictus,Cirsium arvense,0.0,0.04,0
311,Osmia atrocyanea,Cirsium arvense,0.0,0.02,0
312,Osmia brevis,Cirsium arvense,0.0,0.02,0
313,Osmia bucephala,Cirsium arvense,0.0,0.03,0
314,Osmia integra,Cirsium arvense,0.0,0.03,0
315,Osmia juxta,Cirsium arvense,0.0,0.04,0
316,Osmia raritatis,Cirsium arvense,0.0,0.04,0
317,Osmia sp. 2,Cirsium arvense,0.0,0.03,0
318,Panurginus torchio,Cirsium arvense,0.0,0.03,0
319,Perdita wyomingensis,Cirsium arvense,0.0,0.03,0
320,Andrena barbilabris,Cirsium scariosum,0.0,0.07,0
321,Andrena cyanophila,Cirsium scariosum,0.0,0.16,0
322,Andrena melanochroa,Cirsium scariosum,0.0,0.07,0
323,Andrena sp. A,Cirsium scariosum,0.0,0.07,0
324,Anthophora bomboides,Cirsium scariosum,0.0,0.05,0
325,Anthophora urbana,Cirsium scariosum,0.0,0.08,0
326,Bombus appositus,Cirsium scariosum,0.0,0.36,0
327,Bombus bifarius,Cirsium scariosum,0.0,0.55,1
328,Bombus californicus,Cirsium scariosum,1.0,0.46,0
329,Bombus centralis,Cirsium scariosum,0.0,0.45,0
330,Bombus fernaldae,Cirsium scariosum,0.0,0.06,0
331,Bombus flavifrons,Cirsium scariosum,0.0,0.54,1
332,Bombus insularis,Cirsium scariosum,0.0,0.22,0
333,Bombus mixtus,Cirsium scariosum,0.0,0.27,0
334,Bombus vosnesenskii,Cirsium scariosum,0.0,0.25,0
335,Coelioxys rufitarsis,Cirsium scariosum,1.0,0.23,0
336,Halictus farinosus,Cirsium scariosum,0.0,0.29,0
337,Halictus ligatus,Cirsium scariosum,0.0,0.28,0
338,Halictus rubicundus,Cirsium scariosum,0.0,0.05,0
339,Halictus tripartitus,Cirsium scariosum,0.0,0.1,0
340,Hylaeus verticalis,Cirsium scariosum,0.0,0.14,0
341,Lasioglossum cooleyi,Cirsium scariosum,0.0,0.06,0
342,Lasioglossum incompletum,Cirsium scariosum,0.0,0.3,0
343,Lasioglossum laevissimum,Cirsium scariosum,0.0,0.16,0
344,Lasioglossum nevadense,Cirsium scariosum,0.0,0.1,0
345,Lasioglossum olympiae,Cirsium scariosum,0.0,0.38,0
346,Lasioglossum sedi,Cirsium scariosum,0.0,0.03,0
347,Lasioglossum sp.,Cirsium scariosum,0.0,0.03,0
348,Lasioglossum sp. 2,Cirsium scariosum,0.0,0.28,0
349,Megachile perihirta,Cirsium scariosum,0.0,0.22,0
350,Melissodes microstictus,Cirsium scariosum,0.0,0.12,0
351,Osmia atrocyanea,Cirsium scariosum,0.0,0.05,0
352,Osmia brevis,Cirsium scariosum,0.0,0.03,0
353,Osmia bucephala,Cirsium scariosum,0.0,0.05,0
354,Osmia integra,Cirsium scariosum,0.0,0.05,0
355,Osmia juxta,Cirsium scariosum,0.0,0.22,0
356,Osmia raritatis,Cirsium scariosum,0.0,0.13,0
357,Osmia sp. 2,Cirsium scariosum,0.0,0.06,0
358,Panurginus torchio,Cirsium scariosum,0.0,0.04,0
359,Perdita wyomingensis,Cirsium scariosum,0.0,0.07,0
360,Andrena barbilabris,Cirsium vulgare,0.0,0.4,0
361,Andrena cyanophila,Cirsium vulgare,0.0,0.47,0
362,Andrena melanochroa,Cirsium vulgare,0.0,0.38,0
363,Andrena sp. A,Cirsium vulgare,0.0,0.38,0
364,Anthophora bomboides,Cirsium vulgare,0.0,0.35,0
365,Anthophora urbana,Cirsium vulgare,1.0,0.4,0
366,Bombus appositus,Cirsium vulgare,1.0,0.65,1
367,Bombus bifarius,Cirsium vulgare,1.0,0.84,1
368,Bombus californicus,Cirsium vulgare,1.0,0.77,1
369,Bombus centralis,Cirsium vulgare,1.0,0.75,1
370,Bombus fernaldae,Cirsium vulgare,0.0,0.3,0
371,Bombus flavifrons,Cirsium vulgare,0.0,0.84,1
372,Bombus insularis,Cirsium vulgare,0.0,0.53,1
373,Bombus mixtus,Cirsium vulgare,0.0,0.56,1
374,Bombus vosnesenskii,Cirsium vulgare,1.0,0.59,1
375,Coelioxys rufitarsis,Cirsium vulgare,1.0,0.55,1
376,Halictus farinosus,Cirsium vulgare,0.0,0.58,1
377,Halictus ligatus,Cirsium vulgare,0.0,0.62,1
378,Halictus rubicundus,Cirsium vulgare,0.0,0.36,0
379,Halictus tripartitus,Cirsium vulgare,1.0,0.32,0
380,Hylaeus verticalis,Cirsium vulgare,0.0,0.38,0
381,Lasioglossum cooleyi,Cirsium vulgare,0.0,0.36,0
382,Lasioglossum incompletum,Cirsium vulgare,0.0,0.58,1
383,Lasioglossum laevissimum,Cirsium vulgare,0.0,0.51,1
384,Lasioglossum nevadense,Cirsium vulgare,0.0,0.43,0
385,Lasioglossum olympiae,Cirsium vulgare,0.0,0.66,1
386,Lasioglossum sedi,Cirsium vulgare,0.0,0.11,0
387,Lasioglossum sp.,Cirsium vulgare,0.0,0.11,0
388,Lasioglossum sp. 2,Cirsium vulgare,0.0,0.56,1
389,Megachile perihirta,Cirsium vulgare,1.0,0.55,1
390,Melissodes microstictus,Cirsium vulgare,0.0,0.36,0
391,Osmia atrocyanea,Cirsium vulgare,0.0,0.35,0
392,Osmia brevis,Cirsium vulgare,0.0,0.11,0
393,Osmia bucephala,Cirsium vulgare,0.0,0.36,0
394,Osmia integra,Cirsium vulgare,0.0,0.36,0
395,Osmia juxta,Cirsium vulgare,0.0,0.55,1
396,Osmia raritatis,Cirsium vulgare,0.0,0.5,0
397,Osmia sp. 2,Cirsium vulgare,0.0,0.35,0
398,Panurginus torchio,Cirsium vulgare,0.0,0.28,0
399,Perdita wyomingensis,Cirsium vulgare,0.0,0.38,0
400,Andrena barbilabris,Cornus canadensis,1.0,0.16,0
401,Andrena cyanophila,Cornus canadensis,0.0,0.18,0
402,Andrena melanochroa,Cornus canadensis,0.0,0.08,0
403,Andrena sp. A,Cornus canadensis,0.0,0.08,0
404,Anthophora bomboides,Cornus canadensis,0.0,0.05,0
405,Anthophora urbana,Cornus canadensis,0.0,0.07,0
406,Bombus appositus,Cornus canadensis,0.0,0.36,0
407,Bombus bifarius,Cornus canadensis,0.0,0.56,1
408,Bombus californicus,Cornus canadensis,0.0,0.44,0
409,Bombus centralis,Cornus canadensis,0.0,0.45,0
410,Bombus fernaldae,Cornus canadensis,0.0,0.06,0
411,Bombus flavifrons,Cornus canadensis,0.0,0.54,1
412,Bombus insularis,Cornus canadensis,0.0,0.2,0
413,Bombus mixtus,Cornus canadensis,0.0,0.26,0
414,Bombus vosnesenskii,Cornus canadensis,0.0,0.27,0
415,Coelioxys rufitarsis,Cornus canadensis,0.0,0.2,0
416,Halictus farinosus,Cornus canadensis,0.0,0.23,0
417,Halictus ligatus,Cornus canadensis,0.0,0.29,0
418,Halictus rubicundus,Cornus canadensis,0.0,0.05,0
419,Halictus tripartitus,Cornus canadensis,0.0,0.1,0
420,Hylaeus verticalis,Cornus canadensis,0.0,0.16,0
421,Lasioglossum cooleyi,Cornus canadensis,0.0,0.06,0
422,Lasioglossum incompletum,Cornus canadensis,0.0,0.29,0
423,Lasioglossum laevissimum,Cornus canadensis,0.0,0.17,0
424,Lasioglossum nevadense,Cornus canadensis,0.0,0.11,0
425,Lasioglossum olympiae,Cornus canadensis,1.0,0.42,0
426,Lasioglossum sedi,Cornus canadensis,0.0,0.03,0
427,Lasioglossum sp.,Cornus canadensis,0.0,0.03,0
428,Lasioglossum sp. 2,Cornus canadensis,0.0,0.27,0
429,Megachile perihirta,Cornus canadensis,0.0,0.22,0
430,Melissodes microstictus,Cornus canadensis,0.0,0.12,0
431,Osmia atrocyanea,Cornus canadensis,0.0,0.05,0
432,Osmia brevis,Cornus canadensis,0.0,0.04,0
433,Osmia bucephala,Cornus canadensis,0.0,0.05,0
434,Osmia integra,Cornus canadensis,0.0,0.05,0
435,Osmia juxta,Cornus canadensis,0.0,0.18,0
436,Osmia raritatis,Cornus canadensis,0.0,0.12,0
437,Osmia sp. 2,Cornus canadensis,0.0,0.06,0
438,Panurginus torchio,Cornus canadensis,0.0,0.05,0
439,Perdita wyomingensis,Cornus canadensis,0.0,0.07,0
440,Andrena barbilabris,Crataegus monogyna,0.0,0.03,0
441,Andrena cyanophila,Crataegus monogyna,0.0,0.05,0
442,Andrena melanochroa,Crataegus monogyna,0.0,0.03,0
443,Andrena sp. A,Crataegus monogyna,0.0,0.03,0
444,Anthophora bomboides,Crataegus monogyna,0.0,0.03,0
445,Anthophora urbana,Crataegus monogyna,0.0,0.03,0
446,Bombus appositus,Crataegus monogyna,0.0,0.04,0
447,Bombus bifarius,Crataegus monogyna,0.0,0.11,0
448,Bombus californicus,Crataegus monogyna,0.0,0.06,0
449,Bombus centralis,Crataegus monogyna,0.0,0.07,0
450,Bombus fernaldae,Crataegus monogyna,0.0,0.03,0
451,Bombus flavifrons,Crataegus monogyna,0.0,0.09,0
452,Bombus insularis,Crataegus monogyna,0.0,0.06,0
453,Bombus mixtus,Crataegus monogyna,1.0,0.78,1
454,Bombus vosnesenskii,Crataegus monogyna,0.0,0.05,0
455,Coelioxys rufitarsis,Crataegus monogyna,0.0,0.05,0
456,Halictus farinosus,Crataegus monogyna,0.0,0.05,0
457,Halictus ligatus,Crataegus monogyna,0.0,0.05,0
458,Halictus rubicundus,Crataegus monogyna,0.0,0.03,0
459,Halictus tripartitus,Crataegus monogyna,0.0,0.04,0
460,Hylaeus verticalis,Crataegus monogyna,0.0,0.05,0
461,Lasioglossum cooleyi,Crataegus monogyna,0.0,0.03,0
462,Lasioglossum incompletum,Crataegus monogyna,0.0,0.05,0
463,Lasioglossum laevissimum,Crataegus monogyna,0.0,0.04,0
464,Lasioglossum nevadense,Crataegus monogyna,0.0,0.04,0
465,Lasioglossum olympiae,Crataegus monogyna,0.0,0.05,0
466,Lasioglossum sedi,Crataegus monogyna,0.0,0.02,0
467,Lasioglossum sp.,Crataegus monogyna,0.0,0.02,0
468,Lasioglossum sp. 2,Crataegus monogyna,0.0,0.05,0
469,Megachile perihirta,Crataegus monogyna,0.0,0.06,0
470,Melissodes microstictus,Crataegus monogyna,0.0,0.05,0
471,Osmia atrocyanea,Crataegus monogyna,0.0,0.03,0
472,Osmia brevis,Crataegus monogyna,0.0,0.02,0
473,Osmia bucephala,Crataegus monogyna,0.0,0.03,0
474,Osmia integra,Crataegus monogyna,0.0,0.03,0
475,Osmia juxta,Crataegus monogyna,0.0,0.05,0
476,Osmia raritatis,Crataegus monogyna,0.0,0.04,0
477,Osmia sp. 2,Crataegus monogyna,0.0,0.03,0
478,Panurginus torchio,Crataegus monogyna,0.0,0.03,0
479,Perdita wyomingensis,Crataegus monogyna,0.0,0.03,0
480,Andrena barbilabris,Erigeron sp.,0.0,0.03,0
481,Andrena cyanophila,Erigeron sp.,0.0,0.05,0
482,Andrena melanochroa,Erigeron sp.,0.0,0.04,0
483,Andrena sp. A,Erigeron sp.,0.0,0.04,0
484,Anthophora bomboides,Erigeron sp.,0.0,0.03,0
485,Anthophora urbana,Erigeron sp.,0.0,0.03,0
486,Bombus appositus,Erigeron sp.,0.0,0.05,0
487,Bombus bifarius,Erigeron sp.,0.0,0.11,0
488,Bombus californicus,Erigeron sp.,0.0,0.06,0
489,Bombus centralis,Erigeron sp.,0.0,0.08,0
490,Bombus fernaldae,Erigeron sp.,0.0,0.03,0
491,Bombus flavifrons,Erigeron sp.,0.0,0.09,0
492,Bombus insularis,Erigeron sp.,0.0,0.06,0
493,Bombus mixtus,Erigeron sp.,0.0,0.06,0
494,Bombus vosnesenskii,Erigeron sp.,0.0,0.05,0
495,Coelioxys rufitarsis,Erigeron sp.,0.0,0.05,0
496,Halictus farinosus,Erigeron sp.,0.0,0.05,0
497,Halictus ligatus,Erigeron sp.,0.0,0.05,0
498,Halictus rubicundus,Erigeron sp.,0.0,0.03,0
499,Halictus tripartitus,Erigeron sp.,0.0,0.04,0
500,Hylaeus verticalis,Erigeron sp.,0.0,0.05,0
501,Lasioglossum cooleyi,Erigeron sp.,0.0,0.03,0
502,Lasioglossum incompletum,Erigeron sp.,0.0,0.05,0
503,Lasioglossum laevissimum,Erigeron sp.,0.0,0.04,0
504,Lasioglossum nevadense,Erigeron sp.,0.0,0.04,0
505,Lasioglossum olympiae,Erigeron sp.,0.0,0.05,0
506,Lasioglossum sedi,Erigeron sp.,0.0,0.02,0
507,Lasioglossum sp.,Erigeron sp.,0.0,0.02,0
508,Lasioglossum sp. 2,Erigeron sp.,0.0,0.06,0
509,Megachile perihirta,Erigeron sp.,0.0,0.06,0
510,Melissodes microstictus,Erigeron sp.,1.0,0.65,1
511,Osmia atrocyanea,Erigeron sp.,0.0,0.03,0
512,Osmia brevis,Erigeron sp.,0.0,0.02,0
513,Osmia bucephala,Erigeron sp.,0.0,0.03,0
514,Osmia integra,Erigeron sp.,0.0,0.03,0
515,Osmia juxta,Erigeron sp.,0.0,0.05,0
516,Osmia raritatis,Erigeron sp.,0.0,0.04,0
517,Osmia sp. 2,Erigeron sp.,0.0,0.03,0
518,Panurginus torchio,Erigeron sp.,0.0,0.03,0
519,Perdita wyomingensis,Erigeron sp.,0.0,0.03,0
520,Andrena barbilabris,Eriophyllum lanatum,0.0,0.03,0
521,Andrena cyanophila,Eriophyllum lanatum,0.0,0.05,0
522,Andrena melanochroa,Eriophyllum lanatum,0.0,0.03,0
523,Andrena sp. A,Eriophyllum lanatum,0.0,0.03,0
524,Anthophora bomboides,Eriophyllum lanatum,0.0,0.03,0
525,Anthophora urbana,Eriophyllum lanatum,0.0,0.04,0
526,Bombus appositus,Eriophyllum lanatum,0.0,0.04,0
527,Bombus bifarius,Eriophyllum lanatum,1.0,0.94,1
528,Bombus californicus,Eriophyllum lanatum,0.0,0.06,0
529,Bombus centralis,Eriophyllum lanatum,0.0,0.06,0
530,Bombus fernaldae,Eriophyllum lanatum,0.0,0.03,0
531,Bombus flavifrons,Eriophyllum lanatum,0.0,0.1,0
532,Bombus insularis,Eriophyllum lanatum,0.0,0.05,0
533,Bombus mixtus,Eriophyllum lanatum,0.0,0.04,0
534,Bombus vosnesenskii,Eriophyllum lanatum,0.0,0.04,0
535,Coelioxys rufitarsis,Eriophyllum lanatum,0.0,0.03,0
536,Halictus farinosus,Eriophyllum lanatum,0.0,0.04,0
537,Halictus ligatus,Eriophyllum lanatum,0.0,0.04,0
538,Halictus rubicundus,Eriophyllum lanatum,0.0,0.03,0
539,Halictus tripartitus,Eriophyllum lanatum,0.0,0.03,0
540,Hylaeus verticalis,Eriophyllum lanatum,0.0,0.04,0
541,Lasioglossum cooleyi,Eriophyllum lanatum,0.0,0.03,0
542,Lasioglossum incompletum,Eriophyllum lanatum,0.0,0.04,0
543,Lasioglossum laevissimum,Eriophyllum lanatum,0.0,0.04,0
544,Lasioglossum nevadense,Eriophyllum lanatum,0.0,0.04,0
545,Lasioglossum olympiae,Eriophyllum lanatum,0.0,0.05,0
546,Lasioglossum sedi,Eriophyllum lanatum,0.0,0.02,0
547,Lasioglossum sp.,Eriophyllum lanatum,0.0,0.02,0
548,Lasioglossum sp. 2,Eriophyllum lanatum,0.0,0.04,0
549,Megachile perihirta,Eriophyllum lanatum,0.0,0.04,0
550,Melissodes microstictus,Eriophyllum lanatum,0.0,0.04,0
551,Osmia atrocyanea,Eriophyllum lanatum,0.0,0.03,0
552,Osmia brevis,Eriophyllum lanatum,0.0,0.02,0
553,Osmia bucephala,Eriophyllum lanatum,0.0,0.03,0
554,Osmia integra,Eriophyllum lanatum,0.0,0.03,0
555,Osmia juxta,Eriophyllum lanatum,0.0,0.04,0
556,Osmia raritatis,Eriophyllum lanatum,0.0,0.04,0
557,Osmia sp. 2,Eriophyllum lanatum,0.0,0.03,0
558,Panurginus torchio,Eriophyllum lanatum,0.0,0.03,0
559,Perdita wyomingensis,Eriophyllum lanatum,0.0,0.03,0
560,Andrena barbilabris,Gentiana affinis,0.0,0.03,0
561,Andrena cyanophila,Gentiana affinis,0.0,0.05,0
562,Andrena melanochroa,Gentiana affinis,0.0,0.04,0
563,Andrena sp. A,Gentiana affinis,0.0,0.04,0
564,Anthophora bomboides,Gentiana affinis,0.0,0.03,0
565,Anthophora urbana,Gentiana affinis,0.0,0.03,0
566,Bombus appositus,Gentiana affinis,0.0,0.04,0
567,Bombus bifarius,Gentiana affinis,0.0,0.1,0
568,Bombus californicus,Gentiana affinis,1.0,0.87,1
569,Bombus centralis,Gentiana affinis,0.0,0.06,0
570,Bombus fernaldae,Gentiana affinis,0.0,0.03,0
571,Bombus flavifrons,Gentiana affinis,0.0,0.08,0
572,Bombus insularis,Gentiana affinis,0.0,0.05,0
573,Bombus mixtus,Gentiana affinis,0.0,0.04,0
574,Bombus vosnesenskii,Gentiana affinis,0.0,0.04,0
575,Coelioxys rufitarsis,Gentiana affinis,0.0,0.04,0
576,Halictus farinosus,Gentiana affinis,0.0,0.04,0
577,Halictus ligatus,Gentiana affinis,0.0,0.04,0
578,Halictus rubicundus,Gentiana affinis,0.0,0.03,0
579,Halictus tripartitus,Gentiana affinis,0.0,0.04,0
580,Hylaeus verticalis,Gentiana affinis,0.0,0.04,0
581,Lasioglossum cooleyi,Gentiana affinis,0.0,0.03,0
582,Lasioglossum incompletum,Gentiana affinis,0.0,0.04,0
583,Lasioglossum laevissimum,Gentiana affinis,0.0,0.04,0
584,Lasioglossum nevadense,Gentiana affinis,0.0,0.04,0
585,Lasioglossum olympiae,Gentiana affinis,0.0,0.04,0
586,Lasioglossum sedi,Gentiana affinis,0.0,0.02,0
587,Lasioglossum sp.,Gentiana affinis,0.0,0.02,0
588,Lasioglossum sp. 2,Gentiana affinis,0.0,0.04,0
589,Megachile perihirta,Gentiana affinis,0.0,0.04,0
590,Melissodes microstictus,Gentiana affinis,0.0,0.04,0
591,Osmia atrocyanea,Gentiana affinis,0.0,0.03,0
592,Osmia brevis,Gentiana affinis,0.0,0.02,0
593,Osmia bucephala,Gentiana affinis,0.0,0.03,0
594,Osmia integra,Gentiana affinis,0.0,0.03,0
595,Osmia juxta,Gentiana affinis,0.0,0.04,0
596,Osmia raritatis,Gentiana affinis,0.0,0.04,0
597,Osmia sp. 2,Gentiana affinis,0.0,0.03,0
598,Panurginus torchio,Gentiana affinis,0.0,0.03,0
599,Perdita wyomingensis,Gentiana affinis,0.0,0.03,0
600,Andrena barbilabris,Geum macrophyllum,0.0,0.12,0
601,Andrena cyanophila,Geum macrophyllum,1.0,0.27,0
602,Andrena melanochroa,Geum macrophyllum,0.0,0.1,0
603,Andrena sp. A,Geum macrophyllum,0.0,0.1,0
604,Anthophora bomboides,Geum macrophyllum,0.0,0.07,0
605,Anthophora urbana,Geum macrophyllum,0.0,0.11,0
606,Bombus appositus,Geum macrophyllum,0.0,0.35,0
607,Bombus bifarius,Geum macrophyllum,1.0,0.64,1
608,Bombus californicus,Geum macrophyllum,0.0,0.47,0
609,Bombus centralis,Geum macrophyllum,0.0,0.48,0
610,Bombus fernaldae,Geum macrophyllum,0.0,0.08,0
611,Bombus flavifrons,Geum macrophyllum,0.0,0.62,1
612,Bombus insularis,Geum macrophyllum,0.0,0.26,0
613,Bombus mixtus,Geum macrophyllum,0.0,0.26,0
614,Bombus vosnesenskii,Geum macrophyllum,0.0,0.28,0
615,Coelioxys rufitarsis,Geum macrophyllum,0.0,0.22,0
616,Halictus farinosus,Geum macrophyllum,0.0,0.29,0
617,Halictus ligatus,Geum macrophyllum,0.0,0.27,0
618,Halictus rubicundus,Geum macrophyllum,0.0,0.08,0
619,Halictus tripartitus,Geum macrophyllum,0.0,0.12,0
620,Hylaeus verticalis,Geum macrophyllum,0.0,0.16,0
621,Lasioglossum cooleyi,Geum macrophyllum,0.0,0.08,0
622,Lasioglossum incompletum,Geum macrophyllum,0.0,0.29,0
623,Lasioglossum laevissimum,Geum macrophyllum,0.0,0.19,0
624,Lasioglossum nevadense,Geum macrophyllum,0.0,0.13,0
625,Lasioglossum olympiae,Geum macrophyllum,0.0,0.41,0
626,Lasioglossum sedi,Geum macrophyllum,0.0,0.03,0
627,Lasioglossum sp.,Geum macrophyllum,0.0,0.03,0
628,Lasioglossum sp. 2,Geum macrophyllum,0.0,0.29,0
629,Megachile perihirta,Geum macrophyllum,0.0,0.25,0
630,Melissodes microstictus,Geum macrophyllum,0.0,0.14,0
631,Osmia atrocyanea,Geum macrophyllum,0.0,0.07,0
632,Osmia brevis,Geum macrophyllum,0.0,0.04,0
633,Osmia bucephala,Geum macrophyllum,0.0,0.07,0
634,Osmia integra,Geum macrophyllum,0.0,0.07,0
635,Osmia juxta,Geum macrophyllum,0.0,0.23,0
636,Osmia raritatis,Geum macrophyllum,0.0,0.16,0
637,Osmia sp. 2,Geum macrophyllum,0.0,0.08,0
638,Panurginus torchio,Geum macrophyllum,0.0,0.06,0
639,Perdita wyomingensis,Geum macrophyllum,0.0,0.09,0
640,Andrena barbilabris,Goodyera oblongifolia,0.0,0.03,0
641,Andrena cyanophila,Goodyera oblongifolia,0.0,0.06,0
642,Andrena melanochroa,Goodyera oblongifolia,0.0,0.03,0
643,Andrena sp. A,Goodyera oblongifolia,0.0,0.03,0
644,Anthophora bomboides,Goodyera oblongifolia,0.0,0.03,0
645,Anthophora urbana,Goodyera oblongifolia,0.0,0.03,0
646,Bombus appositus,Goodyera oblongifolia,0.0,0.04,0
647,Bombus bifarius,Goodyera oblongifolia,0.0,0.11,0
648,Bombus californicus,Goodyera oblongifolia,0.0,0.06,0
649,Bombus centralis,Goodyera oblongifolia,0.0,0.08,0
650,Bombus fernaldae,Goodyera oblongifolia,0.0,0.03,0
651,Bombus flavifrons,Goodyera oblongifolia,0.0,0.09,0
652,Bombus insularis,Goodyera oblongifolia,0.0,0.06,0
653,Bombus mixtus,Goodyera oblongifolia,0.0,0.06,0
654,Bombus vosnesenskii,Goodyera oblongifolia,0.0,0.05,0
655,Coelioxys rufitarsis,Goodyera oblongifolia,0.0,0.05,0
656,Halictus farinosus,Goodyera oblongifolia,0.0,0.06,0
657,Halictus ligatus,Goodyera oblongifolia,0.0,0.05,0
658,Halictus rubicundus,Goodyera oblongifolia,0.0,0.03,0
659,Halictus tripartitus,Goodyera oblongifolia,0.0,0.04,0
660,Hylaeus verticalis,Goodyera oblongifolia,1.0,0.74,1
661,Lasioglossum cooleyi,Goodyera oblongifolia,0.0,0.03,0
662,Lasioglossum incompletum,Goodyera oblongifolia,0.0,0.06,0
663,Lasioglossum laevissimum,Goodyera oblongifolia,0.0,0.04,0
664,Lasioglossum nevadense,Goodyera oblongifolia,0.0,0.04,0
665,Lasioglossum olympiae,Goodyera oblongifolia,0.0,0.05,0
666,Lasioglossum sedi,Goodyera oblongifolia,0.0,0.02,0
667,Lasioglossum sp.,Goodyera oblongifolia,0.0,0.02,0
668,Lasioglossum sp. 2,Goodyera oblongifolia,0.0,0.05,0
669,Megachile perihirta,Goodyera oblongifolia,0.0,0.06,0
670,Melissodes microstictus,Goodyera oblongifolia,0.0,0.05,0
671,Osmia atrocyanea,Goodyera oblongifolia,0.0,0.03,0
672,Osmia brevis,Goodyera oblongifolia,0.0,0.02,0
673,Osmia bucephala,Goodyera oblongifolia,0.0,0.03,0
674,Osmia integra,Goodyera oblongifolia,0.0,0.03,0
675,Osmia juxta,Goodyera oblongifolia,0.0,0.05,0
676,Osmia raritatis,Goodyera oblongifolia,0.0,0.04,0
677,Osmia sp. 2,Goodyera oblongifolia,0.0,0.03,0
678,Panurginus torchio,Goodyera oblongifolia,0.0,0.03,0
679,Perdita wyomingensis,Goodyera oblongifolia,0.0,0.03,0
680,Andrena barbilabris,Heracleum maximum,0.0,0.03,0
681,Andrena cyanophila,Heracleum maximum,0.0,0.04,0
682,Andrena melanochroa,Heracleum maximum,0.0,0.03,0
683,Andrena sp. A,Heracleum maximum,0.0,0.03,0
684,Anthophora bomboides,Heracleum maximum,0.0,0.02,0
685,Anthophora urbana,Heracleum maximum,0.0,0.03,0
686,Bombus appositus,Heracleum maximum,0.0,0.03,0
687,Bombus bifarius,Heracleum maximum,0.0,0.08,0
688,Bombus californicus,Heracleum maximum,0.0,0.04,0
689,Bombus centralis,Heracleum maximum,0.0,0.05,0
690,Bombus fernaldae,Heracleum maximum,0.0,0.03,0
691,Bombus flavifrons,Heracleum maximum,0.0,0.07,0
692,Bombus insularis,Heracleum maximum,0.0,0.05,0
693,Bombus mixtus,Heracleum maximum,0.0,0.04,0
694,Bombus vosnesenskii,Heracleum maximum,0.0,0.04,0
695,Coelioxys rufitarsis,Heracleum maximum,0.0,0.04,0
696,Halictus farinosus,Heracleum maximum,0.0,0.05,0
697,Halictus ligatus,Heracleum maximum,0.0,0.04,0
698,Halictus rubicundus,Heracleum maximum,0.0,0.02,0
699,Halictus tripartitus,Heracleum maximum,0.0,0.03,0
700,Hylaeus verticalis,Heracleum maximum,0.0,0.04,0
701,Lasioglossum cooleyi,Heracleum maximum,0.0,0.03,0
702,Lasioglossum incompletum,Heracleum maximum,0.0,0.04,0
703,Lasioglossum laevissimum,Heracleum maximum,0.0,0.03,0
704,Lasioglossum nevadense,Heracleum maximum,0.0,0.03,0
705,Lasioglossum olympiae,Heracleum maximum,1.0,0.94,1
706,Lasioglossum sedi,Heracleum maximum,0.0,0.02,0
707,Lasioglossum sp.,Heracleum maximum,0.0,0.02,0
708,Lasioglossum sp. 2,Heracleum maximum,0.0,0.05,0
709,Megachile perihirta,Heracleum maximum,0.0,0.04,0
710,Melissodes microstictus,Heracleum maximum,0.0,0.04,0
711,Osmia atrocyanea,Heracleum maximum,0.0,0.02,0
712,Osmia brevis,Heracleum maximum,0.0,0.02,0
713,Osmia bucephala,Heracleum maximum,0.0,0.02,0
714,Osmia integra,Heracleum maximum,0.0,0.02,0
715,Osmia juxta,Heracleum maximum,0.0,0.04,0
716,Osmia raritatis,Heracleum maximum,0.0,0.04,0
717,Osmia sp. 2,Heracleum maximum,0.0,0.03,0
718,Panurginus torchio,Heracleum maximum,0.0,0.02,0
719,Perdita wyomingensis,Heracleum maximum,0.0,0.03,0
720,Andrena barbilabris,Heuchera cylindrica,0.0,0.03,0
721,Andrena cyanophila,Heuchera cylindrica,1.0,0.76,1
722,Andrena melanochroa,Heuchera cylindrica,0.0,0.03,0
723,Andrena sp. A,Heuchera cylindrica,0.0,0.03,0
724,Anthophora bomboides,Heuchera cylindrica,0.0,0.03,0
725,Anthophora urbana,Heuchera cylindrica,0.0,0.04,0
726,Bombus appositus,Heuchera cylindrica,0.0,0.05,0
727,Bombus bifarius,Heuchera cylindrica,0.0,0.11,0
728,Bombus californicus,Heuchera cylindrica,0.0,0.06,0
729,Bombus centralis,Heuchera cylindrica,0.0,0.07,0
730,Bombus fernaldae,Heuchera cylindrica,0.0,0.03,0
731,Bombus flavifrons,Heuchera cylindrica,0.0,0.09,0
732,Bombus insularis,Heuchera cylindrica,0.0,0.07,0
733,Bombus mixtus,Heuchera cylindrica,0.0,0.05,0
734,Bombus vosnesenskii,Heuchera cylindrica,0.0,0.05,0
735,Coelioxys rufitarsis,Heuchera cylindrica,0.0,0.05,0
736,Halictus farinosus,Heuchera cylindrica,0.0,0.05,0
737,Halictus ligatus,Heuchera cylindrica,0.0,0.05,0
738,Halictus rubicundus,Heuchera cylindrica,0.0,0.03,0
739,Halictus tripartitus,Heuchera cylindrica,0.0,0.04,0
740,Hylaeus verticalis,Heuchera cylindrica,0.0,0.06,0
741,Lasioglossum cooleyi,Heuchera cylindrica,0.0,0.03,0
742,Lasioglossum incompletum,Heuchera cylindrica,0.0,0.05,0
743,Lasioglossum laevissimum,Heuchera cylindrica,0.0,0.04,0
744,Lasioglossum nevadense,Heuchera cylindrica,0.0,0.04,0
745,Lasioglossum olympiae,Heuchera cylindrica,0.0,0.05,0
746,Lasioglossum sedi,Heuchera cylindrica,0.0,0.02,0
747,Lasioglossum sp.,Heuchera cylindrica,0.0,0.02,0
748,Lasioglossum sp. 2,Heuchera cylindrica,0.0,0.05,0
749,Megachile perihirta,Heuchera cylindrica,0.0,0.06,0
750,Melissodes microstictus,Heuchera cylindrica,0.0,0.05,0
751,Osmia atrocyanea,Heuchera cylindrica,0.0,0.03,0
752,Osmia brevis,Heuchera cylindrica,0.0,0.02,0
753,Osmia bucephala,Heuchera cylindrica,0.0,0.03,0
754,Osmia integra,Heuchera cylindrica,0.0,0.03,0
755,Osmia juxta,Heuchera cylindrica,0.0,0.05,0
756,Osmia raritatis,Heuchera cylindrica,0.0,0.05,0
757,Osmia sp. 2,Heuchera cylindrica,0.0,0.03,0
758,Panurginus torchio,Heuchera cylindrica,0.0,0.03,0
759,Perdita wyomingensis,Heuchera cylindrica,0.0,0.03,0
760,Andrena barbilabris,Hieracium scouleri,0.0,0.09,0
761,Andrena cyanophila,Hieracium scouleri,0.0,0.19,0
762,Andrena melanochroa,Hieracium scouleri,0.0,0.08,0
763,Andrena sp. A,Hieracium scouleri,0.0,0.08,0
764,Anthophora bomboides,Hieracium scouleri,0.0,0.06,0
765,Anthophora urbana,Hieracium scouleri,0.0,0.08,0
766,Bombus appositus,Hieracium scouleri,0.0,0.35,0
767,Bombus bifarius,Hieracium scouleri,1.0,0.58,1
768,Bombus californicus,Hieracium scouleri,0.0,0.43,0
769,Bombus centralis,Hieracium scouleri,0.0,0.45,0
770,Bombus fernaldae,Hieracium scouleri,0.0,0.06,0
771,Bombus flavifrons,Hieracium scouleri,0.0,0.56,1
772,Bombus insularis,Hieracium scouleri,0.0,0.23,0
773,Bombus mixtus,Hieracium scouleri,0.0,0.25,0
774,Bombus vosnesenskii,Hieracium scouleri,0.0,0.26,0
775,Coelioxys rufitarsis,Hieracium scouleri,0.0,0.19,0
776,Halictus farinosus,Hieracium scouleri,0.0,0.28,0
777,Halictus ligatus,Hieracium scouleri,0.0,0.25,0
778,Halictus rubicundus,Hieracium scouleri,0.0,0.06,0
779,Halictus tripartitus,Hieracium scouleri,0.0,0.1,0
780,Hylaeus verticalis,Hieracium scouleri,0.0,0.15,0
781,Lasioglossum cooleyi,Hieracium scouleri,0.0,0.06,0
782,Lasioglossum incompletum,Hieracium scouleri,0.0,0.27,0
783,Lasioglossum laevissimum,Hieracium scouleri,0.0,0.17,0
784,Lasioglossum nevadense,Hieracium scouleri,0.0,0.1,0
785,Lasioglossum olympiae,Hieracium scouleri,0.0,0.39,0
786,Lasioglossum sedi,Hieracium scouleri,0.0,0.03,0
787,Lasioglossum sp.,Hieracium scouleri,0.0,0.03,0
788,Lasioglossum sp. 2,Hieracium scouleri,0.0,0.27,0
789,Megachile perihirta,Hieracium scouleri,0.0,0.22,0
790,Melissodes microstictus,Hieracium scouleri,0.0,0.12,0
791,Osmia atrocyanea,Hieracium scouleri,0.0,0.06,0
792,Osmia brevis,Hieracium scouleri,0.0,0.03,0
793,Osmia bucephala,Hieracium scouleri,0.0,0.06,0
794,Osmia integra,Hieracium scouleri,0.0,0.06,0
795,Osmia juxta,Hieracium scouleri,1.0,0.23,0
796,Osmia raritatis,Hieracium scouleri,0.0,0.13,0
797,Osmia sp. 2,Hieracium scouleri,0.0,0.06,0
798,Panurginus torchio,Hieracium scouleri,0.0,0.05,0
799,Perdita wyomingensis,Hieracium scouleri,0.0,0.07,0
800,Andrena barbilabris,Holodiscus discolor,0.0,0.1,0
801,Andrena cyanophila,Holodiscus discolor,0.0,0.2,0
802,Andrena melanochroa,Holodiscus discolor,0.0,0.08,0
803,Andrena sp. A,Holodiscus discolor,0.0,0.08,0
804,Anthophora bomboides,Holodiscus discolor,0.0,0.06,0
805,Anthophora urbana,Holodiscus discolor,0.0,0.09,0
806,Bombus appositus,Holodiscus discolor,0.0,0.36,0
807,Bombus bifarius,Holodiscus discolor,1.0,0.6,1
808,Bombus californicus,Holodiscus discolor,0.0,0.45,0
809,Bombus centralis,Holodiscus discolor,0.0,0.47,0
810,Bombus fernaldae,Holodiscus discolor,0.0,0.05,0
811,Bombus flavifrons,Holodiscus discolor,0.0,0.57,1
812,Bombus insularis,Holodiscus discolor,0.0,0.24,0
813,Bombus mixtus,Holodiscus discolor,1.0,0.27,0
814,Bombus vosnesenskii,Holodiscus discolor,0.0,0.26,0
815,Coelioxys rufitarsis,Holodiscus discolor,0.0,0.19,0
816,Halictus farinosus,Holodiscus discolor,0.0,0.28,0
817,Halictus ligatus,Holodiscus discolor,0.0,0.25,0
818,Halictus rubicundus,Holodiscus discolor,0.0,0.06,0
819,Halictus tripartitus,Holodiscus discolor,0.0,0.1,0
820,Hylaeus verticalis,Holodiscus discolor,0.0,0.16,0
821,Lasioglossum cooleyi,Holodiscus discolor,0.0,0.06,0
822,Lasioglossum incompletum,Holodiscus discolor,0.0,0.28,0
823,Lasioglossum laevissimum,Holodiscus discolor,0.0,0.17,0
824,Lasioglossum nevadense,Holodiscus discolor,0.0,0.11,0
825,Lasioglossum olympiae,Holodiscus discolor,0.0,0.41,0
826,Lasioglossum sedi,Holodiscus discolor,0.0,0.03,0
827,Lasioglossum sp.,Holodiscus discolor,0.0,0.03,0
828,Lasioglossum sp. 2,Holodiscus discolor,0.0,0.27,0
829,Megachile perihirta,Holodiscus discolor,0.0,0.23,0
830,Melissodes microstictus,Holodiscus discolor,0.0,0.13,0
831,Osmia atrocyanea,Holodiscus discolor,0.0,0.06,0
832,Osmia brevis,Holodiscus discolor,0.0,0.03,0
833,Osmia bucephala,Holodiscus discolor,0.0,0.06,0
834,Osmia integra,Holodiscus discolor,0.0,0.06,0
835,Osmia juxta,Holodiscus discolor,0.0,0.21,0
836,Osmia raritatis,Holodiscus discolor,0.0,0.14,0
837,Osmia sp. 2,Holodiscus discolor,0.0,0.06,0
838,Panurginus torchio,Holodiscus discolor,0.0,0.05,0
839,Perdita wyomingensis,Holodiscus discolor,0.0,0.07,0
840,Andrena barbilabris,Hypericum perforatum,0.0,0.57,1
841,Andrena cyanophila,Hypericum perforatum,0.0,0.62,1
842,Andrena melanochroa,Hypericum perforatum,0.0,0.56,1
843,Andrena sp. A,Hypericum perforatum,0.0,0.56,1
844,Anthophora bomboides,Hypericum perforatum,0.0,0.5,0
845,Anthophora urbana,Hypericum perforatum,0.0,0.55,1
846,Bombus appositus,Hypericum perforatum,1.0,0.76,1
847,Bombus bifarius,Hypericum perforatum,1.0,0.88,1
848,Bombus californicus,Hypericum perforatum,1.0,0.83,1
849,Bombus centralis,Hypericum perforatum,1.0,0.82,1
850,Bombus fernaldae,Hypericum perforatum,0.0,0.45,0
851,Bombus flavifrons,Hypericum perforatum,0.0,0.87,1
852,Bombus insularis,Hypericum perforatum,0.0,0.67,1
853,Bombus mixtus,Hypericum perforatum,0.0,0.68,1
854,Bombus vosnesenskii,Hypericum perforatum,1.0,0.72,1
855,Coelioxys rufitarsis,Hypericum perforatum,1.0,0.7,1
856,Halictus farinosus,Hypericum perforatum,0.0,0.7,1
857,Halictus ligatus,Hypericum perforatum,1.0,0.74,1
858,Halictus rubicundus,Hypericum perforatum,0.0,0.5,1
859,Halictus tripartitus,Hypericum perforatum,0.0,0.43,0
860,Hylaeus verticalis,Hypericum perforatum,0.0,0.56,1
861,Lasioglossum cooleyi,Hypericum perforatum,0.0,0.49,0
862,Lasioglossum incompletum,Hypericum perforatum,1.0,0.7,1
863,Lasioglossum laevissimum,Hypericum perforatum,1.0,0.64,1
864,Lasioglossum nevadense,Hypericum perforatum,1.0,0.54,1
865,Lasioglossum olympiae,Hypericum perforatum,1.0,0.74,1
866,Lasioglossum sedi,Hypericum perforatum,0.0,0.17,0
867,Lasioglossum sp.,Hypericum perforatum,0.0,0.17,0
868,Lasioglossum sp. 2,Hypericum perforatum,0.0,0.71,1
869,Megachile perihirta,Hypericum perforatum,1.0,0.67,1
870,Melissodes microstictus,Hypericum perforatum,0.0,0.48,0
871,Osmia atrocyanea,Hypericum perforatum,0.0,0.5,0
872,Osmia brevis,Hypericum perforatum,0.0,0.17,0
873,Osmia bucephala,Hypericum perforatum,0.0,0.49,0
874,Osmia integra,Hypericum perforatum,0.0,0.49,0
875,Osmia juxta,Hypericum perforatum,0.0,0.71,1
876,Osmia raritatis,Hypericum perforatum,0.0,0.64,1
877,Osmia sp. 2,Hypericum perforatum,0.0,0.48,0
878,Panurginus torchio,Hypericum perforatum,0.0,0.47,0
879,Perdita wyomingensis,Hypericum perforatum,1.0,0.51,1
880,Andrena barbilabris,Lactuca serriola,0.0,0.03,0
881,Andrena cyanophila,Lactuca serriola,0.0,0.06,0
882,Andrena melanochroa,Lactuca serriola,0.0,0.04,0
883,Andrena sp. A,Lactuca serriola,0.0,0.04,0
884,Anthophora bomboides,Lactuca serriola,0.0,0.03,0
885,Anthophora urbana,Lactuca serriola,0.0,0.03,0
886,Bombus appositus,Lactuca serriola,0.0,0.04,0
887,Bombus bifarius,Lactuca serriola,0.0,0.11,0
888,Bombus californicus,Lactuca serriola,0.0,0.06,0
889,Bombus centralis,Lactuca serriola,0.0,0.07,0
890,Bombus fernaldae,Lactuca serriola,0.0,0.03,0
891,Bombus flavifrons,Lactuca serriola,0.0,0.09,0
892,Bombus insularis,Lactuca serriola,0.0,0.06,0
893,Bombus mixtus,Lactuca serriola,0.0,0.05,0
894,Bombus vosnesenskii,Lactuca serriola,0.0,0.05,0
895,Coelioxys rufitarsis,Lactuca serriola,0.0,0.05,0
896,Halictus farinosus,Lactuca serriola,0.0,0.05,0
897,Halictus ligatus,Lactuca serriola,0.0,0.05,0
898,Halictus rubicundus,Lactuca serriola,0.0,0.03,0
899,Halictus tripartitus,Lactuca serriola,0.0,0.04,0
900,Hylaeus verticalis,Lactuca serriola,0.0,0.05,0
901,Lasioglossum cooleyi,Lactuca serriola,0.0,0.03,0
902,Lasioglossum incompletum,Lactuca serriola,1.0,0.86,1
903,Lasioglossum laevissimum,Lactuca serriola,0.0,0.04,0
904,Lasioglossum nevadense,Lactuca serriola,0.0,0.04,0
905,Lasioglossum olympiae,Lactuca serriola,0.0,0.05,0
906,Lasioglossum sedi,Lactuca serriola,0.0,0.02,0
907,Lasioglossum sp.,Lactuca serriola,0.0,0.02,0
908,Lasioglossum sp. 2,Lactuca serriola,0.0,0.06,0
909,Megachile perihirta,Lactuca serriola,0.0,0.05,0
910,Melissodes microstictus,Lactuca serriola,0.0,0.04,0
911,Osmia atrocyanea,Lactuca serriola,0.0,0.03,0
912,Osmia brevis,Lactuca serriola,0.0,0.02,0
913,Osmia bucephala,Lactuca serriola,0.0,0.03,0
914,Osmia integra,Lactuca serriola,0.0,0.03,0
915,Osmia juxta,Lactuca serriola,0.0,0.05,0
916,Osmia raritatis,Lactuca serriola,0.0,0.05,0
917,Osmia sp. 2,Lactuca serriola,0.0,0.03,0
918,Panurginus torchio,Lactuca serriola,0.0,0.03,0
919,Perdita wyomingensis,Lactuca serriola,0.0,0.03,0
920,Andrena barbilabris,Lomatium gormanii,0.0,0.16,0
921,Andrena cyanophila,Lomatium gormanii,0.0,0.28,0
922,Andrena melanochroa,Lomatium gormanii,0.0,0.15,0
923,Andrena sp. A,Lomatium gormanii,0.0,0.15,0
924,Anthophora bomboides,Lomatium gormanii,0.0,0.14,0
925,Anthophora urbana,Lomatium gormanii,0.0,0.17,0
926,Bombus appositus,Lomatium gormanii,1.0,0.47,0
927,Bombus bifarius,Lomatium gormanii,0.0,0.68,1
928,Bombus californicus,Lomatium gormanii,0.0,0.55,1
929,Bombus centralis,Lomatium gormanii,0.0,0.56,1
930,Bombus fernaldae,Lomatium gormanii,0.0,0.14,0
931,Bombus flavifrons,Lomatium gormanii,0.0,0.67,1
932,Bombus insularis,Lomatium gormanii,0.0,0.32,0
933,Bombus mixtus,Lomatium gormanii,0.0,0.35,0
934,Bombus vosnesenskii,Lomatium gormanii,0.0,0.38,0
935,Coelioxys rufitarsis,Lomatium gormanii,1.0,0.32,0
936,Halictus farinosus,Lomatium gormanii,1.0,0.39,0
937,Halictus ligatus,Lomatium gormanii,0.0,0.39,0
938,Halictus rubicundus,Lomatium gormanii,0.0,0.14,0
939,Halictus tripartitus,Lomatium gormanii,0.0,0.14,0
940,Hylaeus verticalis,Lomatium gormanii,0.0,0.24,0
941,Lasioglossum cooleyi,Lomatium gormanii,1.0,0.21,0
942,Lasioglossum incompletum,Lomatium gormanii,0.0,0.39,0
943,Lasioglossum laevissimum,Lomatium gormanii,0.0,0.26,0
944,Lasioglossum nevadense,Lomatium gormanii,0.0,0.18,0
945,Lasioglossum olympiae,Lomatium gormanii,0.0,0.5,1
946,Lasioglossum sedi,Lomatium gormanii,0.0,0.04,0
947,Lasioglossum sp.,Lomatium gormanii,0.0,0.04,0
948,Lasioglossum sp. 2,Lomatium gormanii,0.0,0.36,0
949,Megachile perihirta,Lomatium gormanii,0.0,0.34,0
950,Melissodes microstictus,Lomatium gormanii,0.0,0.21,0
951,Osmia atrocyanea,Lomatium gormanii,0.0,0.14,0
952,Osmia brevis,Lomatium gormanii,0.0,0.05,0
953,Osmia bucephala,Lomatium gormanii,0.0,0.14,0
954,Osmia integra,Lomatium gormanii,0.0,0.14,0
955,Osmia juxta,Lomatium gormanii,0.0,0.33,0
956,Osmia raritatis,Lomatium gormanii,0.0,0.23,0
957,Osmia sp. 2,Lomatium gormanii,0.0,0.14,0
958,Panurginus torchio,Lomatium gormanii,0.0,0.12,0
959,Perdita wyomingensis,Lomatium gormanii,0.0,0.15,0
960,Andrena barbilabris,Lupinus leucophyllus,0.0,0.51,1
961,Andrena cyanophila,Lupinus leucophyllus,0.0,0.56,1
962,Andrena melanochroa,Lupinus leucophyllus,0.0,0.51,1
963,Andrena sp. A,Lupinus leucophyllus,0.0,0.51,1
964,Anthophora bomboides,Lupinus leucophyllus,1.0,0.45,0
965,Anthophora urbana,Lupinus leucophyllus,0.0,0.5,1
966,Bombus appositus,Lupinus leucophyllus,1.0,0.69,1
967,Bombus bifarius,Lupinus leucophyllus,1.0,0.87,1
968,Bombus californicus,Lupinus leucophyllus,0.0,0.8,1
969,Bombus centralis,Lupinus leucophyllus,1.0,0.77,1
970,Bombus fernaldae,Lupinus leucophyllus,0.0,0.41,0
971,Bombus flavifrons,Lupinus leucophyllus,1.0,0.84,1
972,Bombus insularis,Lupinus leucophyllus,0.0,0.62,1
973,Bombus mixtus,Lupinus leucophyllus,1.0,0.62,1
974,Bombus vosnesenskii,Lupinus leucophyllus,1.0,0.65,1
975,Coelioxys rufitarsis,Lupinus leucophyllus,0.0,0.63,1
976,Halictus farinosus,Lupinus leucophyllus,0.0,0.65,1
977,Halictus ligatus,Lupinus leucophyllus,0.0,0.68,1
978,Halictus rubicundus,Lupinus leucophyllus,1.0,0.45,0
979,Halictus tripartitus,Lupinus leucophyllus,0.0,0.39,0
980,Hylaeus verticalis,Lupinus leucophyllus,0.0,0.5,0
981,Lasioglossum cooleyi,Lupinus leucophyllus,0.0,0.44,0
982,Lasioglossum incompletum,Lupinus leucophyllus,0.0,0.64,1
983,Lasioglossum laevissimum,Lupinus leucophyllus,0.0,0.59,1
984,Lasioglossum nevadense,Lupinus leucophyllus,0.0,0.51,1
985,Lasioglossum olympiae,Lupinus leucophyllus,0.0,0.72,1
986,Lasioglossum sedi,Lupinus leucophyllus,0.0,0.15,0
987,Lasioglossum sp.,Lupinus leucophyllus,0.0,0.15,0
988,Lasioglossum sp. 2,Lupinus leucophyllus,0.0,0.65,1
989,Megachile perihirta,Lupinus leucophyllus,0.0,0.63,1
990,Melissodes microstictus,Lupinus leucophyllus,0.0,0.43,0
991,Osmia atrocyanea,Lupinus leucophyllus,1.0,0.45,0
992,Osmia brevis,Lupinus leucophyllus,0.0,0.17,0
993,Osmia bucephala,Lupinus leucophyllus,1.0,0.45,0
994,Osmia integra,Lupinus leucophyllus,0.0,0.44,0
995,Osmia juxta,Lupinus leucophyllus,1.0,0.64,1
996,Osmia raritatis,Lupinus leucophyllus,0.0,0.58,1
997,Osmia sp. 2,Lupinus leucophyllus,0.0,0.44,0
998,Panurginus torchio,Lupinus leucophyllus,0.0,0.41,0
999,Perdita wyomingensis,Lupinus leucophyllus,0.0,0.47,0
1000,Andrena barbilabris,Madia gracilis,0.0,0.03,0
1001,Andrena cyanophila,Madia gracilis,0.0,0.06,0
1002,Andrena melanochroa,Madia gracilis,0.0,0.04,0
1003,Andrena sp. A,Madia gracilis,0.0,0.04,0
1004,Anthophora bomboides,Madia gracilis,0.0,0.02,0
1005,Anthophora urbana,Madia gracilis,0.0,0.03,0
1006,Bombus appositus,Madia gracilis,0.0,0.04,0
1007,Bombus bifarius,Madia gracilis,0.0,0.11,0
1008,Bombus californicus,Madia gracilis,0.0,0.06,0
1009,Bombus centralis,Madia gracilis,0.0,0.07,0
1010,Bombus fernaldae,Madia gracilis,0.0,0.03,0
1011,Bombus flavifrons,Madia gracilis,0.0,0.09,0
1012,Bombus insularis,Madia gracilis,0.0,0.06,0
1013,Bombus mixtus,Madia gracilis,0.0,0.06,0
1014,Bombus vosnesenskii,Madia gracilis,0.0,0.05,0
1015,Coelioxys rufitarsis,Madia gracilis,0.0,0.04,0
1016,Halictus farinosus,Madia gracilis,0.0,0.05,0
1017,Halictus ligatus,Madia gracilis,0.0,0.05,0
1018,Halictus rubicundus,Madia gracilis,0.0,0.03,0
1019,Halictus tripartitus,Madia gracilis,0.0,0.04,0
1020,Hylaeus verticalis,Madia gracilis,0.0,0.05,0
1021,Lasioglossum cooleyi,Madia gracilis,0.0,0.03,0
1022,Lasioglossum incompletum,Madia gracilis,0.0,0.05,0
1023,Lasioglossum laevissimum,Madia gracilis,0.0,0.04,0
1024,Lasioglossum nevadense,Madia gracilis,0.0,0.03,0
1025,Lasioglossum olympiae,Madia gracilis,0.0,0.05,0
1026,Lasioglossum sedi,Madia gracilis,0.0,0.02,0
1027,Lasioglossum sp.,Madia gracilis,0.0,0.02,0
1028,Lasioglossum sp. 2,Madia gracilis,0.0,0.06,0
1029,Megachile perihirta,Madia gracilis,1.0,0.74,1
1030,Melissodes microstictus,Madia gracilis,0.0,0.05,0
1031,Osmia atrocyanea,Madia gracilis,0.0,0.02,0
1032,Osmia brevis,Madia gracilis,0.0,0.02,0
1033,Osmia bucephala,Madia gracilis,0.0,0.03,0
1034,Osmia integra,Madia gracilis,0.0,0.03,0
1035,Osmia juxta,Madia gracilis,0.0,0.05,0
1036,Osmia raritatis,Madia gracilis,0.0,0.04,0
1037,Osmia sp. 2,Madia gracilis,0.0,0.03,0
1038,Panurginus torchio,Madia gracilis,0.0,0.03,0
1039,Perdita wyomingensis,Madia gracilis,0.0,0.03,0
1040,Andrena barbilabris,Madia sp.,0.0,0.13,0
1041,Andrena cyanophila,Madia sp.,0.0,0.24,0
1042,Andrena melanochroa,Madia sp.,0.0,0.12,0
1043,Andrena sp. A,Madia sp.,0.0,0.12,0
1044,Anthophora bomboides,Madia sp.,0.0,0.08,0
1045,Anthophora urbana,Madia sp.,0.0,0.13,0
1046,Bombus appositus,Madia sp.,0.0,0.36,0
1047,Bombus bifarius,Madia sp.,0.0,0.57,1
1048,Bombus californicus,Madia sp.,0.0,0.44,0
1049,Bombus centralis,Madia sp.,0.0,0.46,0
1050,Bombus fernaldae,Madia sp.,0.0,0.1,0
1051,Bombus flavifrons,Madia sp.,0.0,0.55,1
1052,Bombus insularis,Madia sp.,0.0,0.28,0
1053,Bombus mixtus,Madia sp.,0.0,0.28,0
1054,Bombus vosnesenskii,Madia sp.,0.0,0.28,0
1055,Coelioxys rufitarsis,Madia sp.,0.0,0.24,0
1056,Halictus farinosus,Madia sp.,0.0,0.32,0
1057,Halictus ligatus,Madia sp.,0.0,0.28,0
1058,Halictus rubicundus,Madia sp.,0.0,0.09,0
1059,Halictus tripartitus,Madia sp.,1.0,0.31,0
1060,Hylaeus verticalis,Madia sp.,0.0,0.2,0
1061,Lasioglossum cooleyi,Madia sp.,0.0,0.08,0
1062,Lasioglossum incompletum,Madia sp.,0.0,0.3,0
1063,Lasioglossum laevissimum,Madia sp.,0.0,0.21,0
1064,Lasioglossum nevadense,Madia sp.,0.0,0.15,0
1065,Lasioglossum olympiae,Madia sp.,1.0,0.42,0
1066,Lasioglossum sedi,Madia sp.,0.0,0.04,0
1067,Lasioglossum sp.,Madia sp.,0.0,0.04,0
1068,Lasioglossum sp. 2,Madia sp.,0.0,0.29,0
1069,Megachile perihirta,Madia sp.,0.0,0.28,0
1070,Melissodes microstictus,Madia sp.,0.0,0.2,0
1071,Osmia atrocyanea,Madia sp.,0.0,0.08,0
1072,Osmia brevis,Madia sp.,0.0,0.06,0
1073,Osmia bucephala,Madia sp.,0.0,0.09,0
1074,Osmia integra,Madia sp.,0.0,0.08,0
1075,Osmia juxta,Madia sp.,0.0,0.24,0
1076,Osmia raritatis,Madia sp.,0.0,0.17,0
1077,Osmia sp. 2,Madia sp.,0.0,0.08,0
1078,Panurginus torchio,Madia sp.,0.0,0.07,0
1079,Perdita wyomingensis,Madia sp.,0.0,0.12,0
1080,Andrena barbilabris,Malva neglecta,0.0,0.03,0
1081,Andrena cyanophila,Malva neglecta,0.0,0.05,0
1082,Andrena melanochroa,Malva neglecta,0.0,0.03,0
1083,Andrena sp. A,Malva neglecta,0.0,0.03,0
1084,Anthophora bomboides,Malva neglecta,0.0,0.03,0
1085,Anthophora urbana,Malva neglecta,0.0,0.03,0
1086,Bombus appositus,Malva neglecta,0.0,0.03,0
1087,Bombus bifarius,Malva neglecta,0.0,0.11,0
1088,Bombus californicus,Malva neglecta,0.0,0.06,0
1089,Bombus centralis,Malva neglecta,0.0,0.06,0
1090,Bombus fernaldae,Malva neglecta,0.0,0.03,0
1091,Bombus flavifrons,Malva neglecta,1.0,0.93,1
1092,Bombus insularis,Malva neglecta,0.0,0.05,0
1093,Bombus mixtus,Malva neglecta,0.0,0.04,0
1094,Bombus vosnesenskii,Malva neglecta,0.0,0.04,0
1095,Coelioxys rufitarsis,Malva neglecta,0.0,0.03,0
1096,Halictus farinosus,Malva neglecta,0.0,0.04,0
1097,Halictus ligatus,Malva neglecta,0.0,0.04,0
1098,Halictus rubicundus,Malva neglecta,0.0,0.03,0
1099,Halictus tripartitus,Malva neglecta,0.0,0.04,0
1100,Hylaeus verticalis,Malva neglecta,0.0,0.04,0
1101,Lasioglossum cooleyi,Malva neglecta,0.0,0.03,0
1102,Lasioglossum incompletum,Malva neglecta,0.0,0.04,0
1103,Lasioglossum laevissimum,Malva neglecta,0.0,0.04,0
1104,Lasioglossum nevadense,Malva neglecta,0.0,0.04,0
1105,Lasioglossum olympiae,Malva neglecta,0.0,0.04,0
1106,Lasioglossum sedi,Malva neglecta,0.0,0.02,0
1107,Lasioglossum sp.,Malva neglecta,0.0,0.02,0
1108,Lasioglossum sp. 2,Malva neglecta,0.0,0.04,0
1109,Megachile perihirta,Malva neglecta,0.0,0.04,0
1110,Melissodes microstictus,Malva neglecta,0.0,0.04,0
1111,Osmia atrocyanea,Malva neglecta,0.0,0.03,0
1112,Osmia brevis,Malva neglecta,0.0,0.02,0
1113,Osmia bucephala,Malva neglecta,0.0,0.03,0
1114,Osmia integra,Malva neglecta,0.0,0.03,0
1115,Osmia juxta,Malva neglecta,0.0,0.04,0
1116,Osmia raritatis,Malva neglecta,0.0,0.04,0
1117,Osmia sp. 2,Malva neglecta,0.0,0.03,0
1118,Panurginus torchio,Malva neglecta,0.0,0.02,0
1119,Perdita wyomingensis,Malva neglecta,0.0,0.03,0
1120,Andrena barbilabris,Medicago lupulina,0.0,0.03,0
1121,Andrena cyanophila,Medicago lupulina,0.0,0.05,0
1122,Andrena melanochroa,Medicago lupulina,0.0,0.04,0
1123,Andrena sp. A,Medicago lupulina,0.0,0.04,0
1124,Anthophora bomboides,Medicago lupulina,0.0,0.03,0
1125,Anthophora urbana,Medicago lupulina,0.0,0.03,0
1126,Bombus appositus,Medicago lupulina,0.0,0.03,0
1127,Bombus bifarius,Medicago lupulina,0.0,0.09,0
1128,Bombus californicus,Medicago lupulina,0.0,0.06,0
1129,Bombus centralis,Medicago lupulina,1.0,0.93,1
1130,Bombus fernaldae,Medicago lupulina,0.0,0.03,0
1131,Bombus flavifrons,Medicago lupulina,0.0,0.08,0
1132,Bombus insularis,Medicago lupulina,0.0,0.05,0
1133,Bombus mixtus,Medicago lupulina,0.0,0.04,0
1134,Bombus vosnesenskii,Medicago lupulina,0.0,0.04,0
1135,Coelioxys rufitarsis,Medicago lupulina,0.0,0.03,0
1136,Halictus farinosus,Medicago lupulina,0.0,0.04,0
1137,Halictus ligatus,Medicago lupulina,0.0,0.04,0
1138,Halictus rubicundus,Medicago lupulina,0.0,0.03,0
1139,Halictus tripartitus,Medicago lupulina,0.0,0.03,0
1140,Hylaeus verticalis,Medicago lupulina,0.0,0.05,0
1141,Lasioglossum cooleyi,Medicago lupulina,0.0,0.03,0
1142,Lasioglossum incompletum,Medicago lupulina,0.0,0.04,0
1143,Lasioglossum laevissimum,Medicago lupulina,0.0,0.04,0
1144,Lasioglossum nevadense,Medicago lupulina,0.0,0.04,0
1145,Lasioglossum olympiae,Medicago lupulina,0.0,0.04,0
1146,Lasioglossum sedi,Medicago lupulina,0.0,0.02,0
1147,Lasioglossum sp.,Medicago lupulina,0.0,0.02,0
1148,Lasioglossum sp. 2,Medicago lupulina,0.0,0.04,0
1149,Megachile perihirta,Medicago lupulina,0.0,0.04,0
1150,Melissodes microstictus,Medicago lupulina,0.0,0.04,0
1151,Osmia atrocyanea,Medicago lupulina,0.0,0.03,0
1152,Osmia brevis,Medicago lupulina,0.0,0.02,0
1153,Osmia bucephala,Medicago lupulina,0.0,0.03,0
1154,Osmia integra,Medicago lupulina,0.0,0.03,0
1155,Osmia juxta,Medicago lupulina,0.0,0.04,0
1156,Osmia raritatis,Medicago lupulina,0.0,0.04,0
1157,Osmia sp. 2,Medicago lupulina,0.0,0.03,0
1158,Panurginus torchio,Medicago lupulina,0.0,0.03,0
1159,Perdita wyomingensis,Medicago lupulina,0.0,0.03,0
1160,Andrena barbilabris,Melilotus officinalis,0.0,0.03,0
1161,Andrena cyanophila,Melilotus officinalis,0.0,0.06,0
1162,Andrena melanochroa,Melilotus officinalis,0.0,0.04,0
1163,Andrena sp. A,Melilotus officinalis,0.0,0.04,0
1164,Anthophora bomboides,Melilotus officinalis,0.0,0.02,0
1165,Anthophora urbana,Melilotus officinalis,0.0,0.03,0
1166,Bombus appositus,Melilotus officinalis,0.0,0.04,0
1167,Bombus bifarius,Melilotus officinalis,0.0,0.11,0
1168,Bombus californicus,Melilotus officinalis,0.0,0.06,0
1169,Bombus centralis,Melilotus officinalis,0.0,0.07,0
1170,Bombus fernaldae,Melilotus officinalis,0.0,0.03,0
1171,Bombus flavifrons,Melilotus officinalis,0.0,0.09,0
1172,Bombus insularis,Melilotus officinalis,0.0,0.06,0
1173,Bombus mixtus,Melilotus officinalis,0.0,0.05,0
1174,Bombus vosnesenskii,Melilotus officinalis,0.0,0.04,0
1175,Coelioxys rufitarsis,Melilotus officinalis,0.0,0.04,0
1176,Halictus farinosus,Melilotus officinalis,1.0,0.86,1
1177,Halictus ligatus,Melilotus officinalis,0.0,0.05,0
1178,Halictus rubicundus,Melilotus officinalis,0.0,0.03,0
1179,Halictus tripartitus,Melilotus officinalis,0.0,0.04,0
1180,Hylaeus verticalis,Melilotus officinalis,0.0,0.05,0
1181,Lasioglossum cooleyi,Melilotus officinalis,0.0,0.03,0
1182,Lasioglossum incompletum,Melilotus officinalis,0.0,0.05,0
1183,Lasioglossum laevissimum,Melilotus officinalis,0.0,0.04,0
1184,Lasioglossum nevadense,Melilotus officinalis,0.0,0.04,0
1185,Lasioglossum olympiae,Melilotus officinalis,0.0,0.05,0
1186,Lasioglossum sedi,Melilotus officinalis,0.0,0.02,0
1187,Lasioglossum sp.,Melilotus officinalis,0.0,0.02,0
1188,Lasioglossum sp. 2,Melilotus officinalis,0.0,0.06,0
1189,Megachile perihirta,Melilotus officinalis,0.0,0.05,0
1190,Melissodes microstictus,Melilotus officinalis,0.0,0.04,0
1191,Osmia atrocyanea,Melilotus officinalis,0.0,0.02,0
1192,Osmia brevis,Melilotus officinalis,0.0,0.02,0
1193,Osmia bucephala,Melilotus officinalis,0.0,0.03,0
1194,Osmia integra,Melilotus officinalis,0.0,0.03,0
1195,Osmia juxta,Melilotus officinalis,0.0,0.05,0
1196,Osmia raritatis,Melilotus officinalis,0.0,0.05,0
1197,Osmia sp. 2,Melilotus officinalis,0.0,0.03,0
1198,Panurginus torchio,Melilotus officinalis,0.0,0.03,0
1199,Perdita wyomingensis,Melilotus officinalis,0.0,0.03,0
1200,Andrena barbilabris,Mentha arvensis,0.0,0.03,0
1201,Andrena cyanophila,Mentha arvensis,0.0,0.06,0
1202,Andrena melanochroa,Mentha arvensis,0.0,0.04,0
1203,Andrena sp. A,Mentha arvensis,0.0,0.04,0
1204,Anthophora bomboides,Mentha arvensis,0.0,0.03,0
1205,Anthophora urbana,Mentha arvensis,0.0,0.03,0
1206,Bombus appositus,Mentha arvensis,0.0,0.04,0
1207,Bombus bifarius,Mentha arvensis,0.0,0.11,0
1208,Bombus californicus,Mentha arvensis,0.0,0.06,0
1209,Bombus centralis,Mentha arvensis,0.0,0.07,0
1210,Bombus fernaldae,Mentha arvensis,0.0,0.03,0
1211,Bombus flavifrons,Mentha arvensis,0.0,0.09,0
1212,Bombus insularis,Mentha arvensis,0.0,0.06,0
1213,Bombus mixtus,Mentha arvensis,0.0,0.05,0
1214,Bombus vosnesenskii,Mentha arvensis,0.0,0.05,0
1215,Coelioxys rufitarsis,Mentha arvensis,0.0,0.05,0
1216,Halictus farinosus,Mentha arvensis,0.0,0.05,0
1217,Halictus ligatus,Mentha arvensis,0.0,0.05,0
1218,Halictus rubicundus,Mentha arvensis,0.0,0.03,0
1219,Halictus tripartitus,Mentha arvensis,0.0,0.04,0
1220,Hylaeus verticalis,Mentha arvensis,0.0,0.05,0
1221,Lasioglossum cooleyi,Mentha arvensis,0.0,0.03,0
1222,Lasioglossum incompletum,Mentha arvensis,1.0,0.86,1
1223,Lasioglossum laevissimum,Mentha arvensis,0.0,0.04,0
1224,Lasioglossum nevadense,Mentha arvensis,0.0,0.04,0
1225,Lasioglossum olympiae,Mentha arvensis,0.0,0.05,0
1226,Lasioglossum sedi,Mentha arvensis,0.0,0.02,0
1227,Lasioglossum sp.,Mentha arvensis,0.0,0.02,0
1228,Lasioglossum sp. 2,Mentha arvensis,0.0,0.06,0
1229,Megachile perihirta,Mentha arvensis,0.0,0.05,0
1230,Melissodes microstictus,Mentha arvensis,0.0,0.04,0
1231,Osmia atrocyanea,Mentha arvensis,0.0,0.03,0
1232,Osmia brevis,Mentha arvensis,0.0,0.02,0
1233,Osmia bucephala,Mentha arvensis,0.0,0.03,0
1234,Osmia integra,Mentha arvensis,0.0,0.03,0
1235,Osmia juxta,Mentha arvensis,0.0,0.05,0
1236,Osmia raritatis,Mentha arvensis,0.0,0.05,0
1237,Osmia sp. 2,Mentha arvensis,0.0,0.03,0
1238,Panurginus torchio,Mentha arvensis,0.0,0.03,0
1239,Perdita wyomingensis,Mentha arvensis,0.0,0.03,0
1240,Andrena barbilabris,Microseris nutans,0.0,0.03,0
1241,Andrena cyanophila,Microseris nutans,0.0,0.04,0
1242,Andrena melanochroa,Microseris nutans,0.0,0.03,0
1243,Andrena sp. A,Microseris nutans,0.0,0.03,0
1244,Anthophora bomboides,Microseris nutans,0.0,0.02,0
1245,Anthophora urbana,Microseris nutans,0.0,0.03,0
1246,Bombus appositus,Microseris nutans,0.0,0.03,0
1247,Bombus bifarius,Microseris nutans,0.0,0.08,0
1248,Bombus californicus,Microseris nutans,0.0,0.04,0
1249,Bombus centralis,Microseris nutans,0.0,0.05,0
1250,Bombus fernaldae,Microseris nutans,0.0,0.03,0
1251,Bombus flavifrons,Microseris nutans,0.0,0.07,0
1252,Bombus insularis,Microseris nutans,0.0,0.05,0
1253,Bombus mixtus,Microseris nutans,0.0,0.04,0
1254,Bombus vosnesenskii,Microseris nutans,0.0,0.04,0
1255,Coelioxys rufitarsis,Microseris nutans,0.0,0.04,0
1256,Halictus farinosus,Microseris nutans,0.0,0.05,0
1257,Halictus ligatus,Microseris nutans,0.0,0.04,0
1258,Halictus rubicundus,Microseris nutans,0.0,0.02,0
1259,Halictus tripartitus,Microseris nutans,0.0,0.03,0
1260,Hylaeus verticalis,Microseris nutans,0.0,0.04,0
1261,Lasioglossum cooleyi,Microseris nutans,0.0,0.03,0
1262,Lasioglossum incompletum,Microseris nutans,0.0,0.04,0
1263,Lasioglossum laevissimum,Microseris nutans,0.0,0.03,0
1264,Lasioglossum nevadense,Microseris nutans,0.0,0.03,0
1265,Lasioglossum olympiae,Microseris nutans,1.0,0.94,1
1266,Lasioglossum sedi,Microseris nutans,0.0,0.02,0
1267,Lasioglossum sp.,Microseris nutans,0.0,0.02,0
1268,Lasioglossum sp. 2,Microseris nutans,0.0,0.05,0
1269,Megachile perihirta,Microseris nutans,0.0,0.04,0
1270,Melissodes microstictus,Microseris nutans,0.0,0.04,0
1271,Osmia atrocyanea,Microseris nutans,0.0,0.02,0
1272,Osmia brevis,Microseris nutans,0.0,0.02,0
1273,Osmia bucephala,Microseris nutans,0.0,0.02,0
1274,Osmia integra,Microseris nutans,0.0,0.02,0
1275,Osmia juxta,Microseris nutans,0.0,0.04,0
1276,Osmia raritatis,Microseris nutans,0.0,0.04,0
1277,Osmia sp. 2,Microseris nutans,0.0,0.03,0
1278,Panurginus torchio,Microseris nutans,0.0,0.02,0
1279,Perdita wyomingensis,Microseris nutans,0.0,0.03,0
1280,Andrena barbilabris,Monardella odoratissima,0.0,0.25,0
1281,Andrena cyanophila,Monardella odoratissima,0.0,0.35,0
1282,Andrena melanochroa,Monardella odoratissima,0.0,0.22,0
1283,Andrena sp. A,Monardella odoratissima,0.0,0.22,0
1284,Anthophora bomboides,Monardella odoratissima,0.0,0.22,0
1285,Anthophora urbana,Monardella odoratissima,0.0,0.26,0
1286,Bombus appositus,Monardella odoratissima,1.0,0.55,1
1287,Bombus bifarius,Monardella odoratissima,1.0,0.79,1
1288,Bombus californicus,Monardella odoratissima,1.0,0.65,1
1289,Bombus centralis,Monardella odoratissima,1.0,0.65,1
1290,Bombus fernaldae,Monardella odoratissima,0.0,0.18,0
1291,Bombus flavifrons,Monardella odoratissima,1.0,0.77,1
1292,Bombus insularis,Monardella odoratissima,0.0,0.41,0
1293,Bombus mixtus,Monardella odoratissima,0.0,0.44,0
1294,Bombus vosnesenskii,Monardella odoratissima,0.0,0.49,0
1295,Coelioxys rufitarsis,Monardella odoratissima,0.0,0.41,0
1296,Halictus farinosus,Monardella odoratissima,0.0,0.48,0
1297,Halictus ligatus,Monardella odoratissima,0.0,0.5,0
1298,Halictus rubicundus,Monardella odoratissima,0.0,0.21,0
1299,Halictus tripartitus,Monardella odoratissima,0.0,0.18,0
1300,Hylaeus verticalis,Monardella odoratissima,0.0,0.26,0
1301,Lasioglossum cooleyi,Monardella odoratissima,0.0,0.21,0
1302,Lasioglossum incompletum,Monardella odoratissima,0.0,0.48,0
1303,Lasioglossum laevissimum,Monardella odoratissima,0.0,0.38,0
1304,Lasioglossum nevadense,Monardella odoratissima,1.0,0.26,0
1305,Lasioglossum olympiae,Monardella odoratissima,0.0,0.55,1
1306,Lasioglossum sedi,Monardella odoratissima,0.0,0.06,0
1307,Lasioglossum sp.,Monardella odoratissima,0.0,0.06,0
1308,Lasioglossum sp. 2,Monardella odoratissima,0.0,0.46,0
1309,Megachile perihirta,Monardella odoratissima,0.0,0.42,0
1310,Melissodes microstictus,Monardella odoratissima,0.0,0.24,0
1311,Osmia atrocyanea,Monardella odoratissima,0.0,0.22,0
1312,Osmia brevis,Monardella odoratissima,0.0,0.07,0
1313,Osmia bucephala,Monardella odoratissima,0.0,0.21,0
1314,Osmia integra,Monardella odoratissima,0.0,0.21,0
1315,Osmia juxta,Monardella odoratissima,0.0,0.43,0
1316,Osmia raritatis,Monardella odoratissima,0.0,0.34,0
1317,Osmia sp. 2,Monardella odoratissima,0.0,0.21,0
1318,Panurginus torchio,Monardella odoratissima,0.0,0.18,0
1319,Perdita wyomingensis,Monardella odoratissima,0.0,0.22,0
1320,Andrena barbilabris,Myosurus minimus,0.0,0.08,0
1321,Andrena cyanophila,Myosurus minimus,0.0,0.16,0
1322,Andrena melanochroa,Myosurus minimus,0.0,0.07,0
1323,Andrena sp. A,Myosurus minimus,0.0,0.07,0
1324,Anthophora bomboides,Myosurus minimus,0.0,0.05,0
1325,Anthophora urbana,Myosurus minimus,0.0,0.08,0
1326,Bombus appositus,Myosurus minimus,0.0,0.35,0
1327,Bombus bifarius,Myosurus minimus,0.0,0.55,1
1328,Bombus californicus,Myosurus minimus,1.0,0.45,0
1329,Bombus centralis,Myosurus minimus,1.0,0.46,0
1330,Bombus fernaldae,Myosurus minimus,0.0,0.06,0
1331,Bombus flavifrons,Myosurus minimus,0.0,0.54,1
1332,Bombus insularis,Myosurus minimus,0.0,0.23,0
1333,Bombus mixtus,Myosurus minimus,0.0,0.26,0
1334,Bombus vosnesenskii,Myosurus minimus,0.0,0.25,0
1335,Coelioxys rufitarsis,Myosurus minimus,0.0,0.19,0
1336,Halictus farinosus,Myosurus minimus,0.0,0.28,0
1337,Halictus ligatus,Myosurus minimus,0.0,0.26,0
1338,Halictus rubicundus,Myosurus minimus,0.0,0.06,0
1339,Halictus tripartitus,Myosurus minimus,0.0,0.1,0
1340,Hylaeus verticalis,Myosurus minimus,0.0,0.15,0
1341,Lasioglossum cooleyi,Myosurus minimus,0.0,0.06,0
1342,Lasioglossum incompletum,Myosurus minimus,0.0,0.28,0
1343,Lasioglossum laevissimum,Myosurus minimus,0.0,0.17,0
1344,Lasioglossum nevadense,Myosurus minimus,0.0,0.11,0
1345,Lasioglossum olympiae,Myosurus minimus,0.0,0.4,0
1346,Lasioglossum sedi,Myosurus minimus,0.0,0.03,0
1347,Lasioglossum sp.,Myosurus minimus,0.0,0.03,0
1348,Lasioglossum sp. 2,Myosurus minimus,0.0,0.28,0
1349,Megachile perihirta,Myosurus minimus,0.0,0.22,0
1350,Melissodes microstictus,Myosurus minimus,0.0,0.12,0
1351,Osmia atrocyanea,Myosurus minimus,0.0,0.05,0
1352,Osmia brevis,Myosurus minimus,0.0,0.03,0
1353,Osmia bucephala,Myosurus minimus,0.0,0.06,0
1354,Osmia integra,Myosurus minimus,0.0,0.06,0
1355,Osmia juxta,Myosurus minimus,0.0,0.21,0
1356,Osmia raritatis,Myosurus minimus,0.0,0.13,0
1357,Osmia sp. 2,Myosurus minimus,0.0,0.06,0
1358,Panurginus torchio,Myosurus minimus,0.0,0.05,0
1359,Perdita wyomingensis,Myosurus minimus,0.0,0.07,0
1360,Andrena barbilabris,Nemophila breviflora,0.0,0.07,0
1361,Andrena cyanophila,Nemophila breviflora,0.0,0.16,0
1362,Andrena melanochroa,Nemophila breviflora,0.0,0.07,0
1363,Andrena sp. A,Nemophila breviflora,0.0,0.07,0
1364,Anthophora bomboides,Nemophila breviflora,0.0,0.05,0
1365,Anthophora urbana,Nemophila breviflora,0.0,0.08,0
1366,Bombus appositus,Nemophila breviflora,0.0,0.36,0
1367,Bombus bifarius,Nemophila breviflora,0.0,0.52,1
1368,Bombus californicus,Nemophila breviflora,0.0,0.43,0
1369,Bombus centralis,Nemophila breviflora,1.0,0.48,0
1370,Bombus fernaldae,Nemophila breviflora,0.0,0.05,0
1371,Bombus flavifrons,Nemophila breviflora,0.0,0.53,1
1372,Bombus insularis,Nemophila breviflora,0.0,0.22,0
1373,Bombus mixtus,Nemophila breviflora,0.0,0.27,0
1374,Bombus vosnesenskii,Nemophila breviflora,1.0,0.3,0
1375,Coelioxys rufitarsis,Nemophila breviflora,0.0,0.18,0
1376,Halictus farinosus,Nemophila breviflora,0.0,0.29,0
1377,Halictus ligatus,Nemophila breviflora,0.0,0.27,0
1378,Halictus rubicundus,Nemophila breviflora,0.0,0.05,0
1379,Halictus tripartitus,Nemophila breviflora,0.0,0.09,0
1380,Hylaeus verticalis,Nemophila breviflora,0.0,0.12,0
1381,Lasioglossum cooleyi,Nemophila breviflora,0.0,0.06,0
1382,Lasioglossum incompletum,Nemophila breviflora,0.0,0.29,0
1383,Lasioglossum laevissimum,Nemophila breviflora,0.0,0.16,0
1384,Lasioglossum nevadense,Nemophila breviflora,0.0,0.1,0
1385,Lasioglossum olympiae,Nemophila breviflora,0.0,0.39,0
1386,Lasioglossum sedi,Nemophila breviflora,0.0,0.03,0
1387,Lasioglossum sp.,Nemophila breviflora,0.0,0.03,0
1388,Lasioglossum sp. 2,Nemophila breviflora,0.0,0.28,0
1389,Megachile perihirta,Nemophila breviflora,0.0,0.22,0
1390,Melissodes microstictus,Nemophila breviflora,0.0,0.1,0
1391,Osmia atrocyanea,Nemophila breviflora,0.0,0.05,0
1392,Osmia brevis,Nemophila breviflora,0.0,0.03,0
1393,Osmia bucephala,Nemophila breviflora,0.0,0.05,0
1394,Osmia integra,Nemophila breviflora,0.0,0.05,0
1395,Osmia juxta,Nemophila breviflora,0.0,0.23,0
1396,Osmia raritatis,Nemophila breviflora,0.0,0.13,0
1397,Osmia sp. 2,Nemophila breviflora,0.0,0.06,0
1398,Panurginus torchio,Nemophila breviflora,0.0,0.04,0
1399,Perdita wyomingensis,Nemophila breviflora,0.0,0.07,0
1400,Andrena barbilabris,Packera pseudaurea,0.0,0.03,0
1401,Andrena cyanophila,Packera pseudaurea,0.0,0.05,0
1402,Andrena melanochroa,Packera pseudaurea,0.0,0.03,0
1403,Andrena sp. A,Packera pseudaurea,0.0,0.03,0
1404,Anthophora bomboides,Packera pseudaurea,0.0,0.03,0
1405,Anthophora urbana,Packera pseudaurea,0.0,0.04,0
1406,Bombus appositus,Packera pseudaurea,0.0,0.04,0
1407,Bombus bifarius,Packera pseudaurea,1.0,0.94,1
1408,Bombus californicus,Packera pseudaurea,0.0,0.06,0
1409,Bombus centralis,Packera pseudaurea,0.0,0.06,0
1410,Bombus fernaldae,Packera pseudaurea,0.0,0.03,0
1411,Bombus flavifrons,Packera pseudaurea,0.0,0.1,0
1412,Bombus insularis,Packera pseudaurea,0.0,0.05,0
1413,Bombus mixtus,Packera pseudaurea,0.0,0.04,0
1414,Bombus vosnesenskii,Packera pseudaurea,0.0,0.04,0
1415,Coelioxys rufitarsis,Packera pseudaurea,0.0,0.03,0
1416,Halictus farinosus,Packera pseudaurea,0.0,0.04,0
1417,Halictus ligatus,Packera pseudaurea,0.0,0.04,0
1418,Halictus rubicundus,Packera pseudaurea,0.0,0.03,0
1419,Halictus tripartitus,Packera pseudaurea,0.0,0.03,0
1420,Hylaeus verticalis,Packera pseudaurea,0.0,0.04,0
1421,Lasioglossum cooleyi,Packera pseudaurea,0.0,0.03,0
1422,Lasioglossum incompletum,Packera pseudaurea,0.0,0.04,0
1423,Lasioglossum laevissimum,Packera pseudaurea,0.0,0.04,0
1424,Lasioglossum nevadense,Packera pseudaurea,0.0,0.04,0
1425,Lasioglossum olympiae,Packera pseudaurea,0.0,0.05,0
1426,Lasioglossum sedi,Packera pseudaurea,0.0,0.02,0
1427,Lasioglossum sp.,Packera pseudaurea,0.0,0.02,0
1428,Lasioglossum sp. 2,Packera pseudaurea,0.0,0.04,0
1429,Megachile perihirta,Packera pseudaurea,0.0,0.04,0
1430,Melissodes microstictus,Packera pseudaurea,0.0,0.04,0
1431,Osmia atrocyanea,Packera pseudaurea,0.0,0.03,0
1432,Osmia brevis,Packera pseudaurea,0.0,0.02,0
1433,Osmia bucephala,Packera pseudaurea,0.0,0.03,0
1434,Osmia integra,Packera pseudaurea,0.0,0.03,0
1435,Osmia juxta,Packera pseudaurea,0.0,0.04,0
1436,Osmia raritatis,Packera pseudaurea,0.0,0.04,0
1437,Osmia sp. 2,Packera pseudaurea,0.0,0.03,0
1438,Panurginus torchio,Packera pseudaurea,0.0,0.03,0
1439,Perdita wyomingensis,Packera pseudaurea,0.0,0.03,0
1440,Andrena barbilabris,Pedicularis groenlandica,0.0,0.03,0
1441,Andrena cyanophila,Pedicularis groenlandica,0.0,0.05,0
1442,Andrena melanochroa,Pedicularis groenlandica,0.0,0.03,0
1443,Andrena sp. A,Pedicularis groenlandica,0.0,0.03,0
1444,Anthophora bomboides,Pedicularis groenlandica,0.0,0.03,0
1445,Anthophora urbana,Pedicularis groenlandica,0.0,0.03,0
1446,Bombus appositus,Pedicularis groenlandica,0.0,0.03,0
1447,Bombus bifarius,Pedicularis groenlandica,0.0,0.11,0
1448,Bombus californicus,Pedicularis groenlandica,0.0,0.06,0
1449,Bombus centralis,Pedicularis groenlandica,0.0,0.06,0
1450,Bombus fernaldae,Pedicularis groenlandica,0.0,0.03,0
1451,Bombus flavifrons,Pedicularis groenlandica,1.0,0.93,1
1452,Bombus insularis,Pedicularis groenlandica,0.0,0.05,0
1453,Bombus mixtus,Pedicularis groenlandica,0.0,0.04,0
1454,Bombus vosnesenskii,Pedicularis groenlandica,0.0,0.04,0
1455,Coelioxys rufitarsis,Pedicularis groenlandica,0.0,0.03,0
1456,Halictus farinosus,Pedicularis groenlandica,0.0,0.04,0
1457,Halictus ligatus,Pedicularis groenlandica,0.0,0.04,0
1458,Halictus rubicundus,Pedicularis groenlandica,0.0,0.03,0
1459,Halictus tripartitus,Pedicularis groenlandica,0.0,0.04,0
1460,Hylaeus verticalis,Pedicularis groenlandica,0.0,0.04,0
1461,Lasioglossum cooleyi,Pedicularis groenlandica,0.0,0.03,0
1462,Lasioglossum incompletum,Pedicularis groenlandica,0.0,0.04,0
1463,Lasioglossum laevissimum,Pedicularis groenlandica,0.0,0.04,0
1464,Lasioglossum nevadense,Pedicularis groenlandica,0.0,0.04,0
1465,Lasioglossum olympiae,Pedicularis groenlandica,0.0,0.04,0
1466,Lasioglossum sedi,Pedicularis groenlandica,0.0,0.02,0
1467,Lasioglossum sp.,Pedicularis groenlandica,0.0,0.02,0
1468,Lasioglossum sp. 2,Pedicularis groenlandica,0.0,0.04,0
1469,Megachile perihirta,Pedicularis groenlandica,0.0,0.04,0
1470,Melissodes microstictus,Pedicularis groenlandica,0.0,0.04,0
1471,Osmia atrocyanea,Pedicularis groenlandica,0.0,0.03,0
1472,Osmia brevis,Pedicularis groenlandica,0.0,0.02,0
1473,Osmia bucephala,Pedicularis groenlandica,0.0,0.03,0
1474,Osmia integra,Pedicularis groenlandica,0.0,0.03,0
1475,Osmia juxta,Pedicularis groenlandica,0.0,0.04,0
1476,Osmia raritatis,Pedicularis groenlandica,0.0,0.04,0
1477,Osmia sp. 2,Pedicularis groenlandica,0.0,0.03,0
1478,Panurginus torchio,Pedicularis groenlandica,0.0,0.02,0
1479,Perdita wyomingensis,Pedicularis groenlandica,0.0,0.03,0
1480,Andrena barbilabris,Penstemon confertus,0.0,0.53,1
1481,Andrena cyanophila,Penstemon confertus,0.0,0.58,1
1482,Andrena melanochroa,Penstemon confertus,0.0,0.52,1
1483,Andrena sp. A,Penstemon confertus,0.0,0.52,1
1484,Anthophora bomboides,Penstemon confertus,1.0,0.46,0
1485,Anthophora urbana,Penstemon confertus,0.0,0.5,1
1486,Bombus appositus,Penstemon confertus,0.0,0.71,1
1487,Bombus bifarius,Penstemon confertus,1.0,0.86,1
1488,Bombus californicus,Penstemon confertus,1.0,0.79,1
1489,Bombus centralis,Penstemon confertus,1.0,0.78,1
1490,Bombus fernaldae,Penstemon confertus,0.0,0.41,0
1491,Bombus flavifrons,Penstemon confertus,1.0,0.84,1
1492,Bombus insularis,Penstemon confertus,0.0,0.63,1
1493,Bombus mixtus,Penstemon confertus,1.0,0.64,1
1494,Bombus vosnesenskii,Penstemon confertus,0.0,0.67,1
1495,Coelioxys rufitarsis,Penstemon confertus,0.0,0.65,1
1496,Halictus farinosus,Penstemon confertus,0.0,0.66,1
1497,Halictus ligatus,Penstemon confertus,0.0,0.7,1
1498,Halictus rubicundus,Penstemon confertus,0.0,0.45,0
1499,Halictus tripartitus,Penstemon confertus,0.0,0.4,0
1500,Hylaeus verticalis,Penstemon confertus,0.0,0.51,1
1501,Lasioglossum cooleyi,Penstemon confertus,0.0,0.44,0
1502,Lasioglossum incompletum,Penstemon confertus,0.0,0.66,1
1503,Lasioglossum laevissimum,Penstemon confertus,0.0,0.61,1
1504,Lasioglossum nevadense,Penstemon confertus,0.0,0.52,1
1505,Lasioglossum olympiae,Penstemon confertus,0.0,0.73,1
1506,Lasioglossum sedi,Penstemon confertus,0.0,0.16,0
1507,Lasioglossum sp.,Penstemon confertus,0.0,0.16,0
1508,Lasioglossum sp. 2,Penstemon confertus,1.0,0.65,1
1509,Megachile perihirta,Penstemon confertus,0.0,0.64,1
1510,Melissodes microstictus,Penstemon confertus,0.0,0.45,0
1511,Osmia atrocyanea,Penstemon confertus,1.0,0.46,0
1512,Osmia brevis,Penstemon confertus,1.0,0.89,1
1513,Osmia bucephala,Penstemon confertus,0.0,0.45,0
1514,Osmia integra,Penstemon confertus,1.0,0.46,0
1515,Osmia juxta,Penstemon confertus,1.0,0.65,1
1516,Osmia raritatis,Penstemon confertus,0.0,0.59,1
1517,Osmia sp. 2,Penstemon confertus,0.0,0.44,0
1518,Panurginus torchio,Penstemon confertus,0.0,0.43,0
1519,Perdita wyomingensis,Penstemon confertus,0.0,0.47,0
1520,Andrena barbilabris,Physocarpus malvaceus,0.0,0.08,0
1521,Andrena cyanophila,Physocarpus malvaceus,0.0,0.17,0
1522,Andrena melanochroa,Physocarpus malvaceus,0.0,0.07,0
1523,Andrena sp. A,Physocarpus malvaceus,0.0,0.07,0
1524,Anthophora bomboides,Physocarpus malvaceus,0.0,0.05,0
1525,Anthophora urbana,Physocarpus malvaceus,0.0,0.06,0
1526,Bombus appositus,Physocarpus malvaceus,0.0,0.35,0
1527,Bombus bifarius,Physocarpus malvaceus,0.0,0.56,1
1528,Bombus californicus,Physocarpus malvaceus,0.0,0.43,0
1529,Bombus centralis,Physocarpus malvaceus,0.0,0.45,0
1530,Bombus fernaldae,Physocarpus malvaceus,0.0,0.06,0
1531,Bombus flavifrons,Physocarpus malvaceus,0.0,0.55,1
1532,Bombus insularis,Physocarpus malvaceus,0.0,0.19,0
1533,Bombus mixtus,Physocarpus malvaceus,0.0,0.24,0
1534,Bombus vosnesenskii,Physocarpus malvaceus,0.0,0.25,0
1535,Coelioxys rufitarsis,Physocarpus malvaceus,0.0,0.18,0
1536,Halictus farinosus,Physocarpus malvaceus,0.0,0.23,0
1537,Halictus ligatus,Physocarpus malvaceus,0.0,0.27,0
1538,Halictus rubicundus,Physocarpus malvaceus,0.0,0.05,0
1539,Halictus tripartitus,Physocarpus malvaceus,0.0,0.08,0
1540,Hylaeus verticalis,Physocarpus malvaceus,0.0,0.13,0
1541,Lasioglossum cooleyi,Physocarpus malvaceus,0.0,0.05,0
1542,Lasioglossum incompletum,Physocarpus malvaceus,0.0,0.27,0
1543,Lasioglossum laevissimum,Physocarpus malvaceus,0.0,0.15,0
1544,Lasioglossum nevadense,Physocarpus malvaceus,0.0,0.09,0
1545,Lasioglossum olympiae,Physocarpus malvaceus,1.0,0.43,0
1546,Lasioglossum sedi,Physocarpus malvaceus,0.0,0.03,0
1547,Lasioglossum sp.,Physocarpus malvaceus,0.0,0.03,0
1548,Lasioglossum sp. 2,Physocarpus malvaceus,1.0,0.32,0
1549,Megachile perihirta,Physocarpus malvaceus,0.0,0.21,0
1550,Melissodes microstictus,Physocarpus malvaceus,0.0,0.09,0
1551,Osmia atrocyanea,Physocarpus malvaceus,0.0,0.05,0
1552,Osmia brevis,Physocarpus malvaceus,0.0,0.03,0
1553,Osmia bucephala,Physocarpus malvaceus,0.0,0.05,0
1554,Osmia integra,Physocarpus malvaceus,0.0,0.06,0
1555,Osmia juxta,Physocarpus malvaceus,0.0,0.21,0
1556,Osmia raritatis,Physocarpus malvaceus,0.0,0.11,0
1557,Osmia sp. 2,Physocarpus malvaceus,0.0,0.05,0
1558,Panurginus torchio,Physocarpus malvaceus,0.0,0.05,0
1559,Perdita wyomingensis,Physocarpus malvaceus,0.0,0.07,0
1560,Andrena barbilabris,Polemonium occidentale,0.0,0.03,0
1561,Andrena cyanophila,Polemonium occidentale,0.0,0.05,0
1562,Andrena melanochroa,Polemonium occidentale,0.0,0.03,0
1563,Andrena sp. A,Polemonium occidentale,0.0,0.03,0
1564,Anthophora bomboides,Polemonium occidentale,0.0,0.03,0
1565,Anthophora urbana,Polemonium occidentale,0.0,0.03,0
1566,Bombus appositus,Polemonium occidentale,0.0,0.03,0
1567,Bombus bifarius,Polemonium occidentale,0.0,0.11,0
1568,Bombus californicus,Polemonium occidentale,0.0,0.06,0
1569,Bombus centralis,Polemonium occidentale,0.0,0.06,0
1570,Bombus fernaldae,Polemonium occidentale,0.0,0.03,0
1571,Bombus flavifrons,Polemonium occidentale,1.0,0.93,1
1572,Bombus insularis,Polemonium occidentale,0.0,0.05,0
1573,Bombus mixtus,Polemonium occidentale,0.0,0.04,0
1574,Bombus vosnesenskii,Polemonium occidentale,0.0,0.04,0
1575,Coelioxys rufitarsis,Polemonium occidentale,0.0,0.03,0
1576,Halictus farinosus,Polemonium occidentale,0.0,0.04,0
1577,Halictus ligatus,Polemonium occidentale,0.0,0.04,0
1578,Halictus rubicundus,Polemonium occidentale,0.0,0.03,0
1579,Halictus tripartitus,Polemonium occidentale,0.0,0.04,0
1580,Hylaeus verticalis,Polemonium occidentale,0.0,0.04,0
1581,Lasioglossum cooleyi,Polemonium occidentale,0.0,0.03,0
1582,Lasioglossum incompletum,Polemonium occidentale,0.0,0.04,0
1583,Lasioglossum laevissimum,Polemonium occidentale,0.0,0.04,0
1584,Lasioglossum nevadense,Polemonium occidentale,0.0,0.04,0
1585,Lasioglossum olympiae,Polemonium occidentale,0.0,0.04,0
1586,Lasioglossum sedi,Polemonium occidentale,0.0,0.02,0
1587,Lasioglossum sp.,Polemonium occidentale,0.0,0.02,0
1588,Lasioglossum sp. 2,Polemonium occidentale,0.0,0.04,0
1589,Megachile perihirta,Polemonium occidentale,0.0,0.04,0
1590,Melissodes microstictus,Polemonium occidentale,0.0,0.04,0
1591,Osmia atrocyanea,Polemonium occidentale,0.0,0.03,0
1592,Osmia brevis,Polemonium occidentale,0.0,0.02,0
1593,Osmia bucephala,Polemonium occidentale,0.0,0.03,0
1594,Osmia integra,Polemonium occidentale,0.0,0.03,0
1595,Osmia juxta,Polemonium occidentale,0.0,0.04,0
1596,Osmia raritatis,Polemonium occidentale,0.0,0.04,0
1597,Osmia sp. 2,Polemonium occidentale,0.0,0.03,0
1598,Panurginus torchio,Polemonium occidentale,0.0,0.02,0
1599,Perdita wyomingensis,Polemonium occidentale,0.0,0.03,0
1600,Andrena barbilabris,Polygonum minimum,0.0,0.08,0
1601,Andrena cyanophila,Polygonum minimum,0.0,0.16,0
1602,Andrena melanochroa,Polygonum minimum,0.0,0.07,0
1603,Andrena sp. A,Polygonum minimum,0.0,0.07,0
1604,Anthophora bomboides,Polygonum minimum,0.0,0.05,0
1605,Anthophora urbana,Polygonum minimum,0.0,0.08,0
1606,Bombus appositus,Polygonum minimum,0.0,0.35,0
1607,Bombus bifarius,Polygonum minimum,0.0,0.56,1
1608,Bombus californicus,Polygonum minimum,0.0,0.43,0
1609,Bombus centralis,Polygonum minimum,1.0,0.48,0
1610,Bombus fernaldae,Polygonum minimum,0.0,0.06,0
1611,Bombus flavifrons,Polygonum minimum,0.0,0.55,1
1612,Bombus insularis,Polygonum minimum,0.0,0.24,0
1613,Bombus mixtus,Polygonum minimum,0.0,0.27,0
1614,Bombus vosnesenskii,Polygonum minimum,0.0,0.26,0
1615,Coelioxys rufitarsis,Polygonum minimum,0.0,0.2,0
1616,Halictus farinosus,Polygonum minimum,0.0,0.29,0
1617,Halictus ligatus,Polygonum minimum,0.0,0.28,0
1618,Halictus rubicundus,Polygonum minimum,0.0,0.06,0
1619,Halictus tripartitus,Polygonum minimum,0.0,0.1,0
1620,Hylaeus verticalis,Polygonum minimum,0.0,0.13,0
1621,Lasioglossum cooleyi,Polygonum minimum,0.0,0.06,0
1622,Lasioglossum incompletum,Polygonum minimum,0.0,0.29,0
1623,Lasioglossum laevissimum,Polygonum minimum,0.0,0.17,0
1624,Lasioglossum nevadense,Polygonum minimum,1.0,0.18,0
1625,Lasioglossum olympiae,Polygonum minimum,0.0,0.4,0
1626,Lasioglossum sedi,Polygonum minimum,0.0,0.03,0
1627,Lasioglossum sp.,Polygonum minimum,0.0,0.03,0
1628,Lasioglossum sp. 2,Polygonum minimum,0.0,0.29,0
1629,Megachile perihirta,Polygonum minimum,0.0,0.23,0
1630,Melissodes microstictus,Polygonum minimum,0.0,0.1,0
1631,Osmia atrocyanea,Polygonum minimum,0.0,0.05,0
1632,Osmia brevis,Polygonum minimum,0.0,0.03,0
1633,Osmia bucephala,Polygonum minimum,0.0,0.06,0
1634,Osmia integra,Polygonum minimum,0.0,0.06,0
1635,Osmia juxta,Polygonum minimum,0.0,0.23,0
1636,Osmia raritatis,Polygonum minimum,0.0,0.13,0
1637,Osmia sp. 2,Polygonum minimum,0.0,0.06,0
1638,Panurginus torchio,Polygonum minimum,0.0,0.05,0
1639,Perdita wyomingensis,Polygonum minimum,0.0,0.07,0
1640,Andrena barbilabris,Potentilla gracilis,1.0,0.42,0
1641,Andrena cyanophila,Potentilla gracilis,1.0,0.49,0
1642,Andrena melanochroa,Potentilla gracilis,1.0,0.4,0
1643,Andrena sp. A,Potentilla gracilis,1.0,0.4,0
1644,Anthophora bomboides,Potentilla gracilis,0.0,0.34,0
1645,Anthophora urbana,Potentilla gracilis,0.0,0.39,0
1646,Bombus appositus,Potentilla gracilis,0.0,0.63,1
1647,Bombus bifarius,Potentilla gracilis,0.0,0.83,1
1648,Bombus californicus,Potentilla gracilis,0.0,0.73,1
1649,Bombus centralis,Potentilla gracilis,0.0,0.73,1
1650,Bombus fernaldae,Potentilla gracilis,0.0,0.3,0
1651,Bombus flavifrons,Potentilla gracilis,1.0,0.81,1
1652,Bombus insularis,Potentilla gracilis,0.0,0.55,1
1653,Bombus mixtus,Potentilla gracilis,0.0,0.56,1
1654,Bombus vosnesenskii,Potentilla gracilis,0.0,0.59,1
1655,Coelioxys rufitarsis,Potentilla gracilis,0.0,0.54,1
1656,Halictus farinosus,Potentilla gracilis,0.0,0.57,1
1657,Halictus ligatus,Potentilla gracilis,0.0,0.61,1
1658,Halictus rubicundus,Potentilla gracilis,0.0,0.34,0
1659,Halictus tripartitus,Potentilla gracilis,0.0,0.3,0
1660,Hylaeus verticalis,Potentilla gracilis,0.0,0.43,0
1661,Lasioglossum cooleyi,Potentilla gracilis,0.0,0.34,0
1662,Lasioglossum incompletum,Potentilla gracilis,0.0,0.57,1
1663,Lasioglossum laevissimum,Potentilla gracilis,1.0,0.52,1
1664,Lasioglossum nevadense,Potentilla gracilis,0.0,0.4,0
1665,Lasioglossum olympiae,Potentilla gracilis,1.0,0.65,1
1666,Lasioglossum sedi,Potentilla gracilis,0.0,0.1,0
1667,Lasioglossum sp.,Potentilla gracilis,0.0,0.1,0
1668,Lasioglossum sp. 2,Potentilla gracilis,1.0,0.59,1
1669,Megachile perihirta,Potentilla gracilis,0.0,0.55,1
1670,Melissodes microstictus,Potentilla gracilis,0.0,0.36,0
1671,Osmia atrocyanea,Potentilla gracilis,0.0,0.34,0
1672,Osmia brevis,Potentilla gracilis,0.0,0.1,0
1673,Osmia bucephala,Potentilla gracilis,0.0,0.35,0
1674,Osmia integra,Potentilla gracilis,0.0,0.35,0
1675,Osmia juxta,Potentilla gracilis,0.0,0.55,1
1676,Osmia raritatis,Potentilla gracilis,0.0,0.48,0
1677,Osmia sp. 2,Potentilla gracilis,0.0,0.32,0
1678,Panurginus torchio,Potentilla gracilis,1.0,0.33,0
1679,Perdita wyomingensis,Potentilla gracilis,0.0,0.37,0
1680,Andrena barbilabris,Potentilla recta,1.0,0.55,1
1681,Andrena cyanophila,Potentilla recta,1.0,0.61,1
1682,Andrena melanochroa,Potentilla recta,1.0,0.52,1
1683,Andrena sp. A,Potentilla recta,1.0,0.52,1
1684,Anthophora bomboides,Potentilla recta,0.0,0.48,0
1685,Anthophora urbana,Potentilla recta,0.0,0.5,0
1686,Bombus appositus,Potentilla recta,0.0,0.74,1
1687,Bombus bifarius,Potentilla recta,1.0,0.86,1
1688,Bombus californicus,Potentilla recta,0.0,0.79,1
1689,Bombus centralis,Potentilla recta,0.0,0.78,1
1690,Bombus fernaldae,Potentilla recta,0.0,0.42,0
1691,Bombus flavifrons,Potentilla recta,1.0,0.85,1
1692,Bombus insularis,Potentilla recta,0.0,0.66,1
1693,Bombus mixtus,Potentilla recta,1.0,0.66,1
1694,Bombus vosnesenskii,Potentilla recta,0.0,0.71,1
1695,Coelioxys rufitarsis,Potentilla recta,0.0,0.67,1
1696,Halictus farinosus,Potentilla recta,0.0,0.69,1
1697,Halictus ligatus,Potentilla recta,0.0,0.73,1
1698,Halictus rubicundus,Potentilla recta,0.0,0.45,0
1699,Halictus tripartitus,Potentilla recta,0.0,0.41,0
1700,Hylaeus verticalis,Potentilla recta,0.0,0.54,1
1701,Lasioglossum cooleyi,Potentilla recta,0.0,0.44,0
1702,Lasioglossum incompletum,Potentilla recta,0.0,0.69,1
1703,Lasioglossum laevissimum,Potentilla recta,1.0,0.63,1
1704,Lasioglossum nevadense,Potentilla recta,0.0,0.52,1
1705,Lasioglossum olympiae,Potentilla recta,1.0,0.74,1
1706,Lasioglossum sedi,Potentilla recta,0.0,0.17,0
1707,Lasioglossum sp.,Potentilla recta,0.0,0.17,0
1708,Lasioglossum sp. 2,Potentilla recta,1.0,0.71,1
1709,Megachile perihirta,Potentilla recta,0.0,0.66,1
1710,Melissodes microstictus,Potentilla recta,0.0,0.46,0
1711,Osmia atrocyanea,Potentilla recta,0.0,0.48,0
1712,Osmia brevis,Potentilla recta,0.0,0.17,0
1713,Osmia bucephala,Potentilla recta,0.0,0.45,0
1714,Osmia integra,Potentilla recta,0.0,0.46,0
1715,Osmia juxta,Potentilla recta,0.0,0.69,1
1716,Osmia raritatis,Potentilla recta,0.0,0.6,1
1717,Osmia sp. 2,Potentilla recta,0.0,0.43,0
1718,Panurginus torchio,Potentilla recta,1.0,0.47,0
1719,Perdita wyomingensis,Potentilla recta,1.0,0.47,0
1720,Andrena barbilabris,Rosa gymnocarpa,0.0,0.44,0
1721,Andrena cyanophila,Rosa gymnocarpa,0.0,0.51,1
1722,Andrena melanochroa,Rosa gymnocarpa,1.0,0.41,0
1723,Andrena sp. A,Rosa gymnocarpa,1.0,0.41,0
1724,Anthophora bomboides,Rosa gymnocarpa,0.0,0.36,0
1725,Anthophora urbana,Rosa gymnocarpa,0.0,0.41,0
1726,Bombus appositus,Rosa gymnocarpa,0.0,0.62,1
1727,Bombus bifarius,Rosa gymnocarpa,1.0,0.81,1
1728,Bombus californicus,Rosa gymnocarpa,0.0,0.71,1
1729,Bombus centralis,Rosa gymnocarpa,0.0,0.71,1
1730,Bombus fernaldae,Rosa gymnocarpa,0.0,0.34,0
1731,Bombus flavifrons,Rosa gymnocarpa,0.0,0.8,1
1732,Bombus insularis,Rosa gymnocarpa,0.0,0.56,1
1733,Bombus mixtus,Rosa gymnocarpa,0.0,0.56,1
1734,Bombus vosnesenskii,Rosa gymnocarpa,0.0,0.59,1
1735,Coelioxys rufitarsis,Rosa gymnocarpa,0.0,0.56,1
1736,Halictus farinosus,Rosa gymnocarpa,0.0,0.58,1
1737,Halictus ligatus,Rosa gymnocarpa,0.0,0.61,1
1738,Halictus rubicundus,Rosa gymnocarpa,0.0,0.38,0
1739,Halictus tripartitus,Rosa gymnocarpa,0.0,0.33,0
1740,Hylaeus verticalis,Rosa gymnocarpa,1.0,0.46,0
1741,Lasioglossum cooleyi,Rosa gymnocarpa,0.0,0.36,0
1742,Lasioglossum incompletum,Rosa gymnocarpa,0.0,0.58,1
1743,Lasioglossum laevissimum,Rosa gymnocarpa,0.0,0.53,1
1744,Lasioglossum nevadense,Rosa gymnocarpa,0.0,0.43,0
1745,Lasioglossum olympiae,Rosa gymnocarpa,1.0,0.64,1
1746,Lasioglossum sedi,Rosa gymnocarpa,1.0,0.83,1
1747,Lasioglossum sp.,Rosa gymnocarpa,1.0,0.83,1
1748,Lasioglossum sp. 2,Rosa gymnocarpa,1.0,0.59,1
1749,Megachile perihirta,Rosa gymnocarpa,0.0,0.56,1
1750,Melissodes microstictus,Rosa gymnocarpa,0.0,0.4,0
1751,Osmia atrocyanea,Rosa gymnocarpa,0.0,0.36,0
1752,Osmia brevis,Rosa gymnocarpa,0.0,0.11,0
1753,Osmia bucephala,Rosa gymnocarpa,0.0,0.38,0
1754,Osmia integra,Rosa gymnocarpa,0.0,0.38,0
1755,Osmia juxta,Rosa gymnocarpa,0.0,0.56,1
1756,Osmia raritatis,Rosa gymnocarpa,0.0,0.49,0
1757,Osmia sp. 2,Rosa gymnocarpa,0.0,0.36,0
1758,Panurginus torchio,Rosa gymnocarpa,0.0,0.33,0
1759,Perdita wyomingensis,Rosa gymnocarpa,0.0,0.4,0
1760,Andrena barbilabris,Rosa sp.,0.0,0.03,0
1761,Andrena cyanophila,Rosa sp.,0.0,0.05,0
1762,Andrena melanochroa,Rosa sp.,0.0,0.03,0
1763,Andrena sp. A,Rosa sp.,0.0,0.03,0
1764,Anthophora bomboides,Rosa sp.,0.0,0.03,0
1765,Anthophora urbana,Rosa sp.,0.0,0.03,0
1766,Bombus appositus,Rosa sp.,0.0,0.05,0
1767,Bombus bifarius,Rosa sp.,0.0,0.11,0
1768,Bombus californicus,Rosa sp.,0.0,0.06,0
1769,Bombus centralis,Rosa sp.,0.0,0.07,0
1770,Bombus fernaldae,Rosa sp.,0.0,0.03,0
1771,Bombus flavifrons,Rosa sp.,0.0,0.09,0
1772,Bombus insularis,Rosa sp.,0.0,0.06,0
1773,Bombus mixtus,Rosa sp.,0.0,0.05,0
1774,Bombus vosnesenskii,Rosa sp.,0.0,0.05,0
1775,Coelioxys rufitarsis,Rosa sp.,0.0,0.05,0
1776,Halictus farinosus,Rosa sp.,0.0,0.05,0
1777,Halictus ligatus,Rosa sp.,0.0,0.05,0
1778,Halictus rubicundus,Rosa sp.,0.0,0.03,0
1779,Halictus tripartitus,Rosa sp.,0.0,0.04,0
1780,Hylaeus verticalis,Rosa sp.,0.0,0.05,0
1781,Lasioglossum cooleyi,Rosa sp.,0.0,0.03,0
1782,Lasioglossum incompletum,Rosa sp.,0.0,0.05,0
1783,Lasioglossum laevissimum,Rosa sp.,0.0,0.04,0
1784,Lasioglossum nevadense,Rosa sp.,0.0,0.04,0
1785,Lasioglossum olympiae,Rosa sp.,0.0,0.05,0
1786,Lasioglossum sedi,Rosa sp.,0.0,0.02,0
1787,Lasioglossum sp.,Rosa sp.,0.0,0.02,0
1788,Lasioglossum sp. 2,Rosa sp.,1.0,0.81,1
1789,Megachile perihirta,Rosa sp.,0.0,0.06,0
1790,Melissodes microstictus,Rosa sp.,0.0,0.05,0
1791,Osmia atrocyanea,Rosa sp.,0.0,0.03,0
1792,Osmia brevis,Rosa sp.,0.0,0.02,0
1793,Osmia bucephala,Rosa sp.,0.0,0.03,0
1794,Osmia integra,Rosa sp.,0.0,0.03,0
1795,Osmia juxta,Rosa sp.,0.0,0.05,0
1796,Osmia raritatis,Rosa sp.,0.0,0.04,0
1797,Osmia sp. 2,Rosa sp.,0.0,0.03,0
1798,Panurginus torchio,Rosa sp.,0.0,0.03,0
1799,Perdita wyomingensis,Rosa sp.,0.0,0.03,0
1800,Andrena barbilabris,Solidago canadensis,0.0,0.32,0
1801,Andrena cyanophila,Solidago canadensis,0.0,0.42,0
1802,Andrena melanochroa,Solidago canadensis,0.0,0.28,0
1803,Andrena sp. A,Solidago canadensis,0.0,0.28,0
1804,Anthophora bomboides,Solidago canadensis,0.0,0.27,0
1805,Anthophora urbana,Solidago canadensis,0.0,0.33,0
1806,Bombus appositus,Solidago canadensis,0.0,0.58,1
1807,Bombus bifarius,Solidago canadensis,1.0,0.78,1
1808,Bombus californicus,Solidago canadensis,0.0,0.67,1
1809,Bombus centralis,Solidago canadensis,0.0,0.67,1
1810,Bombus fernaldae,Solidago canadensis,0.0,0.25,0
1811,Bombus flavifrons,Solidago canadensis,0.0,0.78,1
1812,Bombus insularis,Solidago canadensis,1.0,0.46,0
1813,Bombus mixtus,Solidago canadensis,0.0,0.49,0
1814,Bombus vosnesenskii,Solidago canadensis,0.0,0.52,1
1815,Coelioxys rufitarsis,Solidago canadensis,0.0,0.48,0
1816,Halictus farinosus,Solidago canadensis,1.0,0.51,1
1817,Halictus ligatus,Solidago canadensis,1.0,0.55,1
1818,Halictus rubicundus,Solidago canadensis,1.0,0.3,0
1819,Halictus tripartitus,Solidago canadensis,0.0,0.25,0
1820,Hylaeus verticalis,Solidago canadensis,0.0,0.32,0
1821,Lasioglossum cooleyi,Solidago canadensis,0.0,0.28,0
1822,Lasioglossum incompletum,Solidago canadensis,1.0,0.51,1
1823,Lasioglossum laevissimum,Solidago canadensis,0.0,0.44,0
1824,Lasioglossum nevadense,Solidago canadensis,0.0,0.33,0
1825,Lasioglossum olympiae,Solidago canadensis,0.0,0.58,1
1826,Lasioglossum sedi,Solidago canadensis,0.0,0.07,0
1827,Lasioglossum sp.,Solidago canadensis,0.0,0.07,0
1828,Lasioglossum sp. 2,Solidago canadensis,0.0,0.52,1
1829,Megachile perihirta,Solidago canadensis,0.0,0.48,0
1830,Melissodes microstictus,Solidago canadensis,0.0,0.28,0
1831,Osmia atrocyanea,Solidago canadensis,0.0,0.27,0
1832,Osmia brevis,Solidago canadensis,0.0,0.07,0
1833,Osmia bucephala,Solidago canadensis,0.0,0.27,0
1834,Osmia integra,Solidago canadensis,0.0,0.27,0
1835,Osmia juxta,Solidago canadensis,0.0,0.49,0
1836,Osmia raritatis,Solidago canadensis,1.0,0.42,0
1837,Osmia sp. 2,Solidago canadensis,0.0,0.27,0
1838,Panurginus torchio,Solidago canadensis,0.0,0.22,0
1839,Perdita wyomingensis,Solidago canadensis,0.0,0.29,0
1840,Andrena barbilabris,Symphoricarpos albus,0.0,0.03,0
1841,Andrena cyanophila,Symphoricarpos albus,0.0,0.05,0
1842,Andrena melanochroa,Symphoricarpos albus,0.0,0.04,0
1843,Andrena sp. A,Symphoricarpos albus,0.0,0.04,0
1844,Anthophora bomboides,Symphoricarpos albus,0.0,0.03,0
1845,Anthophora urbana,Symphoricarpos albus,0.0,0.03,0
1846,Bombus appositus,Symphoricarpos albus,0.0,0.03,0
1847,Bombus bifarius,Symphoricarpos albus,0.0,0.09,0
1848,Bombus californicus,Symphoricarpos albus,0.0,0.06,0
1849,Bombus centralis,Symphoricarpos albus,1.0,0.93,1
1850,Bombus fernaldae,Symphoricarpos albus,0.0,0.03,0
1851,Bombus flavifrons,Symphoricarpos albus,0.0,0.08,0
1852,Bombus insularis,Symphoricarpos albus,0.0,0.05,0
1853,Bombus mixtus,Symphoricarpos albus,0.0,0.04,0
1854,Bombus vosnesenskii,Symphoricarpos albus,0.0,0.04,0
1855,Coelioxys rufitarsis,Symphoricarpos albus,0.0,0.03,0
1856,Halictus farinosus,Symphoricarpos albus,0.0,0.04,0
1857,Halictus ligatus,Symphoricarpos albus,0.0,0.04,0
1858,Halictus rubicundus,Symphoricarpos albus,0.0,0.03,0
1859,Halictus tripartitus,Symphoricarpos albus,0.0,0.03,0
1860,Hylaeus verticalis,Symphoricarpos albus,0.0,0.05,0
1861,Lasioglossum cooleyi,Symphoricarpos albus,0.0,0.03,0
1862,Lasioglossum incompletum,Symphoricarpos albus,0.0,0.04,0
1863,Lasioglossum laevissimum,Symphoricarpos albus,0.0,0.04,0
1864,Lasioglossum nevadense,Symphoricarpos albus,0.0,0.04,0
1865,Lasioglossum olympiae,Symphoricarpos albus,0.0,0.04,0
1866,Lasioglossum sedi,Symphoricarpos albus,0.0,0.02,0
1867,Lasioglossum sp.,Symphoricarpos albus,0.0,0.02,0
1868,Lasioglossum sp. 2,Symphoricarpos albus,0.0,0.04,0
1869,Megachile perihirta,Symphoricarpos albus,0.0,0.04,0
1870,Melissodes microstictus,Symphoricarpos albus,0.0,0.04,0
1871,Osmia atrocyanea,Symphoricarpos albus,0.0,0.03,0
1872,Osmia brevis,Symphoricarpos albus,0.0,0.02,0
1873,Osmia bucephala,Symphoricarpos albus,0.0,0.03,0
1874,Osmia integra,Symphoricarpos albus,0.0,0.03,0
1875,Osmia juxta,Symphoricarpos albus,0.0,0.04,0
1876,Osmia raritatis,Symphoricarpos albus,0.0,0.04,0
1877,Osmia sp. 2,Symphoricarpos albus,0.0,0.03,0
1878,Panurginus torchio,Symphoricarpos albus,0.0,0.03,0
1879,Perdita wyomingensis,Symphoricarpos albus,0.0,0.03,0
1880,Andrena barbilabris,Symphyotrichum ascendens,0.0,0.49,0
1881,Andrena cyanophila,Symphyotrichum ascendens,0.0,0.53,1
1882,Andrena melanochroa,Symphyotrichum ascendens,0.0,0.49,0
1883,Andrena sp. A,Symphyotrichum ascendens,0.0,0.49,0
1884,Anthophora bomboides,Symphyotrichum ascendens,0.0,0.43,0
1885,Anthophora urbana,Symphyotrichum ascendens,1.0,0.48,0
1886,Bombus appositus,Symphyotrichum ascendens,0.0,0.69,1
1887,Bombus bifarius,Symphyotrichum ascendens,1.0,0.87,1
1888,Bombus californicus,Symphyotrichum ascendens,1.0,0.78,1
1889,Bombus centralis,Symphyotrichum ascendens,0.0,0.78,1
1890,Bombus fernaldae,Symphyotrichum ascendens,0.0,0.4,0
1891,Bombus flavifrons,Symphyotrichum ascendens,1.0,0.83,1
1892,Bombus insularis,Symphyotrichum ascendens,0.0,0.61,1
1893,Bombus mixtus,Symphyotrichum ascendens,0.0,0.61,1
1894,Bombus vosnesenskii,Symphyotrichum ascendens,0.0,0.64,1
1895,Coelioxys rufitarsis,Symphyotrichum ascendens,0.0,0.61,1
1896,Halictus farinosus,Symphyotrichum ascendens,1.0,0.63,1
1897,Halictus ligatus,Symphyotrichum ascendens,1.0,0.66,1
1898,Halictus rubicundus,Symphyotrichum ascendens,0.0,0.43,0
1899,Halictus tripartitus,Symphyotrichum ascendens,0.0,0.38,0
1900,Hylaeus verticalis,Symphyotrichum ascendens,0.0,0.46,0
1901,Lasioglossum cooleyi,Symphyotrichum ascendens,0.0,0.42,0
1902,Lasioglossum incompletum,Symphyotrichum ascendens,1.0,0.62,1
1903,Lasioglossum laevissimum,Symphyotrichum ascendens,0.0,0.58,1
1904,Lasioglossum nevadense,Symphyotrichum ascendens,0.0,0.5,0
1905,Lasioglossum olympiae,Symphyotrichum ascendens,0.0,0.7,1
1906,Lasioglossum sedi,Symphyotrichum ascendens,0.0,0.13,0
1907,Lasioglossum sp.,Symphyotrichum ascendens,0.0,0.13,0
1908,Lasioglossum sp. 2,Symphyotrichum ascendens,0.0,0.62,1
1909,Megachile perihirta,Symphyotrichum ascendens,1.0,0.59,1
1910,Melissodes microstictus,Symphyotrichum ascendens,1.0,0.67,1
1911,Osmia atrocyanea,Symphyotrichum ascendens,0.0,0.43,0
1912,Osmia brevis,Symphyotrichum ascendens,0.0,0.14,0
1913,Osmia bucephala,Symphyotrichum ascendens,0.0,0.43,0
1914,Osmia integra,Symphyotrichum ascendens,0.0,0.44,0
1915,Osmia juxta,Symphyotrichum ascendens,1.0,0.62,1
1916,Osmia raritatis,Symphyotrichum ascendens,0.0,0.56,1
1917,Osmia sp. 2,Symphyotrichum ascendens,0.0,0.42,0
1918,Panurginus torchio,Symphyotrichum ascendens,0.0,0.4,0
1919,Perdita wyomingensis,Symphyotrichum ascendens,0.0,0.45,0
1920,Andrena barbilabris,Symphyotrichum sp.,0.0,0.22,0
1921,Andrena cyanophila,Symphyotrichum sp.,0.0,0.31,0
1922,Andrena melanochroa,Symphyotrichum sp.,0.0,0.19,0
1923,Andrena sp. A,Symphyotrichum sp.,0.0,0.19,0
1924,Anthophora bomboides,Symphyotrichum sp.,0.0,0.19,0
1925,Anthophora urbana,Symphyotrichum sp.,0.0,0.23,0
1926,Bombus appositus,Symphyotrichum sp.,0.0,0.51,1
1927,Bombus bifarius,Symphyotrichum sp.,1.0,0.76,1
1928,Bombus californicus,Symphyotrichum sp.,0.0,0.62,1
1929,Bombus centralis,Symphyotrichum sp.,0.0,0.62,1
1930,Bombus fernaldae,Symphyotrichum sp.,0.0,0.17,0
1931,Bombus flavifrons,Symphyotrichum sp.,1.0,0.74,1
1932,Bombus insularis,Symphyotrichum sp.,0.0,0.36,0
1933,Bombus mixtus,Symphyotrichum sp.,0.0,0.37,0
1934,Bombus vosnesenskii,Symphyotrichum sp.,0.0,0.43,0
1935,Coelioxys rufitarsis,Symphyotrichum sp.,0.0,0.35,0
1936,Halictus farinosus,Symphyotrichum sp.,0.0,0.42,0
1937,Halictus ligatus,Symphyotrichum sp.,1.0,0.43,0
1938,Halictus rubicundus,Symphyotrichum sp.,0.0,0.18,0
1939,Halictus tripartitus,Symphyotrichum sp.,0.0,0.17,0
1940,Hylaeus verticalis,Symphyotrichum sp.,0.0,0.23,0
1941,Lasioglossum cooleyi,Symphyotrichum sp.,0.0,0.17,0
1942,Lasioglossum incompletum,Symphyotrichum sp.,1.0,0.4,0
1943,Lasioglossum laevissimum,Symphyotrichum sp.,0.0,0.33,0
1944,Lasioglossum nevadense,Symphyotrichum sp.,0.0,0.23,0
1945,Lasioglossum olympiae,Symphyotrichum sp.,0.0,0.5,1
1946,Lasioglossum sedi,Symphyotrichum sp.,0.0,0.05,0
1947,Lasioglossum sp.,Symphyotrichum sp.,0.0,0.05,0
1948,Lasioglossum sp. 2,Symphyotrichum sp.,0.0,0.41,0
1949,Megachile perihirta,Symphyotrichum sp.,0.0,0.36,0
1950,Melissodes microstictus,Symphyotrichum sp.,0.0,0.21,0
1951,Osmia atrocyanea,Symphyotrichum sp.,0.0,0.19,0
1952,Osmia brevis,Symphyotrichum sp.,0.0,0.05,0
1953,Osmia bucephala,Symphyotrichum sp.,0.0,0.17,0
1954,Osmia integra,Symphyotrichum sp.,0.0,0.17,0
1955,Osmia juxta,Symphyotrichum sp.,1.0,0.36,0
1956,Osmia raritatis,Symphyotrichum sp.,0.0,0.3,0
1957,Osmia sp. 2,Symphyotrichum sp.,0.0,0.17,0
1958,Panurginus torchio,Symphyotrichum sp.,0.0,0.15,0
1959,Perdita wyomingensis,Symphyotrichum sp.,0.0,0.19,0
1960,Andrena barbilabris,Thermopsis montana,0.0,0.29,0
1961,Andrena cyanophila,Thermopsis montana,0.0,0.4,0
1962,Andrena melanochroa,Thermopsis montana,0.0,0.25,0
1963,Andrena sp. A,Thermopsis montana,0.0,0.25,0
1964,Anthophora bomboides,Thermopsis montana,0.0,0.25,0
1965,Anthophora urbana,Thermopsis montana,0.0,0.29,0
1966,Bombus appositus,Thermopsis montana,1.0,0.53,1
1967,Bombus bifarius,Thermopsis montana,0.0,0.77,1
1968,Bombus californicus,Thermopsis montana,1.0,0.62,1
1969,Bombus centralis,Thermopsis montana,0.0,0.64,1
1970,Bombus fernaldae,Thermopsis montana,0.0,0.24,0
1971,Bombus flavifrons,Thermopsis montana,1.0,0.75,1
1972,Bombus insularis,Thermopsis montana,0.0,0.44,0
1973,Bombus mixtus,Thermopsis montana,0.0,0.45,0
1974,Bombus vosnesenskii,Thermopsis montana,0.0,0.49,0
1975,Coelioxys rufitarsis,Thermopsis montana,0.0,0.43,0
1976,Halictus farinosus,Thermopsis montana,0.0,0.49,0
1977,Halictus ligatus,Thermopsis montana,0.0,0.49,0
1978,Halictus rubicundus,Thermopsis montana,0.0,0.24,0
1979,Halictus tripartitus,Thermopsis montana,0.0,0.23,0
1980,Hylaeus verticalis,Thermopsis montana,1.0,0.33,0
1981,Lasioglossum cooleyi,Thermopsis montana,0.0,0.24,0
1982,Lasioglossum incompletum,Thermopsis montana,0.0,0.49,0
1983,Lasioglossum laevissimum,Thermopsis montana,0.0,0.41,0
1984,Lasioglossum nevadense,Thermopsis montana,0.0,0.3,0
1985,Lasioglossum olympiae,Thermopsis montana,0.0,0.55,1
1986,Lasioglossum sedi,Thermopsis montana,0.0,0.07,0
1987,Lasioglossum sp.,Thermopsis montana,0.0,0.07,0
1988,Lasioglossum sp. 2,Thermopsis montana,0.0,0.49,0
1989,Megachile perihirta,Thermopsis montana,0.0,0.44,0
1990,Melissodes microstictus,Thermopsis montana,0.0,0.28,0
1991,Osmia atrocyanea,Thermopsis montana,0.0,0.25,0
1992,Osmia brevis,Thermopsis montana,0.0,0.08,0
1993,Osmia bucephala,Thermopsis montana,1.0,0.29,0
1994,Osmia integra,Thermopsis montana,1.0,0.29,0
1995,Osmia juxta,Thermopsis montana,0.0,0.44,0
1996,Osmia raritatis,Thermopsis montana,0.0,0.36,0
1997,Osmia sp. 2,Thermopsis montana,0.0,0.24,0
1998,Panurginus torchio,Thermopsis montana,0.0,0.21,0
1999,Perdita wyomingensis,Thermopsis montana,0.0,0.25,0
2000,Andrena barbilabris,Tragopogon dubius,0.0,0.03,0
2001,Andrena cyanophila,Tragopogon dubius,0.0,0.05,0
2002,Andrena melanochroa,Tragopogon dubius,0.0,0.04,0
2003,Andrena sp. A,Tragopogon dubius,0.0,0.04,0
2004,Anthophora bomboides,Tragopogon dubius,0.0,0.03,0
2005,Anthophora urbana,Tragopogon dubius,0.0,0.03,0
2006,Bombus appositus,Tragopogon dubius,1.0,0.87,1
2007,Bombus bifarius,Tragopogon dubius,0.0,0.09,0
2008,Bombus californicus,Tragopogon dubius,0.0,0.06,0
2009,Bombus centralis,Tragopogon dubius,0.0,0.06,0
2010,Bombus fernaldae,Tragopogon dubius,0.0,0.03,0
2011,Bombus flavifrons,Tragopogon dubius,0.0,0.08,0
2012,Bombus insularis,Tragopogon dubius,0.0,0.05,0
2013,Bombus mixtus,Tragopogon dubius,0.0,0.04,0
2014,Bombus vosnesenskii,Tragopogon dubius,0.0,0.04,0
2015,Coelioxys rufitarsis,Tragopogon dubius,0.0,0.04,0
2016,Halictus farinosus,Tragopogon dubius,0.0,0.05,0
2017,Halictus ligatus,Tragopogon dubius,0.0,0.04,0
2018,Halictus rubicundus,Tragopogon dubius,0.0,0.03,0
2019,Halictus tripartitus,Tragopogon dubius,0.0,0.04,0
2020,Hylaeus verticalis,Tragopogon dubius,0.0,0.04,0
2021,Lasioglossum cooleyi,Tragopogon dubius,0.0,0.03,0
2022,Lasioglossum incompletum,Tragopogon dubius,0.0,0.05,0
2023,Lasioglossum laevissimum,Tragopogon dubius,0.0,0.04,0
2024,Lasioglossum nevadense,Tragopogon dubius,0.0,0.03,0
2025,Lasioglossum olympiae,Tragopogon dubius,0.0,0.05,0
2026,Lasioglossum sedi,Tragopogon dubius,0.0,0.02,0
2027,Lasioglossum sp.,Tragopogon dubius,0.0,0.02,0
2028,Lasioglossum sp. 2,Tragopogon dubius,0.0,0.05,0
2029,Megachile perihirta,Tragopogon dubius,0.0,0.05,0
2030,Melissodes microstictus,Tragopogon dubius,0.0,0.04,0
2031,Osmia atrocyanea,Tragopogon dubius,0.0,0.03,0
2032,Osmia brevis,Tragopogon dubius,0.0,0.02,0
2033,Osmia bucephala,Tragopogon dubius,0.0,0.03,0
2034,Osmia integra,Tragopogon dubius,0.0,0.03,0
2035,Osmia juxta,Tragopogon dubius,0.0,0.04,0
2036,Osmia raritatis,Tragopogon dubius,0.0,0.04,0
2037,Osmia sp. 2,Tragopogon dubius,0.0,0.03,0
2038,Panurginus torchio,Tragopogon dubius,0.0,0.03,0
2039,Perdita wyomingensis,Tragopogon dubius,0.0,0.03,0
2040,Andrena barbilabris,Trifolium eriocephalum,0.0,0.09,0
2041,Andrena cyanophila,Trifolium eriocephalum,0.0,0.19,0
2042,Andrena melanochroa,Trifolium eriocephalum,0.0,0.08,0
2043,Andrena sp. A,Trifolium eriocephalum,0.0,0.08,0
2044,Anthophora bomboides,Trifolium eriocephalum,0.0,0.06,0
2045,Anthophora urbana,Trifolium eriocephalum,0.0,0.08,0
2046,Bombus appositus,Trifolium eriocephalum,0.0,0.35,0
2047,Bombus bifarius,Trifolium eriocephalum,0.0,0.56,1
2048,Bombus californicus,Trifolium eriocephalum,0.0,0.43,0
2049,Bombus centralis,Trifolium eriocephalum,0.0,0.44,0
2050,Bombus fernaldae,Trifolium eriocephalum,0.0,0.06,0
2051,Bombus flavifrons,Trifolium eriocephalum,1.0,0.57,1
2052,Bombus insularis,Trifolium eriocephalum,0.0,0.23,0
2053,Bombus mixtus,Trifolium eriocephalum,0.0,0.25,0
2054,Bombus vosnesenskii,Trifolium eriocephalum,0.0,0.26,0
2055,Coelioxys rufitarsis,Trifolium eriocephalum,0.0,0.19,0
2056,Halictus farinosus,Trifolium eriocephalum,0.0,0.28,0
2057,Halictus ligatus,Trifolium eriocephalum,0.0,0.25,0
2058,Halictus rubicundus,Trifolium eriocephalum,0.0,0.06,0
2059,Halictus tripartitus,Trifolium eriocephalum,0.0,0.09,0
2060,Hylaeus verticalis,Trifolium eriocephalum,0.0,0.15,0
2061,Lasioglossum cooleyi,Trifolium eriocephalum,0.0,0.06,0
2062,Lasioglossum incompletum,Trifolium eriocephalum,0.0,0.28,0
2063,Lasioglossum laevissimum,Trifolium eriocephalum,0.0,0.17,0
2064,Lasioglossum nevadense,Trifolium eriocephalum,0.0,0.1,0
2065,Lasioglossum olympiae,Trifolium eriocephalum,0.0,0.4,0
2066,Lasioglossum sedi,Trifolium eriocephalum,0.0,0.03,0
2067,Lasioglossum sp.,Trifolium eriocephalum,0.0,0.03,0
2068,Lasioglossum sp. 2,Trifolium eriocephalum,0.0,0.27,0
2069,Megachile perihirta,Trifolium eriocephalum,0.0,0.22,0
2070,Melissodes microstictus,Trifolium eriocephalum,0.0,0.12,0
2071,Osmia atrocyanea,Trifolium eriocephalum,0.0,0.06,0
2072,Osmia brevis,Trifolium eriocephalum,0.0,0.03,0
2073,Osmia bucephala,Trifolium eriocephalum,0.0,0.06,0
2074,Osmia integra,Trifolium eriocephalum,0.0,0.06,0
2075,Osmia juxta,Trifolium eriocephalum,1.0,0.23,0
2076,Osmia raritatis,Trifolium eriocephalum,0.0,0.13,0
2077,Osmia sp. 2,Trifolium eriocephalum,0.0,0.06,0
2078,Panurginus torchio,Trifolium eriocephalum,0.0,0.05,0
2079,Perdita wyomingensis,Trifolium eriocephalum,0.0,0.07,0
2080,Andrena barbilabris,Trifolium pratense,0.0,0.09,0
2081,Andrena cyanophila,Trifolium pratense,0.0,0.19,0
2082,Andrena melanochroa,Trifolium pratense,0.0,0.08,0
2083,Andrena sp. A,Trifolium pratense,0.0,0.08,0
2084,Anthophora bomboides,Trifolium pratense,0.0,0.05,0
2085,Anthophora urbana,Trifolium pratense,0.0,0.08,0
2086,Bombus appositus,Trifolium pratense,0.0,0.35,0
2087,Bombus bifarius,Trifolium pratense,0.0,0.57,1
2088,Bombus californicus,Trifolium pratense,0.0,0.43,0
2089,Bombus centralis,Trifolium pratense,0.0,0.45,0
2090,Bombus fernaldae,Trifolium pratense,0.0,0.06,0
2091,Bombus flavifrons,Trifolium pratense,1.0,0.57,1
2092,Bombus insularis,Trifolium pratense,0.0,0.23,0
2093,Bombus mixtus,Trifolium pratense,0.0,0.25,0
2094,Bombus vosnesenskii,Trifolium pratense,1.0,0.3,0
2095,Coelioxys rufitarsis,Trifolium pratense,0.0,0.19,0
2096,Halictus farinosus,Trifolium pratense,0.0,0.28,0
2097,Halictus ligatus,Trifolium pratense,0.0,0.25,0
2098,Halictus rubicundus,Trifolium pratense,0.0,0.06,0
2099,Halictus tripartitus,Trifolium pratense,0.0,0.1,0
2100,Hylaeus verticalis,Trifolium pratense,0.0,0.15,0
2101,Lasioglossum cooleyi,Trifolium pratense,0.0,0.06,0
2102,Lasioglossum incompletum,Trifolium pratense,0.0,0.28,0
2103,Lasioglossum laevissimum,Trifolium pratense,0.0,0.17,0
2104,Lasioglossum nevadense,Trifolium pratense,0.0,0.1,0
2105,Lasioglossum olympiae,Trifolium pratense,0.0,0.39,0
2106,Lasioglossum sedi,Trifolium pratense,0.0,0.03,0
2107,Lasioglossum sp.,Trifolium pratense,0.0,0.03,0
2108,Lasioglossum sp. 2,Trifolium pratense,0.0,0.28,0
2109,Megachile perihirta,Trifolium pratense,0.0,0.22,0
2110,Melissodes microstictus,Trifolium pratense,0.0,0.12,0
2111,Osmia atrocyanea,Trifolium pratense,0.0,0.05,0
2112,Osmia brevis,Trifolium pratense,0.0,0.03,0
2113,Osmia bucephala,Trifolium pratense,0.0,0.06,0
2114,Osmia integra,Trifolium pratense,0.0,0.06,0
2115,Osmia juxta,Trifolium pratense,0.0,0.21,0
2116,Osmia raritatis,Trifolium pratense,0.0,0.13,0
2117,Osmia sp. 2,Trifolium pratense,0.0,0.06,0
2118,Panurginus torchio,Trifolium pratense,0.0,0.05,0
2119,Perdita wyomingensis,Trifolium pratense,0.0,0.07,0
2120,Andrena barbilabris,Trifolium repens,0.0,0.14,0
2121,Andrena cyanophila,Trifolium repens,0.0,0.23,0
2122,Andrena melanochroa,Trifolium repens,0.0,0.12,0
2123,Andrena sp. A,Trifolium repens,0.0,0.12,0
2124,Anthophora bomboides,Trifolium repens,0.0,0.09,0
2125,Anthophora urbana,Trifolium repens,0.0,0.13,0
2126,Bombus appositus,Trifolium repens,0.0,0.4,0
2127,Bombus bifarius,Trifolium repens,1.0,0.65,1
2128,Bombus californicus,Trifolium repens,0.0,0.51,1
2129,Bombus centralis,Trifolium repens,0.0,0.52,1
2130,Bombus fernaldae,Trifolium repens,0.0,0.11,0
2131,Bombus flavifrons,Trifolium repens,0.0,0.63,1
2132,Bombus insularis,Trifolium repens,0.0,0.27,0
2133,Bombus mixtus,Trifolium repens,0.0,0.28,0
2134,Bombus vosnesenskii,Trifolium repens,0.0,0.3,0
2135,Coelioxys rufitarsis,Trifolium repens,0.0,0.24,0
2136,Halictus farinosus,Trifolium repens,0.0,0.32,0
2137,Halictus ligatus,Trifolium repens,0.0,0.31,0
2138,Halictus rubicundus,Trifolium repens,0.0,0.1,0
2139,Halictus tripartitus,Trifolium repens,0.0,0.13,0
2140,Hylaeus verticalis,Trifolium repens,0.0,0.17,0
2141,Lasioglossum cooleyi,Trifolium repens,0.0,0.1,0
2142,Lasioglossum incompletum,Trifolium repens,0.0,0.32,0
2143,Lasioglossum laevissimum,Trifolium repens,0.0,0.21,0
2144,Lasioglossum nevadense,Trifolium repens,0.0,0.15,0
2145,Lasioglossum olympiae,Trifolium repens,0.0,0.45,0
2146,Lasioglossum sedi,Trifolium repens,0.0,0.04,0
2147,Lasioglossum sp.,Trifolium repens,0.0,0.04,0
2148,Lasioglossum sp. 2,Trifolium repens,0.0,0.34,0
2149,Megachile perihirta,Trifolium repens,0.0,0.26,0
2150,Melissodes microstictus,Trifolium repens,0.0,0.16,0
2151,Osmia atrocyanea,Trifolium repens,0.0,0.09,0
2152,Osmia brevis,Trifolium repens,0.0,0.04,0
2153,Osmia bucephala,Trifolium repens,0.0,0.1,0
2154,Osmia integra,Trifolium repens,0.0,0.1,0
2155,Osmia juxta,Trifolium repens,0.0,0.25,0
2156,Osmia raritatis,Trifolium repens,1.0,0.18,0
2157,Osmia sp. 2,Trifolium repens,1.0,0.16,0
2158,Panurginus torchio,Trifolium repens,0.0,0.08,0
2159,Perdita wyomingensis,Trifolium repens,0.0,0.12,0
2160,Andrena barbilabris,Trifolium sp.,0.0,0.22,0
2161,Andrena cyanophila,Trifolium sp.,0.0,0.31,0
2162,Andrena melanochroa,Trifolium sp.,0.0,0.2,0
2163,Andrena sp. A,Trifolium sp.,0.0,0.2,0
2164,Anthophora bomboides,Trifolium sp.,0.0,0.2,0
2165,Anthophora urbana,Trifolium sp.,0.0,0.23,0
2166,Bombus appositus,Trifolium sp.,1.0,0.55,1
2167,Bombus bifarius,Trifolium sp.,1.0,0.79,1
2168,Bombus californicus,Trifolium sp.,1.0,0.65,1
2169,Bombus centralis,Trifolium sp.,1.0,0.65,1
2170,Bombus fernaldae,Trifolium sp.,0.0,0.17,0
2171,Bombus flavifrons,Trifolium sp.,1.0,0.77,1
2172,Bombus insularis,Trifolium sp.,0.0,0.37,0
2173,Bombus mixtus,Trifolium sp.,0.0,0.41,0
2174,Bombus vosnesenskii,Trifolium sp.,0.0,0.47,0
2175,Coelioxys rufitarsis,Trifolium sp.,0.0,0.38,0
2176,Halictus farinosus,Trifolium sp.,0.0,0.46,0
2177,Halictus ligatus,Trifolium sp.,0.0,0.48,0
2178,Halictus rubicundus,Trifolium sp.,0.0,0.19,0
2179,Halictus tripartitus,Trifolium sp.,0.0,0.17,0
2180,Hylaeus verticalis,Trifolium sp.,0.0,0.23,0
2181,Lasioglossum cooleyi,Trifolium sp.,0.0,0.19,0
2182,Lasioglossum incompletum,Trifolium sp.,0.0,0.47,0
2183,Lasioglossum laevissimum,Trifolium sp.,0.0,0.36,0
2184,Lasioglossum nevadense,Trifolium sp.,0.0,0.25,0
2185,Lasioglossum olympiae,Trifolium sp.,0.0,0.54,1
2186,Lasioglossum sedi,Trifolium sp.,0.0,0.06,0
2187,Lasioglossum sp.,Trifolium sp.,0.0,0.06,0
2188,Lasioglossum sp. 2,Trifolium sp.,0.0,0.45,0
2189,Megachile perihirta,Trifolium sp.,0.0,0.38,0
2190,Melissodes microstictus,Trifolium sp.,0.0,0.21,0
2191,Osmia atrocyanea,Trifolium sp.,0.0,0.2,0
2192,Osmia brevis,Trifolium sp.,0.0,0.06,0
2193,Osmia bucephala,Trifolium sp.,0.0,0.19,0
2194,Osmia integra,Trifolium sp.,0.0,0.19,0
2195,Osmia juxta,Trifolium sp.,0.0,0.4,0
2196,Osmia raritatis,Trifolium sp.,1.0,0.3,0
2197,Osmia sp. 2,Trifolium sp.,0.0,0.2,0
2198,Panurginus torchio,Trifolium sp.,0.0,0.16,0
2199,Perdita wyomingensis,Trifolium sp.,0.0,0.2,0
2200,Andrena barbilabris,Trifolium wormskioldii,0.0,0.41,0
2201,Andrena cyanophila,Trifolium wormskioldii,0.0,0.48,0
2202,Andrena melanochroa,Trifolium wormskioldii,0.0,0.4,0
2203,Andrena sp. A,Trifolium wormskioldii,0.0,0.4,0
2204,Anthophora bomboides,Trifolium wormskioldii,0.0,0.35,0
2205,Anthophora urbana,Trifolium wormskioldii,1.0,0.41,0
2206,Bombus appositus,Trifolium wormskioldii,1.0,0.66,1
2207,Bombus bifarius,Trifolium wormskioldii,1.0,0.85,1
2208,Bombus californicus,Trifolium wormskioldii,1.0,0.77,1
2209,Bombus centralis,Trifolium wormskioldii,1.0,0.76,1
2210,Bombus fernaldae,Trifolium wormskioldii,0.0,0.32,0
2211,Bombus flavifrons,Trifolium wormskioldii,1.0,0.83,1
2212,Bombus insularis,Trifolium wormskioldii,0.0,0.55,1
2213,Bombus mixtus,Trifolium wormskioldii,0.0,0.57,1
2214,Bombus vosnesenskii,Trifolium wormskioldii,1.0,0.59,1
2215,Coelioxys rufitarsis,Trifolium wormskioldii,0.0,0.57,1
2216,Halictus farinosus,Trifolium wormskioldii,0.0,0.6,1
2217,Halictus ligatus,Trifolium wormskioldii,0.0,0.63,1
2218,Halictus rubicundus,Trifolium wormskioldii,0.0,0.36,0
2219,Halictus tripartitus,Trifolium wormskioldii,0.0,0.32,0
2220,Hylaeus verticalis,Trifolium wormskioldii,0.0,0.4,0
2221,Lasioglossum cooleyi,Trifolium wormskioldii,0.0,0.35,0
2222,Lasioglossum incompletum,Trifolium wormskioldii,0.0,0.59,1
2223,Lasioglossum laevissimum,Trifolium wormskioldii,0.0,0.52,1
2224,Lasioglossum nevadense,Trifolium wormskioldii,0.0,0.43,0
2225,Lasioglossum olympiae,Trifolium wormskioldii,0.0,0.67,1
2226,Lasioglossum sedi,Trifolium wormskioldii,0.0,0.12,0
2227,Lasioglossum sp.,Trifolium wormskioldii,0.0,0.12,0
2228,Lasioglossum sp. 2,Trifolium wormskioldii,0.0,0.58,1
2229,Megachile perihirta,Trifolium wormskioldii,0.0,0.57,1
2230,Melissodes microstictus,Trifolium wormskioldii,0.0,0.36,0
2231,Osmia atrocyanea,Trifolium wormskioldii,0.0,0.35,0
2232,Osmia brevis,Trifolium wormskioldii,0.0,0.12,0
2233,Osmia bucephala,Trifolium wormskioldii,0.0,0.36,0
2234,Osmia integra,Trifolium wormskioldii,0.0,0.36,0
2235,Osmia juxta,Trifolium wormskioldii,0.0,0.56,1
2236,Osmia raritatis,Trifolium wormskioldii,1.0,0.5,0
2237,Osmia sp. 2,Trifolium wormskioldii,1.0,0.33,0
2238,Panurginus torchio,Trifolium wormskioldii,0.0,0.3,0
2239,Perdita wyomingensis,Trifolium wormskioldii,0.0,0.38,0
2240,Andrena barbilabris,Triteleia grandiflora,0.0,0.08,0
2241,Andrena cyanophila,Triteleia grandiflora,0.0,0.17,0
2242,Andrena melanochroa,Triteleia grandiflora,0.0,0.07,0
2243,Andrena sp. A,Triteleia grandiflora,0.0,0.07,0
2244,Anthophora bomboides,Triteleia grandiflora,0.0,0.05,0
2245,Anthophora urbana,Triteleia grandiflora,0.0,0.06,0
2246,Bombus appositus,Triteleia grandiflora,0.0,0.35,0
2247,Bombus bifarius,Triteleia grandiflora,0.0,0.56,1
2248,Bombus californicus,Triteleia grandiflora,0.0,0.43,0
2249,Bombus centralis,Triteleia grandiflora,0.0,0.45,0
2250,Bombus fernaldae,Triteleia grandiflora,0.0,0.06,0
2251,Bombus flavifrons,Triteleia grandiflora,0.0,0.55,1
2252,Bombus insularis,Triteleia grandiflora,0.0,0.19,0
2253,Bombus mixtus,Triteleia grandiflora,0.0,0.24,0
2254,Bombus vosnesenskii,Triteleia grandiflora,0.0,0.25,0
2255,Coelioxys rufitarsis,Triteleia grandiflora,0.0,0.18,0
2256,Halictus farinosus,Triteleia grandiflora,0.0,0.23,0
2257,Halictus ligatus,Triteleia grandiflora,0.0,0.27,0
2258,Halictus rubicundus,Triteleia grandiflora,0.0,0.05,0
2259,Halictus tripartitus,Triteleia grandiflora,0.0,0.08,0
2260,Hylaeus verticalis,Triteleia grandiflora,0.0,0.13,0
2261,Lasioglossum cooleyi,Triteleia grandiflora,0.0,0.05,0
2262,Lasioglossum incompletum,Triteleia grandiflora,0.0,0.27,0
2263,Lasioglossum laevissimum,Triteleia grandiflora,0.0,0.15,0
2264,Lasioglossum nevadense,Triteleia grandiflora,0.0,0.09,0
2265,Lasioglossum olympiae,Triteleia grandiflora,1.0,0.43,0
2266,Lasioglossum sedi,Triteleia grandiflora,0.0,0.03,0
2267,Lasioglossum sp.,Triteleia grandiflora,0.0,0.03,0
2268,Lasioglossum sp. 2,Triteleia grandiflora,1.0,0.32,0
2269,Megachile perihirta,Triteleia grandiflora,0.0,0.21,0
2270,Melissodes microstictus,Triteleia grandiflora,0.0,0.09,0
2271,Osmia atrocyanea,Triteleia grandiflora,0.0,0.05,0
2272,Osmia brevis,Triteleia grandiflora,0.0,0.03,0
2273,Osmia bucephala,Triteleia grandiflora,0.0,0.05,0
2274,Osmia integra,Triteleia grandiflora,0.0,0.06,0
2275,Osmia juxta,Triteleia grandiflora,0.0,0.21,0
2276,Osmia raritatis,Triteleia grandiflora,0.0,0.11,0
2277,Osmia sp. 2,Triteleia grandiflora,0.0,0.05,0
2278,Panurginus torchio,Triteleia grandiflora,0.0,0.05,0
2279,Perdita wyomingensis,Triteleia grandiflora,0.0,0.07,0
